protein_name,trimester,.y.,n,statistic,df,p,p_adj_bh,p_adj_by,method
CAMK2A,Second,log2rfu,372,162.1206048672227,2,6.25e-36,5.2175357142857145e-34,4.346757067853931e-33,Kruskal-Wallis
CAMK2B,Second,log2rfu,372,162.78820375335113,2,4.48e-36,5.2175357142857145e-34,4.346757067853931e-33,Kruskal-Wallis
CAMK2D,Second,log2rfu,372,162.78820375335113,2,4.48e-36,5.2175357142857145e-34,4.346757067853931e-33,Kruskal-Wallis
LYVE1,Second,log2rfu,372,162.11348316437284,2,6.27e-36,5.2175357142857145e-34,4.346757067853931e-33,Kruskal-Wallis
PCSK7,Second,log2rfu,372,162.71886873656717,2,4.6300000000000004e-36,5.2175357142857145e-34,4.346757067853931e-33,Kruskal-Wallis
PIM1,Second,log2rfu,372,162.78820375335113,2,4.48e-36,5.2175357142857145e-34,4.346757067853931e-33,Kruskal-Wallis
ATS1,Second,log2rfu,372,162.1712798547585,2,6.09e-36,5.2175357142857145e-34,4.346757067853931e-33,Kruskal-Wallis
Cadherin-6,Second,log2rfu,372,162.44649159025016,2,5.31e-36,5.2175357142857145e-34,4.346757067853931e-33,Kruskal-Wallis
Clusterin,Second,log2rfu,372,162.78820375335113,2,4.48e-36,5.2175357142857145e-34,4.346757067853931e-33,Kruskal-Wallis
Flt-3,Second,log2rfu,372,162.78820375335113,2,4.48e-36,5.2175357142857145e-34,4.346757067853931e-33,Kruskal-Wallis
IGFBP-1,Second,log2rfu,372,162.1523617402445,2,6.15e-36,5.2175357142857145e-34,4.346757067853931e-33,Kruskal-Wallis
IGFBP-6,Second,log2rfu,372,162.65086984904565,2,4.8e-36,5.2175357142857145e-34,4.346757067853931e-33,Kruskal-Wallis
IL-13,Second,log2rfu,372,162.49308729712152,2,5.1900000000000004e-36,5.2175357142857145e-34,4.346757067853931e-33,Kruskal-Wallis
Integrin a1b1,Second,log2rfu,372,162.4701149961611,2,5.25e-36,5.2175357142857145e-34,4.346757067853931e-33,Kruskal-Wallis
KPCT,Second,log2rfu,372,162.46092235244237,2,5.27e-36,5.2175357142857145e-34,4.346757067853931e-33,Kruskal-Wallis
LG3BP,Second,log2rfu,372,162.38818033390362,2,5.47e-36,5.2175357142857145e-34,4.346757067853931e-33,Kruskal-Wallis
Livin B,Second,log2rfu,372,162.31119643054376,2,5.68e-36,5.2175357142857145e-34,4.346757067853931e-33,Kruskal-Wallis
MMP-2,Second,log2rfu,372,162.18285656323178,2,6.06e-36,5.2175357142857145e-34,4.346757067853931e-33,Kruskal-Wallis
OBCAM,Second,log2rfu,372,162.51995728868224,2,5.12e-36,5.2175357142857145e-34,4.346757067853931e-33,Kruskal-Wallis
Protein C,Second,log2rfu,372,162.1523617402445,2,6.15e-36,5.2175357142857145e-34,4.346757067853931e-33,Kruskal-Wallis
Soggy-1,Second,log2rfu,372,162.59287061344185,2,4.94e-36,5.2175357142857145e-34,4.346757067853931e-33,Kruskal-Wallis
TIMP-1,Second,log2rfu,372,162.36841010085664,2,5.52e-36,5.2175357142857145e-34,4.346757067853931e-33,Kruskal-Wallis
TSP4,Second,log2rfu,372,162.78820375335113,2,4.48e-36,5.2175357142857145e-34,4.346757067853931e-33,Kruskal-Wallis
TWEAKR,Second,log2rfu,372,162.1206048672227,2,6.25e-36,5.2175357142857145e-34,4.346757067853931e-33,Kruskal-Wallis
Thrombin,Second,log2rfu,372,162.6547030787292,2,4.79e-36,5.2175357142857145e-34,4.346757067853931e-33,Kruskal-Wallis
UNC5H4,Second,log2rfu,372,162.51191607074634,2,5.14e-36,5.2175357142857145e-34,4.346757067853931e-33,Kruskal-Wallis
a2-Macroglobulin,Second,log2rfu,372,162.48301729933928,2,5.22e-36,5.2175357142857145e-34,4.346757067853931e-33,Kruskal-Wallis
b-Endorphin,Second,log2rfu,372,162.49044533399683,2,5.2e-36,5.2175357142857145e-34,4.346757067853931e-33,Kruskal-Wallis
TNF sR-I,Second,log2rfu,372,161.86073577817865,2,7.12e-36,5.7205517241379304e-34,4.7658224113037435e-33,Kruskal-Wallis
FER,Second,log2rfu,372,161.71684288779875,2,7.65e-36,5.941500000000001e-34,4.9498956083695485e-33,Kruskal-Wallis
LIN7B,Second,log2rfu,372,161.58447115672743,2,8.17e-36,6.1406774193548385e-34,5.115831387777256e-33,Kruskal-Wallis
RBP,Second,log2rfu,372,161.5210469384699,2,8.44e-36,6.145375e-34,5.119744967480267e-33,Kruskal-Wallis
NR1D1,Second,log2rfu,372,161.37401284904217,2,9.080000000000001e-36,6.411030303030304e-34,5.341063829351812e-33,Kruskal-Wallis
IF4A3,Second,log2rfu,372,161.27670591958622,2,9.530000000000001e-36,6.530852941176472e-34,5.4408887136980155e-33,Kruskal-Wallis
Coagulation Factor V,Second,log2rfu,372,160.94930457241367,2,1.1199999999999999e-35,7.455999999999999e-34,6.211633704620609e-33,Kruskal-Wallis
Calcineurin B a,Second,log2rfu,372,160.78810447050137,2,1.22e-35,7.682702702702703e-34,6.40050094563948e-33,Kruskal-Wallis
Prothrombin,Second,log2rfu,372,160.78780959861479,2,1.22e-35,7.682702702702703e-34,6.40050094563948e-33,Kruskal-Wallis
ULBP-2,Second,log2rfu,372,160.60022045715732,2,1.34e-35,8.216315789473684e-34,6.845056878447052e-33,Kruskal-Wallis
C3a,Second,log2rfu,372,160.03024024316232,2,1.78e-35,1.011560975609756e-33,8.427368898037106e-33,Kruskal-Wallis
MRCKB,Second,log2rfu,372,160.0763075628788,2,1.7399999999999997e-35,1.011560975609756e-33,8.427368898037106e-33,Kruskal-Wallis
ULBP-1,Second,log2rfu,372,160.09445176347776,2,1.7199999999999998e-35,1.011560975609756e-33,8.427368898037106e-33,Kruskal-Wallis
PA2G4,Second,log2rfu,372,159.30965393153087,2,2.55e-35,1.3817441860465116e-33,1.1511385135743134e-32,Kruskal-Wallis
FABPE,Second,log2rfu,372,159.31953429815826,2,2.5399999999999997e-35,1.3817441860465116e-33,1.1511385135743134e-32,Kruskal-Wallis
CDON,Third,log2rfu,326,157.8918219170373,2,5.18e-35,1.4464455445544555e-33,1.205041563365446e-32,Kruskal-Wallis
FYN,Third,log2rfu,326,157.8918219170373,2,5.18e-35,1.4464455445544555e-33,1.205041563365446e-32,Kruskal-Wallis
JAK2,Second,log2rfu,372,158.24845800697403,2,4.33e-35,1.4464455445544555e-33,1.205041563365446e-32,Kruskal-Wallis
JAK2,Third,log2rfu,326,157.8918219170373,2,5.18e-35,1.4464455445544555e-33,1.205041563365446e-32,Kruskal-Wallis
LYVE1,Third,log2rfu,326,157.5295770269163,2,6.209999999999999e-35,1.4464455445544555e-33,1.205041563365446e-32,Kruskal-Wallis
PA2G4,Third,log2rfu,326,157.51854924951476,2,6.239999999999999e-35,1.4464455445544555e-33,1.205041563365446e-32,Kruskal-Wallis
PDPK1,Second,log2rfu,372,158.91496999205515,2,3.0999999999999996e-35,1.4464455445544555e-33,1.205041563365446e-32,Kruskal-Wallis
PDPK1,Third,log2rfu,326,157.81933696186707,2,5.37e-35,1.4464455445544555e-33,1.205041563365446e-32,Kruskal-Wallis
SIRT2,Second,log2rfu,372,158.35545016074798,2,4.11e-35,1.4464455445544555e-33,1.205041563365446e-32,Kruskal-Wallis
PCSK7,Third,log2rfu,326,157.85557719088024,2,5.27e-35,1.4464455445544555e-33,1.205041563365446e-32,Kruskal-Wallis
PTN,Second,log2rfu,372,157.5513710888597,2,6.14e-35,1.4464455445544555e-33,1.205041563365446e-32,Kruskal-Wallis
METAP1,Second,log2rfu,372,158.90238132786635,2,3.1199999999999995e-35,1.4464455445544555e-33,1.205041563365446e-32,Kruskal-Wallis
SPARCL1,Second,log2rfu,372,158.16920191668237,2,4.51e-35,1.4464455445544555e-33,1.205041563365446e-32,Kruskal-Wallis
Angiotensinogen,Second,log2rfu,372,158.9521110815906,2,3.05e-35,1.4464455445544555e-33,1.205041563365446e-32,Kruskal-Wallis
EphA5,Second,log2rfu,372,158.65786477708707,2,3.5299999999999996e-35,1.4464455445544555e-33,1.205041563365446e-32,Kruskal-Wallis
H6ST1,Second,log2rfu,372,159.05613455964158,2,2.89e-35,1.4464455445544555e-33,1.205041563365446e-32,Kruskal-Wallis
IL-17B R,Second,log2rfu,372,159.10572195780514,2,2.82e-35,1.4464455445544555e-33,1.205041563365446e-32,Kruskal-Wallis
P-Selectin,Second,log2rfu,372,157.9846326376844,2,4.939999999999999e-35,1.4464455445544555e-33,1.205041563365446e-32,Kruskal-Wallis
Albumin,Third,log2rfu,326,157.8918219170373,2,5.18e-35,1.4464455445544555e-33,1.205041563365446e-32,Kruskal-Wallis
Angiopoietin-1,Third,log2rfu,326,157.86213247550563,2,5.259999999999999e-35,1.4464455445544555e-33,1.205041563365446e-32,Kruskal-Wallis
B7-H2,Third,log2rfu,326,157.63229730977264,2,5.9e-35,1.4464455445544555e-33,1.205041563365446e-32,Kruskal-Wallis
CK2-A1:B,Third,log2rfu,326,157.6011774973565,2,5.99e-35,1.4464455445544555e-33,1.205041563365446e-32,Kruskal-Wallis
CONA1,Third,log2rfu,326,157.8918219170373,2,5.18e-35,1.4464455445544555e-33,1.205041563365446e-32,Kruskal-Wallis
Carbonic anhydrase 9,Third,log2rfu,326,157.78061901640763,2,5.47e-35,1.4464455445544555e-33,1.205041563365446e-32,Kruskal-Wallis
Cyclophilin F,Third,log2rfu,326,157.8918219170373,2,5.18e-35,1.4464455445544555e-33,1.205041563365446e-32,Kruskal-Wallis
Cystatin-S,Third,log2rfu,326,157.84128331429974,2,5.31e-35,1.4464455445544555e-33,1.205041563365446e-32,Kruskal-Wallis
DAF,Third,log2rfu,326,157.81933696186684,2,5.37e-35,1.4464455445544555e-33,1.205041563365446e-32,Kruskal-Wallis
DRG-1,Third,log2rfu,326,157.78310122999665,2,5.47e-35,1.4464455445544555e-33,1.205041563365446e-32,Kruskal-Wallis
Elastase,Third,log2rfu,326,157.57798528260992,2,6.059999999999999e-35,1.4464455445544555e-33,1.205041563365446e-32,Kruskal-Wallis
Flt-3,Third,log2rfu,326,157.8918219170373,2,5.18e-35,1.4464455445544555e-33,1.205041563365446e-32,Kruskal-Wallis
Galectin-2,Third,log2rfu,326,157.74405548189907,2,5.579999999999999e-35,1.4464455445544555e-33,1.205041563365446e-32,Kruskal-Wallis
Glucagon,Third,log2rfu,326,157.79368056400313,2,5.439999999999999e-35,1.4464455445544555e-33,1.205041563365446e-32,Kruskal-Wallis
H6ST1,Third,log2rfu,326,157.81193015294048,2,5.389999999999999e-35,1.4464455445544555e-33,1.205041563365446e-32,Kruskal-Wallis
IF4G2,Third,log2rfu,326,157.85557719088024,2,5.27e-35,1.4464455445544555e-33,1.205041563365446e-32,Kruskal-Wallis
IGFBP-5,Third,log2rfu,326,157.7106432576859,2,5.669999999999999e-35,1.4464455445544555e-33,1.205041563365446e-32,Kruskal-Wallis
IL-13,Third,log2rfu,326,157.8918219170373,2,5.18e-35,1.4464455445544555e-33,1.205041563365446e-32,Kruskal-Wallis
Integrin a1b1,Third,log2rfu,326,157.52559558866574,2,6.22e-35,1.4464455445544555e-33,1.205041563365446e-32,Kruskal-Wallis
NCC27,Third,log2rfu,326,157.80698177302247,2,5.4e-35,1.4464455445544555e-33,1.205041563365446e-32,Kruskal-Wallis
NSF1C,Third,log2rfu,326,157.8918219170373,2,5.18e-35,1.4464455445544555e-33,1.205041563365446e-32,Kruskal-Wallis
PCI,Third,log2rfu,326,157.8918219170373,2,5.18e-35,1.4464455445544555e-33,1.205041563365446e-32,Kruskal-Wallis
PDE11,Third,log2rfu,326,157.8918219170373,2,5.18e-35,1.4464455445544555e-33,1.205041563365446e-32,Kruskal-Wallis
PDGF-BB,Third,log2rfu,326,157.67442101724555,2,5.77e-35,1.4464455445544555e-33,1.205041563365446e-32,Kruskal-Wallis
PF-4,Third,log2rfu,326,157.80030121083496,2,5.42e-35,1.4464455445544555e-33,1.205041563365446e-32,Kruskal-Wallis
Peroxiredoxin-6,Third,log2rfu,326,157.6181585287693,2,5.939999999999999e-35,1.4464455445544555e-33,1.205041563365446e-32,Kruskal-Wallis
Protein disulfide isomerase A3,Third,log2rfu,326,157.74686999526966,2,5.569999999999999e-35,1.4464455445544555e-33,1.205041563365446e-32,Kruskal-Wallis
RBP,Third,log2rfu,326,157.79802939930573,2,5.429999999999999e-35,1.4464455445544555e-33,1.205041563365446e-32,Kruskal-Wallis
SNAA,Third,log2rfu,326,157.69586776778715,2,5.709999999999999e-35,1.4464455445544555e-33,1.205041563365446e-32,Kruskal-Wallis
Stress-induced-phosphoprotein 1,Third,log2rfu,326,157.71757320183065,2,5.65e-35,1.4464455445544555e-33,1.205041563365446e-32,Kruskal-Wallis
TAJ,Third,log2rfu,326,157.81933696186684,2,5.37e-35,1.4464455445544555e-33,1.205041563365446e-32,Kruskal-Wallis
TNF sR-I,Third,log2rfu,326,157.8625832233372,2,5.259999999999999e-35,1.4464455445544555e-33,1.205041563365446e-32,Kruskal-Wallis
Thrombin,Third,log2rfu,326,157.5091125809538,2,6.27e-35,1.4464455445544555e-33,1.205041563365446e-32,Kruskal-Wallis
UBC9,Third,log2rfu,326,157.54538512794738,2,6.159999999999999e-35,1.4464455445544555e-33,1.205041563365446e-32,Kruskal-Wallis
ULBP-2,Third,log2rfu,326,157.8918219170373,2,5.18e-35,1.4464455445544555e-33,1.205041563365446e-32,Kruskal-Wallis
VEGF sR3,Third,log2rfu,326,157.6234132591146,2,5.92e-35,1.4464455445544555e-33,1.205041563365446e-32,Kruskal-Wallis
a2-Macroglobulin,Third,log2rfu,326,157.8918219170373,2,5.18e-35,1.4464455445544555e-33,1.205041563365446e-32,Kruskal-Wallis
amyloid precursor protein,Third,log2rfu,326,157.55009468441858,2,6.14e-35,1.4464455445544555e-33,1.205041563365446e-32,Kruskal-Wallis
b-Endorphin,Third,log2rfu,326,157.8483233686229,2,5.29e-35,1.4464455445544555e-33,1.205041563365446e-32,Kruskal-Wallis
gpIIbIIIa,Third,log2rfu,326,157.8918219170373,2,5.18e-35,1.4464455445544555e-33,1.205041563365446e-32,Kruskal-Wallis
NACA,Third,log2rfu,326,157.45718201461113,2,6.44e-35,1.4568155339805824e-33,1.213680857334852e-32,Kruskal-Wallis
RS7,Third,log2rfu,326,157.47500679110522,2,6.379999999999999e-35,1.4568155339805824e-33,1.213680857334852e-32,Kruskal-Wallis
P-Selectin,Third,log2rfu,326,157.43146227965212,2,6.519999999999999e-35,1.460730769230769e-33,1.216942660881201e-32,Kruskal-Wallis
BSP,Third,log2rfu,326,157.40891729041255,2,6.59e-35,1.4617452830188677e-33,1.2177878577749718e-32,Kruskal-Wallis
RANTES,Third,log2rfu,326,157.39164391675467,2,6.649999999999999e-35,1.4617452830188677e-33,1.2177878577749718e-32,Kruskal-Wallis
CD48,Third,log2rfu,326,157.33763740204245,2,6.829999999999999e-35,1.4678999999999999e-33,1.2229153855971821e-32,Kruskal-Wallis
EP15R,Third,log2rfu,326,157.31244595572048,2,6.919999999999999e-35,1.4678999999999999e-33,1.2229153855971821e-32,Kruskal-Wallis
IL-7,Third,log2rfu,326,157.3135413313305,2,6.919999999999999e-35,1.4678999999999999e-33,1.2229153855971821e-32,Kruskal-Wallis
NRX3B,Third,log2rfu,326,157.30922014926887,2,6.929999999999999e-35,1.4678999999999999e-33,1.2229153855971821e-32,Kruskal-Wallis
Apo B,Second,log2rfu,372,157.20719149167303,2,7.289999999999999e-35,1.5302432432432431e-33,1.2748538768773714e-32,Kruskal-Wallis
SET,Second,log2rfu,372,157.1729169596606,2,7.419999999999999e-35,1.5436249999999996e-33,1.2860022904097354e-32,Kruskal-Wallis
RAP,Second,log2rfu,372,157.08699143682225,2,7.739999999999999e-35,1.5948448275862066e-33,1.32867380427499e-32,Kruskal-Wallis
IL-7 Ra,Third,log2rfu,326,157.05184792784348,2,7.879999999999999e-35,1.5948448275862066e-33,1.32867380427499e-32,Kruskal-Wallis
NOTC2,Third,log2rfu,326,157.0656587805115,2,7.829999999999999e-35,1.5948448275862066e-33,1.32867380427499e-32,Kruskal-Wallis
NUDC3,Third,log2rfu,326,157.0360561254654,2,7.94e-35,1.5948448275862066e-33,1.32867380427499e-32,Kruskal-Wallis
UBE2N,Third,log2rfu,326,156.9701062038091,2,8.21e-35,1.6075042016806723e-33,1.3392203969258194e-32,Kruskal-Wallis
BSP,Second,log2rfu,372,157.00002530846564,2,8.089999999999999e-35,1.6075042016806723e-33,1.3392203969258194e-32,Kruskal-Wallis
NAP-2,Third,log2rfu,326,156.97484219845524,2,8.189999999999999e-35,1.6075042016806723e-33,1.3392203969258194e-32,Kruskal-Wallis
Ubiquitin,Third,log2rfu,326,156.91433967202397,2,8.44e-35,1.6387666666666668e-33,1.3652653246614046e-32,Kruskal-Wallis
LDH-H 1,Third,log2rfu,326,156.8671497929986,2,8.639999999999999e-35,1.6637355371900826e-33,1.386067024997987e-32,Kruskal-Wallis
TAJ,Second,log2rfu,372,156.77070156361287,2,9.07e-35,1.6768661417322833e-33,1.3970062022694973e-32,Kruskal-Wallis
41,Third,log2rfu,326,156.75498529978836,2,9.139999999999999e-35,1.6768661417322833e-33,1.3970062022694973e-32,Kruskal-Wallis
FABP,Third,log2rfu,326,156.8064363896542,2,8.909999999999999e-35,1.6768661417322833e-33,1.3970062022694973e-32,Kruskal-Wallis
PLXC1,Third,log2rfu,326,156.77032657779546,2,9.07e-35,1.6768661417322833e-33,1.3970062022694973e-32,Kruskal-Wallis
Soggy-1,Third,log2rfu,326,156.80862007393443,2,8.899999999999999e-35,1.6768661417322833e-33,1.3970062022694973e-32,Kruskal-Wallis
eIF-5,Third,log2rfu,326,156.77363412890418,2,9.06e-35,1.6768661417322833e-33,1.3970062022694973e-32,Kruskal-Wallis
MK12,Third,log2rfu,326,156.69620436918444,2,9.419999999999999e-35,1.714734375e-33,1.4285544310919465e-32,Kruskal-Wallis
CK2-A2:B,Third,log2rfu,326,156.4673097348766,2,1.0599999999999999e-34,1.8998461538461536e-33,1.5827720497350587e-32,Kruskal-Wallis
CTAP-III,Third,log2rfu,326,156.46360080674845,2,1.0599999999999999e-34,1.8998461538461536e-33,1.5827720497350587e-32,Kruskal-Wallis
GFRa-1,Third,log2rfu,326,156.4011705980124,2,1.09e-34,1.938702290076336e-33,1.615143305829309e-32,Kruskal-Wallis
C1r,Third,log2rfu,326,156.34368964907048,2,1.12e-34,1.976969696969697e-33,1.6470240883463734e-32,Kruskal-Wallis
PCI,Second,log2rfu,372,156.33030353803065,2,1.13e-34,1.979624060150376e-33,1.6492354525895886e-32,Kruskal-Wallis
PKC-B-II,Second,log2rfu,372,156.3111233724062,2,1.14e-34,1.9822388059701492e-33,1.6514138113963374e-32,Kruskal-Wallis
SHC1,Third,log2rfu,326,156.30130826366826,2,1.15e-34,1.984814814814815e-33,1.6535598982207642e-32,Kruskal-Wallis
BOC,Third,log2rfu,326,156.22473684379588,2,1.19e-34,1.994748201438849e-33,1.6618354560473302e-32,Kruskal-Wallis
NR1D1,Third,log2rfu,326,156.22800836189322,2,1.19e-34,1.994748201438849e-33,1.6618354560473302e-32,Kruskal-Wallis
MMP-7,Third,log2rfu,326,156.2392973087949,2,1.18e-34,1.994748201438849e-33,1.6618354560473302e-32,Kruskal-Wallis
ON,Third,log2rfu,326,156.25682102808332,2,1.1699999999999999e-34,1.994748201438849e-33,1.6618354560473302e-32,Kruskal-Wallis
PTHrP,Third,log2rfu,326,156.20608083601041,2,1.2e-34,1.997142857142857e-33,1.663830456594806e-32,Kruskal-Wallis
Cathepsin S,Third,log2rfu,326,156.15714783911585,2,1.23e-34,2.0325531914893618e-33,1.6933309966053523e-32,Kruskal-Wallis
PERL,Third,log2rfu,326,156.12111897583577,2,1.2599999999999999e-34,2.0674647887323943e-33,1.7224160360523693e-32,Kruskal-Wallis
NDP kinase B,Third,log2rfu,326,156.04907474070524,2,1.3e-34,2.118181818181818e-33,1.7646686660854002e-32,Kruskal-Wallis
STX1a,Second,log2rfu,372,156.04065431664594,2,1.31e-34,2.119652777777778e-33,1.7658941304368485e-32,Kruskal-Wallis
HIPK3,Second,log2rfu,372,156.02702805550985,2,1.32e-34,2.1211034482758624e-33,1.7671026918317252e-32,Kruskal-Wallis
Siglec-7,Third,log2rfu,326,155.9883585999694,2,1.3399999999999998e-34,2.138493150684931e-33,1.781590146445123e-32,Kruskal-Wallis
sRAGE,Third,log2rfu,326,155.93528316150832,2,1.38e-34,2.1873469387755103e-33,1.8222905000800253e-32,Kruskal-Wallis
BNP-32,Third,log2rfu,326,155.85774354300315,2,1.4299999999999998e-34,2.2512837837837835e-33,1.875556629562388e-32,Kruskal-Wallis
IL-17 RC,Second,log2rfu,372,155.7735420377353,2,1.49e-34,2.3299999999999998e-33,1.9411355326939404e-32,Kruskal-Wallis
M2-PK,Second,log2rfu,372,155.74314146507822,2,1.5199999999999998e-34,2.3610666666666663e-33,1.9670173397965262e-32,Kruskal-Wallis
CSF-1,Second,log2rfu,372,155.59733341399942,2,1.6299999999999999e-34,2.5151655629139072e-33,2.0953979591331936e-32,Kruskal-Wallis
Macrophage scavenger receptor,Second,log2rfu,372,155.52693421543927,2,1.69e-34,2.590592105263158e-33,2.158236217271552e-32,Kruskal-Wallis
PPIE,Third,log2rfu,326,155.49511569739025,2,1.7199999999999999e-34,2.619346405228758e-33,2.182191579237632e-32,Kruskal-Wallis
PARK7,Third,log2rfu,326,155.4308008225023,2,1.77e-34,2.660709677419355e-33,2.2166515437859834e-32,Kruskal-Wallis
IL-17B R,Third,log2rfu,326,155.44971186858947,2,1.76e-34,2.660709677419355e-33,2.2166515437859834e-32,Kruskal-Wallis
Cadherin-6,Third,log2rfu,326,155.40279905269472,2,1.7999999999999998e-34,2.6861783439490446e-33,2.2378696268637146e-32,Kruskal-Wallis
EphA5,Third,log2rfu,326,155.3938360087377,2,1.8099999999999998e-34,2.6861783439490446e-33,2.2378696268637146e-32,Kruskal-Wallis
GPC5,Second,log2rfu,372,155.2249250906798,2,1.9599999999999998e-34,2.850993788819876e-33,2.375178260501281e-32,Kruskal-Wallis
MATK,Third,log2rfu,326,155.22787096159664,2,1.9599999999999998e-34,2.850993788819876e-33,2.375178260501281e-32,Kruskal-Wallis
PERL,Second,log2rfu,372,155.24667193221353,2,1.9399999999999997e-34,2.850993788819876e-33,2.375178260501281e-32,Kruskal-Wallis
a2-Antiplasmin,Second,log2rfu,372,155.2238921798098,2,1.97e-34,2.850993788819876e-33,2.375178260501281e-32,Kruskal-Wallis
GPC5,Third,log2rfu,326,155.1797744193832,2,2.01e-34,2.87319018404908e-33,2.3936701967575583e-32,Kruskal-Wallis
FGFR-3,Third,log2rfu,326,155.1817959830455,2,2.01e-34,2.87319018404908e-33,2.3936701967575583e-32,Kruskal-Wallis
Cyclophilin F,Second,log2rfu,372,155.1462659373817,2,2.04e-34,2.898292682926829e-33,2.4145832235949014e-32,Kruskal-Wallis
IL-13 Ra1,Second,log2rfu,372,155.11530648159828,2,2.08e-34,2.9195180722891568e-33,2.4322662096406e-32,Kruskal-Wallis
WFKN1,Third,log2rfu,326,155.11413664416182,2,2.08e-34,2.9195180722891568e-33,2.4322662096406e-32,Kruskal-Wallis
SIRT2,Third,log2rfu,326,155.07823819803662,2,2.11e-34,2.9438922155688622e-33,2.452572439511505e-32,Kruskal-Wallis
AN32B,Second,log2rfu,372,155.04190094091496,2,2.15e-34,2.9642011834319527e-33,2.469491949876906e-32,Kruskal-Wallis
Glucagon,Second,log2rfu,372,155.0465161985394,2,2.15e-34,2.9642011834319527e-33,2.469491949876906e-32,Kruskal-Wallis
Endoglin,Third,log2rfu,326,154.98951270380144,2,2.2099999999999997e-34,3.0289999999999994e-33,2.523476192502122e-32,Kruskal-Wallis
GDF2,Second,log2rfu,372,154.9589892907445,2,2.24e-34,3.0344186046511627e-33,2.527990461182806e-32,Kruskal-Wallis
XPNPEP1,Third,log2rfu,326,154.97056984252026,2,2.2299999999999997e-34,3.0344186046511627e-33,2.527990461182806e-32,Kruskal-Wallis
DSC3,Second,log2rfu,372,154.90564998548848,2,2.3e-34,3.0976878612716765e-33,2.580700419188476e-32,Kruskal-Wallis
FN1.3,Second,log2rfu,372,154.86972071652372,2,2.35e-34,3.128857142857143e-33,2.606667715331863e-32,Kruskal-Wallis
Ku70,Second,log2rfu,372,154.8746681204084,2,2.3399999999999998e-34,3.128857142857143e-33,2.606667715331863e-32,Kruskal-Wallis
GFRa-3,Third,log2rfu,326,154.84503150165074,2,2.38e-34,3.150795454545454e-33,2.6249446408020327e-32,Kruskal-Wallis
TrkB,Third,log2rfu,326,154.71950107966336,2,2.53e-34,3.3304519774011295e-33,2.7746174563365363e-32,Kruskal-Wallis
PTHrP,Second,log2rfu,372,154.55230183594495,2,2.75e-34,3.5997191011235956e-33,2.9989453454541215e-32,Kruskal-Wallis
amyloid precursor protein,Second,log2rfu,372,154.46540279416763,2,2.87e-34,3.7358100558659214e-33,3.112323451861234e-32,Kruskal-Wallis
LRIG3,Third,log2rfu,326,154.43273731753243,2,2.92e-34,3.738241758241758e-33,3.114349316190278e-32,Kruskal-Wallis
HSP70 protein 8,Second,log2rfu,372,154.44127428561978,2,2.91e-34,3.738241758241758e-33,3.114349316190278e-32,Kruskal-Wallis
LAG-3,Second,log2rfu,372,154.4565658684087,2,2.89e-34,3.738241758241758e-33,3.114349316190278e-32,Kruskal-Wallis
NOTC2,Second,log2rfu,372,154.40031045537398,2,2.9699999999999997e-34,3.760923913043478e-33,3.1332459413592403e-32,Kruskal-Wallis
contactin-1,Second,log2rfu,372,154.40579838098392,2,2.96e-34,3.760923913043478e-33,3.1332459413592403e-32,Kruskal-Wallis
ALT,Third,log2rfu,326,154.2621257577232,2,3.18e-34,4.005081081081081e-33,3.3366545913333674e-32,Kruskal-Wallis
Glucocorticoid receptor,Second,log2rfu,372,154.25244228516544,2,3.2e-34,4.008602150537635e-33,3.339588013236887e-32,Kruskal-Wallis
IFN-g R1,Third,log2rfu,326,154.21802463401013,2,3.25e-34,4.0279255319148936e-33,3.3556864261996307e-32,Kruskal-Wallis
LRRT3,Third,log2rfu,326,154.22272750063166,2,3.2399999999999997e-34,4.0279255319148936e-33,3.3556864261996307e-32,Kruskal-Wallis
vWF,Second,log2rfu,372,154.1312113616268,2,3.39e-34,4.179206349206349e-33,3.481719288800242e-32,Kruskal-Wallis
LAG-3,Third,log2rfu,326,154.00360420893503,2,3.6199999999999997e-34,4.4392631578947365e-33,3.698374014922139e-32,Kruskal-Wallis
Cyclophilin A,Second,log2rfu,372,153.8389004983269,2,3.93e-34,4.794188481675393e-33,3.9940642112498356e-32,Kruskal-Wallis
Rab GDP dissociation inhibitor beta,Third,log2rfu,326,153.81396364380907,2,3.98e-34,4.829895833333333e-33,4.023812197980147e-32,Kruskal-Wallis
M-CSF R,Second,log2rfu,372,153.72208256525892,2,4.17e-34,4.969081632653061e-33,4.1397686360513623e-32,Kruskal-Wallis
HSP70 protein 8,Third,log2rfu,326,153.717429628437,2,4.18e-34,4.969081632653061e-33,4.1397686360513623e-32,Kruskal-Wallis
IGFBP-3,Third,log2rfu,326,153.717429628437,2,4.18e-34,4.969081632653061e-33,4.1397686360513623e-32,Kruskal-Wallis
ITI heavy chain H4,Third,log2rfu,326,153.73289579295033,2,4.14e-34,4.969081632653061e-33,4.1397686360513623e-32,Kruskal-Wallis
CAMK2D,Third,log2rfu,326,153.6462338869244,2,4.329999999999999e-34,5.121269035532994e-33,4.266556779982112e-32,Kruskal-Wallis
CAMK2A,Third,log2rfu,326,153.59485102235294,2,4.44e-34,5.224848484848485e-33,4.352849376343987e-32,Kruskal-Wallis
DERM,Third,log2rfu,326,153.48753354177552,2,4.6799999999999996e-34,5.479597989949748e-33,4.565082559300321e-32,Kruskal-Wallis
PTN,Third,log2rfu,326,153.4660293758427,2,4.7299999999999995e-34,5.510449999999999e-33,4.5907855348211684e-32,Kruskal-Wallis
TWEAKR,Third,log2rfu,326,153.43643740500306,2,4.81e-34,5.575771144278606e-33,4.645204931471568e-32,Kruskal-Wallis
RANTES,Second,log2rfu,372,153.33388711556427,2,5.06e-34,5.8365346534653465e-33,4.8624484135798704e-32,Kruskal-Wallis
Apo A-I,Second,log2rfu,372,153.2122112471368,2,5.38e-34,6.175073891625616e-33,5.144487273839112e-32,Kruskal-Wallis
IL-7,Second,log2rfu,372,153.1142476468733,2,5.64e-34,6.441764705882354e-33,5.366668825683247e-32,Kruskal-Wallis
CD30 Ligand,Third,log2rfu,326,153.0199194257175,2,5.92e-34,6.728585365853658e-33,5.605620660267379e-32,Kruskal-Wallis
AIF1,Third,log2rfu,326,153.00382293489997,2,5.97e-34,6.75247572815534e-33,5.625523849603312e-32,Kruskal-Wallis
YES,Third,log2rfu,326,152.96029279475238,2,6.1e-34,6.866183574879227e-33,5.720254468325138e-32,Kruskal-Wallis
Galectin-8,Second,log2rfu,372,152.86420987107113,2,6.4e-34,7.157224880382775e-33,5.962722545404353e-32,Kruskal-Wallis
LIGHT,Third,log2rfu,326,152.85801479615998,2,6.42e-34,7.157224880382775e-33,5.962722545404353e-32,Kruskal-Wallis
MAPKAPK3,Second,log2rfu,372,152.77577215481278,2,6.69e-34,7.422714285714286e-33,6.183903197010695e-32,Kruskal-Wallis
MDM2,Third,log2rfu,326,152.64769415962132,2,7.13e-34,7.873412322274882e-33,6.559382155501323e-32,Kruskal-Wallis
RAN,Third,log2rfu,326,152.61827415562993,2,7.23e-34,7.946179245283019e-33,6.620004670460938e-32,Kruskal-Wallis
CAMK1,Second,log2rfu,372,152.59708410373287,2,7.31e-34,7.99638497652582e-33,6.661831335207842e-32,Kruskal-Wallis
Galectin-2,Second,log2rfu,372,152.52862448544101,2,7.57e-34,8.242102803738318e-33,6.866540178735108e-32,Kruskal-Wallis
DSC3,Third,log2rfu,326,152.50536856952135,2,7.649999999999999e-34,8.24626728110599e-33,6.870009627230166e-32,Kruskal-Wallis
Protease nexin I,Second,log2rfu,372,152.4986696189319,2,7.6799999999999995e-34,8.24626728110599e-33,6.870009627230166e-32,Kruskal-Wallis
FABPE,Third,log2rfu,326,152.5089351253564,2,7.6399999999999995e-34,8.24626728110599e-33,6.870009627230166e-32,Kruskal-Wallis
Notch-3,Second,log2rfu,372,152.45513307740066,2,7.85e-34,8.3901376146789e-33,6.989868775985059e-32,Kruskal-Wallis
YES,Second,log2rfu,372,152.43589339220944,2,7.92e-34,8.426301369863013e-33,7.019996994947947e-32,Kruskal-Wallis
MFGM,Third,log2rfu,326,152.421277367456,2,7.98e-34,8.451545454545455e-33,7.041027977680747e-32,Kruskal-Wallis
annexin VI,Third,log2rfu,326,152.35515617726628,2,8.249999999999999e-34,8.697963800904976e-33,7.246320427477377e-32,Kruskal-Wallis
Apo B,Third,log2rfu,326,152.2858921124157,2,8.54e-34,8.963153153153153e-33,7.467251103246057e-32,Kruskal-Wallis
ECM1,Third,log2rfu,326,152.2750739689286,2,8.59e-34,8.975201793721973e-33,7.477288890511635e-32,Kruskal-Wallis
FYN,Second,log2rfu,372,152.16140222319564,2,9.09e-34,9.455223214285714e-33,7.877197317941035e-32,Kruskal-Wallis
UNC5H3,Third,log2rfu,326,152.1079455303775,2,9.34e-34,9.672088888888888e-33,8.057869277938401e-32,Kruskal-Wallis
CNTN2,Third,log2rfu,326,152.066462763584,2,9.53e-34,9.825176991150443e-33,8.185407799368695e-32,Kruskal-Wallis
IMB1,Third,log2rfu,326,152.04330733602774,2,9.639999999999999e-34,9.894801762114536e-33,8.243412570559288e-32,Kruskal-Wallis
PGRP-S,Third,log2rfu,326,152.00205501291111,2,9.84e-34,1.005578947368421e-32,8.377532298994901e-32,Kruskal-Wallis
sRAGE,Second,log2rfu,372,151.94365890650397,2,1.01e-33,1.0276419213973799e-32,8.56134012236192e-32,Kruskal-Wallis
UBE2N,Second,log2rfu,372,151.9257654566395,2,1.02e-33,1.0333043478260869e-32,8.608514101512258e-32,Kruskal-Wallis
LG3BP,Third,log2rfu,326,151.8657938484389,2,1.05e-33,1.059090909090909e-32,8.823343330427e-32,Kruskal-Wallis
4-1BB,Third,log2rfu,326,151.8303046423507,2,1.0700000000000001e-33,1.0746120689655172e-32,8.952650948200501e-32,Kruskal-Wallis
CD27,Third,log2rfu,326,151.77097507423423,2,1.1e-33,1.0952991452991453e-32,9.124996093860404e-32,Kruskal-Wallis
phosphoglycerate kinase 1,Second,log2rfu,372,151.77204723369277,2,1.1e-33,1.0952991452991453e-32,9.124996093860404e-32,Kruskal-Wallis
GAS1,Third,log2rfu,326,151.76091746471184,2,1.11e-33,1.0958898305084747e-32,9.12991712411133e-32,Kruskal-Wallis
4-1BB,Second,log2rfu,372,151.76278141787543,2,1.11e-33,1.0958898305084747e-32,9.12991712411133e-32,Kruskal-Wallis
Endoglin,Second,log2rfu,372,151.7492772044443,2,1.12e-33,1.1010970464135022e-32,9.173298719903854e-32,Kruskal-Wallis
BTK,Third,log2rfu,326,151.58200611974598,2,1.21e-33,1.1845798319327732e-32,9.868798296469193e-32,Kruskal-Wallis
PDGF-AA,Third,log2rfu,326,151.53670934250795,2,1.2400000000000001e-33,1.2088702928870292e-32,1.0071163433223792e-31,Kruskal-Wallis
AN32B,Third,log2rfu,326,151.51851950133118,2,1.25e-33,1.2135416666666668e-32,1.0110080899447608e-31,Kruskal-Wallis
Apo A-I,Third,log2rfu,326,151.4480181354984,2,1.3e-33,1.2568464730290454e-32,1.0470855570548224e-31,Kruskal-Wallis
IL-6,Third,log2rfu,326,151.40478494646914,2,1.33e-33,1.280537190082645e-32,1.0668224208607193e-31,Kruskal-Wallis
PUR8,Second,log2rfu,372,151.31621066573507,2,1.39e-33,1.332798353909465e-32,1.1103614775492086e-31,Kruskal-Wallis
CPNE1,Second,log2rfu,372,151.28280485865662,2,1.4100000000000001e-33,1.3464344262295083e-32,1.121721762745269e-31,Kruskal-Wallis
MRCKB,Third,log2rfu,326,151.27581587187115,2,1.42e-33,1.3504489795918367e-32,1.1250663087450592e-31,Kruskal-Wallis
Calcineurin B a,Third,log2rfu,326,151.22648338340468,2,1.45e-33,1.3733739837398374e-32,1.1441652530106558e-31,Kruskal-Wallis
SET,Third,log2rfu,326,151.21547006110654,2,1.46e-33,1.377246963562753e-32,1.1473918533332603e-31,Kruskal-Wallis
TRAIL R1,Third,log2rfu,326,151.20212834986546,2,1.47e-33,1.3810887096774193e-32,1.1505924326855211e-31,Kruskal-Wallis
CHST2,Third,log2rfu,326,151.15686418389896,2,1.5e-33,1.4036144578313254e-32,1.169358754634904e-31,Kruskal-Wallis
PARK7,Second,log2rfu,372,151.11698060104277,2,1.53e-33,1.42596e-32,1.1879749460086915e-31,Kruskal-Wallis
GAS1,Second,log2rfu,372,151.10920459321665,2,1.54e-33,1.429561752988048e-32,1.190975585796282e-31,Kruskal-Wallis
MMP-12,Third,log2rfu,326,151.07550925608462,2,1.56e-33,1.4423809523809522e-32,1.2016553297629154e-31,Kruskal-Wallis
MICA,Third,log2rfu,326,151.0563169569814,2,1.58e-33,1.4550988142292488e-32,1.2122506488760576e-31,Kruskal-Wallis
a1-Antichymotrypsin,Second,log2rfu,372,151.02660439398346,2,1.6e-33,1.4677165354330708e-32,1.2227625402796473e-31,Kruskal-Wallis
C4,Second,log2rfu,372,150.9863746551107,2,1.64e-33,1.49265625e-32,1.2435399506320557e-31,Kruskal-Wallis
TIMD3,Third,log2rfu,326,150.98164182320897,2,1.64e-33,1.49265625e-32,1.2435399506320557e-31,Kruskal-Wallis
NKp44,Third,log2rfu,326,150.94453606171191,2,1.67e-33,1.5140466926070039e-32,1.2613604434236888e-31,Kruskal-Wallis
Transferrin,Second,log2rfu,372,150.87876911292847,2,1.73e-33,1.5623643410852712e-32,1.301614136263766e-31,Kruskal-Wallis
Nectin-like protein 2,Third,log2rfu,326,150.86568472986642,2,1.74e-33,1.565328185328185e-32,1.3040833308445778e-31,Kruskal-Wallis
MRC2,Third,log2rfu,326,150.83843271205228,2,1.76e-33,1.5772307692307693e-32,1.313999437515898e-31,Kruskal-Wallis
Coagulation Factor VII,Second,log2rfu,372,150.8315199990941,2,1.77e-33,1.5801149425287354e-32,1.3164022578039366e-31,Kruskal-Wallis
MMEL2,Second,log2rfu,372,150.75022933061905,2,1.84e-33,1.6363358778625957e-32,1.3632402214339123e-31,Kruskal-Wallis
IL-22BP,Second,log2rfu,372,150.64018722867354,2,1.9400000000000002e-33,1.718707224334601e-32,1.431864233241918e-31,Kruskal-Wallis
Cyclophilin A,Third,log2rfu,326,150.5979778776864,2,1.99e-33,1.7563257575757577e-32,1.4632044356291444e-31,Kruskal-Wallis
SLAF6,Second,log2rfu,372,150.4574531097312,2,2.1300000000000002e-33,1.872792452830189e-32,1.5602334659011672e-31,Kruskal-Wallis
OBCAM,Third,log2rfu,326,150.42262610541388,2,2.17e-33,1.9007894736842107e-32,1.5835579345661094e-31,Kruskal-Wallis
suPAR,Third,log2rfu,326,150.40623126684955,2,2.19e-33,1.911123595505618e-32,1.592167347041097e-31,Kruskal-Wallis
Carbonic anhydrase 6,Second,log2rfu,372,150.39432651665834,2,2.2e-33,1.9126865671641793e-32,1.5934694671368168e-31,Kruskal-Wallis
SLIK5,Third,log2rfu,326,150.35495918283846,2,2.24e-33,1.9402230483271376e-32,1.6164102577079652e-31,Kruskal-Wallis
LIGHT,Second,log2rfu,372,150.35003181974298,2,2.25e-33,1.9416666666666668e-32,1.617612943911617e-31,Kruskal-Wallis
TIMP-3,Third,log2rfu,326,150.3438189070239,2,2.26e-33,1.94309963099631e-32,1.6188067542023265e-31,Kruskal-Wallis
Protease nexin I,Third,log2rfu,326,150.2626004996298,2,2.35e-33,2.0130514705882354e-32,1.6770840080260146e-31,Kruskal-Wallis
SGTA,Third,log2rfu,326,150.12088424451008,2,2.52e-33,2.1436e-32,1.785844690078425e-31,Kruskal-Wallis
Cystatin-S,Second,log2rfu,372,150.11304113688698,2,2.53e-33,2.1436e-32,1.785844690078425e-31,Kruskal-Wallis
IL-22BP,Third,log2rfu,326,150.11043761812857,2,2.53e-33,2.1436e-32,1.785844690078425e-31,Kruskal-Wallis
Epithelial cell kinase,Third,log2rfu,326,149.9963665875664,2,2.68e-33,2.262463768115942e-32,1.8848707346448406e-31,Kruskal-Wallis
ATS1,Third,log2rfu,326,149.9793224844177,2,2.71e-33,2.279530685920578e-32,1.899089275668079e-31,Kruskal-Wallis
TSLP R,Third,log2rfu,326,149.95581213170044,2,2.74e-33,2.296474820143885e-32,1.9132055250292795e-31,Kruskal-Wallis
TNF-a,Third,log2rfu,326,149.9209444950568,2,2.7900000000000002e-33,2.3300000000000004e-32,1.9411355326939403e-31,Kruskal-Wallis
FLRT1,Third,log2rfu,326,149.88973961400825,2,2.83e-33,2.3549642857142857e-32,1.9619334134013757e-31,Kruskal-Wallis
FGFR4,Third,log2rfu,326,149.8026568200646,2,2.9600000000000002e-33,2.4543772241992885e-32,2.044754867179382e-31,Kruskal-Wallis
Transketolase,Third,log2rfu,326,149.7145139293425,2,3.09e-33,2.5530851063829785e-32,2.1269889347603815e-31,Kruskal-Wallis
TGF-b1,Second,log2rfu,372,149.43437667118155,2,3.5500000000000004e-33,2.922791519434629e-32,2.4349933360648368e-31,Kruskal-Wallis
TSP4,Third,log2rfu,326,149.42758892646907,2,3.5700000000000004e-33,2.9289084507042257e-32,2.440089384407524e-31,Kruskal-Wallis
AMPK a2b2g1,Second,log2rfu,372,149.386564184156,2,3.64e-33,2.975859649122807e-32,2.479204680352963e-31,Kruskal-Wallis
Thrombospondin-1,Third,log2rfu,326,149.31654084209163,2,3.77e-33,3.0713636363636363e-32,2.5587695658238303e-31,Kruskal-Wallis
IGFBP-6,Third,log2rfu,326,149.25173938188868,2,3.8900000000000004e-33,3.1580836236933803e-32,2.631016453721055e-31,Kruskal-Wallis
TCCR,Third,log2rfu,326,149.18055155925867,2,4.04e-33,3.2684722222222224e-32,2.7229817889178887e-31,Kruskal-Wallis
FGF-12,Second,log2rfu,372,149.11798367691472,2,4.16e-33,3.3539100346020765e-32,2.794160489967748e-31,Kruskal-Wallis
FCGR1,Third,log2rfu,326,149.08634027648486,2,4.2300000000000004e-33,3.3985862068965526e-32,2.831380449412196e-31,Kruskal-Wallis
CO8A1,Third,log2rfu,326,149.0185756457904,2,4.38e-33,3.5070103092783506e-32,2.9217091523022195e-31,Kruskal-Wallis
BNP-32,Second,log2rfu,372,148.93733657190523,2,4.5600000000000005e-33,3.626211604095563e-32,3.021016392178965e-31,Kruskal-Wallis
Activin AB,Third,log2rfu,326,148.93478659030075,2,4.5600000000000005e-33,3.626211604095563e-32,3.021016392178965e-31,Kruskal-Wallis
Dynactin subunit 2,Second,log2rfu,372,148.9072276255249,2,4.63e-33,3.669353741496599e-32,3.0569583389023616e-31,Kruskal-Wallis
SPTA2,Second,log2rfu,372,148.89731872305515,2,4.65e-33,3.67271186440678e-32,3.0597560091616354e-31,Kruskal-Wallis
Galectin-8,Third,log2rfu,326,148.75995877711784,2,4.98e-33,3.920067567567568e-32,3.265829375951292e-31,Kruskal-Wallis
Livin B,Third,log2rfu,326,148.72486531963727,2,5.07e-33,3.9774747474747476e-32,3.313655606315918e-31,Kruskal-Wallis
IL-10 Rb,Third,log2rfu,326,148.70570329943666,2,5.12e-33,4.003221476510067e-32,3.3351053447627436e-31,Kruskal-Wallis
Fibrinogen,Second,log2rfu,372,148.6336031073547,2,5.3000000000000004e-33,4.130100334448161e-32,3.440808803771868e-31,Kruskal-Wallis
IL-1a,Third,log2rfu,326,148.58453646114776,2,5.44e-33,4.2250666666666667e-32,3.5199257659516786e-31,Kruskal-Wallis
Dkk-4,Third,log2rfu,326,148.56629877148384,2,5.49e-33,4.249734219269103e-32,3.5404764367075524e-31,Kruskal-Wallis
PSME1,Third,log2rfu,326,148.4865803429309,2,5.71e-33,4.405397350993378e-32,3.670160229033907e-31,Kruskal-Wallis
FCRL3,Third,log2rfu,326,148.37417808771124,2,6.04e-33,4.644620462046205e-32,3.8694582895945214e-31,Kruskal-Wallis
Triosephosphate isomerase,Third,log2rfu,326,148.33918711481851,2,6.15e-33,4.713651315789474e-32,3.92696826515386e-31,Kruskal-Wallis
BMP RII,Third,log2rfu,326,148.22564550416269,2,6.500000000000001e-33,4.949346405228759e-32,4.1233271119315735e-31,Kruskal-Wallis
HSP 60,Third,log2rfu,326,148.2340291149526,2,6.480000000000001e-33,4.949346405228759e-32,4.1233271119315735e-31,Kruskal-Wallis
NADPH-P450 Oxidoreductase,Third,log2rfu,326,148.20833461706752,2,6.56e-33,4.978762214983714e-32,4.147833581261319e-31,Kruskal-Wallis
PTH,Third,log2rfu,326,148.05894408472727,2,7.07e-33,5.331100323624596e-32,4.441368354739857e-31,Kruskal-Wallis
PAPP-A,Third,log2rfu,326,148.0634861994265,2,7.05e-33,5.331100323624596e-32,4.441368354739857e-31,Kruskal-Wallis
Secretin,Third,log2rfu,326,148.01334947649457,2,7.23e-33,5.434161290322581e-32,4.5272290004442545e-31,Kruskal-Wallis
Protein C,Third,log2rfu,326,147.88482517215903,2,7.71e-33,5.776302250803859e-32,4.812268474942213e-31,Kruskal-Wallis
HO-2,Second,log2rfu,372,147.7775547058984,2,8.14e-33,6.078910256410257e-32,5.064372832092524e-31,Kruskal-Wallis
Epo,Second,log2rfu,372,147.76492024305094,2,8.190000000000001e-33,6.09670926517572e-32,5.079201282033027e-31,Kruskal-Wallis
MDHC,Third,log2rfu,326,147.69353461634137,2,8.49e-33,6.299904458598727e-32,5.248484290627884e-31,Kruskal-Wallis
Flt3 ligand,Third,log2rfu,326,147.6741527668396,2,8.57e-33,6.339079365079366e-32,5.281121115932403e-31,Kruskal-Wallis
IMDH2,Third,log2rfu,326,147.647204501724,2,8.69e-33,6.4075e-32,5.3381227149083355e-31,Kruskal-Wallis
eIF-5A-1,Third,log2rfu,326,147.63075337903751,2,8.76e-33,6.438738170347003e-32,5.364147402649501e-31,Kruskal-Wallis
Protein disulfide isomerase A3,Second,log2rfu,372,147.61306950406652,2,8.84e-33,6.477106918238994e-32,5.396112612897621e-31,Kruskal-Wallis
Factor B,Third,log2rfu,326,147.46449594775277,2,9.52e-33,6.946312500000001e-32,5.78701030684381e-31,Kruskal-Wallis
SPTA2,Third,log2rfu,326,147.45894254843597,2,9.54e-33,6.946312500000001e-32,5.78701030684381e-31,Kruskal-Wallis
EG-VEGF,Third,log2rfu,326,147.43221221320755,2,9.67e-33,7.019034267912772e-32,5.847595202850593e-31,Kruskal-Wallis
PTP-1C,Second,log2rfu,372,147.40797835976673,2,9.79e-33,7.084068322981367e-32,5.901775423935924e-31,Kruskal-Wallis
LCMT1,Third,log2rfu,326,147.30833106963155,2,1.03e-32,7.430030959752322e-32,6.189998757506993e-31,Kruskal-Wallis
FGFR4,Second,log2rfu,372,147.27385409950375,2,1.05e-32,7.550925925925926e-32,6.2907170041007324e-31,Kruskal-Wallis
FCAR,Third,log2rfu,326,147.1503142762931,2,1.11e-32,7.933435582822086e-32,6.609387856718631e-31,Kruskal-Wallis
C4b,Second,log2rfu,372,147.15913791780872,2,1.11e-32,7.933435582822086e-32,6.609387856718631e-31,Kruskal-Wallis
RBM39,Second,log2rfu,372,147.10169714595463,2,1.1399999999999999e-32,8.122935779816513e-32,6.767261490125663e-31,Kruskal-Wallis
Gro-b/g,Third,log2rfu,326,146.9127828783421,2,1.2499999999999998e-32,8.879573170731706e-32,7.397620170327515e-31,Kruskal-Wallis
LY86,Third,log2rfu,326,146.88256456158933,2,1.2699999999999998e-32,8.994224924012156e-32,7.493137162678735e-31,Kruskal-Wallis
ENA-78,Second,log2rfu,372,146.78190417449105,2,1.3399999999999998e-32,9.461212121212119e-32,7.882186708514787e-31,Kruskal-Wallis
ITI heavy chain H4,Second,log2rfu,372,146.72962554101173,2,1.37e-32,9.64380664652568e-32,8.034307189699995e-31,Kruskal-Wallis
PHI,Third,log2rfu,326,146.68859601282156,2,1.4e-32,9.825301204819278e-32,8.185511282444326e-31,Kruskal-Wallis
NET4,Second,log2rfu,372,146.48370432936508,2,1.5499999999999998e-32,1.0845345345345343e-31,9.03531554256939e-31,Kruskal-Wallis
FGFR-3,Second,log2rfu,372,146.4248358765151,2,1.5999999999999998e-32,1.1161676646706585e-31,9.298852851228456e-31,Kruskal-Wallis
RAP,Third,log2rfu,326,146.39486936008302,2,1.6199999999999998e-32,1.1267462686567162e-31,9.386983770042337e-31,Kruskal-Wallis
Peroxiredoxin-1,Third,log2rfu,326,146.3796003715588,2,1.64e-32,1.1372619047619048e-31,9.474590100053758e-31,Kruskal-Wallis
IL-8,Second,log2rfu,372,146.35701939957698,2,1.66e-32,1.1477151335311573e-31,9.561676511192703e-31,Kruskal-Wallis
LY9,Second,log2rfu,372,146.20383334729127,2,1.7899999999999998e-32,1.2339349112426034e-31,1.0279978116929446e-30,Kruskal-Wallis
GFRa-2,Third,log2rfu,326,146.1662494146383,2,1.82e-32,1.2509144542772861e-31,1.0421435603253603e-30,Kruskal-Wallis
ULBP-1,Third,log2rfu,326,146.0515145805905,2,1.9299999999999998e-32,1.3226176470588234e-31,1.10187987591156e-30,Kruskal-Wallis
IFN-g R1,Second,log2rfu,372,146.03149200935354,2,1.9499999999999998e-32,1.3324046920821114e-31,1.110033515763397e-30,Kruskal-Wallis
BSSP4,Third,log2rfu,326,145.9674460737358,2,2.01e-32,1.3693859649122807e-31,1.1408428130745087e-30,Kruskal-Wallis
URB,Third,log2rfu,326,145.9580735104155,2,2.0199999999999998e-32,1.3721865889212827e-31,1.1431760280005128e-30,Kruskal-Wallis
DEAD-box protein 19B,Third,log2rfu,326,145.89144245311627,2,2.0899999999999998e-32,1.4156104651162788e-31,1.1793526928285856e-30,Kruskal-Wallis
KYNU,Third,log2rfu,326,145.79764851082405,2,2.19e-32,1.4790434782608694e-31,1.2321990772752838e-30,Kruskal-Wallis
Ephrin-A4,Third,log2rfu,326,145.741135551021,2,2.2499999999999997e-32,1.515173410404624e-31,1.2622991180813195e-30,Kruskal-Wallis
Spondin-1,Third,log2rfu,326,145.68504648188627,2,2.3199999999999997e-32,1.5578097982708932e-31,1.297819722146957e-30,Kruskal-Wallis
PDK1,Second,log2rfu,372,145.66825337344244,2,2.34e-32,1.5667241379310346e-31,1.305246306466615e-30,Kruskal-Wallis
Testican-1,Third,log2rfu,326,145.56643188413113,2,2.4599999999999997e-32,1.642349570200573e-31,1.368250260867362e-30,Kruskal-Wallis
Myoglobin,Third,log2rfu,326,145.52300456376247,2,2.51e-32,1.6709428571428574e-31,1.3920714820176545e-30,Kruskal-Wallis
Protein disulfide-isomerase,Third,log2rfu,326,145.51961880146655,2,2.52e-32,1.6728205128205128e-31,1.393635767062316e-30,Kruskal-Wallis
ASM3A,Second,log2rfu,372,145.428418920711,2,2.63e-32,1.7408806818181817e-31,1.4503370599389382e-30,Kruskal-Wallis
SHP-2,Third,log2rfu,326,145.37683210055275,2,2.7e-32,1.7821529745042493e-31,1.4847212289727021e-30,Kruskal-Wallis
LKHA4,Second,log2rfu,372,145.13414812370274,2,3.05e-32,2.0074858757062146e-31,1.6724472809933665e-30,Kruskal-Wallis
MCP-2,Second,log2rfu,372,145.06032639277828,2,3.1699999999999996e-32,2.0805915492957745e-31,1.7333520108844478e-30,Kruskal-Wallis
TIG2,Second,log2rfu,372,144.98228829062828,2,3.29e-32,2.1532865168539325e-31,1.793914579371647e-30,Kruskal-Wallis
IMDH2,Second,log2rfu,372,144.89041691940952,2,3.4499999999999995e-32,2.2516806722689073e-31,1.8758872794941436e-30,Kruskal-Wallis
uPA,Third,log2rfu,326,144.8652676826764,2,3.49e-32,2.2714245810055865e-31,1.8923360360619698e-30,Kruskal-Wallis
PTH,Second,log2rfu,372,144.84141872712325,2,3.53e-32,2.291058495821727e-31,1.9086931561029553e-30,Kruskal-Wallis
Peroxiredoxin-6,Second,log2rfu,372,144.79454695193522,2,3.6199999999999996e-32,2.342944444444444e-31,1.951919618986684e-30,Kruskal-Wallis
Thymidine kinase,Third,log2rfu,326,144.7684937544875,2,3.6599999999999995e-32,2.362271468144044e-31,1.968021066387762e-30,Kruskal-Wallis
C1-Esterase Inhibitor,Third,log2rfu,326,144.69547232643777,2,3.7999999999999995e-32,2.44585635359116e-31,2.0376560840433624e-30,Kruskal-Wallis
EMAP-2,Second,log2rfu,372,144.60945991150902,2,3.9699999999999996e-32,2.5482369146005506e-31,2.1229498801087993e-30,Kruskal-Wallis
IL-18 Rb,Third,log2rfu,326,144.597949176974,2,3.99e-32,2.5540384615384616e-31,2.1277831800683577e-30,Kruskal-Wallis
PPIE,Second,log2rfu,372,144.44436518226848,2,4.31e-32,2.7501639344262294e-31,2.2911763664584212e-30,Kruskal-Wallis
PUR8,Third,log2rfu,326,144.43923257507117,2,4.3199999999999996e-32,2.7501639344262294e-31,2.2911763664584212e-30,Kruskal-Wallis
CD30 Ligand,Second,log2rfu,372,144.3934845953588,2,4.4199999999999997e-32,2.806158038147139e-31,2.337825355451557e-30,Kruskal-Wallis
hnRNP A2/B1,Third,log2rfu,326,144.3559760400026,2,4.4999999999999995e-32,2.849184782608695e-31,2.373671167696394e-30,Kruskal-Wallis
UFM1,Second,log2rfu,372,144.31408469992198,2,4.5999999999999996e-32,2.9046070460704607e-31,2.4198437534938006e-30,Kruskal-Wallis
Layilin,Third,log2rfu,326,144.29151208900566,2,4.65e-32,2.928243243243243e-31,2.4395351964937355e-30,Kruskal-Wallis
IL-12 Rb1,Second,log2rfu,372,144.0692492907383,2,5.2e-32,3.2569892473118276e-31,2.71341526075497e-30,Kruskal-Wallis
Marapsin,Second,log2rfu,372,144.0711052691952,2,5.19e-32,3.2569892473118276e-31,2.71341526075497e-30,Kruskal-Wallis
Moesin,Second,log2rfu,372,143.99875689484747,2,5.38e-32,3.3606970509383377e-31,2.7998147897837533e-30,Kruskal-Wallis
TGF-b1,Third,log2rfu,326,143.99405048895255,2,5.4e-32,3.364171122994652e-31,2.8027090579003416e-30,Kruskal-Wallis
PAFAH,Third,log2rfu,326,143.91740395840793,2,5.61e-32,3.4856799999999994e-31,2.9039387569101347e-30,Kruskal-Wallis
PCNA,Second,log2rfu,372,143.74465997301513,2,6.109999999999999e-32,3.7862499999999996e-31,3.1543452406276526e-30,Kruskal-Wallis
TGF-b R II,Second,log2rfu,372,143.64153250216918,2,6.44e-32,3.980159151193634e-31,3.315891997493097e-30,Kruskal-Wallis
NRX3B,Second,log2rfu,372,143.56737251667278,2,6.679999999999999e-32,4.117566137566137e-31,3.430366496930032e-30,Kruskal-Wallis
MICA,Second,log2rfu,372,143.54885098654427,2,6.739999999999999e-32,4.143588390501319e-31,3.45204577581983e-30,Kruskal-Wallis
C5,Second,log2rfu,372,143.48360116272352,2,6.969999999999999e-32,4.273710526315789e-31,3.5604512270728326e-30,Kruskal-Wallis
GOT1,Second,log2rfu,372,143.40281612110584,2,7.249999999999999e-32,4.433727034120735e-31,3.693761840428101e-30,Kruskal-Wallis
ING1,Third,log2rfu,326,143.28150042855555,2,7.71e-32,4.702696335078533e-31,3.917841611798502e-30,Kruskal-Wallis
CNTF,Third,log2rfu,326,143.27026258428486,2,7.75e-32,4.714751958224544e-31,3.927885216286694e-30,Kruskal-Wallis
STX1a,Third,log2rfu,326,143.25750050173883,2,7.799999999999999e-32,4.7328124999999995e-31,3.942931550784566e-30,Kruskal-Wallis
MEPE,Third,log2rfu,326,143.20170665190335,2,8.019999999999999e-32,4.853662337662337e-31,4.0436122005728316e-30,Kruskal-Wallis
GREM1,Second,log2rfu,372,143.18967894971456,2,8.069999999999999e-32,4.858682170542635e-31,4.047794250346278e-30,Kruskal-Wallis
LRP8,Third,log2rfu,326,143.19060647328843,2,8.06e-32,4.858682170542635e-31,4.047794250346278e-30,Kruskal-Wallis
Rab GDP dissociation inhibitor beta,Second,log2rfu,372,143.13668901706865,2,8.279999999999999e-32,4.972268041237113e-31,4.142423250181913e-30,Kruskal-Wallis
BOC,Second,log2rfu,372,143.0599432102099,2,8.61e-32,5.157146529562982e-31,4.2964465132377444e-30,Kruskal-Wallis
IL-17B,Second,log2rfu,372,143.03454762366732,2,8.719999999999999e-32,5.209641025641025e-31,4.340179960279784e-30,Kruskal-Wallis
TF,Third,log2rfu,326,143.0214563453785,2,8.779999999999999e-32,5.232071611253197e-31,4.3588670018037835e-30,Kruskal-Wallis
Gro-a,Second,log2rfu,372,142.92718521506436,2,9.199999999999999e-32,5.468367346938776e-31,4.555726250200064e-30,Kruskal-Wallis
"Fas ligand, soluble",Third,log2rfu,326,142.89300590871562,2,9.36e-32,5.549312977099236e-31,4.623162490080225e-30,Kruskal-Wallis
BGN,Third,log2rfu,326,142.84815570339038,2,9.57e-32,5.659416243654822e-31,4.7148901136753835e-30,Kruskal-Wallis
Arylsulfatase A,Second,log2rfu,372,142.8024288614679,2,9.79e-32,5.774860759493671e-31,4.811067560778145e-30,Kruskal-Wallis
M-CSF R,Third,log2rfu,326,142.73434228092606,2,1.01e-31,5.942676767676767e-31,4.9508759798507064e-30,Kruskal-Wallis
Azurocidin,Third,log2rfu,326,142.6981474283673,2,1.0299999999999998e-31,6.029899497487436e-31,5.02354170521296e-30,Kruskal-Wallis
KI3S1,Third,log2rfu,326,142.6991494812712,2,1.0299999999999998e-31,6.029899497487436e-31,5.02354170521296e-30,Kruskal-Wallis
AMNLS,Second,log2rfu,372,142.6744912857098,2,1.04e-31,6.073182957393483e-31,5.059601388475433e-30,Kruskal-Wallis
IL-23 R,Second,log2rfu,372,142.5938731605347,2,1.09e-31,6.34925e-31,5.289594326590987e-30,Kruskal-Wallis
TCTP,Third,log2rfu,326,142.55415811871944,2,1.11e-31,6.449625935162094e-31,5.3732180580804825e-30,Kruskal-Wallis
TEC,Third,log2rfu,326,142.44571534675265,2,1.1699999999999998e-31,6.764516129032257e-31,5.635554772337245e-30,Kruskal-Wallis
carbonic anhydrase II,Third,log2rfu,326,142.44702196239973,2,1.1699999999999998e-31,6.764516129032257e-31,5.635554772337245e-30,Kruskal-Wallis
MIS,Second,log2rfu,372,142.43265083166307,2,1.1799999999999999e-31,6.8054455445544555e-31,5.669653288561509e-30,Kruskal-Wallis
NKG2D,Third,log2rfu,326,142.3948195842488,2,1.1999999999999998e-31,6.903703703703702e-31,5.751512689463526e-30,Kruskal-Wallis
GIB,Third,log2rfu,326,142.3833178610189,2,1.2099999999999999e-31,6.944088669950738e-31,5.785157622068147e-30,Kruskal-Wallis
CAMK1,Third,log2rfu,326,142.2908566373576,2,1.26e-31,7.213267813267813e-31,6.009412214236769e-30,Kruskal-Wallis
DMP1,Second,log2rfu,372,142.27743608614128,2,1.2699999999999998e-31,7.252696078431372e-31,6.042260114022803e-30,Kruskal-Wallis
Fucosyltransferase 3,Second,log2rfu,372,142.22847093343694,2,1.3e-31,7.405867970660146e-31,6.1698684413254826e-30,Kruskal-Wallis
BASI,Second,log2rfu,372,142.01415645799193,2,1.4499999999999998e-31,8.220194647201946e-31,6.848288375684217e-30,Kruskal-Wallis
Fibronectin,Second,log2rfu,372,142.0182444361626,2,1.4499999999999998e-31,8.220194647201946e-31,6.848288375684217e-30,Kruskal-Wallis
AK1A1,Third,log2rfu,326,141.96630786353444,2,1.4899999999999998e-31,8.426456310679611e-31,7.020126076975658e-30,Kruskal-Wallis
Factor H,Second,log2rfu,372,141.8513749279789,2,1.58e-31,8.913801452784503e-31,7.426135936214105e-30,Kruskal-Wallis
CHST6,Third,log2rfu,326,141.6665364636615,2,1.7299999999999998e-31,9.73647342995169e-31,8.111508385411876e-30,Kruskal-Wallis
PRL,Second,log2rfu,372,141.6176586281474,2,1.7699999999999998e-31,9.913701923076922e-31,8.259158396317967e-30,Kruskal-Wallis
LY86,Second,log2rfu,372,141.61796393886425,2,1.7699999999999998e-31,9.913701923076922e-31,8.259158396317967e-30,Kruskal-Wallis
ERP29,Second,log2rfu,372,141.53864851590197,2,1.8399999999999998e-31,1.0281055155875299e-30,8.565202350496042e-30,Kruskal-Wallis
carbonic anhydrase II,Second,log2rfu,372,141.48830113897748,2,1.89e-31,1.0510023866348449e-30,8.755957414776962e-30,Kruskal-Wallis
IL-15 Ra,Third,log2rfu,326,141.48324611622115,2,1.89e-31,1.0510023866348449e-30,8.755957414776962e-30,Kruskal-Wallis
IL-11 RA,Third,log2rfu,326,141.42126443467782,2,1.9499999999999999e-31,1.0817857142857141e-30,9.012414973221865e-30,Kruskal-Wallis
Afamin,Third,log2rfu,326,141.41796653427105,2,1.96e-31,1.084750593824228e-30,9.037115544133309e-30,Kruskal-Wallis
CDON,Second,log2rfu,372,141.39966868611077,2,1.9699999999999998e-31,1.0877014218009478e-30,9.061699050727635e-30,Kruskal-Wallis
CRK,Third,log2rfu,326,141.25703490774777,2,2.1199999999999996e-31,1.1649999999999998e-30,9.705677663469699e-30,Kruskal-Wallis
Aminoacylase-1,Second,log2rfu,372,141.25828673557976,2,2.1199999999999996e-31,1.1649999999999998e-30,9.705677663469699e-30,Kruskal-Wallis
BMP-7,Second,log2rfu,372,141.19402656758007,2,2.19e-31,1.200635294117647e-30,1.0002557215528774e-29,Kruskal-Wallis
TGF-b R II,Third,log2rfu,326,141.10350432207588,2,2.29e-31,1.2525117370892017e-30,1.0434742652274937e-29,Kruskal-Wallis
SEPR,Third,log2rfu,326,141.01134495169822,2,2.3999999999999996e-31,1.3096018735362997e-30,1.0910363649802004e-29,Kruskal-Wallis
RELT,Third,log2rfu,326,140.9772588543094,2,2.44e-31,1.3252214452214452e-30,1.1040491141662504e-29,Kruskal-Wallis
PCNA,Third,log2rfu,326,140.9772588543094,2,2.44e-31,1.3252214452214452e-30,1.1040491141662504e-29,Kruskal-Wallis
MCP-2,Third,log2rfu,326,140.92476462273362,2,2.4999999999999998e-31,1.3546511627906976e-30,1.1285671701708954e-29,Kruskal-Wallis
BMP10,Third,log2rfu,326,140.70595960867013,2,2.7899999999999996e-31,1.5082830626450114e-30,1.2565587323007175e-29,Kruskal-Wallis
IL24,Second,log2rfu,372,140.69099541842002,2,2.8099999999999997e-31,1.5155787037037034e-30,1.2626367701087897e-29,Kruskal-Wallis
PDE11,Second,log2rfu,372,140.6835160146884,2,2.8199999999999996e-31,1.5174595842956118e-30,1.2642037418468615e-29,Kruskal-Wallis
Olfactomedin-4,Second,log2rfu,372,140.64452826870797,2,2.88e-31,1.5461751152073733e-30,1.2881268051056563e-29,Kruskal-Wallis
ETHE1,Third,log2rfu,326,140.5685764628181,2,2.9899999999999995e-31,1.6015402298850572e-30,1.3342517799436507e-29,Kruskal-Wallis
CLM6,Third,log2rfu,326,140.43133310549683,2,3.1999999999999997e-31,1.710091743119266e-30,1.4246866295001395e-29,Kruskal-Wallis
SLIK5,Second,log2rfu,372,140.42206706108846,2,3.22e-31,1.7168421052631577e-30,1.4303103925113244e-29,Kruskal-Wallis
FGF-4,Third,log2rfu,326,140.32268903748695,2,3.3799999999999995e-31,1.798036529680365e-30,1.497953904225004e-29,Kruskal-Wallis
ASM3A,Third,log2rfu,326,140.32067454076423,2,3.39e-31,1.799248291571754e-30,1.4989634295745916e-29,Kruskal-Wallis
GPVI,Third,log2rfu,326,140.314714010319,2,3.3999999999999997e-31,1.8004545454545453e-30,1.49996836617259e-29,Kruskal-Wallis
DMP1,Third,log2rfu,326,140.0990368850944,2,3.78e-31,1.9971428571428573e-30,1.663830456594806e-29,Kruskal-Wallis
CK2-A1:B,Second,log2rfu,372,139.98279258186267,2,4.01e-31,2.1138687782805428e-30,1.7610754493445023e-29,Kruskal-Wallis
PAFAH,Second,log2rfu,372,139.97982740246402,2,4.02e-31,2.114356659142212e-30,1.7614819055145915e-29,Kruskal-Wallis
iC3b,Second,log2rfu,372,139.86256299742968,2,4.26e-31,2.2355405405405403e-30,1.8624408489360776e-29,Kruskal-Wallis
Factor H,Third,log2rfu,326,139.7192347426385,2,4.57e-31,2.392831460674157e-30,1.9934807605418666e-29,Kruskal-Wallis
PPAC,Third,log2rfu,326,139.65548699662213,2,4.7199999999999996e-31,2.4658295964125558e-30,2.0542959000707167e-29,Kruskal-Wallis
Aurora kinase A,Third,log2rfu,326,139.55617475228382,2,4.959999999999999e-31,2.5848437499999997e-30,2.15344723158234e-29,Kruskal-Wallis
PSA1,Third,log2rfu,326,139.55207041073868,2,4.97e-31,2.5848437499999997e-30,2.15344723158234e-29,Kruskal-Wallis
TNF-a,Second,log2rfu,372,139.50328121612802,2,5.1e-31,2.6465478841870822e-30,2.2048532776701773e-29,Kruskal-Wallis
"transcription factor MLR1, isoform CRA_b",Third,log2rfu,326,139.19544886308154,2,5.94e-31,3.0756e-30,2.562298903156001e-29,Kruskal-Wallis
MMEL2,Third,log2rfu,326,139.1683361589453,2,6.03e-31,3.1152771618625275e-30,2.595354160120723e-29,Kruskal-Wallis
ON,Second,log2rfu,372,139.10936214662024,2,6.209999999999999e-31,3.201172566371681e-30,2.6669140836348157e-29,Kruskal-Wallis
XEDAR,Third,log2rfu,326,139.10010321083496,2,6.229999999999999e-31,3.20439293598234e-30,2.669596990879304e-29,Kruskal-Wallis
OCAD1,Second,log2rfu,372,139.0520901510522,2,6.389999999999999e-31,3.279449339207048e-30,2.7321268841220875e-29,Kruskal-Wallis
LIMP II,Third,log2rfu,326,139.04178508096447,2,6.419999999999999e-31,3.2876043956043946e-30,2.7389209054714495e-29,Kruskal-Wallis
DLL4,Third,log2rfu,326,138.97012973699657,2,6.6499999999999995e-31,3.397916666666666e-30,2.8308226518453297e-29,Kruskal-Wallis
JAML1,Third,log2rfu,326,138.96177506434628,2,6.6799999999999995e-31,3.405776805251641e-30,2.8373709755788886e-29,Kruskal-Wallis
DR6,Third,log2rfu,326,138.71533731158252,2,7.56e-31,3.8460262008733624e-30,3.204145115101788e-29,Kruskal-Wallis
Antithrombin III,Second,log2rfu,372,138.6838306018335,2,7.6799999999999996e-31,3.898562091503268e-30,3.2479130481676385e-29,Kruskal-Wallis
eIF-5,Second,log2rfu,372,138.6773590421028,2,7.699999999999999e-31,3.9002173913043476e-30,3.2492920873355085e-29,Kruskal-Wallis
IGFBP-4,Second,log2rfu,372,138.63904528444868,2,7.849999999999999e-31,3.967570498915401e-30,3.305404323567772e-29,Kruskal-Wallis
sE-Selectin,Third,log2rfu,326,138.53487833481677,2,8.27e-31,4.1708008658008654e-30,3.474716635363395e-29,Kruskal-Wallis
PPID,Third,log2rfu,326,138.50348045369742,2,8.4e-31,4.227213822894168e-30,3.521714573354017e-29,Kruskal-Wallis
DAPK2,Third,log2rfu,326,138.40882033647267,2,8.809999999999999e-31,4.423987068965516e-30,3.685647423067589e-29,Kruskal-Wallis
calreticulin,Third,log2rfu,326,138.33239895638326,2,9.15e-31,4.584838709677419e-30,3.819653790139689e-29,Kruskal-Wallis
IL-4,Third,log2rfu,326,138.31560574355035,2,9.229999999999998e-31,4.6149999999999994e-30,3.844781323340143e-29,Kruskal-Wallis
COLEC12,Second,log2rfu,372,138.26633800032005,2,9.46e-31,4.719871520342613e-30,3.9321503510245556e-29,Kruskal-Wallis
IFN-g,Third,log2rfu,326,138.2488978996248,2,9.539999999999998e-31,4.749615384615384e-30,3.956930124337647e-29,Kruskal-Wallis
Siglec-3,Third,log2rfu,326,138.1045080788665,2,1.0299999999999999e-30,5.1170575692963746e-30,4.2630481848075866e-29,Kruskal-Wallis
Sorting nexin 4,Third,log2rfu,326,138.02898344590403,2,1.07e-30,5.304468085106383e-30,4.419180893579821e-29,Kruskal-Wallis
NXPH1,Third,log2rfu,326,137.97642157561768,2,1.09e-30,5.392144373673036e-30,4.492224481181306e-29,Kruskal-Wallis
IL22RA1,Second,log2rfu,372,137.8362295435163,2,1.17e-30,5.763424947145877e-30,4.80154032399981e-29,Kruskal-Wallis
PCSK9,Third,log2rfu,326,137.83395581989703,2,1.17e-30,5.763424947145877e-30,4.80154032399981e-29,Kruskal-Wallis
CO8A1,Second,log2rfu,372,137.51062677490904,2,1.3799999999999999e-30,6.769263157894736e-30,5.639509547616079e-29,Kruskal-Wallis
suPAR,Second,log2rfu,372,137.50381849224277,2,1.3799999999999999e-30,6.769263157894736e-30,5.639509547616079e-29,Kruskal-Wallis
ROR1,Third,log2rfu,326,137.38346380868097,2,1.47e-30,7.180503144654088e-30,5.98211579257881e-29,Kruskal-Wallis
Gro-a,Third,log2rfu,326,137.38118465088678,2,1.47e-30,7.180503144654088e-30,5.98211579257881e-29,Kruskal-Wallis
SORC2,Second,log2rfu,372,137.27481972778128,2,1.55e-30,7.555439330543933e-30,6.294477145764869e-29,Kruskal-Wallis
PF-4,Second,log2rfu,372,137.26302157023406,2,1.5599999999999999e-30,7.58830897703549e-30,6.321861025057509e-29,Kruskal-Wallis
DAN,Third,log2rfu,326,137.17460172698702,2,1.63e-30,7.912291666666667e-30,6.591772746439839e-29,Kruskal-Wallis
Cadherin-5,Third,log2rfu,326,137.05436655153312,2,1.73e-30,8.38024948024948e-30,6.981630918005232e-29,Kruskal-Wallis
Histone H2A.z,Third,log2rfu,326,137.01352587065458,2,1.77e-30,8.556224066390041e-30,7.12823629225783e-29,Kruskal-Wallis
MICB,Third,log2rfu,326,136.97515028070143,2,1.7999999999999998e-30,8.683229813664596e-30,7.234045463455677e-29,Kruskal-Wallis
RS7,Second,log2rfu,372,136.89177545796883,2,1.88e-30,9.050413223140496e-30,7.539947936910347e-29,Kruskal-Wallis
GX,Second,log2rfu,372,136.81400451694117,2,1.9599999999999997e-30,9.416082474226803e-30,7.844588956866232e-29,Kruskal-Wallis
Carbonic anhydrase 9,Second,log2rfu,372,136.794168478237,2,1.97e-30,9.444650205761318e-30,7.868388887668853e-29,Kruskal-Wallis
IL-20 Ra,Third,log2rfu,326,136.78543563840776,2,1.98e-30,9.473100616016427e-30,7.89209107748255e-29,Kruskal-Wallis
COMMD7,Third,log2rfu,326,136.75930142605534,2,2.0099999999999997e-30,9.596926229508195e-30,7.995250862120532e-29,Kruskal-Wallis
CD36 ANTIGEN,Third,log2rfu,326,136.65136680334535,2,2.12e-30,1.0101431492842535e-29,8.415556910656756e-29,Kruskal-Wallis
CD70,Third,log2rfu,326,136.6005681903091,2,2.18e-30,1.0366122448979591e-29,8.636072369944469e-29,Kruskal-Wallis
FCGR1,Second,log2rfu,372,136.50607003399455,2,2.28e-30,1.0819551934826882e-29,9.01382691352787e-29,Kruskal-Wallis
BDNF,Third,log2rfu,326,136.45039846504983,2,2.35e-30,1.1129065040650405e-29,9.271683946810487e-29,Kruskal-Wallis
GPC2,Second,log2rfu,372,136.4194688042985,2,2.38e-30,1.1248275862068965e-29,9.370999123350056e-29,Kruskal-Wallis
Calcineurin,Third,log2rfu,326,136.35382425471357,2,2.4599999999999998e-30,1.1602834008097165e-29,9.666383421917192e-29,Kruskal-Wallis
IL-17F,Third,log2rfu,326,136.32901028910078,2,2.49e-30,1.172060606060606e-29,9.764499952339215e-29,Kruskal-Wallis
BAFF,Third,log2rfu,326,136.28044533170691,2,2.55e-30,1.1978830645161289e-29,9.97962824268054e-29,Kruskal-Wallis
CKAP2,Second,log2rfu,372,136.16691222989493,2,2.7e-30,1.26579476861167e-29,1.0545404302361446e-28,Kruskal-Wallis
CaMKK alpha,Third,log2rfu,326,136.08675918119047,2,2.8099999999999998e-30,1.3147188755020078e-29,1.09529936684136e-28,Kruskal-Wallis
TAFI,Second,log2rfu,372,135.81280376882432,2,3.23e-30,1.5081963927855709e-29,1.2564865271746346e-28,Kruskal-Wallis
Cyclin B1,Third,log2rfu,326,135.78167326131302,2,3.28e-30,1.52848e-29,1.2733849094472248e-28,Kruskal-Wallis
a1-Antitrypsin,Second,log2rfu,372,135.70956727373982,2,3.3999999999999996e-30,1.5812375249500997e-29,1.3173374872573644e-28,Kruskal-Wallis
PGRP-S,Second,log2rfu,372,135.4454255668636,2,3.88e-30,1.8008764940239045e-29,1.5003198937953163e-28,Kruskal-Wallis
PKC-A,Second,log2rfu,372,135.41100585761524,2,3.94e-30,1.825089463220676e-29,1.5204918486708e-28,Kruskal-Wallis
IL-5 Ra,Third,log2rfu,326,135.36402725324683,2,4.04e-30,1.8676984126984124e-29,1.5559895936673648e-28,Kruskal-Wallis
CD23,Third,log2rfu,326,135.29183514310762,2,4.19e-30,1.933207920792079e-29,1.6105659172252694e-28,Kruskal-Wallis
NDP kinase B,Second,log2rfu,372,135.24802095730593,2,4.28e-30,1.9708300395256914e-29,1.6419091067055462e-28,Kruskal-Wallis
CTACK,Second,log2rfu,372,135.23323370677736,2,4.31e-30,1.9807297830374753e-29,1.6501566362743357e-28,Kruskal-Wallis
GPC2,Third,log2rfu,326,135.18629082187522,2,4.41e-30,2.0226968503937008e-29,1.6851196258228891e-28,Kruskal-Wallis
sCD163,Third,log2rfu,326,135.0961795091996,2,4.6199999999999995e-30,2.1148526522593316e-29,1.7618951200483306e-28,Kruskal-Wallis
PlGF,Third,log2rfu,326,134.95253497122462,2,4.96e-30,2.2660392156862743e-29,1.8878494592474402e-28,Kruskal-Wallis
ARI3A,Third,log2rfu,326,134.8438695068687,2,5.2399999999999995e-30,2.389275929549902e-29,1.9905186284376215e-28,Kruskal-Wallis
GV,Third,log2rfu,326,134.7636979422498,2,5.45e-30,2.48017578125e-29,2.0662477838246045e-28,Kruskal-Wallis
IL-18 Ra,Third,log2rfu,326,134.52616213095325,2,6.1399999999999995e-30,2.7887329434697854e-29,2.3233084153490824e-28,Kruskal-Wallis
MO2R1,Third,log2rfu,326,134.48283307735483,2,6.27e-30,2.842237354085603e-29,2.3678832276247093e-28,Kruskal-Wallis
AMPK a2b2g1,Third,log2rfu,326,134.47703725129008,2,6.2899999999999995e-30,2.845766990291262e-29,2.370823786532987e-28,Kruskal-Wallis
HAI-1,Second,log2rfu,372,134.24340788773338,2,7.07e-30,3.1924612403100773e-29,2.659656631036077e-28,Kruskal-Wallis
LSAMP,Third,log2rfu,326,134.21724978460497,2,7.16e-30,3.2268471953578335e-29,2.688303755142865e-28,Kruskal-Wallis
KI3S1,Second,log2rfu,372,134.08726313815237,2,7.639999999999999e-30,3.4365250965250956e-29,2.8629875424289e-28,Kruskal-Wallis
FGR,Second,log2rfu,372,134.06778500545988,2,7.72e-30,3.459153846153846e-29,2.8818396754610034e-28,Kruskal-Wallis
PH,Second,log2rfu,372,134.06778500545988,2,7.72e-30,3.459153846153846e-29,2.8818396754610034e-28,Kruskal-Wallis
HIV-2 Rev,Second,log2rfu,372,134.0554402224343,2,7.77e-30,3.4748752399232247e-29,2.8949372531731125e-28,Kruskal-Wallis
Granzyme B,Second,log2rfu,372,133.9588419482493,2,8.149999999999999e-30,3.637835249042145e-29,3.030700113305673e-28,Kruskal-Wallis
Thyroxine-Binding Globulin,Second,log2rfu,372,133.86147715849916,2,8.56e-30,3.813537284894838e-29,3.1770784244474434e-28,Kruskal-Wallis
AGR2,Third,log2rfu,326,133.8120761844002,2,8.77e-30,3.899637404580153e-29,3.2488088972759267e-28,Kruskal-Wallis
CAMK2B,Third,log2rfu,326,133.80066258841885,2,8.82e-30,3.9144e-29,3.2611076949258196e-28,Kruskal-Wallis
SSRP1,Third,log2rfu,326,133.7862907939425,2,8.889999999999999e-30,3.93796577946768e-29,3.2807404725568684e-28,Kruskal-Wallis
Stanniocalcin-1,Second,log2rfu,372,133.75296570817773,2,9.03e-30,3.992390891840607e-29,3.3260823264186494e-28,Kruskal-Wallis
IFN-lambda 1,Third,log2rfu,326,133.52647412375882,2,1.0100000000000001e-29,4.4570075757575765e-29,3.71315698488803e-28,Kruskal-Wallis
FGF23,Second,log2rfu,372,133.46776852943003,2,1.0400000000000001e-29,4.5807183364839323e-29,3.8162210850693723e-28,Kruskal-Wallis
FCG2A/B,Third,log2rfu,326,133.45305511751872,2,1.0500000000000001e-29,4.616037735849057e-29,3.8456458666578067e-28,Kruskal-Wallis
Prothrombin,Third,log2rfu,326,133.43862277920357,2,1.0600000000000001e-29,4.651224105461394e-29,3.874959820443648e-28,Kruskal-Wallis
PAK7,Third,log2rfu,326,133.3967564703346,2,1.0800000000000001e-29,4.7300751879699255e-29,3.940651081408752e-28,Kruskal-Wallis
MBD4,Third,log2rfu,326,133.36632941350967,2,1.1000000000000001e-29,4.808630393996248e-29,4.0060958460850557e-28,Kruskal-Wallis
EPHA3,Third,log2rfu,326,133.22387580845566,2,1.1800000000000001e-29,5.139065420560748e-29,4.281383044072616e-28,Kruskal-Wallis
SAP,Second,log2rfu,372,133.21311134326334,2,1.1800000000000001e-29,5.139065420560748e-29,4.281383044072616e-28,Kruskal-Wallis
CK-BB,Third,log2rfu,326,133.09173175071123,2,1.2600000000000001e-29,5.47723880597015e-29,4.5631171104372485e-28,Kruskal-Wallis
CSK,Third,log2rfu,326,132.89365057839268,2,1.39e-29,6.031098696461825e-29,5.024540764328822e-28,Kruskal-Wallis
TNF sR-II,Third,log2rfu,326,132.8291723957525,2,1.43e-29,6.193122676579926e-29,5.15952381366605e-28,Kruskal-Wallis
IGFBP-5,Second,log2rfu,372,132.7808322843905,2,1.47e-29,6.354545454545455e-29,5.294005998256201e-28,Kruskal-Wallis
PRKACA,Third,log2rfu,326,132.69573130323147,2,1.53e-29,6.601666666666668e-29,5.499884009299498e-28,Kruskal-Wallis
FGF7,Third,log2rfu,326,132.68690315960612,2,1.54e-29,6.632532347504621e-29,5.525598374027113e-28,Kruskal-Wallis
EphB4,Second,log2rfu,372,132.55764405554032,2,1.64e-29,7.050184501845019e-29,5.873546630291628e-28,Kruskal-Wallis
GFRa-2,Second,log2rfu,372,132.0537901761179,2,2.1100000000000002e-29,9.053959484346225e-29,7.542902346195606e-28,Kruskal-Wallis
MEK1,Third,log2rfu,326,132.03644563114403,2,2.1300000000000002e-29,9.122977941176472e-29,7.600401993820024e-28,Kruskal-Wallis
Carbonic Anhydrase X,Third,log2rfu,326,131.99835108471234,2,2.1700000000000002e-29,9.277247706422019e-29,7.728924965038258e-28,Kruskal-Wallis
KIRR3,Second,log2rfu,372,131.86301721874588,2,2.3200000000000002e-29,9.900366300366301e-29,8.248048417307587e-28,Kruskal-Wallis
PACAP-38,Second,log2rfu,372,131.7727586650542,2,2.4300000000000002e-29,1.0350822669104206e-28,8.623326041035238e-28,Kruskal-Wallis
Transketolase,Second,log2rfu,372,131.70023134909684,2,2.5200000000000002e-29,1.0714598540145985e-28,8.926389675891844e-28,Kruskal-Wallis
Secretin,Second,log2rfu,372,131.67418638069398,2,2.55e-29,1.08224043715847e-28,9.016203293933602e-28,Kruskal-Wallis
GREM1,Third,log2rfu,326,131.67059542875154,2,2.56e-29,1.0825408348457351e-28,9.018705923224115e-28,Kruskal-Wallis
IL-7 Ra,Second,log2rfu,372,131.67009711704304,2,2.56e-29,1.0825408348457351e-28,9.018705923224115e-28,Kruskal-Wallis
PDGF-BB,Second,log2rfu,372,131.63812765655712,2,2.6e-29,1.097463768115942e-28,9.143029682978705e-28,Kruskal-Wallis
CDC37,Third,log2rfu,326,131.58075289720068,2,2.68e-29,1.1291862567811936e-28,9.40731144235038e-28,Kruskal-Wallis
Topoisomerase I,Second,log2rfu,372,131.40162296279368,2,2.93e-29,1.2322924187725633e-28,1.0266294423814523e-27,Kruskal-Wallis
DERM,Second,log2rfu,372,131.33327411462346,2,3.03e-29,1.272054054054054e-28,1.0597550746058809e-27,Kruskal-Wallis
IL-10,Third,log2rfu,326,131.1182053996165,2,3.37e-29,1.412248201438849e-28,1.1765515728738452e-27,Kruskal-Wallis
FGF-5,Third,log2rfu,326,130.86354995551028,2,3.83e-29,1.6021364452423698e-28,1.3347484901647742e-27,Kruskal-Wallis
Keratin 18,Third,log2rfu,326,130.75652363004383,2,4.0400000000000003e-29,1.6869534050179216e-28,1.4054099555705231e-27,Kruskal-Wallis
NPS-PLA2,Third,log2rfu,326,130.7416643145118,2,4.07e-29,1.6964400715563507e-28,1.413313348490937e-27,Kruskal-Wallis
Endocan,Third,log2rfu,326,130.72712869553084,2,4.1000000000000003e-29,1.7058928571428572e-28,1.4211885150080636e-27,Kruskal-Wallis
NKG2D,Second,log2rfu,372,130.68595788503558,2,4.19e-29,1.7402317290552585e-28,1.4497964139015348e-27,Kruskal-Wallis
HPG-,Third,log2rfu,326,130.66441002717693,2,4.23e-29,1.7537188612099646e-28,1.4610326162447274e-27,Kruskal-Wallis
Nectin-like protein 2,Second,log2rfu,372,130.5781816748147,2,4.4200000000000004e-29,1.8292362344582594e-28,1.5239465460936443e-27,Kruskal-Wallis
Chymase,Third,log2rfu,326,130.47848991236287,2,4.6400000000000004e-29,1.9168794326241135e-28,1.5969625659042346e-27,Kruskal-Wallis
FETUB,Third,log2rfu,326,130.45136096543888,2,4.71e-29,1.942353982300885e-28,1.618185550263444e-27,Kruskal-Wallis
AIF1,Second,log2rfu,372,130.40134824833422,2,4.83e-29,1.988321554770318e-28,1.656481382139882e-27,Kruskal-Wallis
BMX,Second,log2rfu,372,130.214797633746,2,5.3e-29,2.1779541446208114e-28,1.814465312747422e-27,Kruskal-Wallis
NPS-PLA2,Second,log2rfu,372,130.2008802568787,2,5.34e-29,2.1905281690140844e-28,1.8249408001031057e-27,Kruskal-Wallis
Angiostatin,Second,log2rfu,372,130.19197948103374,2,5.36e-29,2.1948681898066787e-28,1.8285564947696872e-27,Kruskal-Wallis
HSP 40,Third,log2rfu,326,130.114612154214,2,5.57e-29,2.276859649122807e-28,1.8968640205447804e-27,Kruskal-Wallis
RAC1,Third,log2rfu,326,130.07626632641063,2,5.68e-29,2.3177583187390545e-28,1.930936922189419e-27,Kruskal-Wallis
CATE,Third,log2rfu,326,129.9879698065713,2,5.94e-29,2.4196153846153844e-28,2.015794591643707e-27,Kruskal-Wallis
CAD15,Second,log2rfu,372,129.95458033449427,2,6.04e-29,2.4560558464223385e-28,2.0461533363824435e-27,Kruskal-Wallis
Apo E,Second,log2rfu,372,129.9431629845676,2,6.07e-29,2.4639547038327525e-28,2.052733916977738e-27,Kruskal-Wallis
ERAB,Third,log2rfu,326,129.7138037717623,2,6.81e-29,2.7595304347826085e-28,2.2989796482862147e-27,Kruskal-Wallis
IP-10,Second,log2rfu,372,129.58479686191072,2,7.26e-29,2.9367708333333338e-28,2.446639577666321e-27,Kruskal-Wallis
Luteinizing hormone,Third,log2rfu,326,129.5626294098363,2,7.34e-29,2.9639861351819756e-28,2.4693127920231408e-27,Kruskal-Wallis
hnRNP A/B,Second,log2rfu,372,129.4973502784087,2,7.59e-29,3.059636678200692e-28,2.548999773900866e-27,Kruskal-Wallis
GOT1,Third,log2rfu,326,129.471429718659,2,7.680000000000001e-29,3.0905699481865284e-28,2.5747704475111336e-27,Kruskal-Wallis
PKC-G,Second,log2rfu,372,129.44429731619584,2,7.79e-29,3.1294310344827586e-28,2.607145827532034e-27,Kruskal-Wallis
p27Kip1,Second,log2rfu,372,129.42783516217082,2,7.85e-29,3.1481067125645436e-28,2.6227046353954273e-27,Kruskal-Wallis
FETUB,Second,log2rfu,372,129.36003784891977,2,8.13e-29,3.25479381443299e-28,2.7115862338147314e-27,Kruskal-Wallis
tPA,Third,log2rfu,326,129.3448679564715,2,8.19e-29,3.2731903945111494e-28,2.726912523630081e-27,Kruskal-Wallis
MDHC,Second,log2rfu,372,129.29176197227616,2,8.41e-29,3.3553595890410957e-28,2.795368121567815e-27,Kruskal-Wallis
IGFBP-7,Second,log2rfu,372,129.0645978345326,2,9.42e-29,3.751897435897436e-28,3.125725934696909e-27,Kruskal-Wallis
IGFBP-3,Second,log2rfu,372,128.85511514266955,2,1.05e-28,4.174914675767918e-28,3.4781438725744666e-27,Kruskal-Wallis
CD48,Second,log2rfu,372,128.8048980232029,2,1.07e-28,4.239965986394557e-28,3.53233846935802e-27,Kruskal-Wallis
IL-16,Third,log2rfu,326,128.81466785175235,2,1.07e-28,4.239965986394557e-28,3.53233846935802e-27,Kruskal-Wallis
LKHA4,Third,log2rfu,326,128.79384077124064,2,1.08e-28,4.2723259762309e-28,3.55929775094984e-27,Kruskal-Wallis
IL-4,Second,log2rfu,372,128.72172202902652,2,1.1199999999999999e-28,4.423050847457627e-28,3.684867451893582e-27,Kruskal-Wallis
SKP1,Third,log2rfu,326,128.49227156153256,2,1.25e-28,4.928087986463622e-28,4.105616608912733e-27,Kruskal-Wallis
ALK-1,Third,log2rfu,326,128.4023253442931,2,1.31e-28,5.155912162162162e-28,4.2954181551166584e-27,Kruskal-Wallis
sICAM-3,Third,log2rfu,326,128.34453928792345,2,1.35e-28,5.304384485666104e-28,4.419111246436457e-27,Kruskal-Wallis
"gp130, soluble",Third,log2rfu,326,128.23759896683032,2,1.42e-28,5.57003367003367e-28,4.6404250108171634e-27,Kruskal-Wallis
AMPK a1b1g1,Third,log2rfu,326,128.0588977725315,2,1.56e-28,6.10890756302521e-28,5.089363749584112e-27,Kruskal-Wallis
B7-2,Third,log2rfu,326,127.96191462941624,2,1.63e-28,6.37231543624161e-28,5.3088102655891325e-27,Kruskal-Wallis
PTP-1C,Third,log2rfu,326,127.85971662969564,2,1.72e-28,6.712897822445561e-28,5.592551283473328e-27,Kruskal-Wallis
TCPTP,Second,log2rfu,372,127.80707774671305,2,1.7699999999999999e-28,6.89648829431438e-28,5.74550149309076e-27,Kruskal-Wallis
BRF-1,Second,log2rfu,372,127.53714118982134,2,2.02e-28,7.857429048414024e-28,6.546066404076393e-27,Kruskal-Wallis
MEPE,Second,log2rfu,372,127.45974171616808,2,2.1e-28,8.155e-28,6.793974364428792e-27,Kruskal-Wallis
ROBO2,Third,log2rfu,326,127.43403928240673,2,2.13e-28,8.257737104825292e-28,6.879565199065047e-27,Kruskal-Wallis
4EBP2,Second,log2rfu,372,127.28815360138105,2,2.29e-28,8.863289036544852e-28,7.384053770546717e-27,Kruskal-Wallis
TSH,Third,log2rfu,326,127.2519416276391,2,2.33e-28,9.003150912106136e-28,7.500573451371279e-27,Kruskal-Wallis
ASAHL,Second,log2rfu,372,127.19965050340056,2,2.39e-28,9.219701986754967e-28,7.680983316454499e-27,Kruskal-Wallis
FCN2,Third,log2rfu,326,127.19392814430967,2,2.3999999999999998e-28,9.24297520661157e-28,7.700372361099929e-27,Kruskal-Wallis
SP-D,Third,log2rfu,326,127.14564614381857,2,2.46e-28,9.458415841584157e-28,7.879857112915994e-27,Kruskal-Wallis
GFAP,Second,log2rfu,372,127.13567666021027,2,2.47e-28,9.481219110378913e-28,7.898854638804007e-27,Kruskal-Wallis
Siglec-7,Second,log2rfu,372,127.03573955120032,2,2.6e-28,9.963815789473685e-28,8.300908527967508e-27,Kruskal-Wallis
IL-18 Rb,Second,log2rfu,372,126.99563733472019,2,2.65e-28,1.0138752052545156e-27,8.446648869686276e-27,Kruskal-Wallis
IL-20 Ra,Second,log2rfu,372,126.92964817276061,2,2.74e-28,1.0465901639344263e-27,8.719198950133437e-27,Kruskal-Wallis
Galectin-4,Third,log2rfu,326,126.92000418709176,2,2.75e-28,1.0486906710310964e-27,8.736698387738683e-27,Kruskal-Wallis
NRP1,Second,log2rfu,372,126.9045979200489,2,2.7699999999999997e-28,1.0545915032679737e-27,8.785858538500351e-27,Kruskal-Wallis
BAFF,Second,log2rfu,372,126.8564015347797,2,2.84e-28,1.0794779771615008e-27,8.993189091110588e-27,Kruskal-Wallis
Fractalkine/CX3CL-1,Third,log2rfu,326,126.79100789220684,2,2.94e-28,1.1156677524429968e-27,9.294688055570333e-27,Kruskal-Wallis
a1-Antichymotrypsin,Third,log2rfu,326,126.76321563061765,2,2.98e-28,1.1290081300813009e-27,9.405827459232428e-27,Kruskal-Wallis
ADAM 9,Third,log2rfu,326,126.58435144979103,2,3.26e-28,1.2330844155844154e-27,1.0272892591854295e-26,Kruskal-Wallis
BMX,Third,log2rfu,326,126.50158718431476,2,3.39e-28,1.2801782820097244e-27,1.0665234126146609e-26,Kruskal-Wallis
LRRT1,Third,log2rfu,326,126.4277949989812,2,3.52e-28,1.3271197411003235e-27,1.1056305946735712e-26,Kruskal-Wallis
JAG2,Second,log2rfu,372,126.34680697329918,2,3.67e-28,1.3792096774193549e-27,1.1490270008043163e-26,Kruskal-Wallis
Histone H2A.z,Second,log2rfu,372,126.34680697329918,2,3.67e-28,1.3792096774193549e-27,1.1490270008043163e-26,Kruskal-Wallis
MAPK14,Third,log2rfu,326,126.19106328248722,2,3.96e-28,1.4857971014492753e-27,1.2378255570801939e-26,Kruskal-Wallis
FN1.4,Second,log2rfu,372,126.18945551316028,2,3.97e-28,1.4871543408360129e-27,1.2389562805136563e-26,Kruskal-Wallis
PYY,Second,log2rfu,372,126.17598420711624,2,3.9899999999999997e-28,1.4922471910112359e-27,1.2431991613882537e-26,Kruskal-Wallis
GHC2,Second,log2rfu,372,126.14146889368044,2,4.06e-28,1.5159935897435896e-27,1.2629824139002238e-26,Kruskal-Wallis
IL-23 R,Third,log2rfu,326,126.1300291155112,2,4.09e-28,1.524752e-27,1.2702790925949144e-26,Kruskal-Wallis
Angiopoietin-2,Third,log2rfu,326,126.06280475652534,2,4.22e-28,1.5707028753993608e-27,1.3085610140524645e-26,Kruskal-Wallis
GFRa-1,Second,log2rfu,372,126.03828838992922,2,4.28e-28,1.5904944178628388e-27,1.3250494545343004e-26,Kruskal-Wallis
TMA,Second,log2rfu,372,125.93770558683832,2,4.5e-28,1.6695859872611465e-27,1.3909410664208172e-26,Kruskal-Wallis
PSA6,Third,log2rfu,326,125.91412552700012,2,4.55e-28,1.6854531001589826e-27,1.4041600435226437e-26,Kruskal-Wallis
Keratin 18,Second,log2rfu,372,125.75454016186359,2,4.9299999999999995e-28,1.82331746031746e-27,1.5190155835208136e-26,Kruskal-Wallis
AMPK a1b1g1,Second,log2rfu,372,125.68206107421406,2,5.11e-28,1.88689381933439e-27,1.5719813901847915e-26,Kruskal-Wallis
DRG-1,Second,log2rfu,372,125.46618310813437,2,5.69e-28,2.097737341772152e-27,1.7476362628209684e-26,Kruskal-Wallis
CHL1,Third,log2rfu,326,125.45455938400892,2,5.7299999999999995e-28,2.1091469194312794e-27,1.7571416433390643e-26,Kruskal-Wallis
Kallistatin,Second,log2rfu,372,125.41491535913701,2,5.84e-28,2.1462460567823344e-27,1.7880491342165003e-26,Kruskal-Wallis
LGMN,Second,log2rfu,372,125.35218770260553,2,6.03e-28,2.2125826771653545e-27,1.8433145294715685e-26,Kruskal-Wallis
JAG2,Third,log2rfu,326,125.16700979497364,2,6.61e-28,2.4215880503144654e-27,2.0174380300482618e-26,Kruskal-Wallis
Testican-2,Third,log2rfu,326,125.1505285889125,2,6.67e-28,2.4397331240188386e-27,2.0325547885507977e-26,Kruskal-Wallis
GIIE,Second,log2rfu,372,125.05520693508879,2,6.99e-28,2.5487793427230045e-27,2.1234017798952494e-26,Kruskal-Wallis
KIRR3,Third,log2rfu,326,125.056932576789,2,6.99e-28,2.5487793427230045e-27,2.1234017798952494e-26,Kruskal-Wallis
DEAD-box protein 19B,Second,log2rfu,372,125.04771417056531,2,7.02e-28,2.5557187500000003e-27,2.129183037423666e-26,Kruskal-Wallis
IL-2,Second,log2rfu,372,125.0390118008745,2,7.05e-28,2.5626365054602186e-27,2.134946256707064e-26,Kruskal-Wallis
Thrombopoietin Receptor,Third,log2rfu,326,125.0074174233016,2,7.16e-28,2.5985669781931464e-27,2.16488012680508e-26,Kruskal-Wallis
GFRa-3,Second,log2rfu,372,124.99129087925735,2,7.22e-28,2.616267496111975e-27,2.179626523491485e-26,Kruskal-Wallis
ERBB1,Second,log2rfu,372,124.96934142412897,2,7.3e-28,2.6411490683229812e-27,2.2003554951344354e-26,Kruskal-Wallis
kallikrein 14,Second,log2rfu,372,124.9056408366971,2,7.54e-28,2.723751937984496e-27,2.2691723901569474e-26,Kruskal-Wallis
Ephrin-A5,Third,log2rfu,326,124.87975995031366,2,7.63e-28,2.7519969040247678e-27,2.2927034232902115e-26,Kruskal-Wallis
ARSB,Second,log2rfu,372,124.78401103131819,2,8.0099999999999995e-28,2.884590417310664e-27,2.4031677924077994e-26,Kruskal-Wallis
PTP-1B,Third,log2rfu,326,124.65005865140733,2,8.56e-28,3.0779012345679012e-27,2.564216074052489e-26,Kruskal-Wallis
ENTP5,Second,log2rfu,372,124.59926672641132,2,8.78e-28,3.1521417565485363e-27,2.626066252242342e-26,Kruskal-Wallis
kallikrein 5,Third,log2rfu,326,124.59300342271717,2,8.81e-28,3.158046153846154e-27,2.630985237389787e-26,Kruskal-Wallis
LY9,Third,log2rfu,326,124.52366811585489,2,9.12e-28,3.264147465437788e-27,2.7193788107786075e-26,Kruskal-Wallis
CD36 ANTIGEN,Second,log2rfu,372,124.34117213824538,2,9.99e-28,3.570046012269938e-27,2.9742245355233836e-26,Kruskal-Wallis
BSSP4,Second,log2rfu,372,124.31953063317178,2,1.0100000000000001e-27,3.603828483920368e-27,3.002368894365819e-26,Kruskal-Wallis
a1-Antitrypsin,Third,log2rfu,326,124.26660526157389,2,1.0400000000000002e-27,3.70519877675841e-27,3.0868210305836367e-26,Kruskal-Wallis
VCAM-1,Third,log2rfu,326,124.09079873314636,2,1.1300000000000002e-27,4.01969465648855e-27,3.3488292396093937e-26,Kruskal-Wallis
ERAB,Second,log2rfu,372,124.07548841099288,2,1.14e-27,4.0490853658536584e-27,3.373314797669348e-26,Kruskal-Wallis
SORC2,Third,log2rfu,326,124.04384576418693,2,1.16e-27,4.1138508371385084e-27,3.427271260159773e-26,Kruskal-Wallis
IL-19,Third,log2rfu,326,124.01256817466674,2,1.18e-27,4.178419452887538e-27,3.4810637212444526e-26,Kruskal-Wallis
BCAR3,Second,log2rfu,372,123.88907496445927,2,1.25e-27,4.419575113808801e-27,3.6819717994953346e-26,Kruskal-Wallis
IL-18 BPa,Third,log2rfu,326,123.8720622237031,2,1.2600000000000001e-27,4.4481818181818186e-27,3.705804198779341e-26,Kruskal-Wallis
IL-10,Second,log2rfu,372,123.70744361905645,2,1.3700000000000001e-27,4.829198184568835e-27,4.023230983041904e-26,Kruskal-Wallis
Aurora kinase A,Second,log2rfu,372,123.61514486662372,2,1.4400000000000001e-27,5.068277945619336e-27,4.222409617944523e-26,Kruskal-Wallis
BCL2-like 1 protein,Second,log2rfu,372,123.57749023221754,2,1.4600000000000001e-27,5.130920060331825e-27,4.274597100653323e-26,Kruskal-Wallis
CD226,Second,log2rfu,372,123.5243079926122,2,1.5e-27,5.26355421686747e-27,4.3850953298808893e-26,Kruskal-Wallis
MSP R,Third,log2rfu,326,123.50636546886699,2,1.5200000000000002e-27,5.325714285714286e-27,4.43688121758615e-26,Kruskal-Wallis
PRKACA,Second,log2rfu,372,123.42960987729634,2,1.5800000000000002e-27,5.527627627627628e-27,4.605096308793432e-26,Kruskal-Wallis
NMT1,Third,log2rfu,326,123.35178429745588,2,1.64e-27,5.7289355322338834e-27,4.7728070069236316e-26,Kruskal-Wallis
Activated Protein C,Second,log2rfu,372,123.1423885500783,2,1.82e-27,6.338714499252616e-27,5.280817144249583e-26,Kruskal-Wallis
LYNB,Second,log2rfu,372,123.14161714786383,2,1.82e-27,6.338714499252616e-27,5.280817144249583e-26,Kruskal-Wallis
CLC1B,Second,log2rfu,372,123.12663387980501,2,1.83e-27,6.3640298507462686e-27,5.301907499746135e-26,Kruskal-Wallis
ENA-78,Third,log2rfu,326,123.12387416043453,2,1.8400000000000002e-27,6.389269746646797e-27,5.322934992782192e-26,Kruskal-Wallis
Cadherin-2,Third,log2rfu,326,123.06944323830066,2,1.89e-27,6.553125e-27,5.459443685701708e-26,Kruskal-Wallis
FER,Third,log2rfu,326,122.97347186862294,2,1.9800000000000003e-27,6.844807121661722e-27,5.702445630169144e-26,Kruskal-Wallis
Somatostatin-28,Third,log2rfu,326,122.97456475823446,2,1.9800000000000003e-27,6.844807121661722e-27,5.702445630169144e-26,Kruskal-Wallis
CD226,Third,log2rfu,326,122.93301211812513,2,2.0200000000000002e-27,6.972740740740742e-27,5.809027816358162e-26,Kruskal-Wallis
TIMP-2,Second,log2rfu,372,122.88083054944764,2,2.07e-27,7.134763313609467e-27,5.944009693308367e-26,Kruskal-Wallis
Angiopoietin-4,Third,log2rfu,326,122.8669412484544,2,2.0900000000000003e-27,7.193057607090105e-27,5.992574982762682e-26,Kruskal-Wallis
CYTT,Third,log2rfu,326,122.82686248420237,2,2.1300000000000002e-27,7.31991150442478e-27,6.09825764695884e-26,Kruskal-Wallis
Lipocalin 2,Third,log2rfu,326,122.71332996559681,2,2.25e-27,7.720913107511046e-27,6.43233423941291e-26,Kruskal-Wallis
KLRF1,Third,log2rfu,326,122.71058821656288,2,2.2600000000000003e-27,7.743823529411765e-27,6.451421035129861e-26,Kruskal-Wallis
RPS6KA3,Second,log2rfu,372,122.5262610613081,2,2.4800000000000003e-27,8.485168869309839e-27,7.069039825375878e-26,Kruskal-Wallis
Arylsulfatase A,Third,log2rfu,326,122.2216558677037,2,2.8800000000000002e-27,9.839296187683285e-27,8.197170577945087e-26,Kruskal-Wallis
Semaphorin 3A,Second,log2rfu,372,122.02998329750676,2,3.1700000000000002e-27,1.0814202049780382e-26,9.00936989551946e-26,Kruskal-Wallis
Histone H1.2,Second,log2rfu,372,121.93759084175622,2,3.3200000000000005e-27,1.13093567251462e-26,9.421885918923805e-26,Kruskal-Wallis
MBD4,Second,log2rfu,372,121.82412808552453,2,3.520000000000001e-27,1.1973138686131389e-26,9.9748862409966e-26,Kruskal-Wallis
CSK,Second,log2rfu,372,121.7644987103165,2,3.6200000000000004e-27,1.2295335276967931e-26,1.0243309953865984e-25,Kruskal-Wallis
Moesin,Third,log2rfu,326,121.67302417940755,2,3.7900000000000005e-27,1.2854002911208153e-26,1.0708738964934548e-25,Kruskal-Wallis
Angiopoietin-1,Second,log2rfu,372,121.56955881801377,2,3.9900000000000006e-27,1.351264534883721e-26,1.1257457522454685e-25,Kruskal-Wallis
SSRP1,Second,log2rfu,372,121.52020513568937,2,4.09e-27,1.3831204644412193e-26,1.1522850985077238e-25,Kruskal-Wallis
HMG-1,Second,log2rfu,372,121.49195956155745,2,4.1500000000000004e-27,1.401376811594203e-26,1.1674945595188192e-25,Kruskal-Wallis
TS,Third,log2rfu,326,121.46201358053486,2,4.22e-27,1.4229522431259046e-26,1.1854691675786438e-25,Kruskal-Wallis
PSA1,Second,log2rfu,372,121.27667517745863,2,4.6200000000000004e-27,1.555578034682081e-26,1.2959604278968216e-25,Kruskal-Wallis
Stanniocalcin-1,Third,log2rfu,326,121.21092907767638,2,4.78e-27,1.6071284271284274e-26,1.3389073371251133e-25,Kruskal-Wallis
FCG3B,Second,log2rfu,372,121.08450466127056,2,5.0900000000000004e-27,1.708890489913545e-26,1.4236858589931061e-25,Kruskal-Wallis
Thrombopoietin Receptor,Second,log2rfu,372,120.96482960665276,2,5.410000000000001e-27,1.8137122302158277e-26,1.5110134146581609e-25,Kruskal-Wallis
ALK-1,Second,log2rfu,372,120.91414577118235,2,5.5400000000000005e-27,1.8546264367816094e-26,1.5450992602190273e-25,Kruskal-Wallis
DC-SIGN,Third,log2rfu,326,120.66995596849824,2,6.2600000000000005e-27,2.0926542324246773e-26,1.7434014970823625e-25,Kruskal-Wallis
TCPTP,Third,log2rfu,326,120.60268464090109,2,6.480000000000001e-27,2.163094555873926e-26,1.8020857094350625e-25,Kruskal-Wallis
RANK,Second,log2rfu,372,120.5849052662013,2,6.54e-27,2.18e-26,1.8161697258681501e-25,Kruskal-Wallis
IL-17 sR,Third,log2rfu,326,120.4897407033784,2,6.85e-27,2.280071428571429e-26,1.8995397712790704e-25,Kruskal-Wallis
HSP 90a/b,Third,log2rfu,326,120.4816750489972,2,6.88e-27,2.28679029957204e-26,1.9051372988494022e-25,Kruskal-Wallis
IgM,Second,log2rfu,372,120.45189097269827,2,6.99e-27,2.3200427350427352e-26,1.9328400816995218e-25,Kruskal-Wallis
C1s,Third,log2rfu,326,120.44896636234603,2,7e-27,2.3200568990042674e-26,1.9328518817720602e-25,Kruskal-Wallis
MFRP,Third,log2rfu,326,120.42521720014838,2,7.080000000000001e-27,2.3432386363636365e-26,1.9521647118569743e-25,Kruskal-Wallis
PDGF Rb,Third,log2rfu,326,120.37576453181305,2,7.260000000000001e-27,2.3994042553191493e-26,1.9989565911146111e-25,Kruskal-Wallis
C4b,Third,log2rfu,326,120.15099652923891,2,8.12e-27,2.6798300283286125e-26,2.2325808109737674e-25,Kruskal-Wallis
ERP29,Third,log2rfu,326,120.13277025002867,2,8.190000000000001e-27,2.699108910891089e-26,2.248642151734565e-25,Kruskal-Wallis
TBP,Second,log2rfu,372,120.02910364143054,2,8.630000000000001e-27,2.8400988700564975e-26,2.366101645077501e-25,Kruskal-Wallis
Angiopoietin-2,Second,log2rfu,372,119.88876827709282,2,9.260000000000001e-27,3.043131170662906e-26,2.5352489467906757e-25,Kruskal-Wallis
annexin VI,Second,log2rfu,372,119.87742043883623,2,9.310000000000001e-27,3.055253521126761e-26,2.5453481421662796e-25,Kruskal-Wallis
RAD51,Third,log2rfu,326,119.8686908047805,2,9.350000000000001e-27,3.0640646976090017e-26,2.5526887806875307e-25,Kruskal-Wallis
MICB,Second,log2rfu,372,119.75713609840705,2,9.89e-27,3.2364747191011235e-26,2.6963244969582963e-25,Kruskal-Wallis
Semaphorin 3E,Third,log2rfu,326,119.71046622107701,2,1.01e-26,3.300561009817672e-26,2.749715130464067e-25,Kruskal-Wallis
sICAM-3,Second,log2rfu,372,119.62295951179749,2,1.06e-26,3.4591036414565826e-26,2.8817978496576703e-25,Kruskal-Wallis
MK08,Second,log2rfu,372,119.58768332614659,2,1.0800000000000001e-26,3.51944055944056e-26,2.9320648605726658e-25,Kruskal-Wallis
ROBO3,Third,log2rfu,326,119.36806947276295,2,1.2e-26,3.905027932960894e-26,3.2532997754647046e-25,Kruskal-Wallis
IL-1 R AcP,Third,log2rfu,326,119.28074765984456,2,1.25e-26,4.062064156206416e-26,3.384127497723048e-25,Kruskal-Wallis
NSF1C,Second,log2rfu,372,119.25075682887768,2,1.27e-26,4.121309192200557e-26,3.433484855879254e-25,Kruskal-Wallis
C3d,Third,log2rfu,326,119.24369647858316,2,1.2800000000000001e-26,4.1479833101529905e-26,3.4557072070212017e-25,Kruskal-Wallis
Ferritin,Second,log2rfu,372,119.07257880810948,2,1.39e-26,4.491955617198336e-26,3.7422723861922015e-25,Kruskal-Wallis
B7-H1,Third,log2rfu,326,119.08275182151783,2,1.39e-26,4.491955617198336e-26,3.7422723861922015e-25,Kruskal-Wallis
Esterase D,Third,log2rfu,326,119.04545712413847,2,1.41e-26,4.5502770083102495e-26,3.7908602508288864e-25,Kruskal-Wallis
hnRNP A/B,Third,log2rfu,326,118.86944890861196,2,1.54e-26,4.962932226832642e-26,4.13464553298571e-25,Kruskal-Wallis
Elastase,Second,log2rfu,372,118.71289338595534,2,1.6700000000000002e-26,5.374447513812156e-26,4.477481132042653e-25,Kruskal-Wallis
MED-1,Third,log2rfu,326,118.65730405199588,2,1.71e-26,5.495586206896552e-26,4.578402428836742e-25,Kruskal-Wallis
DKK1,Third,log2rfu,326,118.56289130558366,2,1.8e-26,5.776859504132232e-26,4.812732725687455e-25,Kruskal-Wallis
Fibrinogen g-chain dimer,Second,log2rfu,372,118.53803074227335,2,1.82e-26,5.833012379642367e-26,4.859513988312202e-25,Kruskal-Wallis
CAPG,Third,log2rfu,326,118.49918179925112,2,1.8500000000000002e-26,5.921016483516485e-26,4.932830680609602e-25,Kruskal-Wallis
BMP-14,Third,log2rfu,326,118.32683527788208,2,2.02e-26,6.447397260273972e-26,5.371361337043506e-25,Kruskal-Wallis
IL-22,Third,log2rfu,326,118.32596244103252,2,2.02e-26,6.447397260273972e-26,5.371361337043506e-25,Kruskal-Wallis
FSTL3,Third,log2rfu,326,118.27834089211865,2,2.0700000000000002e-26,6.59794801641587e-26,5.496785981773539e-25,Kruskal-Wallis
Hemoglobin,Second,log2rfu,372,118.26220091862069,2,2.09e-26,6.652595628415302e-26,5.54231320127095e-25,Kruskal-Wallis
STRATIFIN,Second,log2rfu,372,118.18404204968738,2,2.1700000000000002e-26,6.897817189631651e-26,5.746608602927491e-25,Kruskal-Wallis
DPP2,Third,log2rfu,326,118.12765532218054,2,2.23e-26,7.078882833787466e-26,5.897455364996576e-25,Kruskal-Wallis
Lymphotoxin a1/b2,Third,log2rfu,326,118.02763956821286,2,2.3500000000000002e-26,7.449659863945579e-26,6.206351703171103e-25,Kruskal-Wallis
kallikrein 13,Second,log2rfu,372,117.98735302878958,2,2.4e-26,7.597826086956522e-26,6.329789780523718e-25,Kruskal-Wallis
Angiotensinogen,Third,log2rfu,326,117.92169396772465,2,2.4800000000000002e-26,7.840434192672999e-26,6.53190789834596e-25,Kruskal-Wallis
TARC,Third,log2rfu,326,117.66133150915039,2,2.82e-26,8.903252032520326e-26,7.41734715744839e-25,Kruskal-Wallis
MMP-14,Third,log2rfu,326,117.5599392941524,2,2.97e-26,9.364140730717186e-26,7.801316010962115e-25,Kruskal-Wallis
C1r,Second,log2rfu,372,117.41299634199686,2,3.19e-26,1.004418918918919e-25,8.36786803958604e-25,Kruskal-Wallis
KPCI,Second,log2rfu,372,117.39824487979035,2,3.22e-26,1.0124966261808368e-25,8.435163853271914e-25,Kruskal-Wallis
MFRP,Second,log2rfu,372,117.31022162156546,2,3.36e-26,1.0550943396226415e-25,8.790047695217843e-25,Kruskal-Wallis
SIG14,Third,log2rfu,326,117.10958838429815,2,3.7200000000000004e-26,1.1665679676985197e-25,9.71874048670452e-25,Kruskal-Wallis
Endothelin-converting enzyme 1,Second,log2rfu,372,117.09765256870264,2,3.7400000000000003e-26,1.1712634408602152e-25,9.757858726176528e-25,Kruskal-Wallis
HDGR2,Third,log2rfu,326,117.03567060017735,2,3.86e-26,1.2072214765100672e-25,1.0057427055300148e-24,Kruskal-Wallis
TSP2,Third,log2rfu,326,116.77935051474833,2,4.38e-26,1.3680160857908849e-25,1.1397015594101152e-24,Kruskal-Wallis
IL-3 Ra,Third,log2rfu,326,116.55084661515252,2,4.9100000000000004e-26,1.5314993306559573e-25,1.2759003300571952e-24,Kruskal-Wallis
prostatic binding protein,Third,log2rfu,326,116.38153217391755,2,5.35e-26,1.6665106951871657e-25,1.388379024052484e-24,Kruskal-Wallis
Lymphotoxin a1/b2,Second,log2rfu,372,116.15526791518005,2,5.99e-26,1.863377837116155e-25,1.5523900989101072e-24,Kruskal-Wallis
GFAP,Third,log2rfu,326,115.94342516956112,2,6.660000000000001e-26,2.066284953395473e-25,1.7214331088870365e-24,Kruskal-Wallis
MP2K2,Third,log2rfu,326,115.94342516956112,2,6.660000000000001e-26,2.066284953395473e-25,1.7214331088870365e-24,Kruskal-Wallis
Neurotrophin-5,Second,log2rfu,372,115.84683404588168,2,6.99e-26,2.165784574468085e-25,1.804326778395032e-24,Kruskal-Wallis
Kallikrein 7,Third,log2rfu,326,115.80783282246989,2,7.12e-26,2.2031341301460826e-25,1.835442894127604e-24,Kruskal-Wallis
HSP 90a/b,Second,log2rfu,372,115.64539851160339,2,7.73e-26,2.388713527851459e-25,1.9900500885575807e-24,Kruskal-Wallis
ARSB,Third,log2rfu,326,115.58603497352897,2,7.96e-26,2.4565298013245037e-25,2.046548190760764e-24,Kruskal-Wallis
cIAP-2,Third,log2rfu,326,115.2608672559229,2,9.36e-26,2.8847619047619047e-25,2.403310659525831e-24,Kruskal-Wallis
SREC-I,Second,log2rfu,372,115.25753006624723,2,9.38e-26,2.887107001321004e-25,2.4052643720831122e-24,Kruskal-Wallis
IL-1b,Second,log2rfu,372,115.12227088631721,2,1e-25,3.073878627968338e-25,2.560864818857441e-24,Kruskal-Wallis
EphB6,Third,log2rfu,326,115.1132919214408,2,1.01e-25,3.1005270092226614e-25,2.5830657286177597e-24,Kruskal-Wallis
CATC,Third,log2rfu,326,115.09905104690574,2,1.02e-25,3.127105263157895e-25,2.605208214931341e-24,Kruskal-Wallis
HPG-,Second,log2rfu,372,114.68071388617341,2,1.25e-25,3.827201051248357e-25,3.1884617816917544e-24,Kruskal-Wallis
PDGF-CC,Third,log2rfu,326,114.54044239040763,2,1.3399999999999999e-25,4.0973753280839895e-25,3.413545424947349e-24,Kruskal-Wallis
CK-MB,Third,log2rfu,326,114.51004844764043,2,1.36e-25,4.15307994757536e-25,3.4599532430717685e-24,Kruskal-Wallis
FGF-16,Third,log2rfu,326,114.19442866797544,2,1.6e-25,4.879581151832461e-25,4.0652053040710794e-24,Kruskal-Wallis
ART,Second,log2rfu,372,114.07028979597135,2,1.7e-25,5.1777777777777775e-25,4.3136345170976456e-24,Kruskal-Wallis
HDAC8,Third,log2rfu,326,113.96372648933288,2,1.79e-25,5.444778067885118e-25,4.536073894937537e-24,Kruskal-Wallis
DPP2,Second,log2rfu,372,113.90936086660986,2,1.84e-25,5.589569752281617e-25,4.6567006260193616e-24,Kruskal-Wallis
Integrin aVb5,Third,log2rfu,326,113.75815236405174,2,1.98e-25,6.007031249999999e-25,5.0044900452265645e-24,Kruskal-Wallis
b-NGF,Third,log2rfu,326,113.72138443298468,2,2.02e-25,6.120416124837451e-25,5.0989515943325876e-24,Kruskal-Wallis
ULBP-3,Third,log2rfu,326,113.64029459919652,2,2.11e-25,6.384805194805194e-25,5.31921555062885e-24,Kruskal-Wallis
SLAF6,Third,log2rfu,326,113.59030730153108,2,2.16e-25,6.527626459143968e-25,5.438200714162012e-24,Kruskal-Wallis
DRR1,Second,log2rfu,372,113.50662815130295,2,2.25e-25,6.79080310880829e-25,5.65745459658208e-24,Kruskal-Wallis
PBEF,Third,log2rfu,326,113.36655872591768,2,2.41e-25,7.264294954721863e-25,6.051923200248896e-24,Kruskal-Wallis
Granzyme B,Third,log2rfu,326,113.29797839443881,2,2.5e-25,7.525839793281653e-25,6.26981761206053e-24,Kruskal-Wallis
SPINT2,Third,log2rfu,326,113.230122438217,2,2.58e-25,7.756645161290322e-25,6.4621028056133754e-24,Kruskal-Wallis
LRRT1,Second,log2rfu,372,113.18468796713205,2,2.64e-25,7.92680412371134e-25,6.603863152463921e-24,Kruskal-Wallis
6-Phosphogluconate dehydrogenase,Second,log2rfu,372,113.03943863507584,2,2.8399999999999998e-25,8.516344916344915e-25,7.095012757851724e-24,Kruskal-Wallis
FLRT1,Second,log2rfu,372,112.9980909795213,2,2.9e-25,8.68508997429306e-25,7.235595173280754e-24,Kruskal-Wallis
STK16,Second,log2rfu,372,112.94095070467029,2,2.99e-25,8.943132220795892e-25,7.450571556809861e-24,Kruskal-Wallis
PPase,Second,log2rfu,372,112.82366561798813,2,3.1699999999999997e-25,9.469358974358974e-25,7.888973895692038e-24,Kruskal-Wallis
DHH,Third,log2rfu,326,112.79819942484073,2,3.21e-25,9.576568501920616e-25,7.978290729766387e-24,Kruskal-Wallis
MAPK2,Second,log2rfu,372,112.61531034259815,2,3.51e-25,1.0458184143222508e-24,8.712769462603237e-24,Kruskal-Wallis
Peroxiredoxin-5,Second,log2rfu,372,112.59261362220127,2,3.55e-25,1.0563856960408686e-24,8.80080605499807e-24,Kruskal-Wallis
Stress-induced-phosphoprotein 1,Second,log2rfu,372,112.50441510102905,2,3.72e-25,1.105561224489796e-24,9.21049002757839e-24,Kruskal-Wallis
UFC1,Second,log2rfu,372,112.31931959557733,2,4.08e-25,1.2110063694267514e-24,1.0088959201772326e-23,Kruskal-Wallis
BGH3,Third,log2rfu,326,112.16401338472747,2,4.4e-25,1.3043256997455473e-24,1.0866407562154375e-23,Kruskal-Wallis
Aflatoxin B1 aldehyde reductase,Second,log2rfu,372,111.99180270559509,2,4.8e-25,1.4210927573062263e-24,1.1839200199403957e-23,Kruskal-Wallis
FCG3B,Third,log2rfu,326,111.97256185352694,2,4.85e-25,1.4340736040609136e-24,1.1947344331936055e-23,Kruskal-Wallis
MATN3,Third,log2rfu,326,111.88694399701899,2,5.06e-25,1.4942712294043093e-24,1.244885398660499e-23,Kruskal-Wallis
iC3b,Third,log2rfu,326,111.8349314625591,2,5.19e-25,1.5307215189873419e-24,1.275252330972348e-23,Kruskal-Wallis
MIP-1a,Third,log2rfu,326,111.81742165368905,2,5.24e-25,1.5435145385587865e-24,1.285910264388906e-23,Kruskal-Wallis
IL-1F7,Third,log2rfu,326,111.79802615912809,2,5.29e-25,1.5562752525252525e-24,1.2965412838321899e-23,Kruskal-Wallis
AIP,Second,log2rfu,372,111.77606777884239,2,5.35e-25,1.5719419924337955e-24,1.3095933291188625e-23,Kruskal-Wallis
hnRNP K,Third,log2rfu,326,111.64313085807021,2,5.71e-25,1.675604534005038e-24,1.3959551500859445e-23,Kruskal-Wallis
CD27,Second,log2rfu,372,111.55179016003581,2,5.98e-25,1.75262893081761e-24,1.460124589372297e-23,Kruskal-Wallis
Adiponectin,Second,log2rfu,372,111.42770448077817,2,6.36e-25,1.8616582914572865e-24,1.5509575361725452e-23,Kruskal-Wallis
CATE,Second,log2rfu,372,111.30299419023004,2,6.77e-25,1.9791844416562106e-24,1.6488692040574625e-23,Kruskal-Wallis
Activin A,Second,log2rfu,372,111.01720802441014,2,7.81e-25,2.2803634085213032e-24,1.8997830213458238e-23,Kruskal-Wallis
Nogo Receptor,Third,log2rfu,326,110.95513764400812,2,8.06e-25,2.350413016270338e-24,1.9581417263470787e-23,Kruskal-Wallis
EDA,Third,log2rfu,326,110.91050124851563,2,8.24e-25,2.3999e-24,1.9993695986747583e-23,Kruskal-Wallis
Sorting nexin 4,Second,log2rfu,372,110.85312820931358,2,8.48e-25,2.466716604244694e-24,2.0550348710667433e-23,Kruskal-Wallis
UB2L3,Third,log2rfu,326,110.63693397621068,2,9.449999999999999e-25,2.745448877805486e-24,2.2872482274261512e-23,Kruskal-Wallis
KI2L4,Third,log2rfu,326,110.50570627425509,2,1.0099999999999999e-24,2.930635118306351e-24,2.4415278804743207e-23,Kruskal-Wallis
Tropomyosin 1 alpha chain,Second,log2rfu,372,110.26783464141454,2,1.1399999999999999e-24,3.3037313432835816e-24,2.7523563523272286e-23,Kruskal-Wallis
SPINT2,Second,log2rfu,372,110.01407047211546,2,1.29e-24,3.7337888198757764e-24,3.1106395492859415e-23,Kruskal-Wallis
GIIE,Third,log2rfu,326,109.92756695750518,2,1.3499999999999999e-24,3.902605459057071e-24,3.251281599425334e-23,Kruskal-Wallis
IgM,Third,log2rfu,326,109.8499337509345,2,1.3999999999999999e-24,4.042131350681536e-24,3.367521370224927e-23,Kruskal-Wallis
Apo E,Third,log2rfu,326,109.7939775011555,2,1.44e-24,4.152475247524752e-24,3.4594494642070225e-23,Kruskal-Wallis
COLEC12,Third,log2rfu,326,109.589916692516,2,1.5999999999999999e-24,4.6081582200247216e-24,3.839081399641909e-23,Kruskal-Wallis
TNF-b,Second,log2rfu,372,109.30111753468395,2,1.84e-24,5.292839506172839e-24,4.409493061922037e-23,Kruskal-Wallis
Bcl-2,Third,log2rfu,326,109.13443986334823,2,2e-24,5.7459926017262636e-24,4.787017343264958e-23,Kruskal-Wallis
RPS6KA3,Third,log2rfu,326,109.1123972133912,2,2.0299999999999998e-24,5.824999999999999e-24,4.85283883173485e-23,Kruskal-Wallis
AREG,Third,log2rfu,326,108.84713370663349,2,2.31e-24,6.620295202952029e-24,5.515403543078724e-23,Kruskal-Wallis
SARP-2,Third,log2rfu,326,108.83946391259019,2,2.32e-24,6.640786240786242e-24,5.53247473691639e-23,Kruskal-Wallis
CAMK1D,Third,log2rfu,326,108.81794529155354,2,2.35e-24,6.718404907975459e-24,5.597139266050012e-23,Kruskal-Wallis
TXD12,Third,log2rfu,326,108.78204049076953,2,2.39e-24,6.82438725490196e-24,5.685433729336418e-23,Kruskal-Wallis
TLR2,Second,log2rfu,372,108.60639638374096,2,2.61e-24,7.44345165238678e-24,6.201179608728499e-23,Kruskal-Wallis
TBP,Third,log2rfu,326,108.49216245692628,2,2.76e-24,7.86161369193154e-24,6.549552653099359e-23,Kruskal-Wallis
C9,Third,log2rfu,326,108.36454917325887,2,2.9399999999999998e-24,8.364102564102564e-24,6.96817883531158e-23,Kruskal-Wallis
IL-23,Third,log2rfu,326,108.25366309776928,2,3.11e-24,8.836951219512195e-24,7.362111593509945e-23,Kruskal-Wallis
SE6L2,Third,log2rfu,326,108.19378223854665,2,3.2099999999999997e-24,9.109987819732033e-24,7.589579853772896e-23,Kruskal-Wallis
MMP-13,Third,log2rfu,326,108.02093379688358,2,3.5e-24,9.920924574209245e-24,8.265175625825779e-23,Kruskal-Wallis
IL-2,Third,log2rfu,326,107.96335053094936,2,3.6e-24,1.0191980558930741e-23,8.490993824663652e-23,Kruskal-Wallis
Epo,Third,log2rfu,326,107.9366607538077,2,3.6499999999999996e-24,1.0320995145631067e-23,8.598476570792333e-23,Kruskal-Wallis
HCC-1,Third,log2rfu,326,107.88148622484528,2,3.75e-24,1.059090909090909e-23,8.823343330427001e-23,Kruskal-Wallis
VEGF sR3,Second,log2rfu,372,107.75873315740296,2,3.99e-24,1.1255084745762712e-23,9.376671640979203e-23,Kruskal-Wallis
kallikrein 14,Third,log2rfu,326,107.69543398898986,2,4.11e-24,1.157956469165659e-23,9.646997629228651e-23,Kruskal-Wallis
ATS15,Second,log2rfu,372,107.53627132983547,2,4.4499999999999995e-24,1.2522342995169082e-23,1.0432431304937239e-22,Kruskal-Wallis
NCK1,Second,log2rfu,372,107.38522279901099,2,4.8e-24,1.3490952955367912e-23,1.1239385472775527e-22,Kruskal-Wallis
IL-6,Second,log2rfu,372,107.30078624996895,2,5.0099999999999994e-24,1.4064216867469876e-23,1.1716974721441734e-22,Kruskal-Wallis
SCGF-beta,Second,log2rfu,372,107.18787606342266,2,5.3e-24,1.48604091456077e-23,1.2380286790948113e-22,Kruskal-Wallis
Aflatoxin B1 aldehyde reductase,Third,log2rfu,326,107.1697662365375,2,5.35e-24,1.494664268585132e-23,1.2452128417161366e-22,Kruskal-Wallis
I-309,Third,log2rfu,326,107.16947503952792,2,5.35e-24,1.494664268585132e-23,1.2452128417161366e-22,Kruskal-Wallis
Met,Third,log2rfu,326,107.16976623653773,2,5.35e-24,1.494664268585132e-23,1.2452128417161366e-22,Kruskal-Wallis
hnRNP K,Second,log2rfu,372,107.13218773870835,2,5.4499999999999996e-24,1.5207784431137723e-23,1.266968700979877e-22,Kruskal-Wallis
Esterase D,Second,log2rfu,372,107.04120123386429,2,5.7099999999999996e-24,1.5914234449760765e-23,1.3258234320194258e-22,Kruskal-Wallis
GV,Second,log2rfu,372,107.03557743479723,2,5.72e-24,1.5923058542413382e-23,1.326558571924652e-22,Kruskal-Wallis
IFN-lambda 2,Third,log2rfu,326,106.99413480340559,2,5.8399999999999996e-24,1.6237708830548925e-23,1.352772256674536e-22,Kruskal-Wallis
RAC1,Second,log2rfu,372,106.93922624180095,2,6e-24,1.66626936829559e-23,1.388177973321054e-22,Kruskal-Wallis
Coagulation Factor VII,Third,log2rfu,326,106.78943608477016,2,6.47e-24,1.7946547619047618e-23,1.495136535301166e-22,Kruskal-Wallis
PKC-G,Third,log2rfu,326,106.76021139925274,2,6.5699999999999994e-24,1.8202259215219975e-23,1.5164400059214251e-22,Kruskal-Wallis
Chk2,Third,log2rfu,326,106.64335762861424,2,6.96e-24,1.9259857482185273e-23,1.6045490864073425e-22,Kruskal-Wallis
TSG-6,Third,log2rfu,326,106.53054476466195,2,7.37e-24,2.037022538552788e-23,1.697054433683789e-22,Kruskal-Wallis
NCK1,Third,log2rfu,326,106.35654058511204,2,8.029999999999999e-24,2.2168127962085303e-23,1.846838664399566e-22,Kruskal-Wallis
PSD7,Third,log2rfu,326,106.29717773534207,2,8.28e-24,2.2831242603550295e-23,1.9020831018586778e-22,Kruskal-Wallis
IL-34,Third,log2rfu,326,106.21704834889897,2,8.62e-24,2.374066193853428e-23,1.9778473158181756e-22,Kruskal-Wallis
PAI-1,Third,log2rfu,326,105.81477669099922,2,1.0499999999999999e-23,2.8884297520661154e-23,2.4063663628437276e-22,Kruskal-Wallis
Apo E4,Third,log2rfu,326,105.74018060639082,2,1.0899999999999999e-23,2.9949292452830185e-23,2.4950916634863145e-22,Kruskal-Wallis
CYTN,Third,log2rfu,326,105.67122745894221,2,1.13e-23,3.101177856301531e-23,2.5836079528199676e-22,Kruskal-Wallis
CK-MM,Second,log2rfu,372,105.5799767342628,2,1.1799999999999999e-23,3.230787309048178e-23,2.691586285051527e-22,Kruskal-Wallis
EMR2,Third,log2rfu,326,105.58449672707138,2,1.1799999999999999e-23,3.230787309048178e-23,2.691586285051527e-22,Kruskal-Wallis
Bcl-2,Second,log2rfu,372,105.56262232918857,2,1.19e-23,3.2543427230046943e-23,2.7112104271194704e-22,Kruskal-Wallis
BFL1,Third,log2rfu,326,105.55349805819787,2,1.1999999999999998e-23,3.277842907385697e-23,2.7307885571309825e-22,Kruskal-Wallis
"Haptoglobin, Mixed Type",Third,log2rfu,326,105.52565278059637,2,1.2199999999999999e-23,3.3285714285714287e-23,2.773050760991343e-22,Kruskal-Wallis
SIG14,Second,log2rfu,372,105.3202393021179,2,1.35e-23,3.6789473684210526e-23,3.064950841095695e-22,Kruskal-Wallis
FSTL3,Second,log2rfu,372,105.29795348872904,2,1.36e-23,3.6975495915985995e-23,3.0804484532832657e-22,Kruskal-Wallis
HTRA2,Third,log2rfu,326,105.30471098103226,2,1.36e-23,3.6975495915985995e-23,3.0804484532832657e-22,Kruskal-Wallis
BDNF,Second,log2rfu,372,105.238581688242,2,1.41e-23,3.829020979020979e-23,3.1899779733082233e-22,Kruskal-Wallis
VEGF-C,Third,log2rfu,326,105.16806140025119,2,1.4599999999999998e-23,3.9601862630966235e-23,3.299252476988536e-22,Kruskal-Wallis
CFC1,Third,log2rfu,326,105.13366374301131,2,1.48e-23,4.0097674418604646e-23,3.3405588237058505e-22,Kruskal-Wallis
NAGK,Second,log2rfu,372,105.04680322990748,2,1.55e-23,4.194541231126597e-23,3.494494861411855e-22,Kruskal-Wallis
CDK8/cyclin C,Third,log2rfu,326,104.90631136348497,2,1.66e-23,4.4870069605568444e-23,3.7381496337261494e-22,Kruskal-Wallis
Coagulation Factor XI,Second,log2rfu,372,104.86423016980984,2,1.69e-23,4.562804171494786e-23,3.801296697859512e-22,Kruskal-Wallis
CHST2,Second,log2rfu,372,104.84316134626374,2,1.7099999999999998e-23,4.6114583333333325e-23,3.8418307417900896e-22,Kruskal-Wallis
CK-MB,Second,log2rfu,372,104.8252256259741,2,1.73e-23,4.66e-23,3.88227106538788e-22,Kruskal-Wallis
CNTN2,Second,log2rfu,372,104.64333419870786,2,1.8899999999999997e-23,5.0851039260969973e-23,4.236427432784696e-22,Kruskal-Wallis
IGFBP-4,Third,log2rfu,326,104.5859691783678,2,1.9499999999999997e-23,5.2404844290657434e-23,4.365875765574605e-22,Kruskal-Wallis
EphB4,Third,log2rfu,326,104.44892696346051,2,2.0899999999999997e-23,5.610253456221198e-23,4.673932331025731e-22,Kruskal-Wallis
Enterokinase,Second,log2rfu,372,104.40780068996196,2,2.13e-23,5.711047180667434e-23,4.757904125015066e-22,Kruskal-Wallis
IL-1Rrp2,Second,log2rfu,372,104.24608442207614,2,2.3099999999999999e-23,6.18655172413793e-23,5.154049517842531e-22,Kruskal-Wallis
SPARCL1,Third,log2rfu,326,104.23227624861693,2,2.32e-23,6.206199770378875e-23,5.170418410849531e-22,Kruskal-Wallis
RUXF,Third,log2rfu,326,104.00682923327463,2,2.5999999999999997e-23,6.947247706422018e-23,5.787789432344316e-22,Kruskal-Wallis
ATS13,Third,log2rfu,326,104.00173110686569,2,2.6099999999999997e-23,6.965979381443298e-23,5.803394891559202e-22,Kruskal-Wallis
TSLP R,Second,log2rfu,372,103.97269172799156,2,2.6499999999999996e-23,7.064645308924484e-23,5.885594006451878e-22,Kruskal-Wallis
HCG,Second,log2rfu,372,103.95678541205461,2,2.67e-23,7.10982857142857e-23,5.923236425477508e-22,Kruskal-Wallis
MDC,Third,log2rfu,326,103.91800786050385,2,2.72e-23,7.234703196347032e-23,6.027270147177531e-22,Kruskal-Wallis
TXD12,Second,log2rfu,372,103.51062109053282,2,3.33e-23,8.847092360319268e-23,7.370560232463878e-22,Kruskal-Wallis
Apo D,Second,log2rfu,372,103.32720243503195,2,3.6499999999999994e-23,9.686218678815488e-23,8.06964088192811e-22,Kruskal-Wallis
CSK21,Second,log2rfu,372,103.26654838149875,2,3.7699999999999994e-23,9.993287827076222e-23,8.325461841019514e-22,Kruskal-Wallis
Apo E3,Third,log2rfu,326,103.19987029512572,2,3.89e-23,1.0299659090909091e-22,8.580701388840258e-22,Kruskal-Wallis
Contactin-4,Third,log2rfu,326,103.16348604579753,2,3.9699999999999997e-23,1.0499545970488082e-22,8.74722822337678e-22,Kruskal-Wallis
JAM-C,Third,log2rfu,326,103.0690670564561,2,4.1599999999999994e-23,1.0989569160997732e-22,9.155469179146021e-22,Kruskal-Wallis
Fibrinogen g-chain dimer,Third,log2rfu,326,103.05658006779504,2,4.1799999999999995e-23,1.1029898074745184e-22,9.189067414111744e-22,Kruskal-Wallis
CSK21,Third,log2rfu,326,103.04823310453298,2,4.1999999999999996e-23,1.1070135746606334e-22,9.222589634971208e-22,Kruskal-Wallis
DRAK2,Third,log2rfu,326,102.97015371710563,2,4.37e-23,1.1505197740112993e-22,9.585042121889852e-22,Kruskal-Wallis
MATK,Second,log2rfu,372,102.92807810429531,2,4.4599999999999996e-23,1.1728893905191874e-22,9.771404600242633e-22,Kruskal-Wallis
MIF,Third,log2rfu,326,102.78441464722368,2,4.7899999999999993e-23,1.2582525366403607e-22,1.0482569562123983e-21,Kruskal-Wallis
MMP-1,Second,log2rfu,372,102.71096828329587,2,4.9699999999999995e-23,1.304065315315315e-22,1.0864238285460452e-21,Kruskal-Wallis
Phosphoglycerate mutase 1,Third,log2rfu,326,102.6630066950172,2,5.0899999999999995e-23,1.3340494938132733e-22,1.1114038089327509e-21,Kruskal-Wallis
PARC,Second,log2rfu,372,102.58088672220697,2,5.31e-23,1.3901460674157303e-22,1.1581381661353734e-21,Kruskal-Wallis
NCAM-L1,Second,log2rfu,372,102.28969656079653,2,6.14e-23,1.6056341189674522e-22,1.3376624209585625e-21,Kruskal-Wallis
DLC8,Second,log2rfu,372,102.26384407257433,2,6.22e-23,1.624730941704036e-22,1.3535720866991377e-21,Kruskal-Wallis
STRATIFIN,Third,log2rfu,326,102.13934384445133,2,6.619999999999999e-23,1.7272788353863382e-22,1.4390052885144327e-21,Kruskal-Wallis
Adiponectin,Third,log2rfu,326,102.05669647676768,2,6.9e-23,1.7983221476510064e-22,1.4981918540926383e-21,Kruskal-Wallis
IL-12 RB2,Second,log2rfu,372,102.02531180239316,2,7.009999999999999e-23,1.8249497206703908e-22,1.5203754284005051e-21,Kruskal-Wallis
Mesothelin,Third,log2rfu,326,101.987670299623,2,7.139999999999999e-23,1.8567187499999996e-22,1.5468423776154836e-21,Kruskal-Wallis
GX,Third,log2rfu,326,101.89586049135346,2,7.469999999999999e-23,1.9403678929765885e-22,1.6165309285645187e-21,Kruskal-Wallis
SKP1,Second,log2rfu,372,101.86335496277206,2,7.599999999999999e-23,1.971937639198218e-22,1.6428318539503281e-21,Kruskal-Wallis
BCL2-like 1 protein,Third,log2rfu,326,101.849881740495,2,7.65e-23,1.9827030033370413e-22,1.6518005367195376e-21,Kruskal-Wallis
Apo D,Third,log2rfu,326,101.74828142787351,2,8.049999999999999e-23,2.0840555555555554e-22,1.7362378931318023e-21,Kruskal-Wallis
Galectin-4,Second,log2rfu,372,101.7317991562104,2,8.11e-23,2.097258601553829e-22,1.747237421770017e-21,Kruskal-Wallis
Hemoglobin,Third,log2rfu,326,101.658285560497,2,8.419999999999999e-23,2.175011086474501e-22,1.8120134351754963e-21,Kruskal-Wallis
FCN1,Second,log2rfu,372,101.61702001332537,2,8.589999999999999e-23,2.2164673311184937e-22,1.8465508555748556e-21,Kruskal-Wallis
CRDL1,Second,log2rfu,372,101.38569312074128,2,9.65e-23,2.4872234513274335e-22,2.072119235674394e-21,Kruskal-Wallis
EPHB2,Third,log2rfu,326,101.35030000275128,2,9.82e-23,2.528243093922652e-22,2.1062929205585075e-21,Kruskal-Wallis
CYTT,Second,log2rfu,372,101.25315407664402,2,1.0300000000000001e-22,2.648896247240618e-22,2.2068097115615437e-21,Kruskal-Wallis
NUDC3,Second,log2rfu,372,101.1599966734318,2,1.08e-22,2.7744211686879822e-22,2.3113851987976356e-21,Kruskal-Wallis
ERBB3,Third,log2rfu,326,101.09065613739244,2,1.1200000000000001e-22,2.870847084708471e-22,2.391718148093744e-21,Kruskal-Wallis
resistin,Third,log2rfu,326,101.09065613739244,2,1.1200000000000001e-22,2.870847084708471e-22,2.391718148093744e-21,Kruskal-Wallis
BMP-7,Third,log2rfu,326,101.05080202080944,2,1.14e-22,2.9189010989010985e-22,2.4317522057924085e-21,Kruskal-Wallis
DcR3,Third,log2rfu,326,100.94902985307044,2,1.2e-22,3.0691547749725573e-22,2.5569293515178136e-21,Kruskal-Wallis
granzyme A,Third,log2rfu,326,100.91034063625625,2,1.22e-22,3.1168859649122806e-22,2.5966944625949646e-21,Kruskal-Wallis
LCMT1,Second,log2rfu,372,100.90043475039033,2,1.23e-22,3.138992332968237e-22,2.6151113967289668e-21,Kruskal-Wallis
BAFF Receptor,Third,log2rfu,326,100.77196789542472,2,1.31e-22,3.3394967177242887e-22,2.782152678149958e-21,Kruskal-Wallis
JAML1,Second,log2rfu,372,100.5477469685502,2,1.47e-22,3.74327868852459e-22,3.11854560990174e-21,Kruskal-Wallis
ERBB2,Third,log2rfu,326,100.4645976502286,2,1.53e-22,3.8918122270742357e-22,3.2422896998053805e-21,Kruskal-Wallis
GCKR,Second,log2rfu,372,100.42706059184002,2,1.56e-22,3.963794983642312e-22,3.3022589214858746e-21,Kruskal-Wallis
OPG,Third,log2rfu,326,100.29908713578197,2,1.66e-22,4.213289760348584e-22,3.5101143619520055e-21,Kruskal-Wallis
CONA1,Second,log2rfu,372,100.2069192250965,2,1.74e-22,4.411534276387378e-22,3.67527293458918e-21,Kruskal-Wallis
sRANKL,Third,log2rfu,326,100.19908156323504,2,1.75e-22,4.432065217391305e-22,3.692377371972169e-21,Kruskal-Wallis
Cytochrome c,Second,log2rfu,372,100.01346509288851,2,1.92e-22,4.857328990228012e-22,4.046666908547628e-21,Kruskal-Wallis
PAK6,Third,log2rfu,326,99.74085119748997,2,2.2e-22,5.553629469122427e-22,4.626758582802458e-21,Kruskal-Wallis
CLC4K,Third,log2rfu,326,99.73568485975284,2,2.2e-22,5.553629469122427e-22,4.626758582802458e-21,Kruskal-Wallis
CBG,Second,log2rfu,372,99.62199659123416,2,2.33e-22,5.8754329004329e-22,4.894854752355931e-21,Kruskal-Wallis
OCAD1,Third,log2rfu,326,99.57570841528627,2,2.38e-22,5.995027027027028e-22,4.9944892624990035e-21,Kruskal-Wallis
CHST6,Second,log2rfu,372,99.49462696078376,2,2.48e-22,6.240172786177105e-22,5.1987215130464055e-21,Kruskal-Wallis
CNTF,Second,log2rfu,372,99.47722250402512,2,2.5000000000000002e-22,6.283710895361381e-22,5.234993345992288e-21,Kruskal-Wallis
Coagulation Factor V,Third,log2rfu,326,99.4142526760445,2,2.59e-22,6.5029094827586195e-22,5.417608868186751e-21,Kruskal-Wallis
GP1BA,Third,log2rfu,326,99.37049658936394,2,2.64e-22,6.621313240043058e-22,5.516251675255116e-21,Kruskal-Wallis
TGF-b3,Third,log2rfu,326,99.08637260843125,2,3.0500000000000003e-22,7.641397849462366e-22,6.366089650232815e-21,Kruskal-Wallis
CFC1,Second,log2rfu,372,99.04389815811442,2,3.11e-22,7.783351235230934e-22,6.484351779460961e-21,Kruskal-Wallis
VEGF sR2,Second,log2rfu,372,98.95855990837458,2,3.25e-22,8.125000000000001e-22,6.768981203063634e-21,Kruskal-Wallis
LYN,Third,log2rfu,326,98.92207743996914,2,3.3100000000000003e-22,8.266130760986067e-22,6.886557999160711e-21,Kruskal-Wallis
ACTH,Third,log2rfu,326,98.67034759705189,2,3.75e-22,9.35492505353319e-22,7.793638380730488e-21,Kruskal-Wallis
K-ras,Third,log2rfu,326,98.58772726809298,2,3.91e-22,9.743636363636364e-22,8.117475863992842e-21,Kruskal-Wallis
Eotaxin-2,Third,log2rfu,326,98.5519366975409,2,3.98e-22,9.907478632478633e-22,8.253973739446456e-21,Kruskal-Wallis
Plasminogen,Second,log2rfu,372,98.44538365199651,2,4.2e-22,1.0443970117395945e-21,8.700927681232177e-21,Kruskal-Wallis
IL-20,Third,log2rfu,326,98.40478575651377,2,4.28e-22,1.0631556503198294e-21,8.857206908241006e-21,Kruskal-Wallis
Coagulation Factor IXab,Third,log2rfu,326,98.39107500019895,2,4.31e-22,1.0694675186368477e-21,8.909791422695296e-21,Kruskal-Wallis
ENTP3,Third,log2rfu,326,98.38058172643082,2,4.33e-22,1.0732872340425533e-21,8.941613677196556e-21,Kruskal-Wallis
MSP,Second,log2rfu,372,98.31680076506677,2,4.47e-22,1.1068119022316685e-21,9.220909491117868e-21,Kruskal-Wallis
a2-Antiplasmin,Third,log2rfu,326,98.30275054779258,2,4.5100000000000005e-22,1.1155307855626329e-21,9.293546977122793e-21,Kruskal-Wallis
ACE2,Second,log2rfu,372,98.21191177578271,2,4.72e-22,1.1662354188759277e-21,9.715970004576243e-21,Kruskal-Wallis
TWEAK,Third,log2rfu,326,98.04241146877666,2,5.13e-22,1.2661970338983053e-21,1.0548755596101605e-20,Kruskal-Wallis
HO-2,Third,log2rfu,326,97.95171582076841,2,5.37e-22,1.3240317460317462e-21,1.1030579693721122e-20,Kruskal-Wallis
Endothelin-converting enzyme 1,Third,log2rfu,326,97.94483190949404,2,5.39e-22,1.3275581395348838e-21,1.1059958267674776e-20,Kruskal-Wallis
FGF-8A,Third,log2rfu,326,97.93198266337322,2,5.42e-22,1.3335374868004225e-21,1.1109772531363417e-20,Kruskal-Wallis
IGF-I sR,Second,log2rfu,372,97.86134124401588,2,5.62e-22,1.3812869198312237e-21,1.150757562630796e-20,Kruskal-Wallis
RET,Third,log2rfu,326,97.77825828155233,2,5.86e-22,1.4387565858798737e-21,1.1986358505359843e-20,Kruskal-Wallis
FGF-17,Second,log2rfu,372,97.40957379139923,2,7.04e-22,1.7266526315789474e-21,1.4384835947542464e-20,Kruskal-Wallis
DLL1,Third,log2rfu,326,97.32968544717437,2,7.33e-22,1.795888538380652e-21,1.4961644011195145e-20,Kruskal-Wallis
WISP-1,Second,log2rfu,372,97.21461308981202,2,7.76e-22,1.899243697478992e-21,1.5822701400950607e-20,Kruskal-Wallis
IL-2 sRg,Third,log2rfu,326,97.20813407520382,2,7.79e-22,1.904585519412382e-21,1.586720440680566e-20,Kruskal-Wallis
BMP-1,Second,log2rfu,372,97.03352940009518,2,8.5e-22,2.0759958071278825e-21,1.729523273364622e-20,Kruskal-Wallis
C3,Third,log2rfu,326,96.88968387457112,2,9.13e-22,2.2275287958115182e-21,1.8557662213084476e-20,Kruskal-Wallis
annexin I,Third,log2rfu,326,96.7982174553124,2,9.56e-22,2.3299999999999996e-21,1.9411355326939402e-20,Kruskal-Wallis
ADAM12,Second,log2rfu,372,96.76695795744172,2,9.71e-22,2.364085684430512e-21,1.969532499734395e-20,Kruskal-Wallis
PYY,Third,log2rfu,326,96.28050447891746,2,1.24e-21,3.015866388308977e-21,2.5125345099587538e-20,Kruskal-Wallis
Glutathione S-transferase Pi,Third,log2rfu,326,96.04253164864576,2,1.4000000000000002e-21,3.401459854014599e-21,2.833774500283125e-20,Kruskal-Wallis
CLC7A,Second,log2rfu,372,96.01690491086174,2,1.41e-21,3.4221875e-21,2.851042813644225e-20,Kruskal-Wallis
ADAM 9,Second,log2rfu,372,95.97606247646354,2,1.4400000000000001e-21,3.491363163371488e-21,2.90867343088374e-20,Kruskal-Wallis
IL-1 sR9,Third,log2rfu,326,95.87036099071793,2,1.52e-21,3.681496881496882e-21,3.0670748541525873e-20,Kruskal-Wallis
Phosphoglycerate mutase 1,Second,log2rfu,372,95.85090197602767,2,1.54e-21,3.726064382139149e-21,3.104204278659053e-20,Kruskal-Wallis
Notch 1,Third,log2rfu,326,95.75900089956826,2,1.6100000000000001e-21,3.8913900414937764e-21,3.2419379747274313e-20,Kruskal-Wallis
NID2,Second,log2rfu,372,95.50737101311665,2,1.82e-21,4.3944041450777204e-21,3.6610017300548925e-20,Kruskal-Wallis
p27Kip1,Third,log2rfu,326,95.00058356718705,2,2.35e-21,5.668219461697723e-21,4.7222241219780125e-20,Kruskal-Wallis
IL-1 sRI,Third,log2rfu,326,94.98444077813997,2,2.3700000000000003e-21,5.710548086866599e-21,4.7574883272850454e-20,Kruskal-Wallis
HIV-2 Rev,Third,log2rfu,326,94.95598915434311,2,2.4000000000000003e-21,5.776859504132232e-21,4.812732725687456e-20,Kruskal-Wallis
CNTFR alpha,Third,log2rfu,326,94.91223126601153,2,2.4600000000000003e-21,5.915170278637772e-21,4.9279601758793534e-20,Kruskal-Wallis
Eotaxin-2,Second,log2rfu,372,94.89916292249995,2,2.4700000000000002e-21,5.9269824922760044e-21,4.937800994597356e-20,Kruskal-Wallis
GRB2-related adapter protein 2,Second,log2rfu,372,94.89778855247414,2,2.4700000000000002e-21,5.9269824922760044e-21,4.937800994597356e-20,Kruskal-Wallis
cIAP-2,Second,log2rfu,372,94.89552871435944,2,2.48e-21,5.94485596707819e-21,4.952691482593593e-20,Kruskal-Wallis
Semaphorin-6A,Third,log2rfu,326,94.87307624571235,2,2.5000000000000002e-21,5.986639260020556e-21,4.987501368689467e-20,Kruskal-Wallis
ART,Third,log2rfu,326,94.82344726701467,2,2.57e-21,6.147946611909651e-21,5.121887391194483e-20,Kruskal-Wallis
Cathepsin V,Second,log2rfu,372,94.76660388963751,2,2.64e-21,6.308923076923077e-21,5.255997750063593e-20,Kruskal-Wallis
kallikrein 8,Third,log2rfu,326,94.75035071432649,2,2.6600000000000002e-21,6.350204918032787e-21,5.2903898739404526e-20,Kruskal-Wallis
EDAR,Third,log2rfu,326,94.65442395295804,2,2.79e-21,6.653735926305016e-21,5.54326318957635e-20,Kruskal-Wallis
IL-1a,Second,log2rfu,372,94.62512971272395,2,2.83e-21,6.742229038854806e-21,5.616987277631749e-20,Kruskal-Wallis
LIMP II,Second,log2rfu,372,94.60156242578296,2,2.8700000000000003e-21,6.830541368743617e-21,5.690560754679887e-20,Kruskal-Wallis
METAP1,Third,log2rfu,326,94.57805525368985,2,2.9000000000000004e-21,6.894897959183674e-21,5.744176576339212e-20,Kruskal-Wallis
CD70,Second,log2rfu,372,94.55162561398333,2,2.9400000000000003e-21,6.982874617737004e-21,5.817470403792237e-20,Kruskal-Wallis
Triosephosphate isomerase,Second,log2rfu,372,94.3953805741371,2,3.1800000000000004e-21,7.545213849287169e-21,6.285958242328646e-20,Kruskal-Wallis
Nidogen,Second,log2rfu,372,94.26734034684159,2,3.39e-21,8.0353001017294e-21,6.694251735333121e-20,Kruskal-Wallis
DYRK3,Second,log2rfu,372,94.16287999690167,2,3.57e-21,8.453353658536586e-21,7.042534402151797e-20,Kruskal-Wallis
IL-2 sRa,Second,log2rfu,372,93.95952348535366,2,3.95e-21,9.343654822335027e-21,7.784249090498543e-20,Kruskal-Wallis
LRP8,Second,log2rfu,372,93.84621828708418,2,4.1800000000000005e-21,9.877687626774849e-21,8.229154692353621e-20,Kruskal-Wallis
TNF-b,Third,log2rfu,326,93.71224714567575,2,4.47e-21,1.055227963525836e-20,8.79116092314277e-20,Kruskal-Wallis
Caspase-2,Third,log2rfu,326,93.69340815164469,2,4.52e-21,1.0659514170040487e-20,8.880498590867016e-20,Kruskal-Wallis
sTie-1,Second,log2rfu,372,93.55824764785802,2,4.83e-21,1.1379069767441861e-20,9.479964229435523e-20,Kruskal-Wallis
Apo E4,Second,log2rfu,372,93.5210939952583,2,4.920000000000001e-21,1.157939393939394e-20,9.64685537460019e-20,Kruskal-Wallis
ST4S6,Third,log2rfu,326,93.43865590722794,2,5.1300000000000004e-21,1.2061453077699294e-20,1.004846143564068e-19,Kruskal-Wallis
HVEM,Third,log2rfu,326,93.41397636709303,2,5.1900000000000005e-21,1.2190221774193549e-20,1.015573932931608e-19,Kruskal-Wallis
"GAPDH, liver",Second,log2rfu,372,93.36305947549613,2,5.33e-21,1.2506445115810675e-20,1.0419186696131623e-19,Kruskal-Wallis
Notch-3,Third,log2rfu,326,93.34009937848646,2,5.39e-21,1.2634507042253522e-20,1.0525875775875593e-19,Kruskal-Wallis
SCGF-alpha,Second,log2rfu,372,93.32743483804029,2,5.420000000000001e-21,1.269206030150754e-20,1.0573823705729806e-19,Kruskal-Wallis
Karyopherin-a2,Third,log2rfu,326,93.26137695543684,2,5.600000000000001e-21,1.3100401606425703e-20,1.0914015043259105e-19,Kruskal-Wallis
Lymphotoxin b R,Third,log2rfu,326,93.02555444399468,2,6.310000000000001e-21,1.474653961885657e-20,1.2285421475725942e-19,Kruskal-Wallis
FCN2,Second,log2rfu,372,92.99131292387915,2,6.41e-21,1.496523046092184e-20,1.2467613992553264e-19,Kruskal-Wallis
CBPE,Third,log2rfu,326,92.95408275665386,2,6.540000000000001e-21,1.5253453453453455e-20,1.2707734117936307e-19,Kruskal-Wallis
PLPP,Third,log2rfu,326,92.89955890287047,2,6.72e-21,1.56576e-20,1.304443077970328e-19,Kruskal-Wallis
Rb,Third,log2rfu,326,92.83585677073552,2,6.9300000000000008e-21,1.6130769230769232e-20,1.343863061095805e-19,Kruskal-Wallis
BST1,Third,log2rfu,326,92.77656699256045,2,7.14e-21,1.660299401197605e-20,1.383204361620233e-19,Kruskal-Wallis
HVEM,Second,log2rfu,372,92.49755776497727,2,8.21e-21,1.907208374875374e-20,1.588905555674701e-19,Kruskal-Wallis
Leptin,Third,log2rfu,326,92.1994441279528,2,9.530000000000001e-21,2.2116434262948213e-20,1.8425320345192483e-19,Kruskal-Wallis
Contactin-4,Second,log2rfu,372,91.95495935976442,2,1.08e-20,2.5013916500994037e-20,2.0839228382797767e-19,Kruskal-Wallis
IL-17 sR,Second,log2rfu,372,91.95657414197967,2,1.08e-20,2.5013916500994037e-20,2.0839228382797767e-19,Kruskal-Wallis
EPO-R,Third,log2rfu,326,91.81697822418982,2,1.15e-20,2.660873882820258e-20,2.2167883441887103e-19,Kruskal-Wallis
TFPI,Second,log2rfu,372,91.72735255635303,2,1.21e-20,2.796924603174603e-20,2.3301329311107814e-19,Kruskal-Wallis
AMPM2,Second,log2rfu,372,91.51321524472587,2,1.34e-20,3.094350842418236e-20,2.577920330832388e-19,Kruskal-Wallis
Factor I,Third,log2rfu,326,91.50760081456951,2,1.35e-20,3.111275964391691e-20,2.5920207409859737e-19,Kruskal-Wallis
WIF-1,Third,log2rfu,326,91.504350134167,2,1.35e-20,3.111275964391691e-20,2.5920207409859737e-19,Kruskal-Wallis
Olfactomedin-4,Third,log2rfu,326,91.4532187464954,2,1.38e-20,3.177272727272727e-20,2.6470029991281003e-19,Kruskal-Wallis
XTP3A,Second,log2rfu,372,91.18152130463181,2,1.59e-20,3.65715695952616e-20,3.046797134238268e-19,Kruskal-Wallis
"Myokinase, human",Third,log2rfu,326,91.12705932500126,2,1.63e-20,3.745463510848126e-20,3.1203657971312846e-19,Kruskal-Wallis
LRRT3,Second,log2rfu,372,91.08340743991221,2,1.67e-20,3.833596059113301e-20,3.193789497141754e-19,Kruskal-Wallis
Carbonic anhydrase XIII,Third,log2rfu,326,90.67410982051774,2,2.04e-20,4.6783464566929134e-20,3.8975555971413763e-19,Kruskal-Wallis
RAN,Second,log2rfu,372,90.61093997811099,2,2.11e-20,4.834119960668633e-20,4.0273313411840843e-19,Kruskal-Wallis
IL-11,Third,log2rfu,326,90.54845775220224,2,2.18e-20,4.9895874263261294e-20,4.15685212305775e-19,Kruskal-Wallis
sCD4,Second,log2rfu,372,90.50597760248229,2,2.22e-20,5.076153091265947e-20,4.2289704441418524e-19,Kruskal-Wallis
annexin II,Third,log2rfu,326,90.33613375006871,2,2.42e-20,5.528039215686274e-20,4.605439205018957e-19,Kruskal-Wallis
RS3,Third,log2rfu,326,90.24371344761744,2,2.53e-20,5.773653281096963e-20,4.810061604031017e-19,Kruskal-Wallis
Somatostatin-28,Second,log2rfu,372,90.20758444753938,2,2.58e-20,5.881996086105675e-20,4.900322577642236e-19,Kruskal-Wallis
PSD7,Second,log2rfu,372,90.1617281335084,2,2.64e-20,6.012903225806453e-20,5.00938201985533e-19,Kruskal-Wallis
ASAHL,Third,log2rfu,326,90.13174318351116,2,2.68e-20,6.098046874999999e-20,5.080315651972422e-19,Kruskal-Wallis
gpIIbIIIa,Second,log2rfu,372,89.8385015936949,2,3.1e-20,7.046829268292683e-20,5.870751367171917e-19,Kruskal-Wallis
TF,Second,log2rfu,372,89.75659327922767,2,3.23e-20,7.335185185185186e-20,6.110982232554998e-19,Kruskal-Wallis
NRX1B,Second,log2rfu,372,89.72339861914611,2,3.29e-20,7.464167478091528e-20,6.218438074550209e-19,Kruskal-Wallis
Sonic Hedgehog,Third,log2rfu,326,89.71349846880662,2,3.3e-20,7.479571984435798e-20,6.2312716516439715e-19,Kruskal-Wallis
PAI-1,Second,log2rfu,372,89.69744524806129,2,3.33e-20,7.540233236151604e-20,6.281808866735492e-19,Kruskal-Wallis
Coagulation Factor IX,Third,log2rfu,326,89.69180106537601,2,3.34e-20,7.555533980582524e-20,6.294555999221127e-19,Kruskal-Wallis
dopa decarboxylase,Third,log2rfu,326,88.97470330376632,2,4.78e-20,1.0802521823472356e-19,8.999639036156194e-19,Kruskal-Wallis
Sonic Hedgehog,Second,log2rfu,372,88.9636476894566,2,4.81e-20,1.0859786821705428e-19,9.047346814203345e-19,Kruskal-Wallis
sICAM-5,Third,log2rfu,326,88.95211462799193,2,4.83e-20,1.0894385285575992e-19,9.076170980553468e-19,Kruskal-Wallis
RGMB,Third,log2rfu,326,88.55860559788198,2,5.88e-20,1.3249903288201162e-19,1.1038565698491652e-18,Kruskal-Wallis
ASAH2,Third,log2rfu,326,88.40038116780761,2,6.37e-20,1.4340193236714973e-19,1.1946892119092173e-18,Kruskal-Wallis
MK13,Third,log2rfu,326,88.36345717748964,2,6.49e-20,1.459623552123552e-19,1.2160202323536363e-18,Kruskal-Wallis
HPT,Third,log2rfu,326,88.33188903340874,2,6.59e-20,1.4806846673095468e-19,1.2335663606994278e-18,Kruskal-Wallis
Periostin,Third,log2rfu,326,88.278255516228,2,6.77e-20,1.5196628131021192e-19,1.2660392636163753e-18,Kruskal-Wallis
MATN2,Third,log2rfu,326,88.18557009181859,2,7.09e-20,1.5899615014436957e-19,1.3246054789990412e-18,Kruskal-Wallis
Dkk-4,Second,log2rfu,372,88.11564646837769,2,7.34e-20,1.6444423076923079e-19,1.3699937317282233e-18,Kruskal-Wallis
C34 gp41 HIV Fragment,Third,log2rfu,326,88.06352653405293,2,7.54e-20,1.6876272814601345e-19,1.4059713656592037e-18,Kruskal-Wallis
I-TAC,Third,log2rfu,326,88.01522046965556,2,7.72e-20,1.726257197696737e-19,1.4381541566600019e-18,Kruskal-Wallis
BMP-14,Second,log2rfu,372,87.93389493055565,2,8.04e-20,1.7960882070949185e-19,1.4963307461993557e-18,Kruskal-Wallis
sCD163,Second,log2rfu,372,87.7801453090658,2,8.69e-20,1.939434865900383e-19,1.61575361868873e-18,Kruskal-Wallis
Caspase-2,Second,log2rfu,372,87.6160704125275,2,9.43e-20,2.1025741626794257e-19,1.7516658443352972e-18,Kruskal-Wallis
LCK,Third,log2rfu,326,87.5457383771543,2,9.77e-20,2.176300191204589e-19,1.813087395260019e-18,Kruskal-Wallis
Kallikrein 6,Third,log2rfu,326,87.48956447681394,2,1e-19,2.225405921680993e-19,1.85399764345171e-18,Kruskal-Wallis
PACAP-27,Second,log2rfu,372,87.26981951891366,2,1.12e-19,2.490076335877863e-19,2.074495989138562e-18,Kruskal-Wallis
cGMP-stimulated PDE,Second,log2rfu,372,87.2095590548704,2,1.16e-19,2.5740952380952383e-19,2.144492588499972e-18,Kruskal-Wallis
BARK1,Third,log2rfu,326,87.20517121197031,2,1.16e-19,2.5740952380952383e-19,2.144492588499972e-18,Kruskal-Wallis
Carbonic Anhydrase IV,Third,log2rfu,326,87.04015027162336,2,1.26e-19,2.7933396764985726e-19,2.3271463094142384e-18,Kruskal-Wallis
FST,Third,log2rfu,326,86.98440818083418,2,1.29e-19,2.8571292775665396e-19,2.3802897691779304e-18,Kruskal-Wallis
Cathepsin G,Second,log2rfu,372,86.83281166076245,2,1.39e-19,3.075688509021842e-19,2.5623726404981736e-18,Kruskal-Wallis
ESAM,Second,log2rfu,372,86.60388307350308,2,1.56e-19,3.4485768500948763e-19,2.8730279231523217e-18,Kruskal-Wallis
EPI,Second,log2rfu,372,86.58400352903573,2,1.58e-19,3.489478672985782e-19,2.9071034518070386e-18,Kruskal-Wallis
VEGF121,Third,log2rfu,326,86.49398624404876,2,1.65e-19,3.640625e-19,3.0330242698342813e-18,Kruskal-Wallis
PKB a/b/g,Third,log2rfu,326,86.40297673175269,2,1.73e-19,3.8135288552507092e-19,3.1770714016655784e-18,Kruskal-Wallis
Coagulation Factor IXab,Second,log2rfu,372,86.3206461885809,2,1.8e-19,3.9640831758034026e-19,3.302499015925418e-18,Kruskal-Wallis
Albumin,Second,log2rfu,372,86.26828953738004,2,1.85e-19,4.070349386213409e-19,3.3910299674067895e-18,Kruskal-Wallis
BFL1,Second,log2rfu,372,86.23166692950622,2,1.88e-19,4.1324528301886794e-19,3.4427686806269886e-18,Kruskal-Wallis
TRY3,Second,log2rfu,372,86.21156420375723,2,1.9e-19,4.1724787935909515e-19,3.476114526030619e-18,Kruskal-Wallis
EPHAA,Second,log2rfu,372,86.13416873241545,2,1.98e-19,4.34406779661017e-19,3.619066247395482e-18,Kruskal-Wallis
IFN-g,Second,log2rfu,372,85.98146608914499,2,2.13e-19,4.668767638758231e-19,3.889575432397077e-18,Kruskal-Wallis
SGTA,Second,log2rfu,372,85.95554048352551,2,2.16e-19,4.730075187969925e-19,3.9406510814087516e-18,Kruskal-Wallis
Cytidylate kinase,Second,log2rfu,372,85.91850357260523,2,2.2e-19,4.813145539906103e-19,4.009857438428797e-18,Kruskal-Wallis
PDE5A,Second,log2rfu,372,85.67411576132281,2,2.49e-19,5.44249530956848e-19,4.534172116705358e-18,Kruskal-Wallis
C9,Second,log2rfu,372,85.47861003882917,2,2.75e-19,6.005154639175257e-19,5.002926630654485e-18,Kruskal-Wallis
MCP-4,Third,log2rfu,326,85.36720817206333,2,2.9e-19,6.326779026217228e-19,5.270873637464819e-18,Kruskal-Wallis
MMP-12,Second,log2rfu,372,85.17058755517473,2,3.2e-19,6.974742750233864e-19,5.810695701235369e-18,Kruskal-Wallis
ABL2,Second,log2rfu,372,85.07795718981879,2,3.35e-19,7.288048552754434e-19,6.0717124505366015e-18,Kruskal-Wallis
UFM1,Third,log2rfu,326,85.07781976818478,2,3.35e-19,7.288048552754434e-19,6.0717124505366015e-18,Kruskal-Wallis
Clusterin,Third,log2rfu,326,84.9751769702691,2,3.53e-19,7.672481343283583e-19,6.391985476128368e-18,Kruskal-Wallis
TGF-b R III,Third,log2rfu,326,84.8019724861424,2,3.85e-19,8.360205032618827e-19,6.964931780868286e-18,Kruskal-Wallis
Thymidine kinase,Second,log2rfu,372,84.60966824594789,2,4.24e-19,9.19851024208566e-19,7.663328359983527e-18,Kruskal-Wallis
BASI,Third,log2rfu,326,84.50070479452734,2,4.48e-19,9.710139534883722e-19,8.08956947578498e-18,Kruskal-Wallis
CTGF,Second,log2rfu,372,84.49529147211001,2,4.49e-19,9.722769516728624e-19,8.100091581594602e-18,Kruskal-Wallis
Gelsolin,Third,log2rfu,326,84.40790135502266,2,4.69e-19,1.0146425255338904e-18,8.453041456206667e-18,Kruskal-Wallis
PDK1,Third,log2rfu,326,83.89520540282888,2,6.06e-19,1.3098144712430427e-18,1.091213481273217e-17,Kruskal-Wallis
Ephrin-A5,Second,log2rfu,372,83.87425018428394,2,6.12e-19,1.3215569972196478e-18,1.1009962428254786e-17,Kruskal-Wallis
Karyopherin-a2,Second,log2rfu,372,83.66571703395925,2,6.8e-19,1.4670370370370372e-18,1.2221964465109996e-17,Kruskal-Wallis
PAK7,Second,log2rfu,372,83.64163801640802,2,6.88e-19,1.482923219241443e-18,1.2354313103547003e-17,Kruskal-Wallis
Tropomyosin 2,Third,log2rfu,326,83.48317948308272,2,7.44e-19,1.6021441774491683e-18,1.3347549319078482e-17,Kruskal-Wallis
SOD,Second,log2rfu,372,83.46042765672655,2,7.53e-19,1.6200277008310247e-18,1.3496537914298586e-17,Kruskal-Wallis
SLAF7,Third,log2rfu,326,83.4311769345154,2,7.64e-19,1.642177121771218e-18,1.3681065931532936e-17,Kruskal-Wallis
FGF-8B,Second,log2rfu,372,83.30373811416075,2,8.14e-19,1.748036866359447e-18,1.456298915772228e-17,Kruskal-Wallis
sICAM-2,Second,log2rfu,372,83.02940531907007,2,9.34e-19,2.0038858195211786e-18,1.6694480548214918e-17,Kruskal-Wallis
DRR1,Third,log2rfu,326,82.97129972049288,2,9.62e-19,2.062060717571297e-18,1.7179138753004328e-17,Kruskal-Wallis
GDF-11,Third,log2rfu,326,82.94499541277423,2,9.74e-19,2.0858639705882353e-18,1.7377444934227002e-17,Kruskal-Wallis
BMPER,Second,log2rfu,372,82.74329807944287,2,1.08e-18,2.3107438016528924e-18,1.925093090274982e-17,Kruskal-Wallis
3HIDH,Third,log2rfu,326,82.61429474249053,2,1.15e-18,2.4582568807339448e-18,2.0479870299064507e-17,Kruskal-Wallis
NCAM-L1,Third,log2rfu,326,82.43249216735921,2,1.26e-18,2.6909257561869847e-18,2.2418247215347065e-17,Kruskal-Wallis
calgranulin B,Second,log2rfu,372,82.39052145814185,2,1.29e-18,2.7524725274725276e-18,2.2930996677428418e-17,Kruskal-Wallis
hnRNP A2/B1,Second,log2rfu,372,82.34501706033097,2,1.32e-18,2.8139066788655078e-18,2.344280789712718e-17,Kruskal-Wallis
PPID,Second,log2rfu,372,82.14114183464017,2,1.46e-18,3.1066666666666667e-18,2.5881807102585868e-17,Kruskal-Wallis
Nucleoside diphosphate kinase A,Second,log2rfu,372,82.13764993647646,2,1.46e-18,3.1066666666666667e-18,2.5881807102585868e-17,Kruskal-Wallis
BCAM,Second,log2rfu,372,82.09072060185122,2,1.49e-18,3.1676094890510944e-18,2.6389525033886597e-17,Kruskal-Wallis
AMHR2,Second,log2rfu,372,82.00787735564973,2,1.56e-18,3.3134001823154057e-18,2.7604115141317658e-17,Kruskal-Wallis
Cadherin-12,Third,log2rfu,326,81.94757740149203,2,1.6e-18,3.395264116575592e-18,2.828612798096817e-17,Kruskal-Wallis
Coagulation Factor XI,Third,log2rfu,326,81.7939652806574,2,1.73e-18,3.66778889899909e-18,3.055654660200652e-17,Kruskal-Wallis
GP1BA,Second,log2rfu,372,81.75750008082127,2,1.76e-18,3.728e-18,3.105816852310304e-17,Kruskal-Wallis
IL-1 sR9,Second,log2rfu,372,81.60596254321558,2,1.9e-18,4.020890099909173e-18,3.349825169953212e-17,Kruskal-Wallis
STK16,Third,log2rfu,326,81.4608095751721,2,2.05e-18,4.334392014519056e-18,3.611005301290905e-17,Kruskal-Wallis
Trypsin,Second,log2rfu,372,81.13355559928027,2,2.41e-18,5.0909338168631e-18,4.241284346139979e-17,Kruskal-Wallis
GRN,Second,log2rfu,372,81.12264242206857,2,2.42e-18,5.107427536231884e-18,4.255025352463166e-17,Kruskal-Wallis
Ficolin-3,Third,log2rfu,326,80.90353765959458,2,2.7e-18,5.693212669683258e-18,4.743046097985193e-17,Kruskal-Wallis
Fibronectin,Third,log2rfu,326,80.73111601358687,2,2.95e-18,6.214737793851718e-18,5.177531484129407e-17,Kruskal-Wallis
IFN-lambda 2,Second,log2rfu,372,80.7216868697692,2,2.96e-18,6.2245487364620945e-18,5.1857050331895884e-17,Kruskal-Wallis
Insulin,Third,log2rfu,326,80.71950416621212,2,2.96e-18,6.2245487364620945e-18,5.1857050331895884e-17,Kruskal-Wallis
HPV E7 Type 16,Third,log2rfu,326,80.62960542037058,2,3.1e-18,6.513074842200181e-18,5.426077683815343e-17,Kruskal-Wallis
Fractalkine/CX3CL-1,Second,log2rfu,372,80.55002637149414,2,3.23e-18,6.78009009009009e-18,5.64852952306435e-17,Kruskal-Wallis
TPSG1,Third,log2rfu,326,80.53012861131424,2,3.26e-18,6.836903690369036e-18,5.695861239047926e-17,Kruskal-Wallis
EG-VEGF,Second,log2rfu,372,80.50772252363572,2,3.3e-18,6.9145683453237415e-18,5.760564080836334e-17,Kruskal-Wallis
17-beta-HSD 1,Second,log2rfu,372,80.30696110987742,2,3.64e-18,7.620125786163522e-18,6.348367779879553e-17,Kruskal-Wallis
SPHK2,Second,log2rfu,372,80.21944992414683,2,3.81e-18,7.968850987432674e-18,6.638892620793458e-17,Kruskal-Wallis
FAM107B,Second,log2rfu,372,80.11304525771766,2,4.01e-18,8.37964125560538e-18,6.981124202782692e-17,Kruskal-Wallis
Notch 1,Second,log2rfu,372,80.07564223103327,2,4.09e-18,8.53915770609319e-18,7.114018215697325e-17,Kruskal-Wallis
PECAM-1,Third,log2rfu,326,79.97153467527892,2,4.31e-18,8.990420769919428e-18,7.489967901442152e-17,Kruskal-Wallis
TrkC,Third,log2rfu,326,79.96259003888326,2,4.33e-18,9.024060822898034e-18,7.517993610523044e-17,Kruskal-Wallis
HPLN1,Second,log2rfu,372,79.91603460688339,2,4.43e-18,9.224218051831993e-18,7.684745674561356e-17,Kruskal-Wallis
Carbonic anhydrase I,Third,log2rfu,326,79.82885679964556,2,4.63e-18,9.623461195361283e-18,8.01735728490004e-17,Kruskal-Wallis
Protein S,Third,log2rfu,326,79.82721837303689,2,4.63e-18,9.623461195361283e-18,8.01735728490004e-17,Kruskal-Wallis
RGMA,Second,log2rfu,372,79.65194764232774,2,5.06e-18,1.0507843137254902e-17,8.754140637639338e-17,Kruskal-Wallis
G-CSF,Third,log2rfu,326,79.62605038671927,2,5.12e-18,1.0622974176313446e-17,8.850056925550289e-17,Kruskal-Wallis
BMP-1,Third,log2rfu,326,79.53931800682722,2,5.35e-18,1.1090302491103203e-17,9.239390658285214e-17,Kruskal-Wallis
PDGF-AA,Second,log2rfu,372,79.513339083898245,2,5.42e-18,1.1225422222222222e-17,9.351959633067694e-17,Kruskal-Wallis
EDAR,Second,log2rfu,372,79.50177878581326,2,5.45e-18,1.127753108348135e-17,9.395371805667828e-17,Kruskal-Wallis
CLF-1/CLC Complex,Second,log2rfu,372,79.3691277499322,2,5.82e-18,1.2032475598935226e-17,1.0024320142217154e-16,Kruskal-Wallis
PRL,Third,log2rfu,326,78.99743922606672,2,7.01e-18,1.4479875886524823e-17,1.2063262485979188e-16,Kruskal-Wallis
PBEF,Second,log2rfu,372,78.95555434574521,2,7.16e-18,1.4776616474756424e-17,1.2310478666154663e-16,Kruskal-Wallis
CD23,Second,log2rfu,372,78.85427008516217,2,7.53e-18,1.5526460176991152e-17,1.2935177487774667e-16,Kruskal-Wallis
"Fas ligand, soluble",Second,log2rfu,372,78.65207513281166,2,8.34e-18,1.7181432360742708e-17,1.431394371588635e-16,Kruskal-Wallis
cGMP-stimulated PDE,Third,log2rfu,326,78.5990376951388,2,8.56e-18,1.7619081272084807e-17,1.4678551377968312e-16,Kruskal-Wallis
PAK3,Third,log2rfu,326,78.51475180308216,2,8.93e-18,1.836443071491615e-17,1.529950600790546e-16,Kruskal-Wallis
Macrophage scavenger receptor,Third,log2rfu,326,78.39050113957887,2,9.5e-18,1.9519400352733688e-17,1.626171742556652e-16,Kruskal-Wallis
LD78-beta,Second,log2rfu,372,78.31538603916124,2,9.86e-18,2.024123348017621e-17,1.6863080486662777e-16,Kruskal-Wallis
Coagulation Factor Xa,Second,log2rfu,372,78.25038449084082,2,1.02e-17,2.0920774647887324e-17,1.7429209888625167e-16,Kruskal-Wallis
ERBB4,Third,log2rfu,326,78.1154235114841,2,1.09e-17,2.2336851363236585e-17,1.8608951017030738e-16,Kruskal-Wallis
MK11,Second,log2rfu,372,77.97985032230645,2,1.17e-17,2.395518453427065e-17,1.9957193086572143e-16,Kruskal-Wallis
KIF23,Third,log2rfu,326,77.92308692293591,2,1.2e-17,2.4547848990342402e-17,2.0450945032771978e-16,Kruskal-Wallis
DKK1,Second,log2rfu,372,77.91108478246633,2,1.21e-17,2.4709027169149867e-17,2.0585223440487885e-16,Kruskal-Wallis
SEPR,Second,log2rfu,372,77.89885785338015,2,1.21e-17,2.4709027169149867e-17,2.0585223440487885e-16,Kruskal-Wallis
Cathepsin B,Second,log2rfu,372,77.84984527465326,2,1.24e-17,2.5299474605954464e-17,2.107712837601126e-16,Kruskal-Wallis
BGN,Second,log2rfu,372,77.80942931433992,2,1.27e-17,2.588888888888889e-17,2.1568172585488225e-16,Kruskal-Wallis
C1QBP,Second,log2rfu,372,77.57823768438197,2,1.43e-17,2.9125e-17,2.426419415867425e-16,Kruskal-Wallis
IL-16,Second,log2rfu,372,77.5547890445489,2,1.44e-17,2.9303056768558956e-17,2.4412534210299336e-16,Kruskal-Wallis
B7-H2,Second,log2rfu,372,77.31499941041125,2,1.63e-17,3.3140488656195464e-17,2.760951935681608e-16,Kruskal-Wallis
Kallikrein 4,Second,log2rfu,372,77.25329241621807,2,1.68e-17,3.412728857890149e-17,2.843162768025998e-16,Kruskal-Wallis
Angiogenin,Third,log2rfu,326,76.97818642502398,2,1.92e-17,3.896864111498258e-17,3.246498451892304e-16,Kruskal-Wallis
ARGI1,Second,log2rfu,372,76.87736094206139,2,2.02e-17,4.0962576153176675e-17,3.41261425242973e-16,Kruskal-Wallis
PAK6,Second,log2rfu,372,76.84356222925953,2,2.06e-17,4.173739130434782e-17,3.477164519434363e-16,Kruskal-Wallis
SHC1,Second,log2rfu,372,76.82267895250448,2,2.08e-17,4.210599478714162e-17,3.5078730738517776e-16,Kruskal-Wallis
"CD40 ligand, soluble",Second,log2rfu,372,76.70029246411809,2,2.21e-17,4.469878472222223e-17,3.723879797963202e-16,Kruskal-Wallis
BMP RII,Second,log2rfu,372,76.61403071065615,2,2.31e-17,4.6680832610581085e-17,3.8890052736539476e-16,Kruskal-Wallis
CTAP-III,Second,log2rfu,372,76.49161003396057,2,2.46e-17,4.96689774696707e-17,4.1379492291395956e-16,Kruskal-Wallis
FGF-10,Second,log2rfu,372,76.4115825186625,2,2.56e-17,5.164329004329004e-17,4.3024302715986903e-16,Kruskal-Wallis
CD22,Second,log2rfu,372,76.2428514296978,2,2.78e-17,5.603287197231835e-17,4.668128703191311e-16,Kruskal-Wallis
Carbonic anhydrase VII,Second,log2rfu,372,76.14164105688837,2,2.92e-17,5.88038029386344e-17,4.898976452434145e-16,Kruskal-Wallis
HPT,Second,log2rfu,372,75.74794298061033,2,3.56e-17,7.163039723661486e-17,5.96756692261695e-16,Kruskal-Wallis
FCG2A/B,Second,log2rfu,372,75.74416848188343,2,3.57e-17,7.176962899050906e-17,5.979166394924389e-16,Kruskal-Wallis
PDGF Rb,Second,log2rfu,372,75.64615001622155,2,3.75e-17,7.532327586206897e-17,6.275222627243342e-16,Kruskal-Wallis
ACTH,Second,log2rfu,372,75.5192713709157,2,3.99e-17,8.00749354005168e-17,6.671085939232404e-16,Kruskal-Wallis
bFGF,Second,log2rfu,372,75.50938337801608,2,4.01e-17,8.040705679862306e-17,6.6987551515513775e-16,Kruskal-Wallis
NRX1B,Third,log2rfu,326,75.48041460588342,2,4.07e-17,8.153998280309544e-17,6.793139826366585e-16,Kruskal-Wallis
UNC5H4,Third,log2rfu,326,75.00410700910516,2,5.16e-17,1.0328865979381444e-16,8.605033804725715e-16,Kruskal-Wallis
HDAC8,Second,log2rfu,372,74.9002524309758,2,5.44e-17,1.0870668953687823e-16,9.05641277689111e-16,Kruskal-Wallis
LRIG3,Second,log2rfu,372,74.89963496276278,2,5.44e-17,1.0870668953687823e-16,9.05641277689111e-16,Kruskal-Wallis
"CXCL16, soluble",Third,log2rfu,326,74.43187867042661,2,6.88e-17,1.3736418166238218e-16,1.1443883860269331e-15,Kruskal-Wallis
HCK,Second,log2rfu,372,74.40338766302375,2,6.97e-17,1.3904195205479452e-16,1.158365981410682e-15,Kruskal-Wallis
BCAM,Third,log2rfu,326,74.33869004082476,2,7.2e-17,1.4350727117194183e-16,1.1955667951579444e-15,Kruskal-Wallis
Granzyme H,Third,log2rfu,326,74.32860276691645,2,7.24e-17,1.4418119658119658e-16,1.2011813039918059e-15,Kruskal-Wallis
P-Cadherin,Second,log2rfu,372,74.2448368906771,2,7.55e-17,1.502263023057216e-16,1.2515434049393039e-15,Kruskal-Wallis
OLR1,Third,log2rfu,326,74.14215834385595,2,7.95e-17,1.580503412969283e-16,1.3167258946174766e-15,Kruskal-Wallis
C3adesArg,Second,log2rfu,372,74.1310327254323,2,7.99e-17,1.5871014492753622e-16,1.3222227541538435e-15,Kruskal-Wallis
RBM39,Third,log2rfu,326,74.05275150448301,2,8.31e-17,1.6492589437819422e-16,1.3740064971624058e-15,Kruskal-Wallis
PPIB,Third,log2rfu,326,74.04417089926505,2,8.35e-17,1.655787234042553e-16,1.3794452508931405e-15,Kruskal-Wallis
MASP3,Second,log2rfu,372,73.74519143711768,2,9.69e-17,1.9198724489795918e-16,1.5994560639289352e-15,Kruskal-Wallis
ILT-2,Second,log2rfu,372,73.68743297382002,2,9.98e-17,1.9756499575191163e-16,1.6459246063114293e-15,Kruskal-Wallis
ADAMTS-4,Second,log2rfu,372,73.6438569744214,2,1.02e-16,2.0174872665534805e-16,1.680779493504091e-15,Kruskal-Wallis
IgD,Second,log2rfu,372,73.54491371043991,2,1.07e-16,2.1145886344359626e-16,1.7616751653795726e-15,Kruskal-Wallis
Activated Protein C,Third,log2rfu,326,73.51603051409461,2,1.09e-16,2.1522881355932203e-16,1.7930828225732164e-15,Kruskal-Wallis
CBX5,Third,log2rfu,326,73.1813504446377,2,1.28e-16,2.525317527519052e-16,2.1038556154515186e-15,Kruskal-Wallis
GITR,Third,log2rfu,326,73.0712603914385,2,1.36e-16,2.678613693998309e-16,2.2315674763007257e-15,Kruskal-Wallis
Sphingosine kinase 1,Third,log2rfu,326,73.06903092568109,2,1.36e-16,2.678613693998309e-16,2.2315674763007257e-15,Kruskal-Wallis
ASGR1,Third,log2rfu,326,72.68758968623479,2,1.64e-16,3.227364864864865e-16,2.6887350283936336e-15,Kruskal-Wallis
Cathepsin A,Second,log2rfu,372,72.61285403110878,2,1.71e-16,3.362278481012658e-16,2.8011322876849266e-15,Kruskal-Wallis
Cripto,Second,log2rfu,372,72.5189936114175,2,1.79e-16,3.516610455311973e-16,2.929707085600466e-15,Kruskal-Wallis
IL-22,Second,log2rfu,372,72.48934741063886,2,1.82e-16,3.572535804549284e-16,2.976298794863497e-15,Kruskal-Wallis
Cathepsin H,Third,log2rfu,326,72.45764277626813,2,1.85e-16,3.6283670033670033e-16,3.0228120669055467e-15,Kruskal-Wallis
IL-15 Ra,Second,log2rfu,372,72.41907057887397,2,1.88e-16,3.684104289318755e-16,3.0692470996338163e-15,Kruskal-Wallis
Mn SOD,Second,log2rfu,372,72.35764014986785,2,1.94e-16,3.795298068849706e-16,3.1618832354544456e-15,Kruskal-Wallis
SRCN1,Second,log2rfu,372,72.3546051716171,2,1.94e-16,3.795298068849706e-16,3.1618832354544456e-15,Kruskal-Wallis
JAG1,Third,log2rfu,326,72.22303608566426,2,2.07e-16,4.046224832214765e-16,3.370931671708437e-15,Kruskal-Wallis
kallikrein 5,Second,log2rfu,372,72.20924288138781,2,2.09e-16,4.081894383906119e-16,3.4006481670832654e-15,Kruskal-Wallis
FCAR,Second,log2rfu,372,72.15675917731392,2,2.14e-16,4.1760469011725295e-16,3.4790871356491055e-15,Kruskal-Wallis
TPSG1,Second,log2rfu,372,72.11350773892946,2,2.19e-16,4.2664715719063544e-16,3.554420415217165e-15,Kruskal-Wallis
MAPK5,Third,log2rfu,326,72.11574905158454,2,2.19e-16,4.2664715719063544e-16,3.554420415217165e-15,Kruskal-Wallis
b-ECGF,Second,log2rfu,372,72.08846023951628,2,2.22e-16,4.321303258145364e-16,3.6001009879536736e-15,Kruskal-Wallis
discoidin domain receptor 1,Third,log2rfu,326,71.8403062470768,2,2.51e-16,4.881719532554257e-16,4.0669868005524125e-15,Kruskal-Wallis
Kallistatin,Third,log2rfu,326,71.70381744615042,2,2.69e-16,5.22743953294412e-16,4.35500799244929e-15,Kruskal-Wallis
PESC,Second,log2rfu,372,71.69113437338365,2,2.71e-16,5.261916666666667e-16,4.383731078000483e-15,Kruskal-Wallis
ILT-2,Third,log2rfu,326,71.40413340538066,2,3.12e-16,6.052955870108243e-16,5.042750093259861e-15,Kruskal-Wallis
ERBB3,Second,log2rfu,372,71.38832877954178,2,3.15e-16,6.106073211314476e-16,5.087002435928379e-15,Kruskal-Wallis
Cripto,Third,log2rfu,326,71.31337303761507,2,3.27e-16,6.333416458852868e-16,5.276403318295249e-15,Kruskal-Wallis
sICAM-2,Third,log2rfu,326,71.11720094451175,2,3.61e-16,6.986129568106313e-16,5.8201821204527614e-15,Kruskal-Wallis
RASA1,Third,log2rfu,326,70.9738525476107,2,3.87e-16,7.483070539419087e-16,6.234186316618713e-15,Kruskal-Wallis
RELT,Second,log2rfu,372,70.89315672035764,2,4.03e-16,7.785986733001658e-16,6.4865474268296675e-15,Kruskal-Wallis
Macrophage mannose receptor,Second,log2rfu,372,70.8682919962032,2,4.08e-16,7.876056338028169e-16,6.561584899247123e-15,Kruskal-Wallis
SHP-2,Second,log2rfu,372,70.86134221040516,2,4.1e-16,7.908112582781457e-16,6.588291129176453e-15,Kruskal-Wallis
pTEN,Second,log2rfu,372,70.64649299333837,2,4.56e-16,8.788089330024814e-16,7.32140449055779e-15,Kruskal-Wallis
FGF-18,Second,log2rfu,372,70.62970120931254,2,4.6e-16,8.857851239669421e-16,7.379523512720765e-15,Kruskal-Wallis
Caspase-3,Third,log2rfu,326,70.60040255018725,2,4.67e-16,8.98521882741536e-16,7.485634135161604e-15,Kruskal-Wallis
"Haptoglobin, Mixed Type",Second,log2rfu,372,70.58715327060213,2,4.7e-16,9.035478547854786e-16,7.527505778598614e-15,Kruskal-Wallis
Survivin,Third,log2rfu,326,70.53916402855202,2,4.82e-16,9.25853256389118e-16,7.713333279130084e-15,Kruskal-Wallis
GM-CSF,Second,log2rfu,372,70.3546764519624,2,5.28e-16,1.0133772652388797e-15,8.442500504632624e-15,Kruskal-Wallis
Prolactin Receptor,Second,log2rfu,372,70.28018932993291,2,5.48e-16,1.0508971193415637e-15,8.755080427294481e-15,Kruskal-Wallis
CD97,Third,log2rfu,326,70.14471820998051,2,5.86e-16,1.122845394736842e-15,9.354485379594153e-15,Kruskal-Wallis
NID2,Third,log2rfu,326,70.08100313110117,2,6.05e-16,1.1582990961380443e-15,9.649852072964945e-15,Kruskal-Wallis
Neurotrophin-5,Third,log2rfu,326,70.0294523918028,2,6.21e-16,1.1879556650246307e-15,9.89692254353807e-15,Kruskal-Wallis
IL-11,Second,log2rfu,372,69.82236708674873,2,6.89e-16,1.3169565217391303e-15,1.0971635619574444e-14,Kruskal-Wallis
IL-8,Third,log2rfu,326,69.66116561763579,2,7.47e-16,1.4266475409836067e-15,1.188547740100306e-14,Kruskal-Wallis
Calpain I,Second,log2rfu,372,69.48325112913949,2,8.16e-16,1.5571498771498772e-15,1.2972699383114296e-14,Kruskal-Wallis
CHK1,Second,log2rfu,372,69.46651399626512,2,8.23e-16,1.5679394930498774e-15,1.306258825353322e-14,Kruskal-Wallis
Cadherin-12,Second,log2rfu,372,69.46603641293791,2,8.23e-16,1.5679394930498774e-15,1.306258825353322e-14,Kruskal-Wallis
DRAK2,Second,log2rfu,372,69.4602951701911,2,8.26e-16,1.5723692810457516e-15,1.3099493055597996e-14,Kruskal-Wallis
NKp30,Second,log2rfu,372,69.3557623228021,2,8.7e-16,1.6547755102040817e-15,1.3786023783214108e-14,Kruskal-Wallis
CAMK1D,Second,log2rfu,372,69.19486749513976,2,9.43e-16,1.7921615008156605e-15,1.4930593860769865e-14,Kruskal-Wallis
PIM1,Third,log2rfu,326,69.1607118391205,2,9.59e-16,1.821083944580277e-15,1.5171548295464456e-14,Kruskal-Wallis
MIP-3a,Second,log2rfu,372,69.05447386936476,2,1.01e-15,1.916368078175896e-15,1.5965365537629314e-14,Kruskal-Wallis
CDK5/p35,Second,log2rfu,372,69.0460923865844,2,1.02e-15,1.9337672904800652e-15,1.6110319311210896e-14,Kruskal-Wallis
tPA,Second,log2rfu,372,68.98159145083673,2,1.05e-15,1.989024390243902e-15,1.6570669181533636e-14,Kruskal-Wallis
TrkA,Third,log2rfu,326,68.5283945156641,2,1.32e-15,2.4984565393988626e-15,2.0814775817676694e-14,Kruskal-Wallis
Discoidin domain receptor 2,Second,log2rfu,372,68.45685047924462,2,1.36e-15,2.572077922077922e-15,2.1428119516751292e-14,Kruskal-Wallis
HSP 70,Second,log2rfu,372,68.19652898770187,2,1.55e-15,2.9290348742903487e-15,2.440194708577135e-14,Kruskal-Wallis
EF-1-beta,Third,log2rfu,326,68.17157769143182,2,1.57e-15,2.964424635332253e-15,2.4696781088569583e-14,Kruskal-Wallis
LYNB,Third,log2rfu,326,68.09828197954198,2,1.63e-15,3.0752226720647774e-15,2.5619845492235812e-14,Kruskal-Wallis
DLRB1,Third,log2rfu,326,68.07578502035085,2,1.65e-15,3.1104368932038835e-15,2.5913217062661823e-14,Kruskal-Wallis
LGMN,Third,log2rfu,326,67.80498060013383,2,1.89e-15,3.559983831851253e-15,2.965841678893732e-14,Kruskal-Wallis
14-3-3,Third,log2rfu,326,67.73207257830586,2,1.96e-15,3.688852988691438e-15,3.0732032666236856e-14,Kruskal-Wallis
GIB,Second,log2rfu,372,67.66652824048242,2,2.02e-15,3.7956451612903226e-15,3.1621724000336775e-14,Kruskal-Wallis
PSA6,Second,log2rfu,372,67.67225072068504,2,2.02e-15,3.7956451612903226e-15,3.1621724000336775e-14,Kruskal-Wallis
TYK2,Second,log2rfu,372,67.66323228691408,2,2.03e-15,3.811361804995971e-15,3.1752660204421424e-14,Kruskal-Wallis
HPV E7 Type18,Second,log2rfu,372,67.58931539397076,2,2.1e-15,3.9364440868865646e-15,3.2794727422826024e-14,Kruskal-Wallis
b2-Microglobulin,Second,log2rfu,372,67.59177767701794,2,2.1e-15,3.9364440868865646e-15,3.2794727422826024e-14,Kruskal-Wallis
NG36,Third,log2rfu,326,67.58319952469947,2,2.11e-15,3.952009646302251e-15,3.2924404935564423e-14,Kruskal-Wallis
CRP,Second,log2rfu,372,67.48179338066575,2,2.22e-15,4.154698795180723e-15,3.4613019137193157e-14,Kruskal-Wallis
KREM2,Third,log2rfu,326,67.38060986849223,2,2.34e-15,4.375762439807384e-15,3.645471225123451e-14,Kruskal-Wallis
IFN-aA,Third,log2rfu,326,67.35380972977896,2,2.37e-15,4.428307939053729e-15,3.689247163179341e-14,Kruskal-Wallis
IL-17,Third,log2rfu,326,67.00121961966738,2,2.82e-15,5.2649038461538465e-15,4.3862197132988075e-14,Kruskal-Wallis
RSK-like protein kinase,Third,log2rfu,326,66.88070595652198,2,3e-15,5.596477181745396e-15,4.662455242659584e-14,Kruskal-Wallis
MIP-1a,Second,log2rfu,372,66.61943781054492,2,3.42e-15,6.37488e-15,5.310946817450621e-14,Kruskal-Wallis
PDE9A,Second,log2rfu,372,66.57538714977954,2,3.49e-15,6.500159872102318e-15,5.415318152759274e-14,Kruskal-Wallis
TBK1,Third,log2rfu,326,66.45523895542806,2,3.71e-15,6.904392971246006e-15,5.752086921960478e-14,Kruskal-Wallis
FGF-20,Second,log2rfu,372,66.3290480703854,2,3.95e-15,7.345171588188348e-15,6.119301958612182e-14,Kruskal-Wallis
IR,Third,log2rfu,326,65.91134551034952,2,4.87e-15,9.041513944223107e-15,7.532533899776485e-14,Kruskal-Wallis
OX2G,Third,log2rfu,326,65.91113245469569,2,4.87e-15,9.041513944223107e-15,7.532533899776485e-14,Kruskal-Wallis
OMD,Third,log2rfu,326,65.90409784722306,2,4.89e-15,9.07141719745223e-15,7.557446460886441e-14,Kruskal-Wallis
MK12,Second,log2rfu,372,65.62096180228673,2,5.63e-15,1.0435879077167861e-14,8.69418699209776e-14,Kruskal-Wallis
LYN,Second,log2rfu,372,65.42365438325396,2,6.21e-15,1.1501828298887123e-14,9.582235022280897e-14,Kruskal-Wallis
ING1,Second,log2rfu,372,65.31946925831903,2,6.55e-15,1.2121922160444798e-14,1.0098838553729396e-13,Kruskal-Wallis
NKp46,Third,log2rfu,326,65.14566233074083,2,7.14e-15,1.3203333333333334e-14,1.0999768018598995e-13,Kruskal-Wallis
TIMD3,Second,log2rfu,372,65.125063569742,2,7.22e-15,1.3340681998413957e-14,1.1114193930253963e-13,Kruskal-Wallis
Plasmin,Second,log2rfu,372,65.09778636806914,2,7.31e-15,1.3496275752773374e-14,1.1243819923924487e-13,Kruskal-Wallis
IL22RA1,Third,log2rfu,326,64.91466089654318,2,8.02e-15,1.4795407759303247e-14,1.232613378638591e-13,Kruskal-Wallis
Calpain I,Third,log2rfu,326,64.89011378470764,2,8.12e-15,1.4968037974683543e-14,1.24699529473693e-13,Kruskal-Wallis
AMNLS,Third,log2rfu,326,64.85513654067177,2,8.26e-15,1.521407114624506e-14,1.267492450596992e-13,Kruskal-Wallis
Angiostatin,Third,log2rfu,326,64.80898342076443,2,8.45e-15,1.555173775671406e-14,1.295623637540584e-13,Kruskal-Wallis
ALCAM,Third,log2rfu,326,64.795820561749,2,8.51e-15,1.564980268350434e-14,1.3037934793390238e-13,Kruskal-Wallis
D-dimer,Second,log2rfu,372,64.74625453398494,2,8.72e-15,1.602334384858044e-14,1.3349133947232777e-13,Kruskal-Wallis
IL-2 sRa,Third,log2rfu,326,64.68096637184317,2,9.01e-15,1.6543183609141054e-14,1.3782215247889992e-13,Kruskal-Wallis
vWF,Third,log2rfu,326,64.59307171784326,2,9.41e-15,1.7264015748031497e-14,1.4382744380039351e-13,Kruskal-Wallis
Apo E3,Second,log2rfu,372,64.55853055839498,2,9.58e-15,1.7562077104642015e-14,1.4631060899455506e-13,Kruskal-Wallis
B7-2,Second,log2rfu,372,64.29554453032733,2,1.09e-14,1.9966194968553457e-14,1.66339444232421e-13,Kruskal-Wallis
FCN1,Third,log2rfu,326,64.2007165122393,2,1.15e-14,2.1048703849175177e-14,1.7535788394328605e-13,Kruskal-Wallis
LEAP-1,Third,log2rfu,326,64.12127830319741,2,1.19e-14,2.1763736263736266e-14,1.81314857449434e-13,Kruskal-Wallis
MPIF-1,Second,log2rfu,372,64.10976055438232,2,1.2e-14,2.192941176470588e-14,1.8269510895942966e-13,Kruskal-Wallis
CATZ,Third,log2rfu,326,64.0779078535345,2,1.22e-14,2.2277429467084636e-14,1.855944631572576e-13,Kruskal-Wallis
D-dimer,Third,log2rfu,326,63.98554467318286,2,1.28e-14,2.3354737666405637e-14,1.9456957571247014e-13,Kruskal-Wallis
PDE3A,Second,log2rfu,372,63.96523884071257,2,1.29e-14,2.3500390930414387e-14,1.95783020889381e-13,Kruskal-Wallis
Leptin,Second,log2rfu,372,63.95838588076458,2,1.29e-14,2.3500390930414387e-14,1.95783020889381e-13,Kruskal-Wallis
Mammaglobin 2,Second,log2rfu,372,63.915718871010995,2,1.32e-14,2.4028125e-14,2.001796018090626e-13,Kruskal-Wallis
CRIS3,Second,log2rfu,372,63.84416950479772,2,1.37e-14,2.4918813427010148e-14,2.0759997500317706e-13,Kruskal-Wallis
sTie-1,Third,log2rfu,326,63.81663947198513,2,1.39e-14,2.5262870514820593e-14,2.1046633310800133e-13,Kruskal-Wallis
sE-Selectin,Second,log2rfu,372,63.68205188439674,2,1.48e-14,2.6877630553390493e-14,2.2391898584466343e-13,Kruskal-Wallis
NAP-2,Second,log2rfu,372,63.658603531745484,2,1.5e-14,2.7219626168224295e-14,2.2676816970723601e-13,Kruskal-Wallis
WISP-1,Third,log2rfu,326,63.621967986205846,2,1.53e-14,2.7742412451361864e-14,2.3112353035188547e-13,Kruskal-Wallis
Transferrin,Third,log2rfu,326,63.60993316993722,2,1.54e-14,2.7902021772939346e-14,2.3245324419507526e-13,Kruskal-Wallis
G-CSF-R,Third,log2rfu,326,63.36700943185042,2,1.74e-14,3.15011655011655e-14,2.624379041870595e-13,Kruskal-Wallis
Lymphotactin,Second,log2rfu,372,63.111321382887354,2,1.97e-14,3.5637422360248444e-14,2.9689728256266013e-13,Kruskal-Wallis
ROBO3,Second,log2rfu,372,62.65754679390352,2,2.48e-14,4.482854926299457e-14,3.7346905516531977e-13,Kruskal-Wallis
CRIS3,Third,log2rfu,326,62.537775388922455,2,2.63e-14,4.75031007751938e-14,3.957508876732607e-13,Kruskal-Wallis
TS,Second,log2rfu,372,62.38093438162173,2,2.85e-14,5.143687064291247e-14,4.2852333603235706e-13,Kruskal-Wallis
ABL1,Second,log2rfu,372,62.36596679915874,2,2.87e-14,5.171771075019335e-14,4.308630300720502e-13,Kruskal-Wallis
ADAMTS-5,Second,log2rfu,372,62.36291606693521,2,2.87e-14,5.171771075019335e-14,4.308630300720502e-13,Kruskal-Wallis
CLM6,Second,log2rfu,372,62.3342910982999,2,2.91e-14,5.239799072642967e-14,4.3653047914523695e-13,Kruskal-Wallis
IGF-I sR,Third,log2rfu,326,62.30690976286519,2,2.95e-14,5.3077220077220075e-14,4.4218917540132233e-13,Kruskal-Wallis
Glypican 3,Third,log2rfu,326,62.18979341213185,2,3.13e-14,5.627237654320988e-14,4.688081957817927e-13,Kruskal-Wallis
Galectin-3,Second,log2rfu,372,62.104569989567835,2,3.27e-14,5.874402467232075e-14,4.89399629291379e-13,Kruskal-Wallis
IL-3,Second,log2rfu,372,62.010283387532354,2,3.42e-14,6.139137134052389e-14,5.114548167806839e-13,Kruskal-Wallis
6Ckine,Third,log2rfu,326,61.976548291707104,2,3.48e-14,6.24203233256351e-14,5.20027071114312e-13,Kruskal-Wallis
"CD40 ligand, soluble",Third,log2rfu,326,61.955162769352,2,3.52e-14,6.308923076923076e-14,5.255997750063592e-13,Kruskal-Wallis
EPO-R,Second,log2rfu,372,61.79501098757555,2,3.81e-14,6.823443504996157e-14,5.684647486213614e-13,Kruskal-Wallis
SCF sR,Third,log2rfu,326,61.725344670417144,2,3.95e-14,7.068740399385561e-14,5.889005648341832e-13,Kruskal-Wallis
Myeloperoxidase,Second,log2rfu,372,61.624751562674646,2,4.15e-14,7.420951650038373e-14,6.18243473574816e-13,Kruskal-Wallis
CD22,Third,log2rfu,326,61.54421592656308,2,4.32e-14,7.719018404907976e-14,6.430755752482993e-13,Kruskal-Wallis
DLL4,Second,log2rfu,372,61.44115874281033,2,4.55e-14,8.123754789272031e-14,6.767943811308374e-13,Kruskal-Wallis
IL-5 Ra,Second,log2rfu,372,61.427855784558915,2,4.58e-14,8.171056661562021e-14,6.807351255542302e-13,Kruskal-Wallis
Angiogenin,Second,log2rfu,372,61.36097818696521,2,4.74e-14,8.450038255547054e-14,7.0397723220882e-13,Kruskal-Wallis
PACAP-38,Third,log2rfu,326,61.237454806852384,2,5.04e-14,8.977981651376146e-14,7.479604804875734e-13,Kruskal-Wallis
MIP-5,Third,log2rfu,326,61.21317023321308,2,5.1e-14,9.077922077922077e-14,7.562865711794572e-13,Kruskal-Wallis
NLGNX,Second,log2rfu,372,61.209668895069626,2,5.11e-14,9.088778625954198e-14,7.571910360355752e-13,Kruskal-Wallis
FSH,Second,log2rfu,372,61.09231696796428,2,5.42e-14,9.632799389778795e-14,8.025136984897907e-13,Kruskal-Wallis
kallikrein 12,Third,log2rfu,326,61.027219155148714,2,5.6e-14,9.945121951219513e-14,8.285334590766818e-13,Kruskal-Wallis
PDE7A,Third,log2rfu,326,60.957248284626075,2,5.8e-14,1.0292460015232293e-13,8.574703800171253e-13,Kruskal-Wallis
PKC-Z,Second,log2rfu,372,60.84922520357054,2,6.12e-14,1.0852054794520547e-13,9.040905220766297e-13,Kruskal-Wallis
IL-3,Third,log2rfu,326,60.83774601782852,2,6.16e-14,1.091467680608365e-13,9.09307595543321e-13,Kruskal-Wallis
MCP-3,Second,log2rfu,372,60.82772284947282,2,6.19e-14,1.095949848024316e-13,9.13041713326405e-13,Kruskal-Wallis
SBDS,Second,log2rfu,372,60.54178020148265,2,7.14e-14,1.2631890660592257e-13,1.0523696054240497e-12,Kruskal-Wallis
Nectin-like protein 1,Second,log2rfu,372,60.34149446106562,2,7.89e-14,1.3948179059180577e-13,1.1620302999207274e-12,Kruskal-Wallis
MDC,Second,log2rfu,372,60.207568843995205,2,8.44e-14,1.4909173616376042e-13,1.2420912733841438e-12,Kruskal-Wallis
Carbonic anhydrase III,Third,log2rfu,326,60.08140456398587,2,8.98e-14,1.5851060606060608e-13,1.3205603851205746e-12,Kruskal-Wallis
IL-1Rrp2,Third,log2rfu,326,59.97041115760794,2,9.5e-14,1.6756245268735804e-13,1.395971806252266e-12,Kruskal-Wallis
RTN4,Second,log2rfu,372,59.93243646184783,2,9.68e-14,1.7060816944024205e-13,1.421345836344731e-12,Kruskal-Wallis
Myoglobin,Second,log2rfu,372,59.92254887464924,2,9.73e-14,1.7135978835978835e-13,1.4276076139918397e-12,Kruskal-Wallis
HGFA,Second,log2rfu,372,59.791790485326146,2,1.04e-13,1.8302114803625378e-13,1.524759028702189e-12,Kruskal-Wallis
GA733-1 protein,Third,log2rfu,326,59.71606603035343,2,1.08e-13,1.8991698113207548e-13,1.5822085851392116e-12,Kruskal-Wallis
IGFBP-2,Second,log2rfu,372,59.68084176412481,2,1.1e-13,1.9328808446455506e-13,1.6102934283283064e-12,Kruskal-Wallis
CD30,Third,log2rfu,326,59.6609561792493,2,1.11e-13,1.9475150602409638e-13,1.6224852720559289e-12,Kruskal-Wallis
IP-10,Third,log2rfu,326,59.65605242160677,2,1.11e-13,1.9475150602409638e-13,1.6224852720559289e-12,Kruskal-Wallis
RSPO2,Second,log2rfu,372,59.600138045098674,2,1.14e-13,1.9986455981941306e-13,1.6650823982476235e-12,Kruskal-Wallis
KI3L2,Third,log2rfu,326,59.45837033583757,2,1.23e-13,2.1548120300751881e-13,1.7951854926417646e-12,Kruskal-Wallis
Chitotriosidase-1,Third,log2rfu,326,59.11571427553872,2,1.46e-13,2.5558226897069875e-13,2.1292696301526317e-12,Kruskal-Wallis
Siglec-6,Third,log2rfu,326,58.90998108825556,2,1.61e-13,2.8162912912912914e-13,2.346267423151084e-12,Kruskal-Wallis
TIMP-1,Third,log2rfu,326,58.81882034904265,2,1.69e-13,2.954013503375844e-13,2.4610045388242753e-12,Kruskal-Wallis
PDGF-CC,Second,log2rfu,372,58.65849407445512,2,1.83e-13,3.196326836581709e-13,2.662877080082392e-12,Kruskal-Wallis
EPHA3,Second,log2rfu,372,58.534504546397784,2,1.95e-13,3.403370786516854e-13,2.8353665084293508e-12,Kruskal-Wallis
BMPER,Third,log2rfu,326,58.367567999390076,2,2.12e-13,3.697305389221557e-13,3.0802450069694263e-12,Kruskal-Wallis
CTLA-4,Second,log2rfu,372,58.35932079244162,2,2.13e-13,3.711967090501122e-13,3.0924597491683565e-12,Kruskal-Wallis
Factor B,Second,log2rfu,372,58.07541131407652,2,2.45e-13,4.26644245142003e-13,3.5543961547833735e-12,Kruskal-Wallis
K-ras,Second,log2rfu,372,58.00213716590292,2,2.54e-13,4.4198655713218817e-13,3.682213781211806e-12,Kruskal-Wallis
IL-12,Third,log2rfu,326,57.71085967921408,2,2.94e-13,5.112089552238806e-13,4.258909303074765e-12,Kruskal-Wallis
IMDH1,Second,log2rfu,372,57.68728105009109,2,2.97e-13,5.160402684563759e-13,4.2991592334832235e-12,Kruskal-Wallis
BMPR1A,Second,log2rfu,372,57.6655539146991,2,3.01e-13,5.226005961251863e-13,4.35381367616152e-12,Kruskal-Wallis
Endostatin,Third,log2rfu,326,57.57081785578157,2,3.15e-13,5.46500372300819e-13,4.552923997011104e-12,Kruskal-Wallis
MIP-3b,Third,log2rfu,326,57.410821006575134,2,3.42e-13,5.929017857142857e-13,4.93949666801583e-12,Kruskal-Wallis
CTACK,Third,log2rfu,326,57.32076222109163,2,3.57e-13,6.184460966542751e-13,5.152307696444139e-12,Kruskal-Wallis
40S ribosomal protein SA,Third,log2rfu,326,57.2696651904771,2,3.66e-13,6.335661218424963e-13,5.278273439568961e-12,Kruskal-Wallis
IL-17E,Second,log2rfu,372,57.26322173594622,2,3.68e-13,6.365553080920564e-13,5.30317651099755e-12,Kruskal-Wallis
Bone proteoglycan II,Third,log2rfu,326,57.09043271875635,2,4.01e-13,6.931231454005935e-13,5.774446206307642e-12,Kruskal-Wallis
PSA,Third,log2rfu,326,56.94624586999544,2,4.31e-13,7.444255003706449e-13,6.201848885034012e-12,Kruskal-Wallis
Nogo Receptor,Second,log2rfu,372,56.901900216305194,2,4.4e-13,7.594074074074073e-13,6.326663958409879e-12,Kruskal-Wallis
Hemopexin,Second,log2rfu,372,56.89711640575888,2,4.42e-13,7.622945965951147e-13,6.350717286829915e-12,Kruskal-Wallis
kallikrein 8,Second,log2rfu,372,56.885428557930254,2,4.44e-13,7.651775147928994e-13,6.374735033403176e-12,Kruskal-Wallis
ULBP-3,Second,log2rfu,372,56.77058408346579,2,4.7e-13,8.093865484109388e-13,6.743042870407627e-12,Kruskal-Wallis
bFGF,Third,log2rfu,326,56.698692462578265,2,4.88e-13,8.397636632200887e-13,6.996116247818633e-12,Kruskal-Wallis
PTK6,Third,log2rfu,326,56.58912194115692,2,5.15e-13,8.849188790560472e-13,7.372306779774183e-12,Kruskal-Wallis
IL-6 sRa,Second,log2rfu,372,56.58887493914699,2,5.15e-13,8.849188790560472e-13,7.372306779774183e-12,Kruskal-Wallis
CRTAM,Second,log2rfu,372,56.51094076489812,2,5.36e-13,9.203242446573324e-13,7.667270784995962e-12,Kruskal-Wallis
MEK1,Second,log2rfu,372,56.38974521486307,2,5.69e-13,9.762665684830633e-13,8.133329293835435e-12,Kruskal-Wallis
TFF3,Third,log2rfu,326,56.301673970800266,2,5.95e-13,1.019375e-12,8.492467955535988e-12,Kruskal-Wallis
TIG2,Third,log2rfu,326,56.30065841249984,2,5.95e-13,1.019375e-12,8.492467955535988e-12,Kruskal-Wallis
PPIB,Second,log2rfu,372,56.28100194045555,2,6.01e-13,1.0288978692138132e-12,8.571803491176033e-12,Kruskal-Wallis
b-NGF,Second,log2rfu,372,56.03755812764689,2,6.79e-13,1.1615785609397945e-12,9.677173470625444e-12,Kruskal-Wallis
HINT1,Third,log2rfu,326,55.77132642402694,2,7.75e-13,1.32483492296405e-12,1.1037271003945737e-11,Kruskal-Wallis
Discoidin domain receptor 2,Third,log2rfu,326,55.72609176881724,2,7.93e-13,1.3546114369501467e-12,1.1285340743594536e-11,Kruskal-Wallis
MAPK5,Second,log2rfu,372,55.68929735804227,2,8.08e-13,1.3792234432234432e-12,1.1490384691697463e-11,Kruskal-Wallis
Flt3 ligand,Second,log2rfu,372,55.645729659565404,2,8.25e-13,1.4072108345534408e-12,1.172354915426428e-11,Kruskal-Wallis
Glucocorticoid receptor,Third,log2rfu,326,55.388185515818805,2,9.39e-13,1.6004901243599121e-12,1.3333769313823042e-11,Kruskal-Wallis
CDK2/cyclin A,Third,log2rfu,326,55.320310146463044,2,9.71e-13,1.6538230994152046e-12,1.3778089197703333e-11,Kruskal-Wallis
PKC-B-II,Third,log2rfu,326,55.2783306967317,2,9.92e-13,1.6883564645726808e-12,1.4065788520324243e-11,Kruskal-Wallis
paraoxonase 1,Second,log2rfu,372,55.21709326929931,2,1.02e-12,1.7347445255474455e-12,1.4452249951443937e-11,Kruskal-Wallis
CYTF,Second,log2rfu,372,54.886268008555135,2,1.21e-12,2.0563822027716995e-12,1.7131830740770737e-11,Kruskal-Wallis
DcR3,Second,log2rfu,372,54.84082171719433,2,1.23e-12,2.0888483965014576e-12,1.7402308347037513e-11,Kruskal-Wallis
PDE9A,Third,log2rfu,326,54.82766276620964,2,1.24e-12,2.104297159504734e-12,1.7531012822581833e-11,Kruskal-Wallis
GA733-1 protein,Second,log2rfu,372,54.81944002047726,2,1.25e-12,2.1197234352256186e-12,1.7659529955366995e-11,Kruskal-Wallis
FGF23,Third,log2rfu,326,54.63260673278205,2,1.37e-12,2.321527272727273e-12,1.9340768580295988e-11,Kruskal-Wallis
SHBG,Third,log2rfu,326,54.48256687999219,2,1.48e-12,2.506104651162791e-12,2.0878492648161566e-11,Kruskal-Wallis
calreticulin,Second,log2rfu,372,54.46739874867876,2,1.49e-12,2.5212055192447347e-12,2.1004298792403566e-11,Kruskal-Wallis
CBG,Third,log2rfu,326,54.43160586701197,2,1.51e-12,2.5531930333817126e-12,2.1270788493235486e-11,Kruskal-Wallis
Testican-1,Second,log2rfu,372,54.37465423539652,2,1.56e-12,2.6358230601885425e-12,2.1959183691098963e-11,Kruskal-Wallis
RANK,Third,log2rfu,326,54.19511224771827,2,1.7e-12,2.8702898550724636e-12,2.391253917086738e-11,Kruskal-Wallis
PFD5,Second,log2rfu,372,54.06124851529307,2,1.82e-12,3.0706734250543082e-12,2.5581945470694938e-11,Kruskal-Wallis
PLCG1,Second,log2rfu,372,53.929498715148384,2,1.95e-12,3.287626628075253e-12,2.738939427462506e-11,Kruskal-Wallis
OSM,Third,log2rfu,326,53.91825206096951,2,1.96e-12,3.302096890817064e-12,2.750994681185917e-11,Kruskal-Wallis
KREM2,Second,log2rfu,372,53.85019193954895,2,2.03e-12,3.417557803468208e-12,2.8471857885611988e-11,Kruskal-Wallis
CATC,Second,log2rfu,372,53.82964474298956,2,2.05e-12,3.4487364620938625e-12,2.8731608967672042e-11,Kruskal-Wallis
PPAC,Second,log2rfu,372,53.70546864705034,2,2.18e-12,3.664790764790765e-12,3.0531568984652166e-11,Kruskal-Wallis
Ubiquitin+1,Third,log2rfu,326,53.66821955444493,2,2.22e-12,3.729343907714491e-12,3.10693646905591e-11,Kruskal-Wallis
FGF-8B,Third,log2rfu,326,53.65627406652516,2,2.23e-12,3.743443804034582e-12,3.118683168521244e-11,Kruskal-Wallis
4EBP2,Third,log2rfu,326,53.63829817484407,2,2.25e-12,3.774298056155507e-12,3.1443880119232296e-11,Kruskal-Wallis
Glutamate carboxypeptidase,Third,log2rfu,326,53.29120006826702,2,2.68e-12,4.492374100719424e-12,3.742621027064576e-11,Kruskal-Wallis
BMP-6,Second,log2rfu,372,53.178076057555245,2,2.83e-12,4.7404025880661395e-12,3.9492548939783257e-11,Kruskal-Wallis
CCL28,Second,log2rfu,372,53.0774471868574,2,2.98e-12,4.988074712643678e-12,4.155591873152257e-11,Kruskal-Wallis
HCK,Third,log2rfu,326,53.01624584625279,2,3.07e-12,5.135032304379039e-12,4.278023033288153e-11,Kruskal-Wallis
paraoxonase 1,Third,log2rfu,326,52.96216308959879,2,3.16e-12,5.281779053084648e-12,4.400278538961873e-11,Kruskal-Wallis
PARC,Third,log2rfu,326,52.79646654425687,2,3.43e-12,5.728960573476703e-12,4.7728278689177173e-11,Kruskal-Wallis
NCC27,Second,log2rfu,372,52.79359998135783,2,3.44e-12,5.741547277936963e-12,4.783313920105412e-11,Kruskal-Wallis
Cathepsin A,Third,log2rfu,326,52.78660662747643,2,3.45e-12,5.75411596277738e-12,4.793784959050891e-11,Kruskal-Wallis
Ck-b-8-1,Second,log2rfu,372,52.71088079313358,2,3.58e-12,5.966666666666667e-12,4.970862093736986e-11,Kruskal-Wallis
Artemin,Second,log2rfu,372,52.68781109196016,2,3.62e-12,6.029020729092209e-12,5.022809598536143e-11,Kruskal-Wallis
PGP9.5,Third,log2rfu,326,52.594401754947285,2,3.8e-12,6.324285714285715e-12,5.2687964458835524e-11,Kruskal-Wallis
CLC1B,Third,log2rfu,326,52.507826300215584,2,3.96e-12,6.585867237687366e-12,5.4867214200342635e-11,Kruskal-Wallis
HRG,Third,log2rfu,326,52.38684628889996,2,4.21e-12,6.996647646219686e-12,5.828944787904058e-11,Kruskal-Wallis
MIF,Second,log2rfu,372,52.35622984109136,2,4.28e-12,7.102849002849004e-12,5.917421709351898e-11,Kruskal-Wallis
Dtk,Second,log2rfu,372,52.35486866775295,2,4.28e-12,7.102849002849004e-12,5.917421709351898e-11,Kruskal-Wallis
4-1BB ligand,Third,log2rfu,326,52.316742682819495,2,4.36e-12,7.230462633451957e-12,6.023737311420342e-11,Kruskal-Wallis
MOZ,Second,log2rfu,372,52.16846810337415,2,4.7e-12,7.788762446657183e-12,6.488859888806201e-11,Kruskal-Wallis
Cardiotrophin-1,Second,log2rfu,372,52.126468595284905,2,4.8e-12,7.948827292110874e-12,6.62221077251664e-11,Kruskal-Wallis
PKC-A,Third,log2rfu,326,52.05542833823142,2,4.97e-12,8.224502840909091e-12,6.851877555034718e-11,Kruskal-Wallis
MMP-9,Second,log2rfu,372,51.78794970230547,2,5.68e-12,9.392760823278921e-12,7.825159564018156e-11,Kruskal-Wallis
ENTP5,Third,log2rfu,326,51.725999339953205,2,5.86e-12,9.683546099290779e-12,8.067414341550701e-11,Kruskal-Wallis
C6,Second,log2rfu,372,51.68828097608048,2,5.97e-12,9.858327427356484e-12,8.213025606082795e-11,Kruskal-Wallis
Nidogen,Third,log2rfu,326,51.61040550964299,2,6.21e-12,1.0247379603399434e-11,8.537147066593038e-11,Kruskal-Wallis
Tenascin,Second,log2rfu,372,51.35582610451161,2,7.05e-12,1.1625265392781316e-11,9.685071129152356e-11,Kruskal-Wallis
RASA1,Second,log2rfu,372,51.27830609655575,2,7.33e-12,1.2078429985855729e-11,1.0062604989141856e-10,Kruskal-Wallis
PD-L2,Third,log2rfu,326,51.19934683882252,2,7.62e-12,1.2547420494699647e-11,1.0453323504683976e-10,Kruskal-Wallis
BPI,Second,log2rfu,372,51.00111167617547,2,8.42e-12,1.3854943502824859e-11,1.1542627955708319e-10,Kruskal-Wallis
FCRL3,Second,log2rfu,372,50.97539020211207,2,8.53e-12,1.402604093154552e-11,1.1685170143880953e-10,Kruskal-Wallis
C5a,Second,log2rfu,372,50.94827804792021,2,8.64e-12,1.4196897038081806e-11,1.1827511285243756e-10,Kruskal-Wallis
Topoisomerase I,Third,log2rfu,326,50.73465428769782,2,9.62e-12,1.5796053558844258e-11,1.3159777184295774e-10,Kruskal-Wallis
Gelsolin,Second,log2rfu,372,50.61258617710314,2,1.02e-11,1.672484166080225e-11,1.3933555547838275e-10,Kruskal-Wallis
Peroxiredoxin-5,Third,log2rfu,326,50.61506323723643,2,1.02e-11,1.672484166080225e-11,1.3933555547838275e-10,Kruskal-Wallis
TrkC,Second,log2rfu,372,50.46469692866276,2,1.1e-11,1.8023909985935304e-11,1.5015816356985476e-10,Kruskal-Wallis
HB-EGF,Third,log2rfu,326,50.28997190123437,2,1.2e-11,1.9648629655657063e-11,1.6369379052935548e-10,Kruskal-Wallis
Cadherin-5,Second,log2rfu,372,50.28165038327643,2,1.21e-11,1.9798455056179776e-11,1.6494199399997669e-10,Kruskal-Wallis
EP15R,Second,log2rfu,372,50.225012065738156,2,1.24e-11,2.0275087719298245e-11,1.6891284635371832e-10,Kruskal-Wallis
HINT1,Second,log2rfu,372,50.14833506854961,2,1.29e-11,2.1063069376313946e-11,1.7547756392257767e-10,Kruskal-Wallis
Nucleoside diphosphate kinase A,Third,log2rfu,326,50.15410020054196,2,1.29e-11,2.1063069376313946e-11,1.7547756392257767e-10,Kruskal-Wallis
IL-5,Second,log2rfu,372,50.00556025895503,2,1.38e-11,2.2516806722689075e-11,1.875887279494144e-10,Kruskal-Wallis
AK1A1,Second,log2rfu,372,49.89900892012179,2,1.46e-11,2.380545836249125e-11,1.9832455407509818e-10,Kruskal-Wallis
Chk2,Second,log2rfu,372,49.81547732650506,2,1.52e-11,2.4766433566433565e-11,2.0633049018844683e-10,Kruskal-Wallis
JAM-C,Second,log2rfu,372,49.70702504930932,2,1.61e-11,2.621453529000699e-11,2.183947035385915e-10,Kruskal-Wallis
IGFBP-1,Third,log2rfu,326,49.65188848593061,2,1.65e-11,2.684706703910615e-11,2.2366435956319843e-10,Kruskal-Wallis
VEGF121,Second,log2rfu,372,49.58911520090828,2,1.71e-11,2.780390788555478e-11,2.3163585212188682e-10,Kruskal-Wallis
PGCB,Second,log2rfu,372,49.48902867987067,2,1.79e-11,2.9084379358437938e-11,2.4230352883697024e-10,Kruskal-Wallis
MMP-16,Third,log2rfu,326,49.316240776491895,2,1.95e-11,3.166202090592335e-11,2.6377799921624976e-10,Kruskal-Wallis
CD39,Second,log2rfu,372,49.31247526019979,2,1.96e-11,3.180222841225627e-11,2.6494607549304477e-10,Kruskal-Wallis
MCP-4,Second,log2rfu,372,49.25733504245704,2,2.01e-11,3.2590814196242176e-11,2.715158260761879e-10,Kruskal-Wallis
PDE3A,Third,log2rfu,326,49.20365039543435,2,2.07e-11,3.3540333796940194e-11,2.7942632494272995e-10,Kruskal-Wallis
Azurocidin,Second,log2rfu,372,49.14366941735784,2,2.13e-11,3.448853370396108e-11,2.873258293702636e-10,Kruskal-Wallis
Sialoadhesin,Second,log2rfu,372,49.07623056168973,2,2.2e-11,3.5597222222222224e-11,2.965623730504631e-10,Kruskal-Wallis
CTLA-4,Third,log2rfu,326,49.06387800954212,2,2.22e-11,3.589590562109646e-11,2.9905072051218234e-10,Kruskal-Wallis
kallikrein 13,Third,log2rfu,326,48.8674308504867,2,2.45e-11,3.95873786407767e-11,3.298045807975141e-10,Kruskal-Wallis
EPI,Third,log2rfu,326,48.78512385509657,2,2.55e-11,4.117463617463617e-11,3.4302810868811834e-10,Kruskal-Wallis
HGFA,Third,log2rfu,326,48.70518168668286,2,2.65e-11,4.275969529085872e-11,3.5623332144314e-10,Kruskal-Wallis
Laminin,Third,log2rfu,326,48.33263673235888,2,3.2e-11,5.159861591695502e-11,4.298708446104227e-10,Kruskal-Wallis
PDE7A,Second,log2rfu,372,48.206930096978795,2,3.4e-11,5.478561549100968e-11,4.564219094854355e-10,Kruskal-Wallis
TGF-b2,Second,log2rfu,372,48.04317150155907,2,3.69e-11,5.941741534208708e-11,4.950096831817996e-10,Kruskal-Wallis
CDC37,Second,log2rfu,372,47.945819461768906,2,3.88e-11,6.243370165745857e-11,5.20138526716332e-10,Kruskal-Wallis
TrATPase,Third,log2rfu,326,47.878152612651775,2,4.01e-11,6.448102139406488e-11,5.371948575640235e-10,Kruskal-Wallis
MIP-3a,Third,log2rfu,326,47.85439778014302,2,4.06e-11,6.524e-11,5.435179491543032e-10,Kruskal-Wallis
FGF-4,Second,log2rfu,372,47.77280145514169,2,4.23e-11,6.79248793935217e-11,5.658858237970619e-10,Kruskal-Wallis
MP2K2,Second,log2rfu,372,47.768413121279764,2,4.24e-11,6.803856749311294e-11,5.668329654698558e-10,Kruskal-Wallis
sFRP-3,Second,log2rfu,372,47.76491154554492,2,4.25e-11,6.815209910529939e-11,5.677788034376633e-10,Kruskal-Wallis
Neurotrophin-3,Third,log2rfu,326,47.751771155183405,2,4.27e-11,6.842572214580467e-11,5.700583717058545e-10,Kruskal-Wallis
ACE2,Third,log2rfu,326,47.70472680483135,2,4.38e-11,7.014020618556702e-11,5.843418304604439e-10,Kruskal-Wallis
Angiopoietin-4,Second,log2rfu,372,47.64450897738493,2,4.51e-11,7.217239010989011e-11,6.01272064041873e-10,Kruskal-Wallis
MSP,Third,log2rfu,326,47.56163245462585,2,4.7e-11,7.516129032258065e-11,6.261727524819162e-10,Kruskal-Wallis
ANGL4,Third,log2rfu,326,47.43837553408821,2,5e-11,7.990397805212621e-11,6.656843390582786e-10,Kruskal-Wallis
MAPKAPK3,Third,log2rfu,326,47.434787861232735,2,5.01e-11,8.00089102124743e-11,6.665585345302701e-10,Kruskal-Wallis
6Ckine,Second,log2rfu,372,47.37111539440457,2,5.17e-11,8.250753424657533e-11,6.8737470575532e-10,Kruskal-Wallis
NovH,Second,log2rfu,372,47.33429352794883,2,5.27e-11,8.404585900068447e-11,7.001905720258088e-10,Kruskal-Wallis
SOD,Third,log2rfu,326,47.25761467610573,2,5.47e-11,8.717578659370726e-11,7.262661671570352e-10,Kruskal-Wallis
Coagulation Factor Xa,Third,log2rfu,326,47.15077798483571,2,5.77e-11,9.189405331510595e-11,7.655743010009594e-10,Kruskal-Wallis
Cystatin M,Third,log2rfu,326,47.148985412356524,2,5.78e-11,9.199043715846994e-11,7.663772799843561e-10,Kruskal-Wallis
IDE,Third,log2rfu,326,47.0400376475136,2,6.1e-11,9.701706484641636e-11,8.082543856268284e-10,Kruskal-Wallis
IDE,Second,log2rfu,372,47.003193374965804,2,6.21e-11,9.8631901840490794e-11,8.217076794839379e-10,Kruskal-Wallis
CRP,Third,log2rfu,326,47.004114117943345,2,6.21e-11,9.8631901840490794e-11,8.217076794839379e-10,Kruskal-Wallis
a2-HS-Glycoprotein,Third,log2rfu,326,46.970943510433926,2,6.32e-11,1.0031062670299727e-10,8.356932266093803e-10,Kruskal-Wallis
PTP-1B,Second,log2rfu,372,46.87369480204052,2,6.63e-11,1.0515929203539824e-10,8.760877182954953e-10,Kruskal-Wallis
TLR4:MD-2 complex,Third,log2rfu,326,46.77251799939677,2,6.97e-11,1.1047687074829932e-10,9.203887525766507e-10,Kruskal-Wallis
BTK,Second,log2rfu,372,46.463684407700384,2,8.14e-11,1.2893405846363018e-10,1.0741565762154094e-9,Kruskal-Wallis
PSME3,Third,log2rfu,326,46.32452818752131,2,8.72e-11,1.3802717391304346e-10,1.1499118101284754e-9,Kruskal-Wallis
DC-SIGN,Second,log2rfu,372,46.15677722874079,2,9.49e-11,1.501133740665309e-10,1.2506025937043784e-9,Kruskal-Wallis
BCMA,Third,log2rfu,326,46.12375962294368,2,9.65e-11,1.5254070556309362e-10,1.270824822964486e-9,Kruskal-Wallis
TWEAK,Second,log2rfu,372,45.85797988593299,2,1.1e-10,1.7376271186440676e-10,1.4476264989581927e-9,Kruskal-Wallis
LBP,Third,log2rfu,326,45.50763985033177,2,1.3100000000000001e-10,2.0679539295392958e-10,1.7228235418896084e-9,Kruskal-Wallis
RSPO2,Third,log2rfu,326,45.48659908568334,2,1.33e-10,2.0981042654028436e-10,1.7479419488713208e-9,Kruskal-Wallis
BPI,Third,log2rfu,326,45.4299743118147,2,1.36e-10,2.143978349120433e-10,1.7861598947657367e-9,Kruskal-Wallis
TEC,Second,log2rfu,372,45.42035312365988,2,1.37e-10,2.1582826233941853e-10,1.7980768626035821e-9,Kruskal-Wallis
Growth hormone receptor,Third,log2rfu,326,45.28462271691433,2,1.47e-10,2.312694125590817e-10,1.9267179156381447e-9,Kruskal-Wallis
PGCB,Third,log2rfu,326,45.28600540690695,2,1.47e-10,2.312694125590817e-10,1.9267179156381447e-9,Kruskal-Wallis
CYTD,Second,log2rfu,372,45.24067970169335,2,1.5e-10,2.3582995951417e-10,1.964712077625446e-9,Kruskal-Wallis
ENPP7,Second,log2rfu,372,45.163414232536525,2,1.56e-10,2.4509777478084964e-10,2.0419227451129784e-9,Kruskal-Wallis
Tropomyosin 2,Second,log2rfu,372,45.10194629667558,2,1.61e-10,2.5278301886792453e-10,2.105948926979275e-9,Kruskal-Wallis
BARK1,Second,log2rfu,372,45.04475789836101,2,1.65e-10,2.5888888888888886e-10,2.1568172585488227e-9,Kruskal-Wallis
sLeptin R,Third,log2rfu,326,44.81781250013091,2,1.85e-10,2.9007402422611035e-10,2.416622298441312e-9,Kruskal-Wallis
ZAP70,Third,log2rfu,326,44.81401992793121,2,1.86e-10,2.9144586415601883e-10,2.428051170686435e-9,Kruskal-Wallis
PKC-Z,Third,log2rfu,326,44.69789558834441,2,1.97e-10,3.084744623655914e-10,2.5699173383111978e-9,Kruskal-Wallis
PAFAH beta subunit,Second,log2rfu,372,44.653938641813284,2,2.01e-10,3.1452652787105444e-10,2.620337421568046e-9,Kruskal-Wallis
MMP-3,Third,log2rfu,326,44.452903052624606,2,2.22e-10,3.471543624161074e-10,2.8921616661614413e-9,Kruskal-Wallis
DBNL,Second,log2rfu,372,44.42916324122598,2,2.25e-10,3.5160965794768614e-10,2.9292789728781797e-9,Kruskal-Wallis
Carbonic Anhydrase IV,Second,log2rfu,372,44.37474040816892,2,2.31e-10,3.6074396782841824e-10,3.005377399814345e-9,Kruskal-Wallis
PAK3,Second,log2rfu,372,44.35108048002712,2,2.34e-10,3.6518419290020093e-10,3.0423691537199067e-9,Kruskal-Wallis
Thyroglobulin,Second,log2rfu,372,44.33943320688422,2,2.35e-10,3.664993306559572e-10,3.053325637102249e-9,Kruskal-Wallis
Lamin-B1,Third,log2rfu,326,44.317401681903675,2,2.38e-10,3.7092976588628765e-10,3.090235831312092e-9,Kruskal-Wallis
IL-19,Second,log2rfu,372,44.24471535807584,2,2.47e-10,3.846991978609625e-10,3.204949709728631e-9,Kruskal-Wallis
MSP R,Second,log2rfu,372,44.2147824131107,2,2.51e-10,3.906680026720107e-10,3.2546761436618508e-9,Kruskal-Wallis
STAB2,Third,log2rfu,326,44.08750101430155,2,2.67e-10,4.152937249666222e-10,3.4598343606761155e-9,Kruskal-Wallis
FAK1,Third,log2rfu,326,43.89402731888822,2,2.94e-10,4.569846564376251e-10,3.807163753248956e-9,Kruskal-Wallis
sTie-2,Third,log2rfu,326,43.74934426204322,2,3.16e-10,4.908533333333333e-10,4.0893255222085676e-9,Kruskal-Wallis
IgG,Second,log2rfu,372,43.701046453086974,2,3.24e-10,5.029447035309793e-10,4.1900593777004445e-9,Kruskal-Wallis
MO2R1,Second,log2rfu,372,43.67385405665436,2,3.28e-10,5.08476380572189e-10,4.236144076670742e-9,Kruskal-Wallis
Mammaglobin 2,Third,log2rfu,326,43.67408504433092,2,3.28e-10,5.08476380572189e-10,4.236144076670742e-9,Kruskal-Wallis
Carbonic anhydrase I,Second,log2rfu,372,43.388376602148355,2,3.79e-10,5.871476063829786e-10,4.891558290498692e-9,Kruskal-Wallis
IL-23,Second,log2rfu,372,43.24216140933436,2,4.07e-10,6.301063122923587e-10,5.249449580109194e-9,Kruskal-Wallis
TNR4,Third,log2rfu,326,43.201393052974936,2,4.16e-10,6.436122177954848e-10,5.361968005316595e-9,Kruskal-Wallis
CYTF,Third,log2rfu,326,43.194191199258285,2,4.17e-10,6.447312541473126e-10,5.3712907573548315e-9,Kruskal-Wallis
Noggin,Third,log2rfu,326,43.0214808562057,2,4.55e-10,7.030172413793104e-10,5.856874452093785e-9,Kruskal-Wallis
HCG,Third,log2rfu,326,43.01146395839919,2,4.57e-10,7.056394963552021e-10,5.878720599344803e-9,Kruskal-Wallis
MIA,Third,log2rfu,326,42.973490471712466,2,4.66e-10,7.190596026490067e-10,5.990524226724346e-9,Kruskal-Wallis
CD39,Third,log2rfu,326,42.8705562253939,2,4.91e-10,7.571343481138318e-10,6.3077269791709105e-9,Kruskal-Wallis
TGF-b R III,Second,log2rfu,372,42.7177889877139,2,5.3e-10,8.161929940515533e-10,6.799747735147313e-9,Kruskal-Wallis
M2-PK,Third,log2rfu,326,42.71681930185059,2,5.3e-10,8.161929940515533e-10,6.799747735147313e-9,Kruskal-Wallis
VEGF,Second,log2rfu,372,42.59565446716556,2,5.63e-10,8.664398943196829e-10,7.2183573639807696e-9,Kruskal-Wallis
Hat1,Second,log2rfu,372,42.54384129611867,2,5.78e-10,8.889372937293729e-10,7.4057844085617e-9,Kruskal-Wallis
HNRPQ,Second,log2rfu,372,42.469181190361724,2,6e-10,9.221635883905013e-10,7.682594456572323e-9,Kruskal-Wallis
TIMP-3,Second,log2rfu,372,42.02874681121057,2,7.47e-10,1.147336849044166e-9,9.558525002784267e-9,Kruskal-Wallis
RUXF,Second,log2rfu,372,41.91154153371758,2,7.93e-10,1.2171870882740447e-9,1.0140451102940017e-8,Kruskal-Wallis
HAI-1,Third,log2rfu,326,41.75442889702265,2,8.57e-10,1.3145556287030942e-9,1.0951633650551065e-8,Kruskal-Wallis
sICAM-1,Second,log2rfu,372,41.74417060155861,2,8.62e-10,1.3213552631578948e-9,1.1008281770935374e-8,Kruskal-Wallis
Coagulation Factor IX,Second,log2rfu,372,41.73045678644212,2,8.68e-10,1.3296778435239972e-9,1.107761763562354e-8,Kruskal-Wallis
TSH,Second,log2rfu,372,41.71165060445219,2,8.76e-10,1.3410512483574243e-9,1.1172370083047907e-8,Kruskal-Wallis
FGF-8A,Second,log2rfu,372,41.6104056421907,2,9.21e-10,1.4090151017728168e-9,1.1738580601517524e-8,Kruskal-Wallis
P-Cadherin,Third,log2rfu,326,41.54055768207752,2,9.54e-10,1.4585433070866143e-9,1.2151202744028997e-8,Kruskal-Wallis
Dynactin subunit 2,Third,log2rfu,326,41.539138917174455,2,9.55e-10,1.4591147540983606e-9,1.2155963499821067e-8,Kruskal-Wallis
CSF-1,Third,log2rfu,326,41.38650989699738,2,1.03e-9,1.5726736566186106e-9,1.3102028824867357e-8,Kruskal-Wallis
Kallikrein 11,Second,log2rfu,372,41.361802220941854,2,1.04e-9,1.5858638743455495e-9,1.3211917238231007e-8,Kruskal-Wallis
Ubiquitin+1,Second,log2rfu,372,41.35887486748834,2,1.04e-9,1.5858638743455495e-9,1.3211917238231007e-8,Kruskal-Wallis
Trypsin 2,Second,log2rfu,372,41.24606626124614,2,1.11e-9,1.6914977109221717e-9,1.4091958412624422e-8,Kruskal-Wallis
IL-11 RA,Second,log2rfu,372,41.06347405113729,2,1.21e-9,1.8426797385620914e-9,1.5351464016729856e-8,Kruskal-Wallis
Fucosyltransferase 3,Third,log2rfu,326,40.92903513511885,2,1.3e-9,1.9784454604833443e-9,1.648253554867487e-8,Kruskal-Wallis
4-1BB ligand,Second,log2rfu,372,40.723712098589885,2,1.44e-9,2.1900783289817235e-9,1.824566035952529e-8,Kruskal-Wallis
GPNMB,Third,log2rfu,326,40.67545529036522,2,1.47e-9,2.234246575342466e-9,1.861362839569532e-8,Kruskal-Wallis
GP114,Third,log2rfu,326,40.652174683010685,2,1.49e-9,2.263168187744459e-9,1.8854575904263174e-8,Kruskal-Wallis
FST,Second,log2rfu,372,40.601490005827145,2,1.53e-9,2.3208984375e-9,1.9335529720193546e-8,Kruskal-Wallis
NADPH-P450 Oxidoreductase,Second,log2rfu,372,40.59093020809519,2,1.53e-9,2.3208984375e-9,1.9335529720193546e-8,Kruskal-Wallis
VEGF sR2,Third,log2rfu,326,40.53281212094623,2,1.58e-9,2.3951854261548468e-9,1.99544186184543e-8,Kruskal-Wallis
IMDH1,Third,log2rfu,326,40.401325148905016,2,1.69e-9,2.560273081924577e-9,2.1329772758470474e-8,Kruskal-Wallis
TAFI,Third,log2rfu,326,40.37683279886687,2,1.71e-9,2.588888888888889e-9,2.1568172585488228e-8,Kruskal-Wallis
Heparin cofactor II,Second,log2rfu,372,40.31380615637181,2,1.76e-9,2.6628571428571423e-9,2.2184406087930747e-8,Kruskal-Wallis
MMP-2,Third,log2rfu,326,40.05106249199571,2,2.01e-9,3.0391304347826087e-9,2.531915912209487e-8,Kruskal-Wallis
TACI,Second,log2rfu,372,39.97217430844671,2,2.09e-9,3.158041504539559e-9,2.630981364027455e-8,Kruskal-Wallis
GCP-2,Third,log2rfu,326,39.82604790072094,2,2.25e-9,3.397602073882048e-9,2.8305605629043197e-8,Kruskal-Wallis
HMGR,Second,log2rfu,372,39.74502477594865,2,2.34e-9,3.531217616580311e-9,2.9418763902226816e-8,Kruskal-Wallis
ESAM,Third,log2rfu,326,39.72472579646569,2,2.37e-9,3.574174757281553e-9,2.9776642152004133e-8,Kruskal-Wallis
EphA1,Third,log2rfu,326,39.66429278022747,2,2.44e-9,3.6773609314359636e-9,3.063629171910229e-8,Kruskal-Wallis
sLeptin R,Second,log2rfu,372,39.599564205726665,2,2.52e-9,3.795475113122172e-9,3.162030731990129e-8,Kruskal-Wallis
EPHAA,Third,log2rfu,326,39.503358416312835,2,2.64e-9,3.973643410852713e-9,3.31046369916796e-8,Kruskal-Wallis
complement factor H-related 5,Third,log2rfu,326,39.44852036305065,2,2.72e-9,4.091413815364752e-9,3.408578856634937e-8,Kruskal-Wallis
MMP-17,Third,log2rfu,326,39.4206140527906,2,2.75e-9,4.133870967741935e-9,3.443950138650539e-8,Kruskal-Wallis
Factor D,Second,log2rfu,372,39.33979052941527,2,2.87e-9,4.3114764667956155e-9,3.591914235223474e-8,Kruskal-Wallis
TrkA,Second,log2rfu,372,39.12679047137726,2,3.19e-9,4.789110824742268e-9,3.989833987946952e-8,Kruskal-Wallis
EDA,Second,log2rfu,372,39.066635621858495,2,3.29e-9,4.936059240180296e-9,4.112257503260183e-8,Kruskal-Wallis
Plasmin,Third,log2rfu,326,39.058667691978144,2,3.3e-9,4.947876447876448e-9,4.1221024825547e-8,Kruskal-Wallis
FGF-18,Third,log2rfu,326,38.87573710203253,2,3.62e-9,5.424180064308681e-9,4.518913587364671e-8,Kruskal-Wallis
EphA1,Second,log2rfu,372,38.56725228322762,2,4.22e-9,6.319151670951157e-9,5.264519246766342e-8,Kruskal-Wallis
Siglec-3,Second,log2rfu,372,38.52841826156032,2,4.3e-9,6.434810533076428e-9,5.3608752669132584e-8,Kruskal-Wallis
TCTP,Second,log2rfu,372,38.46192297131438,2,4.45e-9,6.655006418485238e-9,5.544321643445466e-8,Kruskal-Wallis
Contactin-5,Third,log2rfu,326,38.37655385028768,2,4.64e-9,6.934701731879409e-9,5.7773373134700977e-8,Kruskal-Wallis
IL-17,Second,log2rfu,372,38.32060857688225,2,4.77e-9,7.124423076923077e-9,5.935395186506471e-8,Kruskal-Wallis
IGF-II receptor,Second,log2rfu,372,38.25822389746759,2,4.92e-9,7.343754003843691e-9,6.11812096146969e-8,Kruskal-Wallis
Coagulation Factor X,Second,log2rfu,372,38.21159711570294,2,5.04e-9,7.518053777208708e-9,6.263331040190435e-8,Kruskal-Wallis
EMR2,Second,log2rfu,372,38.13498611106775,2,5.24e-9,7.811388355726168e-9,6.507709655352686e-8,Kruskal-Wallis
HTRA2,Second,log2rfu,372,38.027167562044724,2,5.53e-9,8.238427109974425e-9,6.863477938489443e-8,Kruskal-Wallis
C3b,Third,log2rfu,326,37.854749102002756,2,6.02e-9,8.962683706070289e-9,7.466860004356244e-8,Kruskal-Wallis
NKp46,Second,log2rfu,372,37.84672498517557,2,6.05e-9,9.001596424010218e-9,7.499278398977229e-8,Kruskal-Wallis
ERK-1,Third,log2rfu,326,37.814749680207,2,6.15e-9,9.144543714103382e-9,7.618368555244246e-8,Kruskal-Wallis
IgD,Third,log2rfu,326,37.73360662091227,2,6.4e-9,9.510204081632654e-9,7.923002174260981e-8,Kruskal-Wallis
IL-4 sR,Second,log2rfu,372,37.71781947456907,2,6.45e-9,9.578393881453154e-9,7.979811463273368e-8,Kruskal-Wallis
MATN3,Second,log2rfu,372,37.680846869579,2,6.57e-9,9.750382165605095e-9,8.123095827897572e-8,Kruskal-Wallis
SHBG,Second,log2rfu,372,37.576936067077895,2,6.92e-9,1.0263271801400383e-8,8.550386942229197e-8,Kruskal-Wallis
Lamin-B1,Second,log2rfu,372,37.55310942762412,2,7.01e-9,1.0390139949109416e-8,8.656081478488883e-8,Kruskal-Wallis
IL-13 Ra1,Third,log2rfu,326,37.52531380493099,2,7.1e-9,1.0516846789574063e-8,8.761641628815624e-8,Kruskal-Wallis
ADAM12,Third,log2rfu,326,37.4781896233028,2,7.27e-9,1.0761817026683608e-8,8.965727651006954e-8,Kruskal-Wallis
PAFAH beta subunit,Third,log2rfu,326,37.3757694339788,2,7.66e-9,1.133193650793651e-8,9.440697257419418e-8,Kruskal-Wallis
WNT7A,Third,log2rfu,326,37.27759629368347,2,8.04e-9,1.1879010779961952e-8,9.896467776068027e-8,Kruskal-Wallis
Caspase-10,Second,log2rfu,372,37.278135223386926,2,8.04e-9,1.1879010779961952e-8,9.896467776068027e-8,Kruskal-Wallis
Protein S,Second,log2rfu,372,36.907642316038846,2,9.67e-9,1.427826362484157e-8,1.1895298226331054e-7,Kruskal-Wallis
PSME1,Second,log2rfu,372,36.80567407046874,2,1.02e-8,1.5041772151898736e-8,1.2531381287011514e-7,Kruskal-Wallis
a2-HS-Glycoprotein,Second,log2rfu,372,36.807421959167186,2,1.02e-8,1.5041772151898736e-8,1.2531381287011514e-7,Kruskal-Wallis
MMP-17,Second,log2rfu,372,36.69445758643042,2,1.08e-8,1.5916508538899432e-8,1.326012887608764e-7,Kruskal-Wallis
GDF-9,Second,log2rfu,372,36.62612232241463,2,1.11e-8,1.6348293299620735e-8,1.3619851082745093e-7,Kruskal-Wallis
TNFSF15,Third,log2rfu,326,36.59149453338716,2,1.13e-8,1.6621843434343435e-8,1.38477471713646e-7,Kruskal-Wallis
MMP-3,Second,log2rfu,372,36.59726986932901,2,1.13e-8,1.6621843434343435e-8,1.38477471713646e-7,Kruskal-Wallis
ANGL4,Second,log2rfu,372,36.48558035128781,2,1.19e-8,1.7493375394321766e-8,1.4573825135052297e-7,Kruskal-Wallis
IL-17 RD,Third,log2rfu,326,36.36875961665896,2,1.27e-8,1.865762925598991e-8,1.554377128954164e-7,Kruskal-Wallis
PHI,Second,log2rfu,372,36.26674823723715,2,1.33e-8,1.952678008821676e-8,1.6267865522891874e-7,Kruskal-Wallis
Sphingosine kinase 1,Second,log2rfu,372,36.12196762689882,2,1.43e-8,2.0968533668974198e-8,1.746899818598071e-7,Kruskal-Wallis
PLK-1,Third,log2rfu,326,36.12070194261241,2,1.43e-8,2.0968533668974198e-8,1.746899818598071e-7,Kruskal-Wallis
DKK3,Second,log2rfu,372,36.061185677180674,2,1.48e-8,2.1688050314465407e-8,1.8068431373503344e-7,Kruskal-Wallis
ARMEL,Second,log2rfu,372,36.02628238569605,2,1.5e-8,2.1967316153362663e-8,1.830108924601452e-7,Kruskal-Wallis
FGF7,Second,log2rfu,372,35.9689922429734,2,1.55e-8,2.2671060891399872e-8,1.8887382772602684e-7,Kruskal-Wallis
TBK1,Second,log2rfu,372,35.96160594996195,2,1.55e-8,2.2671060891399872e-8,1.8887382772602684e-7,Kruskal-Wallis
Ferritin,Third,log2rfu,326,35.87497328599159,2,1.62e-8,2.368005018820577e-8,1.9727977182962255e-7,Kruskal-Wallis
C4,Third,log2rfu,326,35.821546176513266,2,1.67e-8,2.439561128526646e-8,2.0324114981811161e-7,Kruskal-Wallis
JAM-B,Second,log2rfu,372,35.65641469591128,2,1.81e-8,2.6424185463659147e-8,2.2014131041203208e-7,Kruskal-Wallis
TNFSF18,Second,log2rfu,372,35.63513208147219,2,1.83e-8,2.6699436443331244e-8,2.2243444112898626e-7,Kruskal-Wallis
Aminoacylase-1,Third,log2rfu,326,35.57521571273935,2,1.88e-8,2.7411764705882353e-8,2.283688861992871e-7,Kruskal-Wallis
"CXCL16, soluble",Second,log2rfu,372,35.562393878348985,2,1.9e-8,2.7686053783614764e-8,2.3065400325944257e-7,Kruskal-Wallis
PIK3CA/PIK3R1,Third,log2rfu,326,35.52377656404576,2,1.93e-8,2.8105625000000003e-8,2.3414947363120655e-7,Kruskal-Wallis
Mesothelin,Second,log2rfu,372,35.495941720073915,2,1.96e-8,2.852467207995003e-8,2.3764057739413635e-7,Kruskal-Wallis
SNAA,Second,log2rfu,372,35.322560004539355,2,2.14e-8,3.112484394506866e-8,2.593027490614876e-7,Kruskal-Wallis
TIMP-2,Third,log2rfu,326,35.311564543572786,2,2.15e-8,3.125077978789769e-8,2.60351927341982e-7,Kruskal-Wallis
B7,Second,log2rfu,372,35.16305427522616,2,2.31e-8,3.355548628428927e-8,2.795525611298629e-7,Kruskal-Wallis
MED-1,Second,log2rfu,372,34.423216444689615,2,3.35e-8,4.863239875389408e-8,4.0515912987692837e-7,Kruskal-Wallis
14-3-3,Second,log2rfu,372,34.36596790685985,2,3.45e-8,5.0052926525529265e-8,4.1699362315031716e-7,Kruskal-Wallis
HIPK3,Third,log2rfu,326,34.35519744763394,2,3.47e-8,5.0311761045426265e-8,4.1914998745787017e-7,Kruskal-Wallis
GM-CSF,Third,log2rfu,326,34.22458075661223,2,3.7e-8,5.361318407960199e-8,4.4665432033380467e-7,Kruskal-Wallis
Noggin,Second,log2rfu,372,34.20363375594275,2,3.74e-8,5.4159105034182715e-8,4.5120241717062377e-7,Kruskal-Wallis
IL-10 Rb,Second,log2rfu,372,34.17625926345909,2,3.79e-8,5.4849068322981364e-8,4.5695053844161706e-7,Kruskal-Wallis
OSM,Second,log2rfu,372,34.14094344672026,2,3.86e-8,5.5827436374922406e-8,4.651013753071763e-7,Kruskal-Wallis
GCKR,Third,log2rfu,326,33.901885406364954,2,4.35e-8,6.287531017369726e-8,5.23817591018526e-7,Kruskal-Wallis
FGF-19,Second,log2rfu,372,33.85318125589379,2,4.46e-8,6.442529448233106e-8,5.367305936649085e-7,Kruskal-Wallis
MAPK14,Second,log2rfu,372,33.72480271020845,2,4.75e-8,6.857187112763321e-8,5.712759467345859e-7,Kruskal-Wallis
ER,Third,log2rfu,326,33.710338736842004,2,4.79e-8,6.910650154798761e-8,5.757299815234659e-7,Kruskal-Wallis
NANOG,Third,log2rfu,326,33.64046498785433,2,4.96e-8,7.151485148514851e-8,5.957940743912094e-7,Kruskal-Wallis
Persephin,Second,log2rfu,372,33.62813436366514,2,4.99e-8,7.18584672435105e-8,5.986567557566602e-7,Kruskal-Wallis
IL-12 RB2,Third,log2rfu,326,33.62821842876235,2,4.99e-8,7.18584672435105e-8,5.986567557566602e-7,Kruskal-Wallis
XTP3A,Third,log2rfu,326,33.61735133345189,2,5.01e-8,7.210191476219889e-8,6.006849301295022e-7,Kruskal-Wallis
NCAM-120,Second,log2rfu,372,33.576286603165954,2,5.12e-8,7.36395061728395e-8,6.134946868761095e-7,Kruskal-Wallis
C3,Second,log2rfu,372,33.56529234951881,2,5.15e-8,7.402529302899445e-8,6.167086979255887e-7,Kruskal-Wallis
Siglec-6,Second,log2rfu,372,33.42289350192209,2,5.52e-8,7.929469790382244e-8,6.606083933705641e-7,Kruskal-Wallis
G-CSF,Second,log2rfu,372,33.34994324011336,2,5.73e-8,8.226062846580406e-8,6.85317720415051e-7,Kruskal-Wallis
JNK2,Second,log2rfu,372,33.20969301834043,2,6.15e-8,8.823583743842365e-8,7.350975077627914e-7,Kruskal-Wallis
TLR2,Third,log2rfu,326,33.05511278402366,2,6.64e-8,9.520738461538461e-8,7.931778422823239e-7,Kruskal-Wallis
ALCAM,Second,log2rfu,372,32.88730421061928,2,7.22e-8,1.0346002460024599e-7,8.619310298923892e-7,Kruskal-Wallis
PDE5A,Third,log2rfu,326,32.68467880550838,2,7.99e-8,1.1442347879532882e-7,9.532681564981305e-7,Kruskal-Wallis
Lipocalin 2,Second,log2rfu,372,32.68129579854508,2,8e-8,1.144963144963145e-7,9.53874954640757e-7,Kruskal-Wallis
TSLP,Second,log2rfu,372,32.67979401552884,2,8.01e-8,1.1456906077348065e-7,9.544810077887331e-7,Kruskal-Wallis
C8,Second,log2rfu,372,32.59213902009469,2,8.37e-8,1.1964478527607363e-7,9.967671416348637e-7,Kruskal-Wallis
Periostin,Second,log2rfu,372,32.579871434271126,2,8.42e-8,1.202857142857143e-7,1.0021067556887171e-6,Kruskal-Wallis
LCK,Second,log2rfu,372,32.54368195124766,2,8.57e-8,1.2235355392156865e-7,1.0193340389207764e-6,Kruskal-Wallis
DnaJ homolog,Third,log2rfu,326,32.528613004201816,2,8.64e-8,1.2327740355174528e-7,1.0270306798821584e-6,Kruskal-Wallis
MK11,Third,log2rfu,326,32.51496642295979,2,8.7e-8,1.2405752753977968e-7,1.0335299347880834e-6,Kruskal-Wallis
SH21A,Second,log2rfu,372,32.45728091005594,2,8.95e-8,1.2754434250764526e-7,1.062578777835521e-6,Kruskal-Wallis
AMPM2,Third,log2rfu,326,32.377526923153596,2,9.32e-8,1.327359413202934e-7,1.1058302667914135e-6,Kruskal-Wallis
VEGF,Third,log2rfu,326,32.170334552543295,2,1.03e-7,1.466035430665852e-7,1.2213620028556863e-6,Kruskal-Wallis
HSP 60,Second,log2rfu,372,31.900427178819427,2,1.18e-7,1.6785103785103787e-7,1.3983760247734125e-6,Kruskal-Wallis
Carbonic anhydrase VII,Third,log2rfu,326,31.884149692860433,2,1.19e-7,1.6917022574740694e-7,1.4093662500950513e-6,Kruskal-Wallis
Testican-2,Second,log2rfu,372,31.828817914688443,2,1.23e-7,1.7464351005484462e-7,1.4549644760594434e-6,Kruskal-Wallis
Persephin,Third,log2rfu,326,31.826250341999298,2,1.23e-7,1.7464351005484462e-7,1.4549644760594434e-6,Kruskal-Wallis
ABL2,Third,log2rfu,326,31.802198055586132,2,1.24e-7,1.7595615103532277e-7,1.4659001586726466e-6,Kruskal-Wallis
HCC-4,Second,log2rfu,372,31.761412522537512,2,1.27e-7,1.8010346926354233e-7,1.5004516899094974e-6,Kruskal-Wallis
Layilin,Second,log2rfu,372,31.69730761960409,2,1.31e-7,1.8566301703163016e-7,1.5467685814045387e-6,Kruskal-Wallis
CBX5,Second,log2rfu,372,31.671506856014048,2,1.33e-7,1.8838297872340425e-7,1.5694287285610583e-6,Kruskal-Wallis
NCAM-120,Third,log2rfu,326,31.59754919658269,2,1.38e-7,1.9534629404617252e-7,1.627440483060533e-6,Kruskal-Wallis
Ephrin-B3,Second,log2rfu,372,31.323556570957408,2,1.58e-7,2.2352155434122649e-7,1.8621700920804045e-6,Kruskal-Wallis
PSA2,Second,log2rfu,372,31.266093759039677,2,1.62e-7,2.290412621359223e-7,1.908155074614189e-6,Kruskal-Wallis
40S ribosomal protein SA,Second,log2rfu,372,31.201803669432138,2,1.68e-7,2.3738023044269254e-7,1.9776274681175377e-6,Kruskal-Wallis
IR,Second,log2rfu,372,31.17467365070911,2,1.7e-7,2.40060606060606e-7,1.9999578215634536e-6,Kruskal-Wallis
WFKN1,Second,log2rfu,372,31.151348581100365,2,1.72e-7,2.4273773470623866e-7,2.022261124308648e-6,Kruskal-Wallis
MDM2,Second,log2rfu,372,31.113645736620356,2,1.75e-7,2.4682203389830507e-7,2.0562876405656145e-6,Kruskal-Wallis
ERBB4,Second,log2rfu,372,31.105841188393697,2,1.76e-7,2.4808227465214763e-7,2.066786774072193e-6,Kruskal-Wallis
PESC,Third,log2rfu,326,31.05273723094126,2,1.81e-7,2.549758162031439e-7,2.124217239526017e-6,Kruskal-Wallis
CD97,Second,log2rfu,372,30.971128424253266,2,1.88e-7,2.6451690821256037e-7,2.2037045902564054e-6,Kruskal-Wallis
uPA,Second,log2rfu,372,30.977006461262135,2,1.88e-7,2.6451690821256037e-7,2.2037045902564054e-6,Kruskal-Wallis
JAG1,Second,log2rfu,372,30.94951472111211,2,1.9e-7,2.671695835847918e-7,2.2258041714655928e-6,Kruskal-Wallis
contactin-1,Third,log2rfu,326,30.75001545369264,2,2.1e-7,2.951145958986731e-7,2.458615572169647e-6,Kruskal-Wallis
Lactoferrin,Third,log2rfu,326,30.707164689436695,2,2.15e-7,3.0195901145268236e-7,2.515636766300164e-6,Kruskal-Wallis
DAF,Second,log2rfu,372,30.64222861260987,2,2.22e-7,3.116024096385542e-7,2.5959764352894866e-6,Kruskal-Wallis
MMP-7,Second,log2rfu,372,30.626691398216053,2,2.24e-7,3.142203491872366e-7,2.6177866304843023e-6,Kruskal-Wallis
CRTAM,Third,log2rfu,326,30.466651084949717,2,2.42e-7,3.3926594464500606e-7,2.826442833405136e-6,Kruskal-Wallis
CK-BB,Second,log2rfu,372,30.29588743450904,2,2.64e-7,3.6988574864702345e-7,3.0815380675357803e-6,Kruskal-Wallis
Cystatin C,Third,log2rfu,326,30.161991695368442,2,2.82e-7,3.9486778846153847e-7,3.289664784974106e-6,Kruskal-Wallis
C1q,Third,log2rfu,326,29.917518551763465,2,3.19e-7,4.464084084084084e-7,3.71905246203824e-6,Kruskal-Wallis
Thyroglobulin,Third,log2rfu,326,29.852961068565946,2,3.29e-7,4.6012605042016804e-7,3.833334875488033e-6,Kruskal-Wallis
FGR,Third,log2rfu,326,29.83782827923801,2,3.32e-7,4.640431913617277e-7,3.865968787368856e-6,Kruskal-Wallis
UFC1,Third,log2rfu,326,29.79097653790086,2,3.4e-7,4.746554823247453e-7,3.954380354199758e-6,Kruskal-Wallis
C34 gp41 HIV Fragment,Second,log2rfu,372,29.788777647424695,2,3.4e-7,4.746554823247453e-7,3.954380354199758e-6,Kruskal-Wallis
FSH,Third,log2rfu,326,29.745386887698942,2,3.47e-7,4.841377245508983e-7,4.033377424220343e-6,Kruskal-Wallis
FABP,Second,log2rfu,372,29.74365233870185,2,3.48e-7,4.852423698384201e-7,4.042580283527775e-6,Kruskal-Wallis
XEDAR,Second,log2rfu,372,29.735430866325032,2,3.49e-7,4.863456937799044e-7,4.051772134630294e-6,Kruskal-Wallis
FN1.3,Third,log2rfu,326,29.540180801918837,2,3.85e-7,5.361924686192469e-7,4.467048296994423e-6,Kruskal-Wallis
JNK2,Third,log2rfu,326,29.477332456623117,2,3.97e-7,5.525746714456392e-7,4.603529309913347e-6,Kruskal-Wallis
MCP-1,Second,log2rfu,372,29.4577715989019,2,4.01e-7,5.574761336515513e-7,4.644363655192542e-6,Kruskal-Wallis
Cathepsin V,Third,log2rfu,326,29.45790961607952,2,4.01e-7,5.574761336515513e-7,4.644363655192542e-6,Kruskal-Wallis
NG36,Second,log2rfu,372,29.296037958796433,2,4.35e-7,6.043828264758497e-7,5.035145836147072e-6,Kruskal-Wallis
Desmoglein-1,Second,log2rfu,372,29.14327640223155,2,4.69e-7,6.51233611442193e-7,5.425462245729785e-6,Kruskal-Wallis
MIP-3b,Second,log2rfu,372,29.1028029690915,2,4.79e-7,6.64723049434187e-7,5.537843479216184e-6,Kruskal-Wallis
AREG,Second,log2rfu,372,28.969964964185465,2,5.12e-7,7.096728138013087e-7,5.912322383933953e-6,Kruskal-Wallis
TGM3,Third,log2rfu,326,28.970066260238468,2,5.12e-7,7.096728138013087e-7,5.912322383933953e-6,Kruskal-Wallis
Cystatin M,Second,log2rfu,372,28.898913812804267,2,5.3e-7,7.341854934601665e-7,6.116538836669372e-6,Kruskal-Wallis
HDGR2,Second,log2rfu,372,28.879132972264642,2,5.36e-7,7.42055852644088e-7,6.18210722236454e-6,Kruskal-Wallis
Gro-b/g,Second,log2rfu,372,28.72150278623758,2,5.8e-7,8.024940617577197e-7,6.685621193363927e-6,Kruskal-Wallis
RS3,Second,log2rfu,372,28.566193886112842,2,6.27e-7,8.670089020771513e-7,7.223097798214247e-6,Kruskal-Wallis
FAK1,Second,log2rfu,372,28.482631203926758,2,6.53e-7,9.024258600237249e-7,7.518158379888157e-6,Kruskal-Wallis
ATS13,Second,log2rfu,372,28.423488451435105,2,6.73e-7,9.295139300533491e-7,7.743830548328522e-6,Kruskal-Wallis
NET4,Third,log2rfu,326,28.209200191449895,2,7.49e-7,1.0338684834123224e-6,8.613213945425126e-6,Kruskal-Wallis
PTK6,Second,log2rfu,372,28.18342452677325,2,7.59e-7,1.047051509769094e-6,8.723042447097103e-6,Kruskal-Wallis
AURKB,Second,log2rfu,372,28.111429326775124,2,7.86e-7,1.0830159668835008e-6,9.022664273787328e-6,Kruskal-Wallis
SAP,Third,log2rfu,326,28.11160658208587,2,7.86e-7,1.0830159668835008e-6,9.022664273787328e-6,Kruskal-Wallis
PPase,Third,log2rfu,326,27.93732106572247,2,8.58e-7,1.1815248226950355e-6,9.843346850185584e-6,Kruskal-Wallis
Chitotriosidase-1,Second,log2rfu,372,27.857776656948317,2,8.93e-7,1.2289958653278203e-6,1.023883065975008e-5,Kruskal-Wallis
CNTFR alpha,Second,log2rfu,372,27.78833505925013,2,9.24e-7,1.2709090909090907e-6,1.0588011996512402e-5,Kruskal-Wallis
GNS,Third,log2rfu,326,27.483123226893213,2,1.08e-6,1.4846017699115045e-6,1.2368297199465815e-5,Kruskal-Wallis
Lymphotoxin a2/b1,Third,log2rfu,326,27.365631909382273,2,1.14e-6,1.5661556603773587e-6,1.3047727047588987e-5,Kruskal-Wallis
ERK-1,Second,log2rfu,372,27.351907960185144,2,1.15e-6,1.5789628756629347e-6,1.3154424647012559e-5,Kruskal-Wallis
IL-12 Rb1,Third,log2rfu,326,27.31764571477413,2,1.17e-6,1.6045320776927606e-6,1.3367443044449148e-5,Kruskal-Wallis
OX40 Ligand,Third,log2rfu,326,27.316376249441078,2,1.17e-6,1.6045320776927606e-6,1.3367443044449148e-5,Kruskal-Wallis
ECM1,Second,log2rfu,372,27.30478653284763,2,1.18e-6,1.6172941176470587e-6,1.3473764285757938e-5,Kruskal-Wallis
SH21A,Third,log2rfu,326,27.19413907708838,2,1.24e-6,1.6985302763080543e-6,1.4150547093124548e-5,Kruskal-Wallis
MBL,Second,log2rfu,372,27.110331166378046,2,1.3e-6,1.7796709753231494e-6,1.4826534621046548e-5,Kruskal-Wallis
DAN,Second,log2rfu,372,27.081545845455594,2,1.32e-6,1.8059894304169115e-6,1.5045795086059903e-5,Kruskal-Wallis
TNR4,Second,log2rfu,372,27.017327054426914,2,1.36e-6,1.8596244131455396e-6,1.549263101211126e-5,Kruskal-Wallis
KPCI,Third,log2rfu,326,26.979552732566276,2,1.39e-6,1.8995307917888562e-6,1.582509319908843e-5,Kruskal-Wallis
FGF-6,Second,log2rfu,372,26.893954848712838,2,1.45e-6,1.9803634232121925e-6,1.6498514199333022e-5,Kruskal-Wallis
NMT1,Second,log2rfu,372,26.731272013510306,2,1.57e-6,2.1429994141769183e-6,1.7853443387987618e-5,Kruskal-Wallis
discoidin domain receptor 1,Second,log2rfu,372,26.715113068760957,2,1.58e-6,2.155386416861827e-6,1.7956640173632467e-5,Kruskal-Wallis
Calcineurin,Second,log2rfu,372,26.50582839558433,2,1.76e-6,2.3995318899941486e-6,1.9990629242488796e-5,Kruskal-Wallis
MMP-16,Second,log2rfu,372,26.477257234788567,2,1.78e-6,2.4239625949736996e-6,2.019416275976162e-5,Kruskal-Wallis
KPCT,Third,log2rfu,326,26.479057851278867,2,1.78e-6,2.4239625949736996e-6,2.019416275976162e-5,Kruskal-Wallis
UBC9,Second,log2rfu,372,26.15314719613275,2,2.09e-6,2.8444509345794393e-6,2.3697273734406165e-5,Kruskal-Wallis
C5,Third,log2rfu,326,26.150791085209676,2,2.1e-6,2.8563922942206653e-6,2.379675784388368e-5,Kruskal-Wallis
Epithelial cell kinase,Second,log2rfu,372,26.10886491641122,2,2.14e-6,2.9091015169194863e-6,2.4235881213331574e-5,Kruskal-Wallis
IL-4 sR,Third,log2rfu,326,26.097388025671876,2,2.15e-6,2.9209912536443147e-6,2.4334935249515874e-5,Kruskal-Wallis
MMP-14,Second,log2rfu,372,26.063966636294708,2,2.19e-6,2.973601398601399e-6,2.4773233196968122e-5,Kruskal-Wallis
PBP,Third,log2rfu,326,26.021560659549323,2,2.24e-6,3.0397204426324987e-6,2.5324074509227876e-5,Kruskal-Wallis
Laminin,Second,log2rfu,372,26.001588562061443,2,2.26e-6,3.0650756693830036e-6,2.5535310267103054e-5,Kruskal-Wallis
IL-20,Second,log2rfu,372,25.98037686329235,2,2.28e-6,3.0904013961605586e-6,2.5746300259116836e-5,Kruskal-Wallis
Vasoactive Intestinal Peptide,Second,log2rfu,372,25.843098471684016,2,2.44e-6,3.3053488372093022e-6,2.753703895216985e-5,Kruskal-Wallis
granzyme A,Second,log2rfu,372,25.83357577858783,2,2.46e-6,3.3305055200464846e-6,2.7746620630023785e-5,Kruskal-Wallis
URB,Second,log2rfu,372,25.774087901953408,2,2.53e-6,3.4232868757259e-6,2.851958709474837e-5,Kruskal-Wallis
PLCG1,Third,log2rfu,326,25.717012036562096,2,2.6e-6,3.5159605339524087e-6,2.9291656326199912e-5,Kruskal-Wallis
PDE4D,Second,log2rfu,372,25.66622484431059,2,2.67e-6,3.6085266821345705e-6,3.0062829885689212e-5,Kruskal-Wallis
Kallikrein 11,Third,log2rfu,326,25.455129473732427,2,2.97e-6,4.011652173913043e-6,3.3421290041165236e-5,Kruskal-Wallis
IL-18 BPa,Second,log2rfu,372,25.443318527698466,2,2.99e-6,4.036326767091541e-6,3.362685540414184e-5,Kruskal-Wallis
TNFSF15,Second,log2rfu,372,25.425301512167835,2,3.01e-6,4.060972785176607e-6,3.383218270647806e-5,Kruskal-Wallis
DLC8,Third,log2rfu,326,25.366109067456023,2,3.1e-6,4.1799768518518515e-6,3.4823611986986195e-5,Kruskal-Wallis
Glypican 3,Second,log2rfu,372,25.20720070428274,2,3.36e-6,4.527935222672064e-6,3.772247189040856e-5,Kruskal-Wallis
Vasoactive Intestinal Peptide,Third,log2rfu,326,25.12924732486306,2,3.49e-6,4.700404624277457e-6,3.9159323752033824e-5,Kruskal-Wallis
resistin,Second,log2rfu,372,25.108201895695174,2,3.53e-6,4.751530906990179e-6,3.958525956331375e-5,Kruskal-Wallis
TGF-b3,Second,log2rfu,372,25.083963136688226,2,3.57e-6,4.8025981524249425e-6,4.0010703531855465e-5,Kruskal-Wallis
PIGR,Third,log2rfu,326,24.918490241967334,2,3.88e-6,5.213610149942331e-6,4.34348665908448e-5,Kruskal-Wallis
FGF-10,Third,log2rfu,326,24.91695069664513,2,3.88e-6,5.213610149942331e-6,4.34348665908448e-5,Kruskal-Wallis
FGFR-2,Second,log2rfu,372,24.90422286973967,2,3.91e-6,5.250893371757925e-6,4.374547511719485e-5,Kruskal-Wallis
CAD15,Third,log2rfu,326,24.87280306520813,2,3.97e-6,5.328398617511521e-6,4.439117548845013e-5,Kruskal-Wallis
Aggrecan,Second,log2rfu,372,24.74582055670635,2,4.23e-6,5.6740932642487055e-6,4.727117618477472e-5,Kruskal-Wallis
DHH,Second,log2rfu,372,24.40410262261912,2,5.02e-6,6.729919447640967e-6,5.606732090980196e-5,Kruskal-Wallis
ERBB1,Third,log2rfu,326,24.395270136552654,2,5.04e-6,6.752846463484761e-6,5.6258327112003794e-5,Kruskal-Wallis
ETHE1,Second,log2rfu,372,24.340567415434407,2,5.18e-6,6.936436781609196e-6,5.778782792732536e-5,Kruskal-Wallis
FGF-6,Third,log2rfu,326,24.303723383231727,2,5.28e-6,7.066283744974153e-6,5.8869589963377394e-5,Kruskal-Wallis
TNF sR-II,Second,log2rfu,372,24.28847375438272,2,5.32e-6,7.115729047072331e-6,5.928152143474031e-5,Kruskal-Wallis
"gp130, soluble",Second,log2rfu,372,24.22580570858713,2,5.49e-6,7.338898450946644e-6,6.114075774233925e-5,Kruskal-Wallis
CTGF,Third,log2rfu,326,24.17590993479007,2,5.63e-6,7.521731651376148e-6,6.26639509694202e-5,Kruskal-Wallis
Granulysin,Second,log2rfu,372,24.140739137385026,2,5.73e-6,7.650945558739256e-6,6.374043898186979e-5,Kruskal-Wallis
CK2-A2:B,Second,log2rfu,372,24.117511477106518,2,5.79e-6,7.726632302405498e-6,6.437098931442104e-5,Kruskal-Wallis
CK094,Third,log2rfu,326,24.097978282708596,2,5.85e-6,7.802232398397253e-6,6.50008177805355e-5,Kruskal-Wallis
Aggrecan,Third,log2rfu,326,24.048851461732283,2,6e-6,7.997711670480549e-6,6.662936611077597e-5,Kruskal-Wallis
ARP19,Third,log2rfu,326,23.81574088130867,2,6.74e-6,8.9789594053745e-6,7.480419376990942e-5,Kruskal-Wallis
ATP synthase beta chain,Second,log2rfu,372,23.52129035467192,2,7.81e-6,1.0398457142857143e-5,8.663010577336956e-5,Kruskal-Wallis
Prekallikrein,Second,log2rfu,372,23.46371127971156,2,8.03e-6,1.0685265562535692e-5,8.901952214467356e-5,Kruskal-Wallis
C3adesArg,Third,log2rfu,326,23.441214041533726,2,8.12e-6,1.0798858447488584e-5,8.996587057919404e-5,Kruskal-Wallis
"transcription factor MLR1, isoform CRA_b",Second,log2rfu,372,23.313130723020322,2,8.66e-6,1.1510439247005135e-5,9.589408849474913e-5,Kruskal-Wallis
Siglec-9,Third,log2rfu,326,23.30131823559475,2,8.71e-6,1.1570296465222347e-5,9.63927621993399e-5,Kruskal-Wallis
TRY3,Third,log2rfu,326,23.266189192024058,2,8.87e-6,1.1776125356125356e-5,9.81075337606567e-5,Kruskal-Wallis
Prekallikrein,Third,log2rfu,326,23.197945168650563,2,9.18e-6,1.2180751708428246e-5,1.0147849766589049e-4,Kruskal-Wallis
C3a,Third,log2rfu,326,23.189791331155902,2,9.21e-6,1.2213602731929425e-5,1.0175218130968235e-4,Kruskal-Wallis
Properdin,Third,log2rfu,326,23.147594147065774,2,9.41e-6,1.2471729237770194e-5,1.0390264711404992e-4,Kruskal-Wallis
MFGM,Second,log2rfu,372,23.045389693754714,2,9.9e-6,1.3113700966458216e-5,1.09250948116373e-4,Kruskal-Wallis
SBDS,Third,log2rfu,326,23.031967635651995,2,9.97e-6,1.3198920454545455e-5,1.0996091625544649e-4,Kruskal-Wallis
IDUA,Second,log2rfu,372,22.858629409104424,2,1.09e-5,1.4421919363997729e-5,1.2014978595323083e-4,Kruskal-Wallis
Ck-b-8-1,Third,log2rfu,326,22.792985266548726,2,1.12e-5,1.4810442678774121e-5,1.2338659458667497e-4,Kruskal-Wallis
Histone H1.2,Third,log2rfu,326,22.715485242456793,2,1.17e-5,1.5462847419171864e-5,1.288218135707266e-4,Kruskal-Wallis
CKAP2,Third,log2rfu,326,22.685112737934787,2,1.19e-5,1.571825396825397e-5,1.3094961926903565e-4,Kruskal-Wallis
NCAM1,Third,log2rfu,326,22.586908606456973,2,1.25e-5,1.6501416430594902e-5,1.3747418786784282e-4,Kruskal-Wallis
SCF sR,Second,log2rfu,372,22.484665198629955,2,1.31e-5,1.72836919592299e-5,1.4399136737423907e-4,Kruskal-Wallis
G-CSF-R,Second,log2rfu,372,22.46020168567884,2,1.33e-5,1.753763440860215e-5,1.461069755791138e-4,Kruskal-Wallis
Growth hormone receptor,Second,log2rfu,372,22.345445863778878,2,1.41e-5,1.8582013574660634e-5,1.5480775458701673e-4,Kruskal-Wallis
sFRP-3,Third,log2rfu,326,22.27052448003178,2,1.46e-5,1.9230073487846244e-5,1.602067765818628e-4,Kruskal-Wallis
GDF-11,Second,log2rfu,372,22.249193958190972,2,1.47e-5,1.93399209486166e-5,1.6112192168605828e-4,Kruskal-Wallis
VEGF-C,Second,log2rfu,372,22.256563986684114,2,1.47e-5,1.93399209486166e-5,1.6112192168605828e-4,Kruskal-Wallis
PSMA,Second,log2rfu,372,22.240515214900597,2,1.48e-5,1.9460496613995488e-5,1.6212644403990024e-4,Kruskal-Wallis
GPVI,Second,log2rfu,372,22.233558153830472,2,1.49e-5,1.9580936266215455e-5,1.6312983326079926e-4,Kruskal-Wallis
calgranulin B,Third,log2rfu,326,22.103163963748557,2,1.59e-5,2.0883314543404736e-5,1.739800167408887e-4,Kruskal-Wallis
HCC-1,Second,log2rfu,372,22.076930136545798,2,1.61e-5,2.113408450704225e-5,1.7606919479646444e-4,Kruskal-Wallis
HRG,Second,log2rfu,372,22.02124815262323,2,1.65e-5,2.1634777715250425e-5,1.8024049684552628e-4,Kruskal-Wallis
TSP2,Second,log2rfu,372,22.020575313024892,2,1.65e-5,2.1634777715250425e-5,1.8024049684552628e-4,Kruskal-Wallis
Semaphorin-6A,Second,log2rfu,372,21.964096499903007,2,1.7e-5,2.2277840269966254e-5,1.8559788557816076e-4,Kruskal-Wallis
PSMA,Third,log2rfu,326,21.915906507463887,2,1.74e-5,2.2789207419898817e-5,1.8985811280986263e-4,Kruskal-Wallis
Kininostatin,Second,log2rfu,372,21.83893088945456,2,1.81e-5,2.369269662921348e-5,1.9738513000988942e-4,Kruskal-Wallis
SMAC,Second,log2rfu,372,21.82566801357666,2,1.82e-5,2.381021897810219e-5,1.9836421501981868e-4,Kruskal-Wallis
IL-1 R AcP,Second,log2rfu,372,21.785454776261076,2,1.86e-5,2.430622546270331e-5,2.0249647172241892e-4,Kruskal-Wallis
TARC,Second,log2rfu,372,21.788056643336176,2,1.86e-5,2.430622546270331e-5,2.0249647172241892e-4,Kruskal-Wallis
Caspase-3,Second,log2rfu,372,21.770083935854473,2,1.87e-5,2.4423206278026906e-5,2.0347104518708903e-4,Kruskal-Wallis
Kininostatin,Third,log2rfu,326,21.684433012886302,2,1.96e-5,2.5584313725490195e-5,2.131442937860013e-4,Kruskal-Wallis
CD30,Second,log2rfu,372,21.634544243127266,2,2.01e-5,2.6222284434490484e-5,2.1845926207809745e-4,Kruskal-Wallis
sRANKL,Second,log2rfu,372,21.582481319644558,2,2.06e-5,2.6844519015659954e-5,2.2364313184281413e-4,Kruskal-Wallis
Antithrombin III,Third,log2rfu,326,21.583172206648896,2,2.06e-5,2.6844519015659954e-5,2.2364313184281413e-4,Kruskal-Wallis
PCSK9,Second,log2rfu,372,21.495308388485455,2,2.15e-5,2.8001676914477364e-5,2.332834765395177e-4,Kruskal-Wallis
IDS,Third,log2rfu,326,21.48654657245754,2,2.16e-5,2.8100502512562813e-5,2.34106797912837e-4,Kruskal-Wallis
CDK2/cyclin A,Second,log2rfu,372,21.48383388026423,2,2.16e-5,2.8100502512562813e-5,2.34106797912837e-4,Kruskal-Wallis
C7,Second,log2rfu,372,21.405195955626823,2,2.25e-5,2.925502232142857e-5,2.437251645402548e-4,Kruskal-Wallis
COX-2,Second,log2rfu,372,21.20139723881357,2,2.49e-5,3.235750139431121e-5,2.69572084573782e-4,Kruskal-Wallis
IL-1 sRI,Second,log2rfu,372,21.084247031848463,2,2.64e-5,3.428762541806021e-5,2.856520516338909e-4,Kruskal-Wallis
Survivin,Second,log2rfu,372,20.91126841471214,2,2.88e-5,3.738384401114206e-5,3.114468152734567e-4,Kruskal-Wallis
Cadherin-2,Second,log2rfu,372,20.883726326578653,2,2.92e-5,3.7881959910913145e-5,3.155966456272999e-4,Kruskal-Wallis
EPHB2,Second,log2rfu,372,20.655273517504156,2,3.27e-5,4.2375417130144614e-5,3.5303187941652865e-4,Kruskal-Wallis
IMB1,Second,log2rfu,372,20.65516017642176,2,3.27e-5,4.2375417130144614e-5,3.5303187941652865e-4,Kruskal-Wallis
OLR1,Second,log2rfu,372,20.63501106397507,2,3.3e-5,4.274041133963313e-5,3.56072665808227e-4,Kruskal-Wallis
TAK1-TAB1,Third,log2rfu,326,20.503783130992247,2,3.53e-5,4.569388888888889e-5,3.806782461338672e-4,Kruskal-Wallis
C6,Third,log2rfu,326,20.442636409737815,2,3.64e-5,4.709161576901721e-5,3.923227839536892e-4,Kruskal-Wallis
PSME3,Second,log2rfu,372,20.422344975574106,2,3.68e-5,4.75826859045505e-5,3.9641391566668703e-4,Kruskal-Wallis
sICAM-1,Third,log2rfu,326,20.3999027527683,2,3.72e-5,4.807321131447588e-5,4.0050050924134547e-4,Kruskal-Wallis
C2,Third,log2rfu,326,20.35392446279741,2,3.8e-5,4.9079822616407984e-5,4.088866421417391e-4,Kruskal-Wallis
IL-17D,Third,log2rfu,326,20.305273193771882,2,3.9e-5,5.034349030470914e-5,4.194143256236215e-4,Kruskal-Wallis
PH,Third,log2rfu,326,20.193585272051223,2,4.12e-5,5.315393133997785e-5,4.428282610575323e-4,Kruskal-Wallis
IFN-lambda 1,Second,log2rfu,372,20.007906383803174,2,4.52e-5,5.828223574986165e-5,4.8555244093949145e-4,Kruskal-Wallis
SAA,Second,log2rfu,372,19.963046084619236,2,4.62e-5,5.9538716814159284e-5,4.960202522702436e-4,Kruskal-Wallis
OX40 Ligand,Second,log2rfu,372,19.937609549598847,2,4.68e-5,6.027860696517413e-5,5.021843169158453e-4,Kruskal-Wallis
Factor I,Second,log2rfu,372,19.753634267399775,2,5.14e-5,6.616685082872928e-5,5.512395932622572e-4,Kruskal-Wallis
Lysozyme,Second,log2rfu,372,19.717439665246957,2,5.23e-5,6.728823854224185e-5,5.605819346211655e-4,Kruskal-Wallis
CYTD,Third,log2rfu,326,19.699105696972765,2,5.28e-5,6.789403973509934e-5,5.656288969439297e-4,Kruskal-Wallis
PK3CG,Second,log2rfu,372,19.678369024013364,2,5.33e-5,6.849917264202979e-5,5.706702917406896e-4,Kruskal-Wallis
"Myokinase, human",Second,log2rfu,372,19.66867692556616,2,5.36e-5,6.884674751929437e-5,5.735659567386726e-4,Kruskal-Wallis
IF4G2,Second,log2rfu,372,19.585195474802504,2,5.59e-5,7.176143250688705e-5,5.978483541465083e-4,Kruskal-Wallis
TFPI,Third,log2rfu,326,19.57019613270802,2,5.63e-5,7.223513215859031e-5,6.017947714243879e-4,Kruskal-Wallis
DUS3,Third,log2rfu,326,19.549148482682085,2,5.69e-5,7.296477710511833e-5,6.078734827203368e-4,Kruskal-Wallis
Collectin Kidney 1,Second,log2rfu,372,19.42515347223116,2,6.05e-5,7.753850385038504e-5,6.459774462485335e-4,Kruskal-Wallis
SREC-I,Third,log2rfu,326,19.412737390157076,2,6.09e-5,7.800824628916989e-5,6.498908957727376e-4,Kruskal-Wallis
Lactoferrin,Second,log2rfu,372,19.319535898171353,2,6.38e-5,8.167802197802198e-5,6.804639944278758e-4,Kruskal-Wallis
CNDP1,Second,log2rfu,372,19.258096844594093,2,6.58e-5,8.419220208676552e-5,7.014097641475084e-4,Kruskal-Wallis
BAFF Receptor,Second,log2rfu,372,19.20777118408364,2,6.75e-5,8.631997804610318e-5,7.191363801143852e-4,Kruskal-Wallis
AMHR2,Third,log2rfu,326,19.144731743309194,2,6.96e-5,8.895666483817882e-5,7.411027596022943e-4,Kruskal-Wallis
Ficolin-3,Second,log2rfu,372,19.048222295449023,2,7.31e-5,9.337883771929824e-5,7.779441197364421e-4,Kruskal-Wallis
sL-Selectin,Second,log2rfu,372,19.016470778595703,2,7.42e-5,9.473205479452055e-5,7.892178439774815e-4,Kruskal-Wallis
PLK-1,Second,log2rfu,372,19.007644255199693,2,7.46e-5,9.519058050383352e-5,7.930378463251257e-4,Kruskal-Wallis
Cytidylate kinase,Third,log2rfu,326,18.99584613401396,2,7.5e-5,9.564860426929392e-5,7.968536669515354e-4,Kruskal-Wallis
FGF-17,Third,log2rfu,326,18.91689361644478,2,7.8e-5,9.942013129102844e-5,8.282744614339571e-4,Kruskal-Wallis
Eotaxin,Second,log2rfu,372,18.905163709213866,2,7.85e-5,1.0000273373428101e-4,0.00083312815372593935,Kruskal-Wallis
Carbonic anhydrase XIII,Second,log2rfu,372,18.898097856385675,2,7.88e-5,1.0027525942108139e-4,8.353985798813901e-4,Kruskal-Wallis
Hat1,Third,log2rfu,326,18.8964024529821,2,7.88e-5,1.0027525942108139e-4,8.353985798813901e-4,Kruskal-Wallis
ERBB2,Second,log2rfu,372,18.84480030645136,2,8.09e-5,1.0289137554585152e-4,8.571935840335141e-4,Kruskal-Wallis
MP2K4,Third,log2rfu,326,18.679837463186573,2,8.78e-5,1.116061102018549e-4,9.297965072041898e-4,Kruskal-Wallis
Cytochrome P450 3A4,Second,log2rfu,372,18.660660779056798,2,8.87e-5,1.1268865866957471e-4,9.388152767172983e-4,Kruskal-Wallis
CLC7A,Third,log2rfu,326,18.446243370030743,2,9.87e-5,1.25324795640327e-4,0.0010440876134980486,Kruskal-Wallis
Spondin-1,Second,log2rfu,372,18.43013055612687,2,9.95e-5,1.2627178649237474e-4,0.001051977045223568,Kruskal-Wallis
Lymphotoxin b R,Second,log2rfu,372,18.38155031819838,2,1.02e-4,1.293739793140991e-4,0.0010778215804832984,Kruskal-Wallis
FUT5,Second,log2rfu,372,18.279788501638222,2,1.07e-4,1.3556824361065796e-4,0.0011294263295174095,Kruskal-Wallis
NAGK,Third,log2rfu,326,18.289902195513605,2,1.07e-4,1.3556824361065796e-4,0.0011294263295174095,Kruskal-Wallis
ARGI1,Third,log2rfu,326,18.20254401439297,2,1.12e-4,1.4182608695652174e-4,0.0011815607590310942,Kruskal-Wallis
ASGR1,Second,log2rfu,372,18.178666790510533,2,1.13e-4,1.4293702497285556e-4,0.001190816043400734,Kruskal-Wallis
MMP-10,Second,log2rfu,372,18.184558963245536,2,1.13e-4,1.4293702497285556e-4,0.001190816043400734,Kruskal-Wallis
Elafin,Second,log2rfu,372,18.10717244012426,2,1.17e-4,1.478362255965293e-4,0.001231631547316654,Kruskal-Wallis
Kallikrein 7,Second,log2rfu,372,18.11003510017963,2,1.17e-4,1.478362255965293e-4,0.001231631547316654,Kruskal-Wallis
LAG-1,Second,log2rfu,372,18.042441531017175,2,1.21e-4,1.5280758807588075e-4,0.0012730482355336953,Kruskal-Wallis
Coactosin-like protein,Second,log2rfu,372,18.015895963717412,2,1.22e-4,1.5390362750406061e-4,0.0012821793989640537,Kruskal-Wallis
HSP 70,Third,log2rfu,326,18.023629680642898,2,1.22e-4,1.5390362750406061e-4,0.0012821793989640537,Kruskal-Wallis
TECK,Third,log2rfu,326,17.982852699982914,2,1.24e-4,1.5634199134199135e-4,0.0013024935392535097,Kruskal-Wallis
HPLN1,Third,log2rfu,326,17.982350318801423,2,1.25e-4,1.5751757706868578e-4,0.00131228740717546,Kruskal-Wallis
PSA,Second,log2rfu,372,17.930381101730973,2,1.28e-4,1.612108108108108e-4,0.0013430559361341857,Kruskal-Wallis
p60-Src,Third,log2rfu,326,17.905288961705878,2,1.29e-4,1.6238249594813613e-4,0.0013528173080362953,Kruskal-Wallis
MCP-1,Third,log2rfu,326,17.87761183815701,2,1.31e-4,1.648110151187905e-4,0.0013730494318731437,Kruskal-Wallis
Bone proteoglycan II,Second,log2rfu,372,17.863872874629124,2,1.32e-4,1.6597949271451702e-4,0.001382784081573665,Kruskal-Wallis
TGF-b2,Third,log2rfu,326,17.840445770248152,2,1.34e-4,1.6840345199568501e-4,0.001402978216725933,Kruskal-Wallis
Rb,Second,log2rfu,372,17.81160883272014,2,1.36e-4,1.7082479784366576e-4,0.0014231505792257461,Kruskal-Wallis
Oxidized PARK7,Second,log2rfu,372,17.77269253118925,2,1.38e-4,1.732435344827586e-4,0.0014433012042659684,Kruskal-Wallis
NANOG,Second,log2rfu,372,17.716250910389135,2,1.42e-4,1.7816908992999463e-4,0.0014843362716345694,Kruskal-Wallis
C5a,Third,log2rfu,326,17.703103405943466,2,1.43e-4,1.793272335844995e-4,0.001493984828714927,Kruskal-Wallis
SLAF5,Third,log2rfu,326,17.590959415237307,2,1.51e-4,1.8925766541151156e-4,0.0015767157904076656,Kruskal-Wallis
Myeloperoxidase,Third,log2rfu,326,17.57160365475295,2,1.53e-4,1.9166129032258065e-4,0.0015967405188288865,Kruskal-Wallis
IL-18 Ra,Second,log2rfu,372,17.550139598615488,2,1.55e-4,1.9406233207952713e-4,0.0016167437268541686,Kruskal-Wallis
Macrophage mannose receptor,Third,log2rfu,326,17.431433858265564,2,1.64e-4,2.052201933404941e-4,0.0017097004691826328,Kruskal-Wallis
Protein disulfide-isomerase,Second,log2rfu,372,17.397806562875303,2,1.67e-4,2.0886205045625336e-4,0.0017400409767036394,Kruskal-Wallis
41,Second,log2rfu,372,17.359172169024305,2,1.7e-4,2.1250000000000002e-4,0.0017703489300320274,Kruskal-Wallis
Cathepsin D,Third,log2rfu,326,17.240687540580893,2,1.8e-4,2.248793565683646e-4,0.0018734820154686824,Kruskal-Wallis
BMP10,Second,log2rfu,372,17.233121076811813,2,1.81e-4,2.2600750267952842e-4,0.0018828806614019466,Kruskal-Wallis
MPIF-1,Third,log2rfu,326,17.14441813041458,2,1.89e-4,2.3574411134903643e-4,0.0019639968719440833,Kruskal-Wallis
Tropomyosin 1 alpha chain,Third,log2rfu,326,17.14922624694816,2,1.89e-4,2.3574411134903643e-4,0.0019639968719440833,Kruskal-Wallis
Cytochrome c,Third,log2rfu,326,17.13022321891833,2,1.91e-4,2.3811128945960407e-4,0.0019837179601099124,Kruskal-Wallis
sTie-2,Second,log2rfu,372,17.11243200150443,2,1.92e-4,2.392299465240642e-4,0.0019930375522846876,Kruskal-Wallis
SLPI,Third,log2rfu,326,17.0064267110198,2,2.03e-4,2.5280064136825226e-4,0.0021060957409773915,Kruskal-Wallis
PAPP-A,Second,log2rfu,372,16.99676407198558,2,2.04e-4,2.539102564102564e-4,0.00211534000357673,Kruskal-Wallis
Calpastatin,Second,log2rfu,372,16.913578213342134,2,2.12e-4,2.6372664175120127e-4,0.0021971208378596657,Kruskal-Wallis
TLR4:MD-2 complex,Second,log2rfu,372,16.880577195843443,2,2.16e-4,2.685592315901814e-4,0.0022373814037454165,Kruskal-Wallis
PSA2,Third,log2rfu,326,16.811511583425954,2,2.24e-4,2.783573333333333e-4,0.0023190099163916938,Kruskal-Wallis
BMPR1A,Third,log2rfu,326,16.790910756705898,2,2.26e-4,2.8069296375266527e-4,0.0023384681790449384,Kruskal-Wallis
C1s,Second,log2rfu,372,16.72980266380341,2,2.33e-4,2.8923281832711776e-4,0.002409614166849697,Kruskal-Wallis
NCAM1,Second,log2rfu,372,16.631666831955954,2,2.45e-4,3.0380521554018095e-4,0.002531017591857453,Kruskal-Wallis
ADAMTS-5,Third,log2rfu,326,16.62928677961372,2,2.45e-4,3.0380521554018095e-4,0.002531017591857453,Kruskal-Wallis
Midkine,Third,log2rfu,326,16.574089792867312,2,2.52e-4,3.123191489361702e-4,0.002601947628930175,Kruskal-Wallis
GDF2,Third,log2rfu,326,16.537738797260204,2,2.56e-4,3.171079213184476e-4,0.002641843149227266,Kruskal-Wallis
Dtk,Third,log2rfu,326,16.51896538889605,2,2.59e-4,3.20653560042508e-4,0.002671382056151597,Kruskal-Wallis
PFD5,Third,log2rfu,326,16.491572521113767,2,2.62e-4,3.241954328199682e-4,0.002700889588772238,Kruskal-Wallis
Cathepsin D,Second,log2rfu,372,16.37812082509481,2,2.78e-4,3.4381104033970273e-4,0.002864308270111016,Kruskal-Wallis
ISM1,Second,log2rfu,372,16.330781445007233,2,2.84e-4,3.510450928381963e-4,0.002924575550583974,Kruskal-Wallis
ISM1,Third,log2rfu,326,16.328872232389017,2,2.85e-4,3.520943796394485e-4,0.0029333172153646497,Kruskal-Wallis
ROBO2,Second,log2rfu,372,16.30180748211251,2,2.88e-4,3.556120826709062e-4,0.0029626233885312924,Kruskal-Wallis
CRDL1,Third,log2rfu,326,16.266229275257388,2,2.94e-4,3.6282838983050847e-4,0.0030227428316314535,Kruskal-Wallis
FGF-20,Third,log2rfu,326,16.232514890502216,2,2.99e-4,3.688035997882477e-4,0.0030725226271862793,Kruskal-Wallis
PBP,Second,log2rfu,372,16.159977040225613,2,3.1e-4,3.821693121693122e-4,0.003183873095953024,Kruskal-Wallis
Granzyme H,Second,log2rfu,372,16.13355838904613,2,3.14e-4,3.8689582231623475e-4,0.003223249906218388,Kruskal-Wallis
EphB6,Second,log2rfu,372,16.070997872320277,2,3.24e-4,3.9900634249471464e-4,0.003324143301230638,Kruskal-Wallis
PDE4D,Third,log2rfu,326,16.06153818221287,2,3.25e-4,3.9981520591341076e-4,0.003330881985879253,Kruskal-Wallis
MIS,Third,log2rfu,326,16.066057252544283,2,3.25e-4,3.9981520591341076e-4,0.003330881985879253,Kruskal-Wallis
XPNPEP1,Second,log2rfu,372,16.042786842055875,2,3.28e-4,4.0329287598944594e-4,0.0033598546423409628,Kruskal-Wallis
LBP,Second,log2rfu,372,15.945578434189429,2,3.45e-4,4.2397151898734175e-4,0.003532129529427265,Kruskal-Wallis
ATS15,Third,log2rfu,326,15.93582784656246,2,3.46e-4,4.249762783342119e-4,0.0035405002335904237,Kruskal-Wallis
TPSB2,Second,log2rfu,372,15.917350031705837,2,3.5e-4,4.296628029504742e-4,0.0035795439222490997,Kruskal-Wallis
CAPG,Second,log2rfu,372,15.893797144880637,2,3.54e-4,4.343443917851501e-4,0.0036185464906458922,Kruskal-Wallis
FGF-16,Second,log2rfu,372,15.851777360844608,2,3.61e-4,4.4246712256707e-4,0.003686217397698645,Kruskal-Wallis
IgE,Third,log2rfu,326,15.8540489861806,2,3.61e-4,4.4246712256707e-4,0.003686217397698645,Kruskal-Wallis
Hemopexin,Third,log2rfu,326,15.81686635425956,2,3.68e-4,4.508096740273396e-4,0.00375571964264653,Kruskal-Wallis
Thrombospondin-1,Second,log2rfu,372,15.80381696151835,2,3.7e-4,4.530215449290594e-4,0.0037741468581017233,Kruskal-Wallis
Kallikrein 4,Third,log2rfu,326,15.785502592770627,2,3.73e-4,4.564548319327732e-4,0.0038027497568006293,Kruskal-Wallis
PACAP-27,Third,log2rfu,326,15.661840538282831,2,3.97e-4,4.8556955380577423e-4,0.004045306070758501,Kruskal-Wallis
C3b,Second,log2rfu,372,15.657502376452157,2,3.98e-4,4.865372507869885e-4,0.004053368006359854,Kruskal-Wallis
BTG,Third,log2rfu,326,15.63308500815856,2,4.03e-4,4.921331236897274e-4,0.004099987524505545,Kruskal-Wallis
Cadherin E,Third,log2rfu,326,15.634375953635299,2,4.03e-4,4.921331236897274e-4,0.004099987524505545,Kruskal-Wallis
IL-6 sRa,Third,log2rfu,326,15.628019409223498,2,4.04e-4,4.930958617077003e-4,0.004108008146717401,Kruskal-Wallis
IDUA,Third,log2rfu,326,15.610755784031426,2,4.08e-4,4.977172774869109e-4,0.0041465094101525,Kruskal-Wallis
3HIDH,Second,log2rfu,372,15.605618636176814,2,4.09e-4,4.98676085818943e-4,0.004154497293939412,Kruskal-Wallis
LAG-1,Third,log2rfu,326,15.59085466811166,2,4.12e-4,5.020711297071129e-4,0.004182781587185687,Kruskal-Wallis
TRAIL R1,Second,log2rfu,372,15.554819845936208,2,4.19e-4,5.103345530580241e-4,0.004251624611598333,Kruskal-Wallis
"Kininogen, HMW",Third,log2rfu,326,15.47333793196492,2,4.37e-4,5.319801462904912e-4,0.00443195521309954,Kruskal-Wallis
OPG,Second,log2rfu,372,15.436062236871749,2,4.45e-4,5.414360313315927e-4,0.004510732699993752,Kruskal-Wallis
CATZ,Second,log2rfu,372,15.422884640312077,2,4.48e-4,5.448016701461378e-4,0.004538772017990007,Kruskal-Wallis
GSK-3 alpha/beta,Third,log2rfu,326,15.387815129982073,2,4.56e-4,5.542410015649452e-4,0.0046174115957664935,Kruskal-Wallis
Cyclin B1,Second,log2rfu,372,15.364333236165521,2,4.61e-4,5.597342365815528e-4,0.004663176032162097,Kruskal-Wallis
Apo E2,Third,log2rfu,326,15.363716461541799,2,4.61e-4,5.597342365815528e-4,0.004663176032162097,Kruskal-Wallis
PIGR,Second,log2rfu,372,15.249363805710573,2,4.88e-4,5.919000520562207e-4,0.004931151171028854,Kruskal-Wallis
ARP19,Second,log2rfu,372,15.249280892223396,2,4.88e-4,5.919000520562207e-4,0.004931151171028854,Kruskal-Wallis
HMGR,Third,log2rfu,326,15.19628781772792,2,5.01e-4,6.073517169614984e-4,0.00505987982247484,Kruskal-Wallis
Artemin,Third,log2rfu,326,15.179176117767156,2,5.06e-4,6.130941237649507e-4,0.005107720122429194,Kruskal-Wallis
CHK1,Third,log2rfu,326,15.15320553439119,2,5.12e-4,6.2004158004158e-4,0.005165599754362252,Kruskal-Wallis
LIF sR,Third,log2rfu,326,15.146848473226783,2,5.14e-4,6.221402597402598e-4,0.005183083967816547,Kruskal-Wallis
TMA,Third,log2rfu,326,15.103706833185697,2,5.25e-4,6.351246105919003e-4,0.00529125729316884,Kruskal-Wallis
Mn SOD,Third,log2rfu,326,15.035514736454047,2,5.43e-4,6.565594187856773e-4,0.005469831833174932,Kruskal-Wallis
IF4A3,Third,log2rfu,326,15.032906602853586,2,5.44e-4,6.574273858921161e-4,0.005477062913825225,Kruskal-Wallis
CS084,Third,log2rfu,326,14.941373033704508,2,5.7e-4,6.884914463452566e-4,0.005735859272346013,Kruskal-Wallis
NACA,Second,log2rfu,372,14.907764340951871,2,5.79e-4,6.99e-4,0.005823406598081821,Kruskal-Wallis
Activin RIB,Third,log2rfu,326,14.88793748859132,2,5.85e-4,7.058777835318488e-4,0.005880705782630528,Kruskal-Wallis
FGF-5,Second,log2rfu,372,14.855396945505163,2,5.95e-4,7.17572463768116e-4,0.005978134792716846,Kruskal-Wallis
TFF3,Second,log2rfu,372,14.802927030715637,2,6.1e-4,7.352819451629591e-4,0.006125673434781705,Kruskal-Wallis
DKK3,Third,log2rfu,326,14.776602592617223,2,6.18e-4,7.445398138572906e-4,0.006202801236839995,Kruskal-Wallis
UB2L3,Second,log2rfu,372,14.682183167503581,2,6.48e-4,7.802790697674419e-4,0.006500546900184359,Kruskal-Wallis
C1-Esterase Inhibitor,Second,log2rfu,372,14.63939435164275,2,6.62e-4,7.967252066115704e-4,0.00663756055084395,Kruskal-Wallis
FGF-12,Third,log2rfu,326,14.60928685223837,2,6.72e-4,8.083427981414558e-4,0.006734347330770923,Kruskal-Wallis
p60-Src,Second,log2rfu,372,14.584701298749223,2,6.81e-4,8.187461300309597e-4,0.006821018048320811,Kruskal-Wallis
GNT2C,Third,log2rfu,326,14.57093788202144,2,6.85e-4,8.231304796286745e-4,0.006857544300646462,Kruskal-Wallis
I-TAC,Second,log2rfu,372,14.54826257839386,2,6.93e-4,8.323144329896908e-4,0.0069340563100871175,Kruskal-Wallis
LEAP-1,Second,log2rfu,372,14.523529716268513,2,7.02e-4,8.426893353941268e-4,0.007020490180067729,Kruskal-Wallis
IGF-II receptor,Third,log2rfu,326,14.519430466134509,2,7.03e-4,8.434552008238928e-4,0.007026870646157775,Kruskal-Wallis
MP2K4,Second,log2rfu,372,14.517812555767023,2,7.04e-4,8.44220277920741e-4,0.00703324454460388,Kruskal-Wallis
HB-EGF,Second,log2rfu,372,14.477268740294221,2,7.18e-4,8.605658436213992e-4,0.007169420331657661,Kruskal-Wallis
ADAMTS-4,Third,log2rfu,326,14.463588502452694,2,7.23e-4,8.661131105398458e-4,0.0072156349107337725,Kruskal-Wallis
b2-Microglobulin,Third,log2rfu,326,14.428989772630189,2,7.36e-4,8.812332990750257e-4,0.007341602014710895,Kruskal-Wallis
Kallikrein 6,Second,log2rfu,372,14.422772598385563,2,7.38e-4,8.831741140215716e-4,0.007357771048423873,Kruskal-Wallis
LD78-beta,Third,log2rfu,326,14.414646511271258,2,7.41e-4,8.863090349075975e-4,0.007383888242947689,Kruskal-Wallis
COMMD7,Second,log2rfu,372,14.360561650282534,2,7.61e-4,9.097639815289891e-4,0.007579292664854225,Kruskal-Wallis
annexin I,Second,log2rfu,372,14.35235229880118,2,7.65e-4,9.140769230769229e-4,0.007615224012876227,Kruskal-Wallis
RGM-C,Second,log2rfu,372,14.258905425454714,2,8.01e-4,9.566017426960533e-4,0.007969500572464615,Kruskal-Wallis
Oxidized PARK7,Third,log2rfu,326,14.22642669426034,2,8.14e-4,9.716290983606558e-4,0.008094694280803625,Kruskal-Wallis
annexin II,Second,log2rfu,372,14.108586427561931,2,8.64e-4,0.0010307834101382488,0.008587512034037709,Kruskal-Wallis
Proteinase-3,Second,log2rfu,372,14.100503987642469,2,8.67e-4,0.0010338331627430912,0.00861291968702992,Kruskal-Wallis
"Alkaline phosphatase, bone",Second,log2rfu,372,14.089570616535866,2,8.72e-4,0.0010392634271099745,0.008658159511555581,Kruskal-Wallis
IGFBP-2,Third,log2rfu,326,13.99335429765597,2,9.15e-4,0.0010899539877300612,0.009080465298644966,Kruskal-Wallis
Granulysin,Third,log2rfu,326,13.97163700623787,2,9.25e-4,0.0011013030148186,0.009175014653765431,Kruskal-Wallis
MK13,Second,log2rfu,372,13.961611748298992,2,0.00093000000000000005,0.0011066905005107253,0.009219898086850687,Kruskal-Wallis
OX2G,Second,log2rfu,372,13.949348064501464,2,9.35e-4,0.0011120724859622257,0.009264735697135448,Kruskal-Wallis
CHL1,Second,log2rfu,372,13.93701093509867,2,9.41e-4,0.0011186377551020408,0.009319431307474478,Kruskal-Wallis
Cytochrome P450 3A4,Third,log2rfu,326,13.896240974813054,2,9.6e-4,0.0011406425293217747,0.009502754265100373,Kruskal-Wallis
PKC-D,Third,log2rfu,326,13.890782909347195,2,9.63e-4,0.001143623853211009,0.009527591834782185,Kruskal-Wallis
IgE,Second,log2rfu,372,13.87261698596626,2,9.72e-4,0.0011537238920020377,0.009611735801215028,Kruskal-Wallis
FGFR-2,Third,log2rfu,326,13.828796493233881,2,9.93e-4,0.001178049898167006,0.009814397067031988,Kruskal-Wallis
IL-34,Second,log2rfu,372,13.82552357024997,2,9.95e-4,0.001179821882951654,0.009829159567585094,Kruskal-Wallis
17-beta-HSD 1,Third,log2rfu,326,13.823466749980184,2,9.96e-4,0.001180406917599186,0.00983403352270175,Kruskal-Wallis
CLC4K,Second,log2rfu,372,13.77681707717511,2,0.00102,0.0012082358922216572,0.01006587820715719,Kruskal-Wallis
VWC2L,Third,log2rfu,326,13.734835039338009,2,0.00104,0.0012313008130081298,0.010258033302854156,Kruskal-Wallis
IL-17F,Second,log2rfu,372,13.683517368545381,2,0.00107,0.0012661757237176232,0.010548578059840101,Kruskal-Wallis
CD109,Third,log2rfu,326,13.657454915789685,2,0.00108,0.0012773604060913708,0.010641758250301806,Kruskal-Wallis
CK094,Second,log2rfu,372,13.597793032510026,2,0.00112,0.001323997970573313,0.011030298308560189,Kruskal-Wallis
Cystatin C,Second,log2rfu,372,13.533106053101164,2,0.00115,0.0013587728194726166,0.011320009445223283,Kruskal-Wallis
Integrin aVb5,Second,log2rfu,372,13.470648826094703,2,0.00119,0.0014046099290780142,0.011701880870849996,Kruskal-Wallis
Lymphotactin,Third,log2rfu,326,13.47394637310299,2,0.00119,0.0014046099290780142,0.011701880870849996,Kruskal-Wallis
GDF-9,Third,log2rfu,326,13.451988093464024,2,0.0012,0.0014156962025316455,0.011794241211304953,Kruskal-Wallis
WFKN2,Second,log2rfu,372,13.44186899809415,2,0.00121,0.0014260495700556398,0.01188049567303828,Kruskal-Wallis
b-ECGF,Third,log2rfu,326,13.429659288325638,2,0.00121,0.0014260495700556398,0.01188049567303828,Kruskal-Wallis
Carbonic Anhydrase X,Second,log2rfu,372,13.411005816589295,2,0.00122,0.001437108190091001,0.011972625631378197,Kruskal-Wallis
MAPK2,Third,log2rfu,326,13.306834275103029,2,0.00129,0.001518797372410308,0.012653182603209615,Kruskal-Wallis
NovH,Third,log2rfu,326,13.295656248424507,2,0.0013,0.0015297979797979796,0.012744829255061223,Kruskal-Wallis
TrATPase,Second,log2rfu,372,13.244061007515029,2,0.00133,0.0015643109540636043,0.013032358700065324,Kruskal-Wallis
KI3L2,Second,log2rfu,372,13.206995879843817,2,0.00136,0.0015979828542612203,0.01331288111176883,Kruskal-Wallis
Cathepsin B,Third,log2rfu,326,13.19629896282197,2,0.00136,0.0015979828542612203,0.01331288111176883,Kruskal-Wallis
Ephrin-A4,Second,log2rfu,372,13.187569189160286,2,0.00137,0.0016089213709677417,0.013404010482816019,Kruskal-Wallis
Activin AB,Second,log2rfu,372,13.16445986145709,2,0.00138,0.0016198488664987403,0.013495048035857117,Kruskal-Wallis
CDK1/cyclin B,Third,log2rfu,326,13.15770323630909,2,0.00139,0.0016299446401610467,0.01357915646927316,Kruskal-Wallis
CDK5/p35,Third,log2rfu,326,13.160110506820956,2,0.00139,0.0016299446401610467,0.01357915646927316,Kruskal-Wallis
Endostatin,Second,log2rfu,372,13.13801333541005,2,0.0014,0.001640020110608346,0.013663095755512902,Kruskal-Wallis
Sialoadhesin,Third,log2rfu,326,13.149691882837942,2,0.0014,0.001640020110608346,0.013663095755512902,Kruskal-Wallis
FGF9,Third,log2rfu,326,13.112356459776379,2,0.00142,0.0016626130653266333,0.013851318876509524,Kruskal-Wallis
Carbonic anhydrase III,Second,log2rfu,372,13.100105174178907,2,0.00143,0.0016726405622489958,0.013934858492732606,Kruskal-Wallis
SCGF-alpha,Third,log2rfu,326,13.106332173247324,2,0.00143,0.0016726405622489958,0.013934858492732606,Kruskal-Wallis
HPV E7 Type 16,Second,log2rfu,372,13.02074490527184,2,0.00149,0.0017419468138484696,0.014512252602679233,Kruskal-Wallis
MCP-3,Third,log2rfu,326,12.998419226209307,2,0.0015,0.0017527582748244734,0.014602323465601356,Kruskal-Wallis
TPSB2,Third,log2rfu,326,12.988098924861674,2,0.00151,0.0017635588972431079,0.014692304031919047,Kruskal-Wallis
Coagulation Factor X,Third,log2rfu,326,12.966984069079558,2,0.00153,0.001786022044088176,0.014879445716541727,Kruskal-Wallis
PD-L2,Second,log2rfu,372,12.932109316197284,2,0.00156,0.0018201301952929393,0.015163602558851009,Kruskal-Wallis
MMP-13,Second,log2rfu,372,12.854509854611479,2,0.00162,0.0018891891891891892,0.015738936751572487,Kruskal-Wallis
MMP-10,Third,log2rfu,326,12.813881200837955,2,0.00165,0.0019232116058029013,0.016022379334392205,Kruskal-Wallis
DC-SIGNR,Second,log2rfu,372,12.790003972955219,2,0.00167,0.00194555,0.016208481697994402,Kruskal-Wallis
GSK-3 alpha/beta,Second,log2rfu,372,12.780099505848511,2,0.00168,0.0019552447552447553,0.016289249225403694,Kruskal-Wallis
SARP-2,Second,log2rfu,372,12.778175365020616,2,0.00168,0.0019552447552447553,0.016289249225403694,Kruskal-Wallis
NKp30,Third,log2rfu,326,12.760697984567514,2,0.00169,0.0019659011482775837,0.01637802820895037,Kruskal-Wallis
CD5L,Third,log2rfu,326,12.742015007888995,2,0.00171,0.001988173652694611,0.01656358164125069,Kruskal-Wallis
GNS,Second,log2rfu,372,12.693471527219572,2,0.00175,0.0020336658354114714,0.016942579462415938,Kruskal-Wallis
TSLP,Third,log2rfu,326,12.646270785845218,2,0.00179,0.00207807673143996,0.017312569026019697,Kruskal-Wallis
DR6,Second,log2rfu,372,12.656468398907009,2,0.00179,0.00207807673143996,0.017312569026019697,Kruskal-Wallis
TECK,Second,log2rfu,372,12.643942021258908,2,0.0018,0.0020886454183266932,0.017400617324945678,Kruskal-Wallis
IGF-I,Second,log2rfu,372,12.60437788773811,2,0.00183,0.0021223992035838725,0.017681821925484873,Kruskal-Wallis
Semaphorin 3E,Second,log2rfu,372,12.60119297323945,2,0.00184,0.0021329353233830845,0.017769598906252987,Kruskal-Wallis
HCC-4,Third,log2rfu,326,12.549614788953363,2,0.00188,0.0021782197911486825,0.018146866242986615,Kruskal-Wallis
Midkine,Second,log2rfu,372,12.51014402230885,2,0.00192,0.0022234592445328034,0.018523758562486906,Kruskal-Wallis
Plasminogen,Third,log2rfu,326,12.49566110869091,2,0.00193,0.0022339294585196224,0.01861098647838701,Kruskal-Wallis
COX-2,Third,log2rfu,326,12.489243992507909,2,0.00194,0.0022443892750744787,0.018698127772722166,Kruskal-Wallis
Siglec-9,Second,log2rfu,372,12.48234057594891,2,0.00195,0.002253720238095238,0.018775864527545552,Kruskal-Wallis
Carbonic anhydrase 6,Third,log2rfu,326,12.478954430950012,2,0.00195,0.002253720238095238,0.018775864527545552,Kruskal-Wallis
IL24,Third,log2rfu,326,12.474627955667188,2,0.00196,0.002264154685176004,0.01886279446742748,Kruskal-Wallis
PKC-D,Second,log2rfu,372,12.357580416053906,2,0.00207,0.0023900396432111,0.01991154882396658,Kruskal-Wallis
CD5L,Second,log2rfu,372,12.335968002951859,2,0.0021,0.0024234769687964336,0.020190116981957773,Kruskal-Wallis
DBNL,Third,log2rfu,326,12.311111826495107,2,0.00212,0.002445346534653465,0.020372313511441354,Kruskal-Wallis
ENPP7,Third,log2rfu,326,12.290485902363798,2,0.00214,0.002467194458189015,0.020554329737580566,Kruskal-Wallis
Met,Second,log2rfu,372,12.285428588015975,2,0.00215,0.002477497527200791,0.020640165159703124,Kruskal-Wallis
GHC2,Third,log2rfu,326,12.264714478189603,2,0.00217,0.002499307958477509,0.020821869035817352,Kruskal-Wallis
MMP-1,Third,log2rfu,326,12.235570503823851,2,0.0022,0.002532608695652174,0.021099299268412395,Kruskal-Wallis
CDK8/cyclin C,Second,log2rfu,372,12.230354299008468,2,0.00221,0.002542864197530864,0.02118473840619066,Kruskal-Wallis
GPNMB,Second,log2rfu,372,12.189165031052198,2,0.00226,0.0025991115498519247,0.021653338123831713,Kruskal-Wallis
MIP-5,Second,log2rfu,372,12.154905774376175,2,0.00229,0.0026310157790927022,0.021919133973713624,Kruskal-Wallis
eIF-5A-1,Second,log2rfu,372,12.16260266133827,2,0.00229,0.0026310157790927022,0.021919133973713624,Kruskal-Wallis
PLXC1,Second,log2rfu,372,12.048174481959222,2,0.00242,0.002779004435682602,0.02315203543183507,Kruskal-Wallis
Cathepsin S,Second,log2rfu,372,12.036499037649264,2,0.00243,0.0027891133004926106,0.02323625292830677,Kruskal-Wallis
sCD4,Third,log2rfu,326,12.001726358329279,2,0.00248,0.0028451009354997538,0.023702688927035805,Kruskal-Wallis
KYNU,Second,log2rfu,372,11.985635517543415,2,0.0025,0.0028652238071815053,0.023870333653393267,Kruskal-Wallis
KIAP,Third,log2rfu,326,11.984119078767094,2,0.0025,0.0028652238071815053,0.023870333653393267,Kruskal-Wallis
SLAF7,Second,log2rfu,372,11.975384166735694,2,0.00251,0.0028752704031465093,0.023954032384767895,Kruskal-Wallis
Galectin-3,Third,log2rfu,326,11.970508362940564,2,0.00252,0.0028853071253071255,0.024037648856947074,Kruskal-Wallis
VCAM-1,Second,log2rfu,372,11.953536939209698,2,0.00254,0.002906777996070727,0.024216523836162122,Kruskal-Wallis
FN1.2,Third,log2rfu,326,11.916383302414374,2,0.00258,0.002949656526005888,0.02457374717541887,Kruskal-Wallis
HMG-1,Third,log2rfu,326,11.921291627031678,2,0.00258,0.002949656526005888,0.02457374717541887,Kruskal-Wallis
IGFBP-7,Third,log2rfu,326,11.864874098843075,2,0.00265,0.003028200098087298,0.02522809789916107,Kruskal-Wallis
Apo E2,Second,log2rfu,372,11.835659314429677,2,0.00269,0.003070896619304263,0.025583804913996568,Kruskal-Wallis
Ubiquitin,Second,log2rfu,372,11.835024268867528,2,0.00269,0.003070896619304263,0.025583804913996568,Kruskal-Wallis
CK-MM,Third,log2rfu,326,11.817703255861943,2,0.00272,0.0031036238981390794,0.02585645763431693,Kruskal-Wallis
NXPH1,Second,log2rfu,372,11.80948458088119,2,0.00273,0.003113509544787078,0.025938815488274383,Kruskal-Wallis
Enterokinase,Third,log2rfu,326,11.746677330389502,2,0.00281,0.0032031800391389433,0.026685865199950937,Kruskal-Wallis
KIF23,Second,log2rfu,372,11.741549821510489,2,0.00282,0.0032130073349633252,0.026767736930058246,Kruskal-Wallis
IL-1 R4,Third,log2rfu,326,11.734881169972368,2,0.00283,0.003222825024437928,0.02684952862914883,Kruskal-Wallis
Heparin cofactor II,Third,log2rfu,326,11.730062885984466,2,0.00284,0.0032326331216414265,0.026931240414512902,Kruskal-Wallis
UPK3L,Third,log2rfu,326,11.68045933988924,2,0.00291,0.0033106933593749998,0.0275815644538055,Kruskal-Wallis
PK3CG,Third,log2rfu,326,11.647103930517119,2,0.00296,0.0033659346022449975,0.028041782219492745,Kruskal-Wallis
GCP-2,Second,log2rfu,372,11.591428591589874,2,0.00304,0.0034552195121951216,0.028785619606778435,Kruskal-Wallis
sICAM-5,Second,log2rfu,372,11.58169622843161,2,0.00306,0.003476255485129205,0.02896087142878331,Kruskal-Wallis
B7,Third,log2rfu,326,11.574069332262184,2,0.00307,0.003485916179337232,0.029041355191863533,Kruskal-Wallis
HGF,Third,log2rfu,326,11.561705819512781,2,0.00309,0.003506916707257672,0.029216311719553214,Kruskal-Wallis
WNT7A,Second,log2rfu,372,11.553514271904987,2,0.0031,0.003516553067185978,0.02929659275244019,Kruskal-Wallis
DAPK2,Second,log2rfu,372,11.544690205508914,2,0.00311,0.0035261800486618,0.02937679565293506,Kruskal-Wallis
RSK-like protein kinase,Second,log2rfu,372,11.511035981618079,2,0.00317,0.003588969873663751,0.029899901062389656,Kruskal-Wallis
Cathepsin G,Third,log2rfu,326,11.506038196947202,2,0.00317,0.003588969873663751,0.029899901062389656,Kruskal-Wallis
Ku70,Third,log2rfu,326,11.509043014895951,2,0.00317,0.003588969873663751,0.029899901062389656,Kruskal-Wallis
BCMA,Second,log2rfu,372,11.48761131462743,2,0.0032,0.0036194174757281554,0.03015356167291558,Kruskal-Wallis
EMAP-2,Third,log2rfu,326,11.487585636012682,2,0.0032,0.0036194174757281554,0.03015356167291558,Kruskal-Wallis
Cathepsin H,Second,log2rfu,372,11.471495278485008,2,0.00323,0.003649806013579049,0.030406730216301782,Kruskal-Wallis
kallikrein 12,Second,log2rfu,372,11.472072140103592,2,0.00323,0.003649806013579049,0.030406730216301782,Kruskal-Wallis
AGR2,Second,log2rfu,372,11.433470257055433,2,0.00329,0.0037158022297624814,0.030956548243155906,Kruskal-Wallis
TCCR,Second,log2rfu,372,11.406596564040228,2,0.00333,0.0037573365617433415,0.03130257299695313,Kruskal-Wallis
Factor D,Third,log2rfu,326,11.408407842291581,2,0.00333,0.0037573365617433415,0.03130257299695313,Kruskal-Wallis
B7-H1,Second,log2rfu,372,11.401583176718987,2,0.00334,0.0037667957405614714,0.03138137792448094,Kruskal-Wallis
Catalase,Third,log2rfu,326,11.338589776875892,2,0.00345,0.0038889695210449927,0.03239921426121961,Kruskal-Wallis
ATP synthase beta chain,Third,log2rfu,326,11.247850679760063,2,0.00361,0.004067359767891683,0.033885393003022846,Kruskal-Wallis
STAB2,Second,log2rfu,372,11.190484280406963,2,0.0037200000000000002,0.0041892701788303534,0.03490103519391715,Kruskal-Wallis
IFN-aA,Second,log2rfu,372,11.135086250904351,2,0.00382,0.0042998067632850235,0.035821921424593485,Kruskal-Wallis
Contactin-5,Second,log2rfu,372,11.046716911264184,2,0.00399,0.004488990825688073,0.03739802402437867,Kruskal-Wallis
Proteinase-3,Third,log2rfu,326,10.999235988430996,2,0.00409,0.004599276061776061,0.03831681625829255,Kruskal-Wallis
"Kininogen, HMW, Two Chain",Second,log2rfu,372,10.959483284460475,2,0.00417,0.004686975397973951,0.03904744414536291,Kruskal-Wallis
SCGF-beta,Third,log2rfu,326,10.90962105143501,2,0.00428,0.004808293153326905,0.040058148890694624,Kruskal-Wallis
ASAH2,Second,log2rfu,372,10.904371329052992,2,0.00429,0.004814884393063584,0.04011306086347305,Kruskal-Wallis
Caspase-10,Third,log2rfu,326,10.901587854696572,2,0.00429,0.004814884393063584,0.04011306086347305,Kruskal-Wallis
DLRB1,Second,log2rfu,372,10.781081357618405,2,0.00456,0.005115454983148772,0.042617130616679676,Kruskal-Wallis
MRC2,Second,log2rfu,372,10.770751177686861,2,0.00458,0.005135418671799808,0.04278344918064604,Kruskal-Wallis
KLRF1,Second,log2rfu,372,10.734725930742115,2,0.00467,0.005233814333814334,0.0436031887334329,Kruskal-Wallis
Fibrinogen,Third,log2rfu,326,10.68568062098575,2,0.00478,0.005354519230769231,0.04460878772248574,Kruskal-Wallis
ANGL3,Second,log2rfu,372,10.648701102262066,2,0.00487,0.005452715040845748,0.045426862298027344,Kruskal-Wallis
Coactosin-like protein,Third,log2rfu,326,10.608695268404858,2,0.00497,0.005562007684918348,0.0463373851944711,Kruskal-Wallis
IL-1F7,Second,log2rfu,372,10.593258058152514,2,0.00501,0.005604080652904464,0.04668789735380048,Kruskal-Wallis
RAD51,Second,log2rfu,372,10.539253042700238,2,0.00515,0.00575515587529976,0.047946513157668076,Kruskal-Wallis
MK08,Third,log2rfu,326,10.53599535816602,2,0.00515,0.00575515587529976,0.047946513157668076,Kruskal-Wallis
LDH-H 1,Second,log2rfu,372,10.50504139438408,2,0.00523,0.005841754554170662,0.04866797140934472,Kruskal-Wallis
BGH3,Second,log2rfu,372,10.475323147441713,2,0.00531,0.005928270244369909,0.04938873827793398,Kruskal-Wallis
GSTA3,Second,log2rfu,372,10.410455362020457,2,0.00549,0.006126293103448276,0.05103847736824585,Kruskal-Wallis
Peroxiredoxin-1,Second,log2rfu,372,10.335654673936688,2,0.0057,0.006354545454545455,0.05294005998256201,Kruskal-Wallis
Eotaxin,Third,log2rfu,326,10.33555628614738,2,0.0057,0.006354545454545455,0.05294005998256201,Kruskal-Wallis
ANGL3,Third,log2rfu,326,10.284313154241886,2,0.00585,0.006518651362984218,0.0543072351327573,Kruskal-Wallis
CS084,Second,log2rfu,372,10.252367362625819,2,0.00594,0.0066157743785850865,0.05511637219981839,Kruskal-Wallis
Collectin Kidney 1,Third,log2rfu,326,10.228648185270004,2,0.00601,0.006690539894887721,0.05573924773765208,Kruskal-Wallis
LIF sR,Second,log2rfu,372,10.226610433006499,2,0.00602,0.00669847182425979,0.055805329067896474,Kruskal-Wallis
ICOS,Second,log2rfu,372,10.218329039920036,2,0.00604,0.006717517899761337,0.05596400294735752,Kruskal-Wallis
MK01,Second,log2rfu,372,10.142123189540143,2,0.00628,0.006981106870229008,0.058159976838348976,Kruskal-Wallis
"Alkaline phosphatase, bone",Third,log2rfu,326,10.111285804488034,2,0.00637,0.0070777777777777775,0.05896534736890987,Kruskal-Wallis
TSG-6,Second,log2rfu,372,10.08419276816403,2,0.00646,0.007174356530028598,0.059769950148726665,Kruskal-Wallis
CBPE,Second,log2rfu,372,10.0588884416145,2,0.00654,0.007259742734635541,0.06048130721209323,Kruskal-Wallis
ESPN,Third,log2rfu,326,10.032349487807664,2,0.00663,0.007356142857142857,0.061284421817908684,Kruskal-Wallis
UPK3L,Second,log2rfu,372,9.968815266051934,2,0.00684,0.007585530699666825,0.06319546427237768,Kruskal-Wallis
VWC2L,Second,log2rfu,372,9.84402547628929,2,0.00728,0.00806964795432921,0.06722867116085578,Kruskal-Wallis
AIP,Third,log2rfu,326,9.796107708536624,2,0.00746,0.008265240133143129,0.06885816012314215,Kruskal-Wallis
PKB a/b/g,Second,log2rfu,372,9.791854736554797,2,0.00748,0.008283460076045626,0.06900995144748419,Kruskal-Wallis
ZAP70,Second,log2rfu,372,9.746120224073366,2,0.00765,0.008467695961995248,0.07054483052308144,Kruskal-Wallis
CYTN,Second,log2rfu,372,9.728045330014766,2,0.00772,0.008541120607787275,0.07115653519656799,Kruskal-Wallis
IL-17 RC,Third,log2rfu,326,9.705240484736123,2,0.00781,0.00863659231134314,0.07195191509416078,Kruskal-Wallis
prostatic binding protein,Second,log2rfu,372,9.692691322655264,2,0.00786,0.00868776091081594,0.07237820344864503,Kruskal-Wallis
GSTA3,Third,log2rfu,326,9.582981217722931,2,0.0083,0.009169748696064484,0.0763936696128957,Kruskal-Wallis
Glutathione S-transferase Pi,Second,log2rfu,372,9.566094981613787,2,0.00837,0.009242701421800949,0.07700144269501555,Kruskal-Wallis
DLL1,Second,log2rfu,372,9.543429172006881,2,0.00847,0.009348697299857888,0.07788450005645511,Kruskal-Wallis
tau,Third,log2rfu,326,9.537235312742155,2,0.00849,0.009366335227272727,0.07803144257846378,Kruskal-Wallis
NKp44,Second,log2rfu,372,9.481841367376319,2,0.00873,0.009626549929010884,0.08019930525517321,Kruskal-Wallis
GNT2C,Second,log2rfu,372,9.472444614893675,2,0.00877,0.00966608325449385,0.08052865951620557,Kruskal-Wallis
L-VEGF165,Third,log2rfu,326,9.421030317868599,2,0.009,0.009914893617021275,0.08260151202952937,Kruskal-Wallis
NRX1A,Second,log2rfu,372,9.380187476470383,2,0.00919,0.010119423440453686,0.08430546098987386,Kruskal-Wallis
ABL1,Third,log2rfu,326,9.350277949989959,2,0.00932,0.010257723193197921,0.08545764366890658,Kruskal-Wallis
Insulin,Second,log2rfu,372,9.323662235624852,2,0.00945,0.010395892351274787,0.08660873835674097,Kruskal-Wallis
BTG,Second,log2rfu,372,9.322010694139635,2,0.00946,0.010401982067012741,0.08665947210610983,Kruskal-Wallis
PECAM-1,Second,log2rfu,372,9.315126700323844,2,0.00949,0.01043004716981132,0.08689328398710139,Kruskal-Wallis
DR3,Third,log2rfu,326,9.249672888692544,2,0.00981,0.010776661951909476,0.08978095038061082,Kruskal-Wallis
Trypsin 2,Third,log2rfu,326,9.175777883580054,2,0.0102,0.011199811498586239,0.0933062320145061,Kruskal-Wallis
NRX1A,Third,log2rfu,326,9.147943108623622,2,0.0103,0.011304286387187942,0.0941766179309825,Kruskal-Wallis
NRX3A,Third,log2rfu,326,9.037001978044714,2,0.0109,0.011957156308851224,0.09961571236517867,Kruskal-Wallis
SLPI,Second,log2rfu,372,9.011670083582885,2,0.011,0.012055503292568203,0.10043504637645034,Kruskal-Wallis
IL-17D,Second,log2rfu,372,9.026206209585098,2,0.011,0.012055503292568203,0.10043504637645034,Kruskal-Wallis
F229A,Third,log2rfu,326,8.873362205365538,2,0.0118,0.012926187118006582,0.10768876015885517,Kruskal-Wallis
dopa decarboxylase,Second,log2rfu,372,8.82574806436287,2,0.0121,0.013248590225563909,0.11037471778945808,Kruskal-Wallis
DR3,Second,log2rfu,372,8.808458202257498,2,0.0122,0.013351808360732739,0.11123463362548648,Kruskal-Wallis
Marapsin,Third,log2rfu,326,8.714520842652973,2,0.0128,0.014001877934272301,0.11665039820883774,Kruskal-Wallis
ARMEL,Third,log2rfu,326,8.685759460655731,2,0.013,0.014213984045049272,0.11841746562656605,Kruskal-Wallis
ESPN,Second,log2rfu,372,8.65903893581617,2,0.0132,0.014425891181988743,0.12018287538255165,Kruskal-Wallis
IL-27,Third,log2rfu,326,8.569406060054234,2,0.0138,0.015074542897327707,0.12558682771296942,Kruskal-Wallis
CCL28,Third,log2rfu,326,8.540849647232676,2,0.014,0.01528584817244611,0.12734722332575052,Kruskal-Wallis
TAK1-TAB1,Second,log2rfu,372,8.437346244917535,2,0.0147,0.016042622950819672,0.13365195471007457,Kruskal-Wallis
ENTP3,Second,log2rfu,372,8.383578386927638,2,0.0151,0.016471441947565543,0.13722446883744616,Kruskal-Wallis
Properdin,Second,log2rfu,372,8.299619430330267,2,0.0158,0.017226953673373888,0.14351867766291182,Kruskal-Wallis
C1QBP,Third,log2rfu,326,8.244166513852406,2,0.0162,0.017654817586529467,0.14708323493752026,Kruskal-Wallis
HPV E7 Type18,Third,log2rfu,326,8.214261851892843,2,0.0165,0.01797335203366059,0.14973696255002344,Kruskal-Wallis
"Alkaline phosphatase, liver",Third,log2rfu,326,8.197479630524867,2,0.0166,0.018065390004670712,0.1505037358370827,Kruskal-Wallis
IL-17E,Third,log2rfu,326,8.194124091266303,2,0.0166,0.018065390004670712,0.1505037358370827,Kruskal-Wallis
RET,Second,log2rfu,372,8.1329210642632,2,0.0171,0.018600840336134454,0.15496460134951626,Kruskal-Wallis
IL-1 R4,Second,log2rfu,372,8.11743943550141,2,0.0173,0.018809612692487165,0.15670389507981877,Kruskal-Wallis
RTN4,Third,log2rfu,326,8.01981800256749,2,0.0181,0.019670242537313434,0.16387384860895673,Kruskal-Wallis
Activin A,Third,log2rfu,326,8.005167720399527,2,0.0183,0.01987832167832168,0.16560736712493757,Kruskal-Wallis
CNDP1,Third,log2rfu,326,7.956202628985125,2,0.0187,0.02029389846297159,0.1690695596710605,Kruskal-Wallis
Desmoglein-1,Third,log2rfu,326,7.9637433745698445,2,0.0187,0.02029389846297159,0.1690695596710605,Kruskal-Wallis
HSP 40,Second,log2rfu,372,7.9154881774184105,2,0.0191,0.020718342644320296,0.17260562697604404,Kruskal-Wallis
IL-27,Second,log2rfu,372,7.861723975298673,2,0.0196,0.021250814332247556,0.17704167724895872,Kruskal-Wallis
F229A,Second,log2rfu,372,7.770002029782745,2,0.0205,0.022216279069767444,0.18508501590802687,Kruskal-Wallis
NRX3A,Second,log2rfu,372,7.75432327123076,2,0.0207,0.022422594142259413,0.18680383787431226,Kruskal-Wallis
KI2L4,Second,log2rfu,372,7.620596292794744,2,0.0221,0.02392797397769517,0.19934523825527922,Kruskal-Wallis
"Kininogen, HMW, Two Chain",Third,log2rfu,326,7.606821537852738,2,0.0223,0.024133302368787735,0.20105584012575414,Kruskal-Wallis
MASP3,Third,log2rfu,326,7.5417441876867315,2,0.023,0.024879294336118848,0.20727073933129356,Kruskal-Wallis
AURKB,Third,log2rfu,326,7.534529764314698,2,0.0231,0.02497587006960557,0.2080753169616242,Kruskal-Wallis
Cardiotrophin-1,Third,log2rfu,326,7.529256095689334,2,0.0232,0.025072356215213358,0.20887914823051676,Kruskal-Wallis
Catalase,Second,log2rfu,372,7.4292329078830335,2,0.0244,0.026356977283263795,0.21958139544613883,Kruskal-Wallis
TACI,Third,log2rfu,326,7.391152778431547,2,0.0248,0.026776645041705283,0.22307767011496624,Kruskal-Wallis
Nectin-like protein 1,Third,log2rfu,326,7.37622270970769,2,0.025,0.026980083371931453,0.2247725257866999,Kruskal-Wallis
Tenascin,Third,log2rfu,326,7.277495163825165,2,0.0263,0.02836990740740741,0.23635122458264182,Kruskal-Wallis
CG073,Third,log2rfu,326,7.267002532506126,2,0.0264,0.028464599722350763,0.23714011135178167,Kruskal-Wallis
Chymase,Second,log2rfu,372,7.213803073042072,2,0.0271,0.02920582793709528,0.24331532347828763,Kruskal-Wallis
PIK3CA/PIK3R1,Second,log2rfu,372,7.193766175742667,2,0.0274,0.029515487748497455,0.24589511602318062,Kruskal-Wallis
PlGF,Second,log2rfu,372,7.062623395864193,2,0.0293,0.031547597042513864,0.2628247278555104,Kruskal-Wallis
IDS,Second,log2rfu,372,6.957749180488008,2,0.0308,0.0331473441108545,0.2761523067296691,Kruskal-Wallis
MMP-9,Third,log2rfu,326,6.941223510674035,2,0.0311,0.03345475530932594,0.27871336595928686,Kruskal-Wallis
BST1,Second,log2rfu,372,6.934660475173132,2,0.0312,0.03354683894785418,0.2794805197048959,Kruskal-Wallis
Cofilin-1,Second,log2rfu,372,6.864819097622103,2,0.0323,0.03471356088560886,0.2892005429244201,Kruskal-Wallis
HNRPQ,Third,log2rfu,326,6.766720385648114,2,0.0339,0.036416320885200554,0.30338632806973065,Kruskal-Wallis
GRB2-related adapter protein 2,Third,log2rfu,326,6.522002259465353,2,0.0383,0.04112396313364055,0.34260594885796275,Kruskal-Wallis
IL-1b,Third,log2rfu,326,6.462176078242464,2,0.0395,0.0423929064947029,0.3531775842533885,Kruskal-Wallis
SREC-II,Third,log2rfu,326,6.34526357938239,2,0.0419,0.04494797421731123,0.3744639908834074,Kruskal-Wallis
LIN7B,Third,log2rfu,326,6.326512628802334,2,0.0423,0.04533532658693652,0.3776910443098145,Kruskal-Wallis
ILT-4,Third,log2rfu,326,6.326112662377341,2,0.0423,0.04533532658693652,0.3776910443098145,Kruskal-Wallis
FN1.4,Third,log2rfu,326,6.303233166683071,2,0.0428,0.04585011494252873,0.381979773789888,Kruskal-Wallis
NLGNX,Third,log2rfu,326,6.2759103677447,2,0.0434,0.04647150735294118,0.3871566273847289,Kruskal-Wallis
DnaJ homolog,Second,log2rfu,372,6.258447283879377,2,0.0438,0.04687827285254938,0.39054541264122455,Kruskal-Wallis
C2,Second,log2rfu,372,6.237896025748796,2,0.0442,0.04728466483011938,0.39393108606552873,Kruskal-Wallis
SDF-1,Third,log2rfu,326,6.222617599947284,2,0.0445,0.04758375401560349,0.39642281415732145,Kruskal-Wallis
ICOS,Third,log2rfu,326,6.183365416213974,2,0.0454,0.048523853211009174,0.4042548311206646,Kruskal-Wallis
Inhibin bA chain,Third,log2rfu,326,6.150384484799815,2,0.0462,0.049356258596973866,0.4111896451648787,Kruskal-Wallis
CPNE1,Third,log2rfu,326,6.120897302984986,2,0.0469,0.05005817682088868,0.4170373636433614,Kruskal-Wallis
WFKN2,Third,log2rfu,326,6.117413483413202,2,0.0469,0.05005817682088868,0.4170373636433614,Kruskal-Wallis
CRK,Second,log2rfu,372,6.115221972656855,2,0.047,0.05014194139194139,0.41773521079036263,Kruskal-Wallis
SAA,Third,log2rfu,326,6.082169371633086,2,0.0478,0.0509720823798627,0.42465116001267894,Kruskal-Wallis
MMP-8,Third,log2rfu,326,6.01683629881768,2,0.0494,0.05265416285452882,0.43866466292351625,Kruskal-Wallis
Prolactin Receptor,Third,log2rfu,326,6.011871704044438,2,0.0495,0.05273662551440329,0.4393516637784639,Kruskal-Wallis
SREC-II,Second,log2rfu,372,5.819738361337613,2,0.0545,0.05803702010968921,0.4835095362514613,Kruskal-Wallis
complement factor H-related 5,Second,log2rfu,372,5.782200705650439,2,0.0555,0.059074920054819555,0.49215633652130514,Kruskal-Wallis
IL-12,Second,log2rfu,372,5.7452222476217685,2,0.0566,0.06021826484018265,0.5016816034268357,Kruskal-Wallis
MATN2,Second,log2rfu,372,5.705692484747715,2,0.0577,0.06136056595162026,0.5111981754287556,Kruskal-Wallis
TNFSF18,Third,log2rfu,326,5.694301532897271,2,0.058,0.061651459854014594,0.5136216281763164,Kruskal-Wallis
FN1.2,Second,log2rfu,372,5.669664995049743,2,0.0587,0.062338650865998185,0.5193466534600469,Kruskal-Wallis
alpha-1-antichymotrypsin complex,Second,log2rfu,372,5.670744265266876,2,0.0587,0.062338650865998185,0.5193466534600469,Kruskal-Wallis
PAL4D,Third,log2rfu,326,5.582604281699446,2,0.0613,0.06507015945330297,0.5421029984243214,Kruskal-Wallis
C3d,Second,log2rfu,372,5.571376446304612,2,0.0617,0.06546493624772314,0.5453919051330425,Kruskal-Wallis
C7,Third,log2rfu,326,5.096822014102713,2,0.0782,0.08293400091033228,0.6909276224700326,Kruskal-Wallis
Desmoglein-2,Second,log2rfu,372,5.0943646243154035,2,0.0783,0.08300227479526842,0.6914964158777775,Kruskal-Wallis
MIA,Second,log2rfu,372,5.075277373398421,2,0.0791,0.08381218735788995,0.6982438410008671,Kruskal-Wallis
SDF-1,Second,log2rfu,372,5.0029788501637995,2,0.082,0.08684545454545455,0.7235141530950141,Kruskal-Wallis
sL-Selectin,Third,log2rfu,326,4.975071846053538,2,0.0831,0.08797046796910495,0.732886700440102,Kruskal-Wallis
Glutamate carboxypeptidase,Second,log2rfu,372,4.858437407560359,2,0.0881,0.0932211625794732,0.7766305196654684,Kruskal-Wallis
FGF-8,Third,log2rfu,326,4.847105564572303,2,0.0886,0.09370767135724013,0.7806836504615665,Kruskal-Wallis
bFGF-R,Third,log2rfu,326,4.838280214203564,2,0.089,0.09408802177858439,0.7838523702802209,Kruskal-Wallis
MMP-8,Second,log2rfu,372,4.702696604247421,2,0.0952,0.1005968253968254,0.8380775633218283,Kruskal-Wallis
Nr-CAM,Third,log2rfu,326,4.6043440728001315,2,0.1,0.1056210335448776,0.8799345116472985,Kruskal-Wallis
TGM3,Second,log2rfu,372,4.576902521509055,2,0.101,0.10662890801993657,0.888331168110956,Kruskal-Wallis
IFNL4,Third,log2rfu,326,4.49394120278464,2,0.106,0.11180624717066545,0.9314638590563951,Kruskal-Wallis
alpha-1-antichymotrypsin complex,Third,log2rfu,326,4.49394120278464,2,0.106,0.11180624717066545,0.9314638590563951,Kruskal-Wallis
RGMB,Second,log2rfu,372,4.4744316257431365,2,0.107,0.11275893260967888,0.9394007326922279,Kruskal-Wallis
PLPP,Second,log2rfu,372,4.461569126873883,2,0.107,0.11275893260967888,0.9394007326922279,Kruskal-Wallis
Neurotrophin-3,Second,log2rfu,372,4.370836016659723,2,0.112,0.11792137370085856,0.9824093071022202,Kruskal-Wallis
"GAPDH, liver",Third,log2rfu,326,4.3839744858348695,2,0.112,0.11792137370085856,0.9824093071022202,Kruskal-Wallis
BRF-1,Third,log2rfu,326,4.360318716174447,2,0.113,0.11892050587172538,0.9907331309594185,Kruskal-Wallis
BCAR3,Third,log2rfu,326,1.6049885888481867,2,0.448,0.45822651448639157,1,Kruskal-Wallis
CD109,Second,log2rfu,372,1.5777852499745677,2,0.454,0.4639561403508772,1,Kruskal-Wallis
FGF9,Second,log2rfu,372,2.6209491662875735,2,0.27,0.27860938883968117,1,Kruskal-Wallis
FUT5,Third,log2rfu,326,0.7568971582942368,2,0.685,0.6939347826086957,1,Kruskal-Wallis
HGF,Second,log2rfu,372,3.3299467761873984,2,0.189,0.19650602409638554,1,Kruskal-Wallis
LSAMP,Second,log2rfu,372,1.8270532144586014,2,0.401,0.41087510993843446,1,Kruskal-Wallis
NRP1,Third,log2rfu,326,1.4265223493356416,2,0.49,0.4996498905908096,1,Kruskal-Wallis
RGMA,Third,log2rfu,326,3.0868649199221636,2,0.214,0.22190476190476188,1,Kruskal-Wallis
ROR1,Second,log2rfu,372,3.3055536455685797,2,0.192,0.19953612845673505,1,Kruskal-Wallis
SPHK2,Third,log2rfu,326,0.705193963046213,2,0.703,0.7112418584455058,1,Kruskal-Wallis
TYK2,Third,log2rfu,326,1.4197289256115937,2,0.492,0.5014698162729659,1,Kruskal-Wallis
GRN,Third,log2rfu,326,1.563383756737494,2,0.458,0.4678386672512056,1,Kruskal-Wallis
OMD,Second,log2rfu,372,3.214501499170865,2,0.2,0.20766488413547238,1,Kruskal-Wallis
FAM107B,Third,log2rfu,326,0.8722592739964057,2,0.647,0.656295167609926,1,Kruskal-Wallis
ALT,Second,log2rfu,372,3.473705425031767,2,0.176,0.18348098434004473,1,Kruskal-Wallis
ANR63,Second,log2rfu,372,2.304726014981725,2,0.316,0.32506843267108165,1,Kruskal-Wallis
ARI3A,Second,log2rfu,372,2.930754652313226,2,0.231,0.23900088809946715,1,Kruskal-Wallis
ARTS1,Second,log2rfu,372,3.2087069910385253,2,0.201,0.20861024498886416,1,Kruskal-Wallis
Activin RIB,Second,log2rfu,372,1.6571110069232873,2,0.437,0.44756483516483514,1,Kruskal-Wallis
Afamin,Second,log2rfu,372,2.6340260623223912,2,0.268,0.2766681435533894,1,Kruskal-Wallis
"Alkaline phosphatase, liver",Second,log2rfu,372,2.549648071016236,2,0.279,0.287641592920354,1,Kruskal-Wallis
BLC,Second,log2rfu,372,2.8203558842517396,2,0.244,0.25233910341766536,1,Kruskal-Wallis
BNP,Second,log2rfu,372,0.3962797403416971,2,0.82,0.8256698357821953,1,Kruskal-Wallis
BPSA,Second,log2rfu,372,0.15747308390905346,2,0.924,0.9259870967741937,1,Kruskal-Wallis
C1q,Second,log2rfu,372,1.649510831849966,2,0.438,0.4483919156414763,1,Kruskal-Wallis
"C5b, 6 Complex",Second,log2rfu,372,3.5095983905712274,2,0.173,0.18051500223914016,1,Kruskal-Wallis
CDK1/cyclin B,Second,log2rfu,372,1.4622959384159913,2,0.481,0.4906873905429071,1,Kruskal-Wallis
CG073,Second,log2rfu,372,3.3525974198601034,2,0.187,0.19460026797677538,1,Kruskal-Wallis
CaMKK alpha,Second,log2rfu,372,3.4777598166076586,2,0.176,0.18348098434004473,1,Kruskal-Wallis
Cadherin E,Second,log2rfu,372,3.3789620216023195,2,0.185,0.19260500446827525,1,Kruskal-Wallis
Corticotropin-lipotropin,Second,log2rfu,372,3.291114965364386,2,0.193,0.2004859563085154,1,Kruskal-Wallis
DUS3,Second,log2rfu,372,0.5810692285181176,2,0.748,0.7557849089332176,1,Kruskal-Wallis
EF-1-beta,Second,log2rfu,372,2.508880932950433,2,0.285,0.29369747899159665,1,Kruskal-Wallis
EGFRvIII,Second,log2rfu,372,0.21300221418096044,2,0.899,0.9032643380767572,1,Kruskal-Wallis
ER,Second,log2rfu,372,1.9048936853898795,2,0.386,0.3956797184337879,1,Kruskal-Wallis
ES1,Second,log2rfu,372,4.12358355784113,2,0.127,0.13341298467087467,1,Kruskal-Wallis
Endocan,Second,log2rfu,372,1.1778851454785126,2,0.555,0.5649410222804719,1,Kruskal-Wallis
FGF-8,Second,log2rfu,372,4.106908921195782,2,0.128,0.13428185502026113,1,Kruskal-Wallis
FGF-8F,Second,log2rfu,372,0.7205478475050313,2,0.697,0.7057844415471534,1,Kruskal-Wallis
GITR,Second,log2rfu,372,1.4717213954029376,2,0.479,0.4888611476127901,1,Kruskal-Wallis
GP114,Second,log2rfu,372,4.237388885488372,2,0.12,0.12617328519855597,1,Kruskal-Wallis
I-309,Second,log2rfu,372,1.626216973888404,2,0.443,0.45331137461572246,1,Kruskal-Wallis
IFNL4,Second,log2rfu,372,1.5959382073390316,2,0.45,0.46007020623080297,1,Kruskal-Wallis
IL-17 RD,Second,log2rfu,372,1.5076229080195844,2,0.471,0.4809070990359333,1,Kruskal-Wallis
IL-2 sRg,Second,log2rfu,372,0.10599887855050838,2,0.948,0.9492221744735712,1,Kruskal-Wallis
IL-3 Ra,Second,log2rfu,372,0.5084253395430096,2,0.776,0.7827186147186147,1,Kruskal-Wallis
ILT-4,Second,log2rfu,372,0.02532385491167588,2,0.987,0.987,1,Kruskal-Wallis
Inhibin bA chain,Second,log2rfu,372,4.103873327555675,2,0.128,0.13428185502026113,1,Kruskal-Wallis
KIAP,Second,log2rfu,372,1.258958043541952,2,0.533,0.542784090909091,1,Kruskal-Wallis
"Kininogen, HMW",Second,log2rfu,372,1.073268153823392,2,0.585,0.5946989528795811,1,Kruskal-Wallis
L-VEGF165,Second,log2rfu,372,4.007066682464256,2,0.135,0.1414343525179856,1,Kruskal-Wallis
Luteinizing hormone,Second,log2rfu,372,2.3416150956536512,2,0.31,0.31917808219178084,1,Kruskal-Wallis
Lymphotoxin a2/b1,Second,log2rfu,372,0.37909900731915513,2,0.827,0.8323585313174945,1,Kruskal-Wallis
N-terminal pro-BNP,Second,log2rfu,372,0.5651404440238821,2,0.754,0.7611871750433274,1,Kruskal-Wallis
Nr-CAM,Second,log2rfu,372,0.48993230878886607,2,0.783,0.7894374729554305,1,Kruskal-Wallis
PACA,Second,log2rfu,372,1.1193562372395718,2,0.571,0.5809737991266375,1,Kruskal-Wallis
PAL4D,Second,log2rfu,372,3.420476689325824,2,0.181,0.18860912343470485,1,Kruskal-Wallis
PGP9.5,Second,log2rfu,372,0.18012571506210406,2,0.914,0.9167541971588463,1,Kruskal-Wallis
PP13G,Second,log2rfu,372,0.33188843510515653,2,0.847,0.8521200345423142,1,Kruskal-Wallis
Parathyroid Hormone1-34,Second,log2rfu,372,0.21083708224091424,2,0.9,0.9038793103448277,1,Kruskal-Wallis
Renin,Second,log2rfu,372,2.6830219024529924,2,0.261,0.269561170212766,1,Kruskal-Wallis
SE6L2,Second,log2rfu,372,4.316059690162319,2,0.116,0.12202257336343114,1,Kruskal-Wallis
SLAF5,Second,log2rfu,372,2.323872493725503,2,0.313,0.3221245583038869,1,Kruskal-Wallis
SP-D,Second,log2rfu,372,0.4261365775723789,2,0.808,0.813938607868569,1,Kruskal-Wallis
ST4S6,Second,log2rfu,372,0.32475567803544436,2,0.85,0.8547690979715149,1,Kruskal-Wallis
TCP2L,Second,log2rfu,372,0.19451187746517462,2,0.907,0.9101248923341947,1,Kruskal-Wallis
TrkB,Second,log2rfu,372,2.343668071705906,2,0.31,0.31917808219178084,1,Kruskal-Wallis
UNC5H3,Second,log2rfu,372,3.1004145510257786,2,0.212,0.2199287622439893,1,Kruskal-Wallis
WIF-1,Second,log2rfu,372,3.656991083451885,2,0.161,0.16821973094170403,1,Kruskal-Wallis
bFGF-R,Second,log2rfu,372,0.026752215115266154,2,0.987,0.987,1,Kruskal-Wallis
tau,Second,log2rfu,372,2.5861793140527425,2,0.274,0.2826117751217353,1,Kruskal-Wallis
6-Phosphogluconate dehydrogenase,Third,log2rfu,326,0.9992801777516434,2,0.607,0.6162570806100218,1,Kruskal-Wallis
ANR63,Third,log2rfu,326,0.10438958891779748,2,0.949,0.9498152920962198,1,Kruskal-Wallis
ARTS1,Third,log2rfu,326,0.8640333565127776,2,0.649,0.6580374238468233,1,Kruskal-Wallis
BLC,Third,log2rfu,326,3.328790669293653,2,0.189,0.19650602409638554,1,Kruskal-Wallis
BMP-6,Third,log2rfu,326,3.6265042769648517,2,0.163,0.17015681003584232,1,Kruskal-Wallis
BNP,Third,log2rfu,326,0.5893076228952623,2,0.745,0.7530802603036877,1,Kruskal-Wallis
BPSA,Third,log2rfu,326,0.4332010121084977,2,0.805,0.8112673010380624,1,Kruskal-Wallis
"C5b, 6 Complex",Third,log2rfu,326,0.1708378275669702,2,0.918,0.9203700516351119,1,Kruskal-Wallis
C8,Third,log2rfu,326,3.6319108347773863,2,0.163,0.17015681003584232,1,Kruskal-Wallis
CLF-1/CLC Complex,Third,log2rfu,326,1.9436983640315475,2,0.378,0.3878203434610304,1,Kruskal-Wallis
Calpastatin,Third,log2rfu,326,2.9689218210749004,2,0.227,0.23496668147490007,1,Kruskal-Wallis
Cofilin-1,Third,log2rfu,326,3.05773905982619,2,0.217,0.22481547354379725,1,Kruskal-Wallis
Corticotropin-lipotropin,Third,log2rfu,326,4.13032191864329,2,0.127,0.13341298467087467,1,Kruskal-Wallis
DC-SIGNR,Third,log2rfu,326,0.6778790410917281,2,0.713,0.7210460069444444,1,Kruskal-Wallis
DYRK3,Third,log2rfu,326,3.0197217050429117,2,0.221,0.22885777777777777,1,Kruskal-Wallis
Desmoglein-2,Third,log2rfu,326,4.106086785647335,2,0.128,0.13428185502026113,1,Kruskal-Wallis
EGFRvIII,Third,log2rfu,326,0.5665406256141523,2,0.753,0.7605071521456437,1,Kruskal-Wallis
ES1,Third,log2rfu,326,4.1020064661099696,2,0.129,0.13527002700270027,1,Kruskal-Wallis
Elafin,Third,log2rfu,326,3.0686386965771817,2,0.216,0.22387900355871887,1,Kruskal-Wallis
Ephrin-B3,Third,log2rfu,326,3.85087928228927,2,0.146,0.15282120395327942,1,Kruskal-Wallis
FGF-19,Third,log2rfu,326,0.7117042762386063,2,0.701,0.7095264986967854,1,Kruskal-Wallis
FGF-8F,Third,log2rfu,326,0.9899113713619272,2,0.61,0.6190331010452962,1,Kruskal-Wallis
IGF-I,Third,log2rfu,326,2.0961380293377943,2,0.351,0.3605952380952381,1,Kruskal-Wallis
IL-17B,Third,log2rfu,326,0.5203492799892047,2,0.771,0.7780121264616716,1,Kruskal-Wallis
IL-5,Third,log2rfu,326,4.063892674139765,2,0.131,0.13730544309491677,1,Kruskal-Wallis
IgG,Third,log2rfu,326,2.181954486396421,2,0.336,0.3453374503749449,1,Kruskal-Wallis
JAM-B,Third,log2rfu,326,3.4008602671945027,2,0.183,0.1906079570853822,1,Kruskal-Wallis
Lysozyme,Third,log2rfu,326,1.111499753983935,2,0.574,0.5837712789175032,1,Kruskal-Wallis
MBL,Third,log2rfu,326,2.0550185674755994,2,0.358,0.3676245041868665,1,Kruskal-Wallis
MK01,Third,log2rfu,326,3.8921586301645448,2,0.143,0.14974831460674157,1,Kruskal-Wallis
MOZ,Third,log2rfu,326,2.7655923987664437,2,0.251,0.25946317657497786,1,Kruskal-Wallis
N-terminal pro-BNP,Third,log2rfu,326,0.19446291330257282,2,0.907,0.9101248923341947,1,Kruskal-Wallis
PACA,Third,log2rfu,326,2.216929691354835,2,0.33,0.3393203883495146,1,Kruskal-Wallis
PP13G,Third,log2rfu,326,0.24532677681509085,2,0.885,0.88958153580673,1,Kruskal-Wallis
Parathyroid Hormone1-34,Third,log2rfu,326,3.830464751823797,2,0.147,0.15379883251010326,1,Kruskal-Wallis
RGM-C,Third,log2rfu,326,0.8570430780235938,2,0.651,0.6597781644193128,1,Kruskal-Wallis
Renin,Third,log2rfu,326,0.11339126361497165,2,0.945,0.9466251074806534,1,Kruskal-Wallis
SMAC,Third,log2rfu,326,3.74493717337225,2,0.154,0.16105026929982044,1,Kruskal-Wallis
SRCN1,Third,log2rfu,326,1.0076765816571651,2,0.604,0.6134786399302529,1,Kruskal-Wallis
Semaphorin 3A,Third,log2rfu,326,3.673314398777279,2,0.159,0.16620457604306865,1,Kruskal-Wallis
TCP2L,Third,log2rfu,326,1.3469595470789955,2,0.51,0.5195889811980762,1,Kruskal-Wallis
Thyroxine-Binding Globulin,Third,log2rfu,326,1.0442220018962871,2,0.593,0.6025686873092019,1,Kruskal-Wallis
Trypsin,Third,log2rfu,326,1.9043717539738054,2,0.386,0.3956797184337879,1,Kruskal-Wallis
pTEN,Third,log2rfu,326,2.7065432317225486,2,0.258,0.26658093126385807,1,Kruskal-Wallis
phosphoglycerate kinase 1,Third,log2rfu,326,1.9596098574587586,2,0.375,0.3849118942731278,1,Kruskal-Wallis
