term_description,trimester,.y.,n,statistic,df,p,p_adj_bh,p_adj_by,method
Regulation of calcium ion transport,Second,log2rfu,4464,597.17,2,2.12E-130,5.69E-127,4.82E-126,Kruskal-Wallis
Regulation of mast cell activation,Second,log2rfu,2604,475.21,2,6.46E-104,8.67E-101,7.35E-100,Kruskal-Wallis
Cellular response to hydrogen peroxide,Second,log2rfu,1488,472.98,2,1.97E-103,1.76E-100,1.49E-99,Kruskal-Wallis
Regulation of muscle cell apoptotic process,Second,log2rfu,1860,448.94,2,3.26E-98,2.19E-95,1.85E-94,Kruskal-Wallis
Regulation of mast cell activation involved in immune response,Second,log2rfu,1860,444.31,2,3.31E-97,1.48E-94,1.25E-93,Kruskal-Wallis
Regulation of mast cell degranulation,Second,log2rfu,1860,444.31,2,3.31E-97,1.48E-94,1.25E-93,Kruskal-Wallis
Regulation of leukocyte mediated immunity,Second,log2rfu,4092,432.67,2,1.12E-94,4.29E-92,3.64E-91,Kruskal-Wallis
Positive regulation of small molecule metabolic process,Second,log2rfu,1116,411.51,2,4.39E-90,1.47E-87,1.25E-86,Kruskal-Wallis
Cellular response to reactive oxygen species,Second,log2rfu,2232,407.14,2,3.89E-89,1.16E-86,9.83E-86,Kruskal-Wallis
Regulation of metal ion transport,Second,log2rfu,5208,394.85,2,1.82E-86,4.88E-84,4.14E-83,Kruskal-Wallis
Regulation of protein localization to nucleus,Second,log2rfu,2232,370.93,2,2.84E-81,6.93E-79,5.87E-78,Kruskal-Wallis
Positive regulation of calcium ion transport,Second,log2rfu,1860,347.77,2,3.04E-76,6.80E-74,5.76E-73,Kruskal-Wallis
Positive regulation of small molecule metabolic process,Third,log2rfu,978,337.92,2,4.19E-74,8.65E-72,7.33E-71,Kruskal-Wallis
Regulation of lymphocyte apoptotic process,Third,log2rfu,1630,332.84,2,5.31E-73,1.02E-70,8.62E-70,Kruskal-Wallis
Fc-epsilon receptor signaling pathway,Third,log2rfu,1304,331.68,2,9.48E-73,1.70E-70,1.44E-69,Kruskal-Wallis
Regulation of ion transport,Second,log2rfu,7068,330.4,2,1.80E-72,3.02E-70,2.56E-69,Kruskal-Wallis
Neuron maturation,Third,log2rfu,978,322.79,2,8.08E-71,1.28E-68,1.08E-67,Kruskal-Wallis
Regulation of secretion by cell,Second,log2rfu,5580,317.06,2,1.41E-69,2.10E-67,1.78E-66,Kruskal-Wallis
Activation of protein kinase B activity,Second,log2rfu,744,293.56,2,1.79E-64,2.53E-62,2.14E-61,Kruskal-Wallis
T cell activation,Second,log2rfu,5580,282.77,2,3.95E-62,5.30E-60,4.49E-59,Kruskal-Wallis
Response to amino acid,Second,log2rfu,1116,276.46,2,9.27E-61,1.13E-58,9.58E-58,Kruskal-Wallis
Response to acid chemical,Second,log2rfu,1116,276.46,2,9.27E-61,1.13E-58,9.58E-58,Kruskal-Wallis
Positive regulation of protein localization to nucleus,Second,log2rfu,1860,274.15,2,2.95E-60,3.44E-58,2.92E-57,Kruskal-Wallis
Regulation of myeloid leukocyte mediated immunity,Second,log2rfu,2604,273.56,2,3.96E-60,4.43E-58,3.75E-57,Kruskal-Wallis
Regulation of astrocyte differentiation,Third,log2rfu,652,269.92,2,2.44E-59,2.62E-57,2.22E-56,Kruskal-Wallis
Regulation of astrocyte differentiation,Second,log2rfu,744,267.25,2,9.27E-59,9.57E-57,8.11E-56,Kruskal-Wallis
Positive regulation of mast cell activation,Second,log2rfu,1488,266.28,2,1.51E-58,1.50E-56,1.27E-55,Kruskal-Wallis
Platelet-derived growth factor receptor signaling pathway,Second,log2rfu,1488,261.09,2,2.02E-57,1.94E-55,1.64E-54,Kruskal-Wallis
Response to cadmium ion,Second,log2rfu,744,260.62,2,2.56E-57,2.37E-55,2.01E-54,Kruskal-Wallis
Response to platelet-derived growth factor,Third,log2rfu,652,255.02,2,4.19E-56,3.75E-54,3.18E-53,Kruskal-Wallis
Negative regulation of B cell proliferation,Third,log2rfu,652,254.55,2,5.30E-56,4.45E-54,3.77E-53,Kruskal-Wallis
Negative regulation of B cell activation,Third,log2rfu,652,254.55,2,5.30E-56,4.45E-54,3.77E-53,Kruskal-Wallis
Regulation of calcium ion transport,Third,log2rfu,3912,254.4,2,5.74E-56,4.67E-54,3.96E-53,Kruskal-Wallis
Response to reactive oxygen species,Second,log2rfu,2976,250.86,2,3.36E-55,2.65E-53,2.25E-52,Kruskal-Wallis
Cellular extravasation,Third,log2rfu,652,249.77,2,5.80E-55,4.45E-53,3.77E-52,Kruskal-Wallis
Regulation of leukocyte mediated cytotoxicity,Second,log2rfu,1488,249.3,2,7.32E-55,5.31E-53,4.50E-52,Kruskal-Wallis
Regulation of natural killer cell mediated cytotoxicity,Second,log2rfu,1488,249.3,2,7.32E-55,5.31E-53,4.50E-52,Kruskal-Wallis
Response to hydrogen peroxide,Second,log2rfu,2232,248.41,2,1.14E-54,8.05E-53,6.82E-52,Kruskal-Wallis
Hormone-mediated signaling pathway,Second,log2rfu,1116,244.02900945542524,2,1.02e-53,7.019692307692307e-52,5.947410048018926e-51,Kruskal-Wallis
Response to ethanol,Second,log2rfu,744,243.43841211661038,2,1.37e-53,9.192699999999998e-52,7.788483305530668e-51,Kruskal-Wallis
Regulation of calcium ion transmembrane transport,Second,log2rfu,2976,241.18411707936502,2,4.2399999999999995e-53,2.7756487804878047e-51,2.351658836777641e-50,Kruskal-Wallis
Negative regulation of epithelial cell apoptotic process,Second,log2rfu,744,240.20358327596796,2,6.93e-53,4.210897777777778e-51,3.567668589589393e-50,Kruskal-Wallis
Negative regulation of endothelial cell apoptotic process,Second,log2rfu,744,240.20358327596796,2,6.93e-53,4.210897777777778e-51,3.567668589589393e-50,Kruskal-Wallis
Platelet aggregation,Second,log2rfu,744,240.16374047792897,2,7.06e-53,4.210897777777778e-51,3.567668589589393e-50,Kruskal-Wallis
Homotypic cell-cell adhesion,Second,log2rfu,744,240.16374047792897,2,7.06e-53,4.210897777777778e-51,3.567668589589393e-50,Kruskal-Wallis
Regulation of generation of precursor metabolites and energy,Second,log2rfu,1488,238.88761453709049,2,1.34e-52,7.818608695652173e-51,6.624289196706503e-50,Kruskal-Wallis
Regulation of protein import into nucleus,Second,log2rfu,1488,233.04382798916322,2,2.48e-51,1.4162382978723404e-49,1.1999030034301014e-48,Kruskal-Wallis
Response to fungus,Third,log2rfu,1304,227.53103484059193,2,3.91e-50,2.1863416666666666e-48,1.8523704212058949e-47,Kruskal-Wallis
Cell killing,Third,log2rfu,1304,226.8880815027378,2,5.39e-50,2.9524e-48,2.5014106966667837e-47,Kruskal-Wallis
Regulation of muscle cell apoptotic process,Third,log2rfu,1630,224.9644405808358,2,1.41e-49,7.56888e-48,6.412707422363938e-47,Kruskal-Wallis
Cellular response to interleukin-6,Second,log2rfu,1488,224.8011971828082,2,1.53e-49,8.051999999999999e-48,6.822029172727592e-47,Kruskal-Wallis
Positive regulation of G protein-coupled receptor signaling pathway,Third,log2rfu,652,223.98539345582594,2,2.3e-49,1.187153846153846e-47,1.0058119934149656e-46,Kruskal-Wallis
Regulation of secretion,Second,log2rfu,6324,223.9154884415475,2,2.38e-49,1.205267924528302e-47,1.0211590837164574e-46,Kruskal-Wallis
Response to peptide,Third,log2rfu,6846,221.53634591328228,2,7.83e-49,3.8917999999999995e-47,3.2973141001516695e-46,Kruskal-Wallis
Response to platelet-derived growth factor,Second,log2rfu,744,218.49157286438913,2,3.5899999999999996e-48,1.75192e-46,1.4843081654601244e-45,Kruskal-Wallis
Regulation of localization,Second,log2rfu,26412,211.6048327917233,2,1.12e-46,5.368e-45,4.548019448485062e-44,Kruskal-Wallis
Protein autophosphorylation,Second,log2rfu,9672,210.07156501270583,2,2.42e-46,1.139522807017544e-44,9.654567601170043e-44,Kruskal-Wallis
Negative regulation of cell activation,Second,log2rfu,4836,208.74876981456873,2,4.6899999999999996e-46,2.1335525423728813e-44,1.8076450180843167e-43,Kruskal-Wallis
Negative regulation of leukocyte activation,Second,log2rfu,4836,208.74876981456873,2,4.6899999999999996e-46,2.1335525423728813e-44,1.8076450180843167e-43,Kruskal-Wallis
Cellular response to peptide,Third,log2rfu,5542,204.7373831866389,2,3.48e-45,1.55672e-43,1.3189256400606679e-42,Kruskal-Wallis
Response to inorganic substance,Second,log2rfu,4836,203.68173995016696,2,5.9e-45,2.596e-43,2.1994520283657264e-42,Kruskal-Wallis
Response to alcohol,Second,log2rfu,1860,200.82,2,2.4700000000000003e-44,1.0692709677419355e-42,9.059361320772664e-42,Kruskal-Wallis
Response to organonitrogen compound,Third,log2rfu,10106,199.70701576937427,2,4.31e-44,1.8361968253968253e-42,1.5557114145214776e-41,Kruskal-Wallis
Response to peptide hormone,Third,log2rfu,5216,199.39845372174204,2,5.03e-44,2.10945625e-42,1.7872295176468643e-41,Kruskal-Wallis
Positive regulation of protein transport,Third,log2rfu,3586,198.1852935620118,2,9.22e-44,3.8071507692307695e-42,3.225595331925559e-41,Kruskal-Wallis
Leukocyte homeostasis,Third,log2rfu,978,197.83154606015296,2,1.1e-43,4.473333333333333e-42,3.790016207070885e-41,Kruskal-Wallis
Cell-cell adhesion,Second,log2rfu,7068,195.94394152856694,2,2.8299999999999998e-43,1.1336895522388059e-41,9.605145551651287e-41,Kruskal-Wallis
Regulation of cellular response to oxidative stress,Second,log2rfu,2232,195.09219129837766,2,4.3299999999999996e-43,1.6843072463768114e-41,1.4270234936188634e-40,Kruskal-Wallis
Regulation of oxidative stress-induced cell death,Second,log2rfu,2232,195.09219129837766,2,4.3299999999999996e-43,1.6843072463768114e-41,1.4270234936188634e-40,Kruskal-Wallis
Response to nitrogen compound,Third,log2rfu,10432,193.34931867453997,2,1.03e-42,3.9493142857142854e-41,3.3460428799568668e-40,Kruskal-Wallis
Regulation of calcium ion transmembrane transport,Third,log2rfu,2608,192.5848809265126,2,1.52e-42,5.746028169014084e-41,4.86830250823753e-40,Kruskal-Wallis
Regulation of transport,Second,log2rfu,21576,192.31717712584214,2,1.7299999999999997e-42,6.449055555555555e-41,5.463940031860524e-40,Kruskal-Wallis
Hormone-mediated signaling pathway,Third,log2rfu,978,192.05847166521335,2,1.9699999999999998e-42,7.243123287671233e-41,6.136711173640802e-40,Kruskal-Wallis
Regulation of transmembrane transport,Second,log2rfu,6324,190.9238523147833,2,3.48e-42,1.2622054054054054e-40,1.0693991676167577e-39,Kruskal-Wallis
Multicellular organismal process,Second,log2rfu,52824,186.27882179053267,2,3.55e-41,1.2537105263157895e-39,1.0622019106659191e-38,Kruskal-Wallis
Regulation of cation transmembrane transport,Second,log2rfu,4836,186.2887509827524,2,3.53e-41,1.2537105263157895e-39,1.0622019106659191e-38,Kruskal-Wallis
Response to insulin,Third,log2rfu,3260,184.91092314089838,2,7.03e-41,2.4504571428571426e-39,2.0761413456396092e-38,Kruskal-Wallis
Positive regulation of endocytosis,Third,log2rfu,1630,184.5958237228415,2,8.23e-41,2.8319641025641026e-39,2.3993717987841063e-38,Kruskal-Wallis
Negative regulation of immune system process,Second,log2rfu,9672,184.00277896495754,2,1.11e-40,3.7711898734177215e-39,3.195127587226847e-38,Kruskal-Wallis
Negative regulation of immune response,Second,log2rfu,4092,183.75761973111912,2,1.25e-40,4.193749999999999e-39,3.553140194128954e-38,Kruskal-Wallis
Positive regulation of DNA biosynthetic process,Third,log2rfu,1956,183.10195490397564,2,1.74e-40,5.76562962962963e-39,4.884909778002473e-38,Kruskal-Wallis
Response to cadmium ion,Third,log2rfu,652,180.85352548997844,2,5.35e-40,1.7511463414634146e-38,1.4836526859387242e-37,Kruskal-Wallis
Positive regulation of lipid metabolic process,Second,log2rfu,2232,180.7022052481143,2,5.77e-40,1.8658650602409637e-38,1.5808477239613738e-37,Kruskal-Wallis
Response to oxidative stress,Second,log2rfu,5208,179.79991823253295,2,9.06e-40,2.8948857142857143e-38,2.4526819168615865e-37,Kruskal-Wallis
Positive regulation of protein binding,Third,log2rfu,1630,178.78035756049758,2,1.51e-39,4.768047058823529e-38,4.039711392477908e-37,Kruskal-Wallis
Regulation of extrinsic apoptotic signaling pathway via death domain receptors,Third,log2rfu,652,177.53231086972391,2,2.81e-39,8.769813953488371e-38,7.430194564094781e-37,Kruskal-Wallis
Regulation of myeloid leukocyte mediated immunity,Third,log2rfu,2282,177.03371983693705,2,3.61e-39,1.1137057471264368e-37,9.435833453466136e-37,Kruskal-Wallis
Bergmann glial cell differentiation,Second,log2rfu,744,172.92964781635783,2,2.8099999999999997e-38,8.570499999999999e-37,7.261326505819899e-36,Kruskal-Wallis
Regulation of leukocyte apoptotic process,Third,log2rfu,1956,170.96458331416306,2,7.51e-38,2.2648134831460675e-36,1.9188553965237538e-35,Kruskal-Wallis
Regulation of cell activation,Second,log2rfu,14508,169.4964341978848,2,1.56e-37,4.652266666666667e-36,3.94161685535372e-35,Kruskal-Wallis
Regulation of leukocyte activation,Second,log2rfu,13392,168.74337232200924,2,2.28e-37,6.724747252747252e-36,5.697518869530736e-35,Kruskal-Wallis
Response to ketone,Third,log2rfu,1630,168.42977151180185,2,2.67e-37,7.789434782608696e-36,6.599571699703866e-35,Kruskal-Wallis
Regulation of cellular localization,Second,log2rfu,11904,166.58869457918627,2,6.69e-37,1.930748387096774e-35,1.6358198984067238e-34,Kruskal-Wallis
Peptidyl-threonine phosphorylation,Third,log2rfu,2282,166.4841354777027,2,7.05e-37,2.013e-35,1.705507293181898e-34,Kruskal-Wallis
Positive regulation of leukocyte mediated cytotoxicity,Second,log2rfu,744,163.7581502499761,2,2.76e-36,7.636948453608248e-35,6.470378184442665e-34,Kruskal-Wallis
Positive regulation of natural killer cell mediated immunity,Second,log2rfu,744,163.7581502499761,2,2.76e-36,7.636948453608248e-35,6.470378184442665e-34,Kruskal-Wallis
Positive regulation of natural killer cell mediated cytotoxicity,Second,log2rfu,744,163.7581502499761,2,2.76e-36,7.636948453608248e-35,6.470378184442665e-34,Kruskal-Wallis
Regulation of cell communication,Second,log2rfu,44268,162.58197823510272,2,4.96e-36,1.3584326530612244e-34,1.150927370637036e-33,Kruskal-Wallis
Positive regulation of lipid kinase activity,Second,log2rfu,1116,162.34565539387495,2,5.59e-36,1.4709372549019608e-34,1.2462465057368378e-33,Kruskal-Wallis
Positive regulation of phosphatidylinositol 3-kinase activity,Second,log2rfu,1116,162.34565539387495,2,5.59e-36,1.4709372549019608e-34,1.2462465057368378e-33,Kruskal-Wallis
Regulation of lipid kinase activity,Second,log2rfu,1116,162.34565539387495,2,5.59e-36,1.4709372549019608e-34,1.2462465057368378e-33,Kruskal-Wallis
Regulation of phosphatidylinositol 3-kinase activity,Second,log2rfu,1116,162.34565539387495,2,5.59e-36,1.4709372549019608e-34,1.2462465057368378e-33,Kruskal-Wallis
Response to interleukin-1,Second,log2rfu,372,161.37401284904217,2,9.080000000000001e-36,2.27763738317757e-34,1.929720401506746e-33,Kruskal-Wallis
Cellular response to interleukin-1,Second,log2rfu,372,161.37401284904217,2,9.080000000000001e-36,2.27763738317757e-34,1.929720401506746e-33,Kruskal-Wallis
Regulation of protein localization to membrane,Second,log2rfu,3720,161.3834443541964,2,9.04e-36,2.27763738317757e-34,1.929720401506746e-33,Kruskal-Wallis
Positive regulation of steroid metabolic process,Second,log2rfu,372,161.37401284904217,2,9.080000000000001e-36,2.27763738317757e-34,1.929720401506746e-33,Kruskal-Wallis
Positive regulation of steroid biosynthetic process,Second,log2rfu,372,161.37401284904217,2,9.080000000000001e-36,2.27763738317757e-34,1.929720401506746e-33,Kruskal-Wallis
Regulation of sequestering of calcium ion,Second,log2rfu,3348,160.87151865715168,2,1.1699999999999999e-35,2.907666666666666e-34,2.4635105345960746e-33,Kruskal-Wallis
Cellular response to oxidative stress,Second,log2rfu,4092,160.19,2,1.6399999999999998e-35,4.001599999999999e-34,3.390341770688864e-33,Kruskal-Wallis
Cellular response to chemical stress,Second,log2rfu,4092,160.19,2,1.6399999999999998e-35,4.001599999999999e-34,3.390341770688864e-33,Kruskal-Wallis
Regulation of glucose import,Second,log2rfu,744,159.14132914827132,2,2.77e-35,6.638107142857143e-34,5.62411333584983e-33,Kruskal-Wallis
Positive regulation of glucose import,Second,log2rfu,744,159.14132914827132,2,2.77e-35,6.638107142857143e-34,5.62411333584983e-33,Kruskal-Wallis
Peptidyl-tyrosine autophosphorylation,Third,log2rfu,978,158.9852103057633,2,3e-35,7.125663716814159e-34,6.037193958166011e-33,Kruskal-Wallis
Protein kinase B signaling,Second,log2rfu,372,158.35545016074798,2,4.11e-35,9.5923826086956515e-34,8.127113014466783e-33,Kruskal-Wallis
Positive regulation of nuclear division,Second,log2rfu,372,158.35545016074798,2,4.11e-35,9.5923826086956515e-34,8.127113014466783e-33,Kruskal-Wallis
Regulation of interleukin-1 production,Second,log2rfu,372,158.24845800697403,2,4.33e-35,9.684766666666667e-34,8.205385088308466e-33,Kruskal-Wallis
Positive regulation of interleukin-1 production,Second,log2rfu,372,158.24845800697403,2,4.33e-35,9.684766666666667e-34,8.205385088308466e-33,Kruskal-Wallis
Regulation of interleukin-1 beta production,Second,log2rfu,372,158.24845800697403,2,4.33e-35,9.684766666666667e-34,8.205385088308466e-33,Kruskal-Wallis
Positive regulation of homotypic cell-cell adhesion,Second,log2rfu,372,158.24845800697403,2,4.33e-35,9.684766666666667e-34,8.205385088308466e-33,Kruskal-Wallis
Regulation of MHC class II biosynthetic process,Second,log2rfu,372,158.24845800697403,2,4.33e-35,9.684766666666667e-34,8.205385088308466e-33,Kruskal-Wallis
Regulation of interleukin-1 production,Third,log2rfu,326,157.8918219170373,2,5.18e-35,1.1122496e-33,9.423496297261046e-33,Kruskal-Wallis
Positive regulation of interleukin-1 production,Third,log2rfu,326,157.8918219170373,2,5.18e-35,1.1122496e-33,9.423496297261046e-33,Kruskal-Wallis
Regulation of interleukin-1 beta production,Third,log2rfu,326,157.8918219170373,2,5.18e-35,1.1122496e-33,9.423496297261046e-33,Kruskal-Wallis
Positive regulation of homotypic cell-cell adhesion,Third,log2rfu,326,157.8918219170373,2,5.18e-35,1.1122496e-33,9.423496297261046e-33,Kruskal-Wallis
Regulation of MHC class II biosynthetic process,Third,log2rfu,326,157.8918219170373,2,5.18e-35,1.1122496e-33,9.423496297261046e-33,Kruskal-Wallis
Cellular response to organonitrogen compound,Third,log2rfu,7824,157.85056509022252,2,5.29e-35,1.1268539682539682e-33,9.547231302573802e-33,Kruskal-Wallis
Protein autophosphorylation,Third,log2rfu,8476,157.45505134054474,2,6.44e-35,1.3610204724409449e-33,1.1531198916631416e-32,Kruskal-Wallis
Epithelial cell apoptotic process,Second,log2rfu,744,156.7672619132386,2,9.089999999999999e-35,1.9060593749999997e-33,1.6149022182316098e-32,Kruskal-Wallis
Lymphocyte activation,Second,log2rfu,7440,156.2417207834842,2,1.18e-34,2.38355223880597e-33,2.0194563969019489e-32,Kruskal-Wallis
Response to interleukin-1,Third,log2rfu,326,156.22800836189322,2,1.19e-34,2.38355223880597e-33,2.0194563969019489e-32,Kruskal-Wallis
Cellular response to interleukin-1,Third,log2rfu,326,156.22800836189322,2,1.19e-34,2.38355223880597e-33,2.0194563969019489e-32,Kruskal-Wallis
Positive regulation of steroid metabolic process,Third,log2rfu,326,156.22800836189322,2,1.19e-34,2.38355223880597e-33,2.0194563969019489e-32,Kruskal-Wallis
Positive regulation of steroid biosynthetic process,Third,log2rfu,326,156.22800836189322,2,1.19e-34,2.38355223880597e-33,2.0194563969019489e-32,Kruskal-Wallis
Fc-gamma receptor signaling pathway involved in phagocytosis,Second,log2rfu,1860,156.23967114204606,2,1.18e-34,2.38355223880597e-33,2.0194563969019489e-32,Kruskal-Wallis
Cellular oxidant detoxification,Third,log2rfu,326,155.4308008225023,2,1.77e-34,3.4931470588235294e-33,2.9595567734627053e-32,Kruskal-Wallis
Hydrogen peroxide metabolic process,Third,log2rfu,326,155.4308008225023,2,1.77e-34,3.4931470588235294e-33,2.9595567734627053e-32,Kruskal-Wallis
Protein kinase B signaling,Third,log2rfu,326,155.07823819803662,2,2.11e-34,4.103797101449275e-33,3.476927911704159e-32,Kruskal-Wallis
Positive regulation of nuclear division,Third,log2rfu,326,155.07823819803662,2,2.11e-34,4.103797101449275e-33,3.476927911704159e-32,Kruskal-Wallis
Cellular response to nitrogen compound,Third,log2rfu,8150,154.56931428220923,2,2.73e-34,5.271453237410072e-33,4.4662205375410853e-32,Kruskal-Wallis
Regulation of hydrolase activity,Second,log2rfu,15252,152.34067094381317,2,8.31e-34,1.593145714285714e-32,1.3497872006039593e-31,Kruskal-Wallis
Regulation of type 2 immune response,Third,log2rfu,326,152.2750739689286,2,8.59e-34,1.6236309859154927e-32,1.3756157416368547e-31,Kruskal-Wallis
Bone growth,Third,log2rfu,326,152.2750739689286,2,8.59e-34,1.6236309859154927e-32,1.3756157416368547e-31,Kruskal-Wallis
Cellular response to insulin stimulus,Third,log2rfu,2282,151.8728414132429,2,1.05e-33,1.9707692307692308e-32,1.669727419898362e-31,Kruskal-Wallis
Negative regulation of protein processing,Third,log2rfu,326,151.76091746471184,2,1.11e-33,2.0689166666666666e-32,1.7528824957702841e-31,Kruskal-Wallis
Cellular response to interleukin-7,Third,log2rfu,326,151.58200611974598,2,1.21e-33,2.239751724137931e-32,1.897621907816181e-31,Kruskal-Wallis
Positive regulation of protein import into nucleus,Second,log2rfu,1116,151.28885711185967,2,1.4100000000000001e-33,2.592082191780822e-32,2.1961326788917595e-31,Kruskal-Wallis
Negative regulation of protein processing,Second,log2rfu,372,151.10920459321665,2,1.54e-33,2.7740671140939594e-32,2.350318775391609e-31,Kruskal-Wallis
Cellular oxidant detoxification,Second,log2rfu,372,151.11698060104277,2,1.53e-33,2.7740671140939594e-32,2.350318775391609e-31,Kruskal-Wallis
Hydrogen peroxide metabolic process,Second,log2rfu,372,151.11698060104277,2,1.53e-33,2.7740671140939594e-32,2.350318775391609e-31,Kruskal-Wallis
Leukocyte mediated cytotoxicity,Third,log2rfu,326,151.0563169569814,2,1.58e-33,2.808423841059602e-32,2.379427393578277e-31,Kruskal-Wallis
Natural killer cell mediated cytotoxicity,Third,log2rfu,326,151.0563169569814,2,1.58e-33,2.808423841059602e-32,2.379427393578277e-31,Kruskal-Wallis
Regulation of phospholipase activity,Second,log2rfu,1488,150.96185553237228,2,1.66e-33,2.9120522875817e-32,2.4672262367598703e-31,Kruskal-Wallis
Regulation of lipase activity,Second,log2rfu,1488,150.96185553237228,2,1.66e-33,2.9120522875817e-32,2.4672262367598703e-31,Kruskal-Wallis
Collagen catabolic process,Third,log2rfu,326,150.83843271205228,2,1.76e-33,3.0476387096774194e-32,2.5821013643011964e-31,Kruskal-Wallis
Collagen metabolic process,Third,log2rfu,326,150.83843271205228,2,1.76e-33,3.0476387096774194e-32,2.5821013643011964e-31,Kruskal-Wallis
Regulation of synaptic plasticity,Second,log2rfu,2976,149.4327202355471,2,3.5600000000000004e-33,6.125025641025641e-32,5.18940680660475e-31,Kruskal-Wallis
Cellular response to stress,Second,log2rfu,11904,149.33129180226388,2,3.74e-33,6.393732484076433e-32,5.4170677507433534e-31,Kruskal-Wallis
Macromolecule metabolic process,Second,log2rfu,45756,149.10397037421353,2,4.19e-33,7.117696202531646e-32,6.030443509225446e-31,Kruskal-Wallis
Regulation of small molecule metabolic process,Third,log2rfu,3260,148.72473588838147,2,5.07e-33,8.558415094339623e-32,7.251087611263919e-31,Kruskal-Wallis
Fc-gamma receptor signaling pathway,Second,log2rfu,2232,148.41836210667225,2,5.9100000000000005e-33,9.914025e-32,8.399623418920849e-31,Kruskal-Wallis
Regulation of inflammatory response to antigenic stimulus,Second,log2rfu,3348,148.14406178513673,2,6.78e-33,1.130280745341615e-31,9.57626455302134e-31,Kruskal-Wallis
Animal organ regeneration,Third,log2rfu,652,148.09119001675663,2,6.96e-33,1.1531259259259258e-31,9.769819556004948e-31,Kruskal-Wallis
Cell activation,Second,log2rfu,12648,147.42678623177926,2,9.7e-33,1.5972269938650306e-31,1.353245050622856e-30,Kruskal-Wallis
Regulation of cell killing,Second,log2rfu,2232,147.39518103982664,2,9.85e-33,1.6120365853658539e-31,1.3657924258407882e-30,Kruskal-Wallis
Response to ketone,Second,log2rfu,1860,147.37575562070833,2,9.95e-33,1.6185333333333333e-31,1.3712967731038293e-30,Kruskal-Wallis
Regulation of small molecule metabolic process,Second,log2rfu,3720,146.88157983675592,2,1.2699999999999998e-32,2.0534216867469874e-31,1.7397544275831407e-30,Kruskal-Wallis
Regulation of DNA biosynthetic process,Third,log2rfu,2282,146.69076834463795,2,1.4e-32,2.2500598802395207e-31,1.9063554574488284e-30,Kruskal-Wallis
Antigen processing and presentation,Third,log2rfu,978,145.11596934519685,2,3.08e-32,4.920666666666666e-31,4.1690178277779725e-30,Kruskal-Wallis
Regulation of release of sequestered calcium ion into cytosol,Second,log2rfu,2604,144.80365410764716,2,3.6e-32,5.717396449704142e-31,4.844044383001841e-30,Kruskal-Wallis
Cellular response to peptide hormone stimulus,Third,log2rfu,4238,144.77765587942122,2,3.6499999999999997e-32,5.762705882352941e-31,4.88243264322661e-30,Kruskal-Wallis
Regulation of response to stimulus,Second,log2rfu,56172,143.8088690029108,2,5.919999999999999e-32,9.291976608187134e-31,7.87259506872268e-30,Kruskal-Wallis
Liver regeneration,Second,log2rfu,372,143.74465997301513,2,6.109999999999999e-32,9.534441860465115e-31,8.078022915768525e-30,Kruskal-Wallis
Leukocyte mediated cytotoxicity,Second,log2rfu,372,143.54885098654427,2,6.739999999999999e-32,1.0396643678160918e-30,8.808520426088884e-30,Kruskal-Wallis
Natural killer cell mediated cytotoxicity,Second,log2rfu,372,143.54885098654427,2,6.739999999999999e-32,1.0396643678160918e-30,8.808520426088884e-30,Kruskal-Wallis
Ciliary neurotrophic factor-mediated signaling pathway,Third,log2rfu,326,143.27026258428486,2,7.75e-32,1.1886285714285714e-30,1.0070614493074066e-29,Kruskal-Wallis
Negative regulation of mononuclear cell migration,Second,log2rfu,372,143.18967894971456,2,8.069999999999999e-32,1.2306749999999999e-30,1.0426851406043876e-29,Kruskal-Wallis
Regulation of homotypic cell-cell adhesion,Second,log2rfu,744,142.12401998613086,2,1.37e-31,2.0657752808988764e-30,1.7502209675349816e-29,Kruskal-Wallis
Regulation of platelet aggregation,Second,log2rfu,744,142.12401998613086,2,1.37e-31,2.0657752808988764e-30,1.7502209675349816e-29,Kruskal-Wallis
Negative regulation of macrophage activation,Third,log2rfu,978,141.5595157577286,2,1.82e-31,2.7289832402234635e-30,2.312121619062238e-29,Kruskal-Wallis
Regulation of myeloid leukocyte differentiation,Second,log2rfu,744,141.2796819780947,2,2.1e-31,3.1140331491712705e-30,2.6383538237068037e-29,Kruskal-Wallis
Negative regulation of myeloid leukocyte differentiation,Second,log2rfu,744,141.2796819780947,2,2.1e-31,3.1140331491712705e-30,2.6383538237068037e-29,Kruskal-Wallis
Response to yeast,Third,log2rfu,326,141.25703490774777,2,2.1199999999999996e-31,3.1264175824175816e-30,2.6488464919748154e-29,Kruskal-Wallis
Liver regeneration,Third,log2rfu,326,140.9772588543094,2,2.44e-31,3.5786666666666664e-30,3.0320129656567074e-29,Kruskal-Wallis
Regulation of hormone levels,Second,log2rfu,4092,140.73,2,2.7599999999999996e-31,4.026e-30,3.411014586363796e-29,Kruskal-Wallis
Response to interleukin-4,Second,log2rfu,372,140.69099541842002,2,2.8099999999999997e-31,4.0767783783783775e-30,3.454036391957574e-29,Kruskal-Wallis
Epithelial cell differentiation,Second,log2rfu,6696,140.64454974944238,2,2.88e-31,4.1558709677419355e-30,3.5210473149561767e-29,Kruskal-Wallis
Regulation of metal ion transport,Third,log2rfu,4564,139.54544018166598,2,4.989999999999999e-31,7.162117647058823e-30,6.068079424583009e-29,Kruskal-Wallis
Cell migration,Second,log2rfu,13392,139.1002517185043,2,6.229999999999999e-31,8.847259259259258e-30,7.495809831762415e-29,Kruskal-Wallis
Cell motility,Second,log2rfu,13392,139.1002517185043,2,6.229999999999999e-31,8.847259259259258e-30,7.495809831762415e-29,Kruskal-Wallis
Regulation of endothelial cell apoptotic process,Second,log2rfu,1116,138.6071396733514,2,7.98e-31,1.1272800000000001e-29,9.550840841818629e-29,Kruskal-Wallis
Response to UV-A,Third,log2rfu,326,138.50348045369742,2,8.4e-31,1.1803979057591623e-29,1.0000880462637307e-28,Kruskal-Wallis
Regulation of mast cell activation involved in immune response,Third,log2rfu,1630,137.9527515045047,2,1.11e-30,1.5436476683937823e-29,1.3078501522845645e-28,Kruskal-Wallis
Regulation of mast cell degranulation,Third,log2rfu,1630,137.9527515045047,2,1.11e-30,1.5436476683937823e-29,1.3078501522845645e-28,Kruskal-Wallis
Peptidyl-amino acid modification,Second,log2rfu,19716,137.37791486244532,2,1.47e-30,2.0337525773195877e-29,1.7230898425961444e-28,Kruskal-Wallis
Neurotrophin signaling pathway,Third,log2rfu,326,136.45039846504983,2,2.35e-30,3.2345641025641026e-29,2.740473257420486e-28,Kruskal-Wallis
Platelet activation,Third,log2rfu,1630,135.71550550093707,2,3.39e-30,4.6422244897959184e-29,3.9331086557051936e-28,Kruskal-Wallis
Nitrogen compound metabolic process,Second,log2rfu,49104,134.72146619914565,2,5.5699999999999996e-30,7.58877157360406e-29,6.429560489355785e-28,Kruskal-Wallis
Multicellular organism development,Second,log2rfu,44268,134.60493852104992,2,5.9e-30,7.997777777777777e-29,6.776089582338854e-28,Kruskal-Wallis
Primary metabolic process,Second,log2rfu,49848,134.1282202526927,2,7.489999999999999e-30,1.0102090452261305e-28,8.558961223405303e-28,Kruskal-Wallis
Regulation of signaling,Second,log2rfu,43896,133.95820829176228,2,8.149999999999999e-30,1.0937299999999998e-28,9.266589626288312e-28,Kruskal-Wallis
Response to metal ion,Second,log2rfu,2976,133.6963715487891,2,9.289999999999999e-30,1.240515422885572e-28,1.0510224048862243e-27,Kruskal-Wallis
Regulation of plasma lipoprotein particle levels,Third,log2rfu,326,132.69573130323147,2,1.53e-29,2.032930693069307e-28,1.7223935040054814e-27,Kruskal-Wallis
Regulation of nucleocytoplasmic transport,Second,log2rfu,2604,132.56798040243575,2,1.63e-29,2.1551330049261086e-28,1.825928990401638e-27,Kruskal-Wallis
Fc receptor signaling pathway,Second,log2rfu,4092,131.86250748949897,2,2.3200000000000002e-29,3.0523921568627453e-28,2.5861287060013097e-27,Kruskal-Wallis
Negative regulation of mononuclear cell migration,Third,log2rfu,326,131.67059542875154,2,2.56e-29,3.351726829268293e-28,2.839738972712624e-27,Kruskal-Wallis
Peptidyl-serine phosphorylation,Third,log2rfu,4564,131.35309229265476,2,3e-29,3.9087378640776703e-28,3.311664646955142e-27,Kruskal-Wallis
Regulation of protein localization,Second,log2rfu,10788,131.16401143670373,2,3.3e-29,4.278840579710146e-28,3.625232893719977e-27,Kruskal-Wallis
Regulation of interleukin-23 production,Third,log2rfu,326,130.07626632641063,2,5.68e-29,7.329384615384615e-28,6.209795785431527e-27,Kruskal-Wallis
Response to stress,Second,log2rfu,33852,129.7135591582919,2,6.81e-29,8.745473684210527e-28,7.409572355067769e-27,Kruskal-Wallis
Cellular process,Second,log2rfu,89280,128.65719785314286,2,1.15e-28,1.4698095238095238e-27,1.2452910394661478e-26,Kruskal-Wallis
Epithelial cell apoptotic process,Third,log2rfu,652,128.51281471648554,2,1.2399999999999999e-28,1.5773270142180092e-27,1.3363848616401603e-26,Kruskal-Wallis
Organic substance metabolic process,Second,log2rfu,52080,128.49679294790258,2,1.25e-28,1.5825471698113208e-27,1.3408076204260207e-26,Kruskal-Wallis
Regulation of monooxygenase activity,Second,log2rfu,744,127.92993431153218,2,1.66e-28,2.0819813084112152e-27,1.763951468337664e-26,Kruskal-Wallis
Positive regulation of monooxygenase activity,Second,log2rfu,744,127.92993431153218,2,1.66e-28,2.0819813084112152e-27,1.763951468337664e-26,Kruskal-Wallis
Ovulation cycle process,Third,log2rfu,326,127.43403928240673,2,2.13e-28,2.659032558139535e-27,2.252856145412368e-26,Kruskal-Wallis
Kidney vasculature development,Second,log2rfu,372,126.9045979200489,2,2.7699999999999997e-28,3.441981481481481e-27,2.916206914885097e-26,Kruskal-Wallis
Protein metabolic process,Second,log2rfu,39432,126.81199713339447,2,2.9e-28,3.586912442396314e-27,3.0389991706467e-26,Kruskal-Wallis
Organonitrogen compound metabolic process,Second,log2rfu,46500,126.37751102101174,2,3.61e-28,4.444605504587156e-27,3.765676653447494e-26,Kruskal-Wallis
Stress-activated MAPK cascade,Third,log2rfu,326,126.19106328248722,2,3.96e-28,4.853260273972603e-27,4.111907994520741e-26,Kruskal-Wallis
Regulation of stress-activated protein kinase signaling cascade,Third,log2rfu,2282,125.60922254807247,2,5.3e-28,6.466e-27,5.478296153857006e-26,Kruskal-Wallis
Negative regulation of catabolic process,Third,log2rfu,1956,125.57736214358283,2,5.39e-28,6.546045248868778e-27,5.546114214329069e-26,Kruskal-Wallis
Fc receptor signaling pathway,Third,log2rfu,3586,125.37563139003942,2,5.96e-28,7.205693693693694e-27,6.104999079497966e-26,Kruskal-Wallis
Regulation of protein import into nucleus,Third,log2rfu,1304,125.36582495332823,2,5.989999999999999e-28,7.209488789237667e-27,6.108214461081955e-26,Kruskal-Wallis
Positive regulation of endothelial cell chemotaxis,Second,log2rfu,372,125.35218770260553,2,6.03e-28,7.225232142857143e-27,6.121552963027884e-26,Kruskal-Wallis
Platelet activation,Second,log2rfu,1860,125.02850184275212,2,7.09e-28,8.457582222222221e-27,7.165657308835353e-26,Kruskal-Wallis
Hemostasis,Third,log2rfu,1956,124.92770175369151,2,7.45e-28,8.808722466960353e-27,7.463159667668218e-26,Kruskal-Wallis
Blood coagulation,Third,log2rfu,1956,124.92770175369151,2,7.45e-28,8.808722466960353e-27,7.463159667668218e-26,Kruskal-Wallis
Regulation of plasma lipoprotein particle levels,Second,log2rfu,372,123.42960987729634,2,1.5800000000000002e-27,1.859964912280702e-26,1.575848843992631e-25,Kruskal-Wallis
Negative regulation of endothelial cell proliferation,Second,log2rfu,1116,123.21799092021774,2,1.75e-27,2.0510917030567685e-26,1.7377803569538993e-25,Kruskal-Wallis
Regulation of peptide transport,Second,log2rfu,744,123.0657778099121,2,1.89e-27,2.1865344827586209e-26,1.8525337839734412e-25,Kruskal-Wallis
Regulation of peptide hormone secretion,Second,log2rfu,744,123.0657778099121,2,1.89e-27,2.1865344827586209e-26,1.8525337839734412e-25,Kruskal-Wallis
Regulation of cold-induced thermogenesis,Second,log2rfu,744,123.0657778099121,2,1.89e-27,2.1865344827586209e-26,1.8525337839734412e-25,Kruskal-Wallis
Regulation of JNK cascade,Second,log2rfu,1860,122.6284017411599,2,2.35e-27,2.7070386266094423e-26,2.293529121017145e-25,Kruskal-Wallis
Regulation of protein dephosphorylation,Third,log2rfu,652,122.4080433044087,2,2.6300000000000002e-27,3.003795744680851e-26,2.5449555637267476e-25,Kruskal-Wallis
Regulation of dephosphorylation,Third,log2rfu,652,122.4080433044087,2,2.6300000000000002e-27,3.003795744680851e-26,2.5449555637267476e-25,Kruskal-Wallis
Negative regulation of defense response,Second,log2rfu,5208,122.18698479411978,2,2.93e-27,3.332254237288136e-26,2.8232408864536507e-25,Kruskal-Wallis
Negative regulation of inflammatory response,Second,log2rfu,3348,121.12908190784401,2,4.9800000000000004e-27,5.63979746835443e-26,4.778298914231141e-25,Kruskal-Wallis
Odontogenesis,Third,log2rfu,1956,121.09038011556731,2,5.08e-27,5.728873949579832e-26,4.853768655105907e-25,Kruskal-Wallis
Regulation of neuroinflammatory response,Third,log2rfu,652,120.67648977791441,2,6.240000000000001e-27,6.94944398340249e-26,5.887892398038753e-25,Kruskal-Wallis
Negative regulation of neuroinflammatory response,Third,log2rfu,652,120.67648977791441,2,6.240000000000001e-27,6.94944398340249e-26,5.887892398038753e-25,Kruskal-Wallis
Regulation of microglial cell activation,Third,log2rfu,652,120.67648977791441,2,6.240000000000001e-27,6.94944398340249e-26,5.887892398038753e-25,Kruskal-Wallis
Positive regulation of ion transport,Second,log2rfu,2976,120.44121274525423,2,7.020000000000001e-27,7.785818181818184e-26,6.596507547182879e-25,Kruskal-Wallis
Antigen receptor-mediated signaling pathway,Third,log2rfu,3912,119.90787005380844,2,9.17e-27,1.0128510288065843e-25,8.581345337985189e-25,Kruskal-Wallis
Regulation of calcium ion import,Second,log2rfu,744,119.34394693936429,2,1.22e-26,1.3419999999999999e-25,1.1370048621212655e-24,Kruskal-Wallis
Positive regulation of DNA metabolic process,Third,log2rfu,2934,118.43359505115404,2,1.92e-26,2.1033795918367348e-25,1.7820810900186365e-24,Kruskal-Wallis
Phosphate-containing compound metabolic process,Second,log2rfu,27900,118.36467363187694,2,1.98e-26,2.1602926829268294e-25,1.8303005097561836e-24,Kruskal-Wallis
Cellular response to hormone stimulus,Second,log2rfu,7440,118.36030657209267,2,1.99e-26,2.162412955465587e-25,1.8320969033370998e-24,Kruskal-Wallis
Regulation of osteoclast differentiation,Third,log2rfu,326,118.27834089211865,2,2.0700000000000002e-26,2.2312771084337353e-25,1.89044181894861e-24,Kruskal-Wallis
Negative regulation of osteoclast differentiation,Third,log2rfu,326,118.27834089211865,2,2.0700000000000002e-26,2.2312771084337353e-25,1.89044181894861e-24,Kruskal-Wallis
Regulation of mitotic nuclear division,Third,log2rfu,652,118.16696709484268,2,2.19e-26,2.351184e-25,1.992032518436457e-24,Kruskal-Wallis
Negative regulation of inflammatory response to antigenic stimulus,Second,log2rfu,2232,116.86404271485935,2,4.2e-26,4.491155378486055e-25,3.8051158732345146e-24,Kruskal-Wallis
Positive regulation of stress-activated protein kinase signaling cascade,Third,log2rfu,1630,115.88604208260494,2,6.85e-26,7.29579365079365e-25,6.181335956770372e-24,Kruskal-Wallis
Metabolic process,Second,log2rfu,53196,115.7073397039785,2,7.490000000000001e-26,7.9459130434782605e-25,6.73214736544528e-24,Kruskal-Wallis
Regulation of protein secretion,Second,log2rfu,1860,114.71,2,1.24e-25,1.3102992125984252e-24,1.1101464795514717e-23,Kruskal-Wallis
Regulation of stress-activated MAPK cascade,Second,log2rfu,2232,114.6520963875455,2,1.27e-25,1.3367372549019608e-24,1.1325460195247115e-23,Kruskal-Wallis
Cytolysis,Third,log2rfu,2282,113.70669380079562,2,2.04e-25,2.1388124999999998e-24,1.8121014990057667e-23,Kruskal-Wallis
Cellular response to peptide hormone stimulus,Second,log2rfu,4836,113.69095287567507,2,2.05e-25,2.1409338521400777e-24,1.8138988072751705e-23,Kruskal-Wallis
Negative regulation of cell killing,Second,log2rfu,744,113.11190537192579,2,2.74e-25,2.850449612403101e-24,2.4150335831102846e-23,Kruskal-Wallis
Positive regulation of reactive oxygen species metabolic process,Second,log2rfu,1488,113.06679002429792,2,2.8e-25,2.9016216216216213e-24,2.4583888910730062e-23,Kruskal-Wallis
Positive regulation of intracellular protein transport,Third,log2rfu,2934,112.99748354923031,2,2.9e-25,2.9822222222222223e-24,2.52667747138059e-23,Kruskal-Wallis
Positive regulation of intracellular transport,Third,log2rfu,2934,112.99748354923031,2,2.9e-25,2.9822222222222223e-24,2.52667747138059e-23,Kruskal-Wallis
Epidermis morphogenesis,Third,log2rfu,978,112.84311654416115,2,3.14e-25,3.2044714828897336e-24,2.714977389399828e-23,Kruskal-Wallis
Hair follicle morphogenesis,Third,log2rfu,978,112.84311654416115,2,3.14e-25,3.2044714828897336e-24,2.714977389399828e-23,Kruskal-Wallis
Regulation of lymphocyte mediated immunity,Second,log2rfu,2232,112.26537149956039,2,4.19e-25,4.2598333333333335e-24,3.609129069915229e-23,Kruskal-Wallis
Negative regulation of inflammatory response to antigenic stimulus,Third,log2rfu,1956,111.96242022506067,2,4.87e-25,4.932483018867925e-24,4.179029191343821e-23,Kruskal-Wallis
Protein modification process,Second,log2rfu,29016,111.72107067081379,2,5.5e-25,5.549624060150376e-24,4.7018998057646314e-23,Kruskal-Wallis
System development,Second,log2rfu,41664,111.49162782618077,2,6.16e-25,6.192299625468165e-24,5.246404457428461e-23,Kruskal-Wallis
Cellular response to toxic substance,Third,log2rfu,652,111.29883684295237,2,6.79e-25,6.774855018587362e-24,5.739972500969066e-23,Kruskal-Wallis
Cellular detoxification,Third,log2rfu,652,111.29883684295237,2,6.79e-25,6.774855018587362e-24,5.739972500969066e-23,Kruskal-Wallis
Circulatory system process,Second,log2rfu,3720,111.10210430329607,2,7.49e-25,7.445614814814816e-24,6.308271420213539e-23,Kruskal-Wallis
Bergmann glial cell differentiation,Third,log2rfu,652,110.58801223464297,2,9.69e-25,9.597033210332104e-24,8.131053220631042e-23,Kruskal-Wallis
Regulation of immune response,Second,log2rfu,21204,110.08530997269554,2,1.25e-24,1.233455882352941e-23,1.0450412335673395e-22,Kruskal-Wallis
Regulation of epithelial cell apoptotic process,Second,log2rfu,1488,109.75640060390288,2,1.4699999999999999e-24,1.445230769230769e-23,1.2244667745921318e-22,Kruskal-Wallis
Response to heat,Second,log2rfu,1860,109.60403478906937,2,1.58e-24,1.54208e-23,1.3065219506557086e-22,Kruskal-Wallis
Response to temperature stimulus,Second,log2rfu,1860,109.60403478906937,2,1.58e-24,1.54208e-23,1.3065219506557086e-22,Kruskal-Wallis
Positive regulation of phospholipase activity,Second,log2rfu,1116,109.56217888521951,2,1.62e-24,1.5697039711191336e-23,1.3299262647194585e-22,Kruskal-Wallis
Positive regulation of lipase activity,Second,log2rfu,1116,109.56217888521951,2,1.62e-24,1.5697039711191336e-23,1.3299262647194585e-22,Kruskal-Wallis
Regulation of JNK cascade,Third,log2rfu,1630,108.93625835289004,2,2.21e-24,2.13368345323741e-23,1.807755931861868e-22,Kruskal-Wallis
Mammary gland morphogenesis,Third,log2rfu,326,108.84713370663349,2,2.31e-24,2.190826855123675e-23,1.8561704816255286e-22,Kruskal-Wallis
Mammary gland duct morphogenesis,Third,log2rfu,326,108.84713370663349,2,2.31e-24,2.190826855123675e-23,1.8561704816255286e-22,Kruskal-Wallis
Branch elongation of an epithelium,Third,log2rfu,326,108.84713370663349,2,2.31e-24,2.190826855123675e-23,1.8561704816255286e-22,Kruskal-Wallis
Branching involved in mammary gland duct morphogenesis,Third,log2rfu,326,108.84713370663349,2,2.31e-24,2.190826855123675e-23,1.8561704816255286e-22,Kruskal-Wallis
Axis elongation,Third,log2rfu,326,108.84713370663349,2,2.31e-24,2.190826855123675e-23,1.8561704816255286e-22,Kruskal-Wallis
Negative regulation of leukocyte apoptotic process,Third,log2rfu,978,108.72698812663839,2,2.46e-24,2.3248732394366196e-23,1.969740817477685e-22,Kruskal-Wallis
Antigen processing and presentation of peptide antigen,Third,log2rfu,652,108.71331516214377,2,2.47e-24,2.3261333333333337e-23,1.97080842767686e-22,Kruskal-Wallis
Negative regulation of lymphocyte activation,Second,log2rfu,3348,107.97312821696141,2,3.58e-24,3.359692307692308e-23,2.846487696779112e-22,Kruskal-Wallis
Biological regulation,Second,log2rfu,82212,107.82138525455957,2,3.86e-24,3.6098397212543554e-23,3.0584242284237527e-22,Kruskal-Wallis
Epidermal growth factor receptor signaling pathway,Second,log2rfu,2976,107.73593173911468,2,4.03e-24,3.755736111111111e-23,3.1820344405199304e-22,Kruskal-Wallis
Negative regulation of extrinsic apoptotic signaling pathway,Third,log2rfu,1304,107.66071116129206,2,4.1899999999999995e-24,3.8913356401384077e-23,3.2969206728637383e-22,Kruskal-Wallis
Regulation of insulin receptor signaling pathway,Second,log2rfu,372,107.38522279901099,2,4.8e-24,4.412054794520548e-23,3.738098176837037e-22,Kruskal-Wallis
Regulation of cellular response to insulin stimulus,Second,log2rfu,372,107.38522279901099,2,4.8e-24,4.412054794520548e-23,3.738098176837037e-22,Kruskal-Wallis
Negative regulation of insulin receptor signaling pathway,Second,log2rfu,372,107.38522279901099,2,4.8e-24,4.412054794520548e-23,3.738098176837037e-22,Kruskal-Wallis
Regulation of interleukin-23 production,Second,log2rfu,372,106.93922624180095,2,6e-24,5.496245733788396e-23,4.656675203227026e-22,Kruskal-Wallis
Regulation of insulin receptor signaling pathway,Third,log2rfu,326,106.35654058511204,2,8.029999999999999e-24,7.281256756756756e-23,6.169019623536325e-22,Kruskal-Wallis
Regulation of cellular response to insulin stimulus,Third,log2rfu,326,106.35654058511204,2,8.029999999999999e-24,7.281256756756756e-23,6.169019623536325e-22,Kruskal-Wallis
Negative regulation of insulin receptor signaling pathway,Third,log2rfu,326,106.35654058511204,2,8.029999999999999e-24,7.281256756756756e-23,6.169019623536325e-22,Kruskal-Wallis
Regulation of trans-synaptic signaling,Second,log2rfu,5580,106.25368299633192,2,8.46e-24,7.619677852348993e-23,6.455745727212017e-22,Kruskal-Wallis
Modulation of chemical synaptic transmission,Second,log2rfu,5580,106.25368299633192,2,8.46e-24,7.619677852348993e-23,6.455745727212017e-22,Kruskal-Wallis
Endothelial cell proliferation,Second,log2rfu,744,105.32640733484595,2,1.34e-23,1.2028628762541806e-22,1.0191214148779235e-21,Kruskal-Wallis
Developmental process,Second,log2rfu,50964,105.29842289918452,2,1.36e-23,1.2086887417218543e-22,1.0240573592615369e-21,Kruskal-Wallis
Regulation of osteoclast differentiation,Second,log2rfu,372,105.29795348872904,2,1.36e-23,1.2086887417218543e-22,1.0240573592615369e-21,Kruskal-Wallis
Negative regulation of osteoclast differentiation,Second,log2rfu,372,105.29795348872904,2,1.36e-23,1.2086887417218543e-22,1.0240573592615369e-21,Kruskal-Wallis
Leukocyte activation,Second,log2rfu,10044,105.25089046531866,2,1.4e-23,1.24013201320132e-22,1.0506975623562847e-21,Kruskal-Wallis
Neurotrophin signaling pathway,Second,log2rfu,372,105.24,2,1.41e-23,1.2448815789473683e-22,1.0547216155203845e-21,Kruskal-Wallis
Cell differentiation,Second,log2rfu,36828,105.05627365257533,2,1.54e-23,1.3552e-22,1.148188516502786e-21,Kruskal-Wallis
Nephron development,Third,log2rfu,1304,104.91217875970051,2,1.6499999999999998e-23,1.4472549019607842e-22,1.2261817140523451e-21,Kruskal-Wallis
Toll-like receptor signaling pathway,Third,log2rfu,1956,104.6547718053007,2,1.88e-23,1.6436221498371336e-22,1.3925531861810937e-21,Kruskal-Wallis
Peptidyl-serine modification,Second,log2rfu,5580,104.49749415277256,2,2.0399999999999998e-23,1.7777142857142853e-22,1.5061622848879097e-21,Kruskal-Wallis
Viral process,Third,log2rfu,1956,103.93139805188093,2,2.7e-23,2.345242718446602e-22,1.986998788173085e-21,Kruskal-Wallis
Negative regulation of catabolic process,Second,log2rfu,2232,103.85980298606319,2,2.8e-23,2.424258064516129e-22,2.0539442670577695e-21,Kruskal-Wallis
Regulation of oxidoreductase activity,Second,log2rfu,1860,103.76025657072387,2,2.94e-23,2.53728617363344e-22,2.1497069418884376e-21,Kruskal-Wallis
Macromolecule modification,Second,log2rfu,29388,102.96438955349731,2,4.38e-23,3.7679230769230765e-22,3.1923598051866295e-21,Kruskal-Wallis
Regulation of protein transport,Second,log2rfu,5952,102.51419919528416,2,5.49e-23,4.686349206349205e-22,3.970493169312355e-21,Kruskal-Wallis
Regulation of establishment of protein localization,Second,log2rfu,5952,102.51419919528416,2,5.49e-23,4.686349206349205e-22,3.970493169312355e-21,Kruskal-Wallis
Positive regulation of receptor-mediated endocytosis,Third,log2rfu,1304,102.50955336496781,2,5.499999999999999e-23,4.686349206349205e-22,3.970493169312355e-21,Kruskal-Wallis
Response to stimulus,Second,log2rfu,71424,101.95461781244376,2,7.26e-23,6.16640506329114e-22,5.224465379114169e-21,Kruskal-Wallis
Regulation of biological process involved in symbiotic interaction,Second,log2rfu,372,101.61702001332537,2,8.589999999999999e-23,7.273047318611988e-22,6.1620642054395386e-21,Kruskal-Wallis
Positive regulation of DNA-binding transcription factor activity,Second,log2rfu,4836,101.4295233543362,2,9.439999999999999e-23,7.96759748427673e-22,6.750519432971538e-21,Kruskal-Wallis
Cellular response to peptide,Second,log2rfu,6324,101.19575771601376,2,1.06e-22,8.918620689655173e-22,7.556270557044147e-21,Kruskal-Wallis
Extrinsic apoptotic signaling pathway in absence of ligand,Third,log2rfu,326,101.09065613739244,2,1.1200000000000001e-22,9.364735202492213e-22,7.934239536297927e-21,Kruskal-Wallis
Neuron apoptotic process,Third,log2rfu,326,101.09065613739244,2,1.1200000000000001e-22,9.364735202492213e-22,7.934239536297927e-21,Kruskal-Wallis
Regulation of extrinsic apoptotic signaling pathway via death domain receptors,Second,log2rfu,744,101.04462406957737,2,1.14e-22,9.502360248447204e-22,8.050841880858649e-21,Kruskal-Wallis
Regulation of signal transduction,Second,log2rfu,42408,100.7604704889236,2,1.32e-22,1.0968668730650155e-21,9.293166674923038e-21,Kruskal-Wallis
Positive regulation of lipid biosynthetic process,Third,log2rfu,978,100.68752618799181,2,1.37e-22,1.1349012345679012e-21,9.615411488309467e-21,Kruskal-Wallis
Regulation of natural killer cell activation,Second,log2rfu,1488,99.53031272746921,2,2.44e-22,2.0150646153846156e-21,1.7072565314313156e-20,Kruskal-Wallis
Ciliary neurotrophic factor-mediated signaling pathway,Second,log2rfu,372,99.47722250402512,2,2.5000000000000002e-22,2.058282208588957e-21,1.7438724879160515e-20,Kruskal-Wallis
Regulation of calcium ion import,Third,log2rfu,652,99.46067359682775,2,2.5300000000000003e-22,2.0766116207951075e-21,1.759402019062264e-20,Kruskal-Wallis
"Blood coagulation, fibrin clot formation",Third,log2rfu,326,99.37049658936394,2,2.64e-22,2.1602926829268296e-21,1.8303005097561835e-20,Kruskal-Wallis
Chemokine-mediated signaling pathway,Third,log2rfu,326,98.92207743996914,2,3.3100000000000003e-22,2.6759156626506026e-21,2.2671602973622823e-20,Kruskal-Wallis
Positive regulation of amyloid precursor protein catabolic process,Third,log2rfu,326,98.92207743996914,2,3.3100000000000003e-22,2.6759156626506026e-21,2.2671602973622823e-20,Kruskal-Wallis
Dendritic cell differentiation,Third,log2rfu,326,98.92207743996914,2,3.3100000000000003e-22,2.6759156626506026e-21,2.2671602973622823e-20,Kruskal-Wallis
Regulation of dendritic cell apoptotic process,Third,log2rfu,326,98.92207743996914,2,3.3100000000000003e-22,2.6759156626506026e-21,2.2671602973622823e-20,Kruskal-Wallis
Anatomical structure development,Second,log2rfu,49476,98.03729441057658,2,5.15e-22,4.150930930930931e-21,3.516861885840551e-20,Kruskal-Wallis
Regulation of generation of precursor metabolites and energy,Third,log2rfu,1304,97.72593085377184,2,6.01e-22,4.8295928143712576e-21,4.0918558211669496e-20,Kruskal-Wallis
Positive regulation of cellular process,Second,log2rfu,56172,97.11815233563539,2,8.1500000000000005e-22,6.5297313432835826e-21,5.532292314201979e-20,Kruskal-Wallis
Positive regulation of humoral immune response,Third,log2rfu,326,96.88968387457112,2,9.13e-22,7.293130952380952e-21,6.179079994742353e-20,Kruskal-Wallis
Response to hepatocyte growth factor,Third,log2rfu,1630,96.41979419895961,2,1.16e-21,9.238694362017804e-21,7.82745186979625e-20,Kruskal-Wallis
Animal organ development,Second,log2rfu,31620,95.77,2,1.6e-21,1.2705325443786983e-20,1.0764543073337425e-19,Kruskal-Wallis
Negative regulation of leukocyte apoptotic process,Second,log2rfu,1116,95.5,2,1.8300000000000003e-21,1.4488849557522125e-20,1.2275627714937559e-19,Kruskal-Wallis
Regulation of interleukin-8 production,Third,log2rfu,2282,95.46568696809663,2,1.86e-21,1.468305882352941e-20,1.244017084438561e-19,Kruskal-Wallis
Insulin receptor signaling pathway,Third,log2rfu,1304,95.34620147698797,2,1.98e-21,1.5584516129032258e-20,1.3203927431085665e-19,Kruskal-Wallis
T cell proliferation,Second,log2rfu,1860,94.73011636013871,2,2.6900000000000002e-21,2.1110994152046785e-20,1.788621683687839e-19,Kruskal-Wallis
Fc-gamma receptor signaling pathway,Third,log2rfu,1956,94.48,2,3.0500000000000004e-21,2.3866472303207002e-20,2.022078617766682e-19,Kruskal-Wallis
Positive regulation of proteolysis,Third,log2rfu,5542,94.38,2,3.2e-21,2.4967441860465115e-20,2.1153578830163079e-19,Kruskal-Wallis
Regulation of release of sequestered calcium ion into cytosol,Third,log2rfu,2282,94.05,2,3.78e-21,2.9407304347826087e-20,2.4915236978657296e-19,Kruskal-Wallis
Positive regulation of transport,Second,log2rfu,12648,93.71866107643291,2,4.46e-21,3.459722543352601e-20,2.9312379682432625e-19,Kruskal-Wallis
Regulation of cell killing,Third,log2rfu,1956,93.00603821969253,2,6.370000000000001e-21,4.927112391930836e-20,4.174478946231966e-19,Kruskal-Wallis
Trachea development,Second,log2rfu,744,92.58924311471492,2,7.840000000000001e-21,6.046712643678162e-20,5.123056390247542e-19,Kruskal-Wallis
T cell differentiation,Third,log2rfu,2282,92.56,2,7.95e-21,6.113982808022923e-20,5.180050804506625e-19,Kruskal-Wallis
Response to growth factor,Third,log2rfu,12062,91.73464239582972,2,1.2e-20,9.202285714285713e-20,7.796604768831535e-19,Kruskal-Wallis
Positive regulation of blood vessel endothelial cell migration,Second,log2rfu,1488,90.89645522874162,2,1.83e-20,1.3993504273504274e-19,1.1855948134939692e-18,Kruskal-Wallis
Peptidyl-serine modification,Third,log2rfu,4890,90.56000467657395,2,2.16e-20,1.647e-19,1.3954150580579167e-18,Kruskal-Wallis
Divalent inorganic cation homeostasis,Second,log2rfu,1860,90.54682157251045,2,2.18e-20,1.6575410764872522e-19,1.4043459486823563e-18,Kruskal-Wallis
Regulation of natural killer cell activation,Third,log2rfu,1304,90.08550100674665,2,2.74e-20,2.0774463276836158e-19,1.7601092215888514e-18,Kruskal-Wallis
Regulation of cellular metabolic process,Second,log2rfu,47616,90.02536715817405,2,2.83e-20,2.1396394366197182e-19,1.8128021181989755e-18,Kruskal-Wallis
Positive regulation of endopeptidase activity,Third,log2rfu,3260,89.54002557071726,2,3.6e-20,2.714157303370786e-19,2.2995603953014355e-18,Kruskal-Wallis
Regulation of secretion by cell,Third,log2rfu,4890,88.85610981830905,2,5.07e-20,3.8117310924369746e-19,3.2294759949326697e-18,Kruskal-Wallis
Negative regulation of immune response,Third,log2rfu,3586,88.35461191973081,2,6.52e-20,4.888178770949721e-19,4.141492570408184e-18,Kruskal-Wallis
Negative regulation of MAP kinase activity,Third,log2rfu,652,88.33,2,6.59e-20,4.926896935933148e-19,4.174296401882529e-18,Kruskal-Wallis
Cellular response to oxygen-containing compound,Second,log2rfu,17112,88.28341106031439,2,6.75e-20,5.0325e-19,4.263768232954746e-18,Kruskal-Wallis
Regulation of gene expression,Second,log2rfu,42780,88.21052757606958,2,7e-20,5.204432132963989e-19,4.4094371384204195e-18,Kruskal-Wallis
Regulation of protein stability,Third,log2rfu,3586,88.10316466979748,2,7.39e-20,5.479215469613259e-19,4.642246370760304e-18,Kruskal-Wallis
Positive regulation of cell death,Second,log2rfu,9300,87.64029301886694,2,9.31e-20,6.8837575757575755e-19,5.832239816170237e-18,Kruskal-Wallis
NA,Third,log2rfu,297964,87.56181243422907,2,9.69e-20,7.145043956043956e-19,6.053613798876408e-18,Kruskal-Wallis
Regulation of heterotypic cell-cell adhesion,Third,log2rfu,326,87.55,2,9.77e-20,7.164666666666667e-19,6.070239072636483e-18,Kruskal-Wallis
Positive regulation of heterotypic cell-cell adhesion,Third,log2rfu,326,87.55,2,9.77e-20,7.164666666666667e-19,6.070239072636483e-18,Kruskal-Wallis
Response to oxygen-containing compound,Second,log2rfu,21576,87.53049730425846,2,9.84e-20,7.196337874659401e-19,6.097072394154361e-18,Kruskal-Wallis
Regulation of catalytic activity,Second,log2rfu,27528,87.40833396972448,2,1.05e-19,7.658152173913043e-19,6.488342963192004e-18,Kruskal-Wallis
Positive regulation of catalytic activity,Second,log2rfu,17112,87.36068088972388,2,1.07e-19,7.782872628726288e-19,6.594011937505442e-18,Kruskal-Wallis
Response to lipopolysaccharide,Second,log2rfu,6696,87.29268848620995,2,1.11e-19,8.052e-19,6.822029172727593e-18,Kruskal-Wallis
Regulation of DNA binding,Third,log2rfu,1304,87.23,2,1.15e-19,8.319676549865229e-19,7.048817204525365e-18,Kruskal-Wallis
Response to amyloid-beta,Third,log2rfu,978,87.20210162160856,2,1.16e-19,8.3470241286863275e-19,7.071987346169801e-18,Kruskal-Wallis
Cellular response to amyloid-beta,Third,log2rfu,978,87.20210162160856,2,1.16e-19,8.3470241286863275e-19,7.071987346169801e-18,Kruskal-Wallis
Negative regulation of ossification,Second,log2rfu,1860,87.08587662422269,2,1.23e-19,8.82705882352941e-19,7.478695082401906e-18,Kruskal-Wallis
Regulation of glial cell proliferation,Second,log2rfu,744,86.77980225139572,2,1.43e-19,1.0207765957446808e-18,8.648494429964944e-18,Kruskal-Wallis
Positive regulation of glial cell proliferation,Second,log2rfu,744,86.77980225139572,2,1.43e-19,1.0207765957446808e-18,8.648494429964944e-18,Kruskal-Wallis
Cellular divalent inorganic cation homeostasis,Second,log2rfu,1488,86.74640576979345,2,1.46e-19,1.0394270557029177e-18,8.806509807411393e-18,Kruskal-Wallis
Positive regulation of biological process,Second,log2rfu,62868,86.73422772320919,2,1.47e-19,1.0437777777777778e-18,8.843371149832064e-18,Kruskal-Wallis
Maintenance of blood-brain barrier,Second,log2rfu,372,86.60388307350308,2,1.56e-19,1.104759894459103e-18,9.360040025905932e-18,Kruskal-Wallis
Positive regulation of leukocyte mediated cytotoxicity,Third,log2rfu,652,86.53329503295208,2,1.62e-19,1.1382408376963352e-18,9.643706160400263e-18,Kruskal-Wallis
Positive regulation of natural killer cell mediated immunity,Third,log2rfu,652,86.53329503295208,2,1.62e-19,1.1382408376963352e-18,9.643706160400263e-18,Kruskal-Wallis
Positive regulation of natural killer cell mediated cytotoxicity,Third,log2rfu,652,86.53329503295208,2,1.62e-19,1.1382408376963352e-18,9.643706160400263e-18,Kruskal-Wallis
Regulation of inflammatory response,Second,log2rfu,7440,86.45120217289877,2,1.69e-19,1.1843237597911227e-18,1.0034142125247721e-17,Kruskal-Wallis
Positive regulation of oxidoreductase activity,Second,log2rfu,1488,86.42664595307906,2,1.71e-19,1.1952187499999999e-18,1.012644955326752e-17,Kruskal-Wallis
Signaling,Second,log2rfu,52824,86.39325270560221,2,1.74e-19,1.2130285714285714e-18,1.0277342649823386e-17,Kruskal-Wallis
Positive regulation of transmembrane transport,Second,log2rfu,2976,86.34,2,1.79e-19,1.2419537275064268e-18,1.0522410035055413e-17,Kruskal-Wallis
Regulation of peptide transport,Third,log2rfu,652,86.32215847800808,2,1.8e-19,1.2419537275064268e-18,1.0522410035055413e-17,Kruskal-Wallis
Regulation of peptide hormone secretion,Third,log2rfu,652,86.32215847800808,2,1.8e-19,1.2419537275064268e-18,1.0522410035055413e-17,Kruskal-Wallis
Regulation of cold-induced thermogenesis,Third,log2rfu,652,86.32215847800808,2,1.8e-19,1.2419537275064268e-18,1.0522410035055413e-17,Kruskal-Wallis
Positive regulation of DNA binding,Third,log2rfu,978,85.74,2,2.4e-19,1.6516923076923079e-18,1.3993905995338653e-17,Kruskal-Wallis
Endothelial cell migration,Second,log2rfu,1116,85.59989709707816,2,2.58e-19,1.7710281329923273e-18,1.5004974651012097e-17,Kruskal-Wallis
Positive regulation of nitric oxide biosynthetic process,Second,log2rfu,744,85.58561996161006,2,2.6e-19,1.7802040816326534e-18,1.5082717558751483e-17,Kruskal-Wallis
Regulation of biological quality,Second,log2rfu,28644,85.56398726538464,2,2.63e-19,1.7916040609137057e-18,1.5179303489233138e-17,Kruskal-Wallis
Regulation of stress-activated MAPK cascade,Third,log2rfu,1956,85.56584257867053,2,2.63e-19,1.7916040609137057e-18,1.5179303489233138e-17,Kruskal-Wallis
Response to endogenous stimulus,Third,log2rfu,17930,85.21468688333698,2,3.13e-19,2.1268151898734178e-18,1.8019368194630685e-17,Kruskal-Wallis
Neuron differentiation,Second,log2rfu,17112,85.18428450306237,2,3.18e-19,2.1499042821158693e-18,1.8214989730708435e-17,Kruskal-Wallis
Generation of neurons,Second,log2rfu,17112,85.18428450306237,2,3.18e-19,2.1499042821158693e-18,1.8214989730708435e-17,Kruskal-Wallis
Kidney epithelium development,Third,log2rfu,1956,85.10540231760478,2,3.31e-19,2.2321708542713567e-18,1.8911990420207984e-17,Kruskal-Wallis
Wound healing,Third,log2rfu,3586,85.04393003227779,2,3.41e-19,2.293844611528822e-18,1.9434519197160478e-17,Kruskal-Wallis
Phosphorylation,Second,log2rfu,22320,84.78635420084174,2,3.88e-19,2.6034799999999998e-18,2.205789432515255e-17,Kruskal-Wallis
Cellular response to stimulus,Second,log2rfu,62496,84.53679296126938,2,4.4e-19,2.94503740648379e-18,2.4951727647548967e-17,Kruskal-Wallis
Cellular response to BMP stimulus,Second,log2rfu,3348,84.08983946475564,2,5.5e-19,3.6721393034825865e-18,3.1112073341626663e-17,Kruskal-Wallis
Regulation of cell morphogenesis,Second,log2rfu,5580,83.93529854873123,2,5.94e-19,3.9560694789081886e-18,3.3517661940448223e-17,Kruskal-Wallis
Regulation of B cell differentiation,Third,log2rfu,978,83.67283698896836,2,6.77e-19,4.497693069306931e-18,3.810654909188598e-17,Kruskal-Wallis
Cell communication,Second,log2rfu,53568,83.41040990879992,2,7.72e-19,5.116167901234568e-18,4.3346555731240344e-17,Kruskal-Wallis
Muscle tissue development,Third,log2rfu,2608,83.27266304375917,2,8.27e-19,5.467162561576355e-18,4.632034586080229e-17,Kruskal-Wallis
Activation of protein kinase activity,Second,log2rfu,4092,83.25847535490175,2,8.33e-19,5.493297297297297e-18,4.654177150599578e-17,Kruskal-Wallis
Response to axon injury,Second,log2rfu,1116,83.03842967577475,2,9.3e-19,6.1179411764705885e-18,5.183404518494004e-17,Kruskal-Wallis
Response to molecule of bacterial origin,Third,log2rfu,6194,82.82837094397837,2,1.03e-18,6.7592176039119795e-18,5.7267237554274e-17,Kruskal-Wallis
Lymphocyte activation involved in immune response,Third,log2rfu,1304,82.74207437545783,2,1.08e-18,7.070048780487804e-18,5.990074395565691e-17,Kruskal-Wallis
Cellular senescence,Third,log2rfu,978,82.68457756595944,2,1.11e-18,7.248759124087592e-18,6.141486116567419e-17,Kruskal-Wallis
Viral process,Second,log2rfu,2232,82.48711270655986,2,1.23e-18,8.012912621359224e-18,6.788912526258042e-17,Kruskal-Wallis
Response to UV-A,Second,log2rfu,372,82.14114183464017,2,1.46e-18,9.48823244552058e-18,8.038872148653983e-17,Kruskal-Wallis
Regulation of intracellular protein transport,Second,log2rfu,4092,81.99,2,1.57e-18,1.0178454106280194e-17,8.623660065364187e-17,Kruskal-Wallis
T cell mediated immunity,Third,log2rfu,978,81.86,2,1.67e-18,1.080067469879518e-17,9.150834312012113e-17,Kruskal-Wallis
"Blood coagulation, fibrin clot formation",Second,log2rfu,372,81.75750008082127,2,1.76e-18,1.1355384615384613e-17,9.620810371795323e-17,Kruskal-Wallis
Animal organ regeneration,Second,log2rfu,744,81.72067668733644,2,1.8e-18,1.1585611510791367e-17,9.815869313277111e-17,Kruskal-Wallis
Positive regulation of tyrosine phosphorylation of STAT protein,Second,log2rfu,3720,81.67668214585137,2,1.84e-18,1.178653937947494e-17,9.986104755623524e-17,Kruskal-Wallis
Regulation of tyrosine phosphorylation of STAT protein,Second,log2rfu,3720,81.67668214585137,2,1.84e-18,1.178653937947494e-17,9.986104755623524e-17,Kruskal-Wallis
Regulation of postsynapse organization,Second,log2rfu,2604,81.57769492561056,2,1.93e-18,1.233361904761905e-17,1.0449616113781154e-16,Kruskal-Wallis
Negative regulation of establishment of protein localization,Second,log2rfu,1488,81.45534266601317,2,2.05e-18,1.3038388625592416e-17,1.1046729703073906e-16,Kruskal-Wallis
Negative regulation of protein transport,Second,log2rfu,1488,81.45534266601317,2,2.05e-18,1.3038388625592416e-17,1.1046729703073906e-16,Kruskal-Wallis
Response to hormone,Third,log2rfu,8802,80.95988335775473,2,2.63e-18,1.668775413711584e-17,1.413864202070415e-16,Kruskal-Wallis
Calcium ion homeostasis,Second,log2rfu,1488,80.69533539668646,2,3e-18,1.8990566037735848e-17,1.6089691445112246e-16,Kruskal-Wallis
Regulation of DNA metabolic process,Third,log2rfu,3912,80.55085594671982,2,3.23e-18,2.0350516431924883e-17,1.724190471667459e-16,Kruskal-Wallis
Negative regulation of neuron differentiation,Third,log2rfu,1304,80.55114184078457,2,3.23e-18,2.0350516431924883e-17,1.724190471667459e-16,Kruskal-Wallis
Positive regulation of Notch signaling pathway,Third,log2rfu,1630,80.40353689827589,2,3.47e-18,2.1811428571428572e-17,1.8479657478036492e-16,Kruskal-Wallis
Cellular response to growth factor stimulus,Third,log2rfu,11410,80.26062645958882,2,3.73e-18,2.3390934579439255e-17,1.981788848463701e-16,Kruskal-Wallis
Positive regulation of mast cell activation,Third,log2rfu,1304,80.22477348724215,2,3.8e-18,2.3774358974358972e-17,2.0142743478138968e-16,Kruskal-Wallis
Positive regulation of calcium ion import,Second,log2rfu,372,80.21944992414683,2,3.81e-18,2.378148837209302e-17,2.014878383573033e-16,Kruskal-Wallis
Positive regulation of protein localization to membrane,Second,log2rfu,2604,80.16,2,3.93e-18,2.4473596287703015e-17,2.0735169875343726e-16,Kruskal-Wallis
Rhythmic process,Third,log2rfu,1304,79.87938674300904,2,4.51e-18,2.802046296296296e-17,2.3740240408180124e-16,Kruskal-Wallis
Peptidyl-amino acid modification,Third,log2rfu,17278,79.83438530140847,2,4.62e-18,2.8637598152424943e-17,2.4263106064666263e-16,Kruskal-Wallis
Positive regulation of phosphatidylinositol 3-kinase signaling,Third,log2rfu,2282,79.74409364687381,2,4.83e-18,2.9801655172413793e-17,2.5249349351934304e-16,Kruskal-Wallis
Regulation of phosphatidylinositol 3-kinase signaling,Third,log2rfu,2282,79.74409364687381,2,4.83e-18,2.9801655172413793e-17,2.5249349351934304e-16,Kruskal-Wallis
Regulation of cell adhesion mediated by integrin,Third,log2rfu,1304,79.71,2,4.91e-18,3.022577981651376e-17,2.5608687490896393e-16,Kruskal-Wallis
Regulation of membrane protein ectodomain proteolysis,Second,log2rfu,372,79.65194764232774,2,5.06e-18,3.100694063926941e-17,2.6270523298326956e-16,Kruskal-Wallis
Positive regulation of membrane protein ectodomain proteolysis,Second,log2rfu,372,79.65194764232774,2,5.06e-18,3.100694063926941e-17,2.6270523298326956e-16,Kruskal-Wallis
Regulation of innate immune response,Second,log2rfu,6324,79.56,2,5.28e-18,3.228136674259681e-17,2.735027641002406e-16,Kruskal-Wallis
Regulation of sequestering of calcium ion,Third,log2rfu,2934,79.26765296635676,2,6.13e-18,3.7393e-17,3.168109002183344e-16,Kruskal-Wallis
Negative regulation of macromolecule metabolic process,Third,log2rfu,22820,78.98594250748283,2,7.05e-18,4.290748299319728e-17,3.635321668006767e-16,Kruskal-Wallis
Peptidyl-serine phosphorylation,Second,log2rfu,5208,78.83881982686762,2,7.59e-18,4.608950226244344e-17,3.9049171509051607e-16,Kruskal-Wallis
Positive regulation of apoptotic signaling pathway,Second,log2rfu,2232,78.42893314539106,2,9.32e-18,5.646699774266365e-17,4.784146869061036e-16,Kruskal-Wallis
Regulation of biological process,Second,log2rfu,80724,78.22948251399794,2,1.03e-17,6.226396396396396e-17,5.275292828760826e-16,Kruskal-Wallis
Negative regulation of metabolic process,Third,log2rfu,23472,78.12830966016918,2,1.08e-17,6.513977528089887e-17,5.518944948723445e-16,Kruskal-Wallis
Response to peptide hormone,Second,log2rfu,5952,77.97435009928813,2,1.17e-17,7.040986547085201e-17,5.965451518752828e-16,Kruskal-Wallis
Digestive tract development,Third,log2rfu,1630,77.83,2,1.25e-17,7.488839285714286e-17,6.344893203801704e-16,Kruskal-Wallis
Digestive system development,Third,log2rfu,1630,77.83,2,1.25e-17,7.488839285714286e-17,6.344893203801704e-16,Kruskal-Wallis
Negative regulation of interferon-gamma production,Second,log2rfu,372,77.57823768438197,2,1.43e-17,8.54815144766147e-17,7.242391772086457e-16,Kruskal-Wallis
Cellular response to stress,Third,log2rfu,10432,77.53402771669789,2,1.46e-17,8.708088888888889e-17,7.377898216431322e-16,Kruskal-Wallis
Positive regulation of immune effector process,Second,log2rfu,5952,77.31059371343872,2,1.63e-17,9.700487804878049e-17,8.218704768326664e-16,Kruskal-Wallis
Hemostasis,Second,log2rfu,2232,77.28198540268477,2,1.65e-17,9.776158940397351e-17,8.28281687638008e-16,Kruskal-Wallis
Blood coagulation,Second,log2rfu,2232,77.28198540268477,2,1.65e-17,9.776158940397351e-17,8.28281687638008e-16,Kruskal-Wallis
Positive regulation of NF-kappaB transcription factor activity,Third,log2rfu,2934,77.13078328854499,2,1.78e-17,1.0523171806167402e-16,8.915720945268073e-16,Kruskal-Wallis
Positive regulation of leukocyte differentiation,Third,log2rfu,978,77.10360042173761,2,1.81e-17,1.0653596491228071e-16,9.026222808945133e-16,Kruskal-Wallis
Positive regulation of lymphocyte differentiation,Third,log2rfu,978,77.10360042173761,2,1.81e-17,1.0653596491228071e-16,9.026222808945133e-16,Kruskal-Wallis
Cell-cell adhesion via plasma-membrane adhesion molecules,Third,log2rfu,2934,77.04613479589352,2,1.86e-17,1.0923938730853392e-16,9.255269337179666e-16,Kruskal-Wallis
Positive regulation of signaling receptor activity,Second,log2rfu,2232,77.00243704123568,2,1.9e-17,1.1134497816593887e-16,9.433664794892595e-16,Kruskal-Wallis
Regulation of lipid metabolic process,Second,log2rfu,4092,76.6,2,2.32e-17,1.3566187363834424e-16,1.149390536000582e-15,Kruskal-Wallis
Regulation of extrinsic apoptotic signaling pathway,Second,log2rfu,2232,76.45,2,2.51e-17,1.4645304347826087e-16,1.2408183495323374e-15,Kruskal-Wallis
Regulation of immune effector process,Second,log2rfu,8928,76.43478649899771,2,2.53e-17,1.4729978308026028e-16,1.2479923215474193e-15,Kruskal-Wallis
Positive regulation of stress-activated MAPK cascade,Third,log2rfu,1304,76.18668485713715,2,2.86e-17,1.6579352051835851e-16,1.4046798728582371e-15,Kruskal-Wallis
Positive regulation of JNK cascade,Third,log2rfu,1304,76.18668485713715,2,2.86e-17,1.6579352051835851e-16,1.4046798728582371e-15,Kruskal-Wallis
Acute inflammatory response,Third,log2rfu,652,76.17202603690771,2,2.88e-17,1.6623483870967743e-16,1.4084189259824708e-15,Kruskal-Wallis
Acute-phase response,Third,log2rfu,652,76.17202603690771,2,2.88e-17,1.6623483870967743e-16,1.4084189259824708e-15,Kruskal-Wallis
Regulation of cellular process,Second,log2rfu,76632,76.16604890982853,2,2.89e-17,1.6645407725321887e-16,1.4102764169658613e-15,Kruskal-Wallis
Regulation of muscle cell differentiation,Third,log2rfu,3260,76.08988040612712,2,3e-17,1.7241970021413277e-16,1.4608199513335316e-15,Kruskal-Wallis
Positive regulation of peptidase activity,Third,log2rfu,3586,76.05195104400627,2,3.06e-17,1.754923076923077e-16,1.4868525120047319e-15,Kruskal-Wallis
Mesonephros development,Third,log2rfu,1304,75.95567623465377,2,3.21e-17,1.8331148936170214e-16,1.5531002584720264e-15,Kruskal-Wallis
Ureteric bud development,Third,log2rfu,1304,75.95567623465377,2,3.21e-17,1.8331148936170214e-16,1.5531002584720264e-15,Kruskal-Wallis
Regulation of synapse organization,Third,log2rfu,4564,75.67259233207187,2,3.7e-17,2.1084501061571121e-16,1.7863770657531557e-15,Kruskal-Wallis
Negative regulation of myeloid cell differentiation,Second,log2rfu,1116,75.57205469408564,2,3.89e-17,2.2120254237288139e-16,1.8741308956151366e-15,Kruskal-Wallis
Negative regulation of protein kinase activity,Second,log2rfu,2604,75.55329442990114,2,3.92e-17,2.224372093023256e-16,1.8845915685054378e-15,Kruskal-Wallis
Regulation of extrinsic apoptotic signaling pathway,Third,log2rfu,1956,75.51662877468789,2,4e-17,2.2649789029535866e-16,1.9189955478839925e-15,Kruskal-Wallis
Regulation of immune system process,Second,log2rfu,30876,75.51049034825701,2,4.01e-17,2.265861052631579e-16,1.9197429461500103e-15,Kruskal-Wallis
Regulation of growth,Third,log2rfu,9780,75.19807513528212,2,4.69e-17,2.644529411764706e-16,2.240568404768376e-15,Kruskal-Wallis
Signal transduction,Second,log2rfu,52452,75.06356886055437,2,5.01e-17,2.819044025157233e-16,2.388425307852218e-15,Kruskal-Wallis
Positive regulation of hydrolase activity,Second,log2rfu,7812,74.92454175700914,2,5.37e-17,3.0152887029288704e-16,2.5546929328833457e-15,Kruskal-Wallis
Regulation of catabolic process,Third,log2rfu,6520,74.90948438635314,2,5.42e-17,3.037010438413361e-16,2.573096598203448e-15,Kruskal-Wallis
Negative regulation of nitrogen compound metabolic process,Third,log2rfu,16952,74.87810549999267,2,5.5e-17,3.075416666666667e-16,2.6056361423612332e-15,Kruskal-Wallis
Cellular response to abiotic stimulus,Second,log2rfu,2232,74.72731742170345,2,5.93e-17,3.3020995850622404e-16,2.797692461568093e-15,Kruskal-Wallis
Response to radiation,Second,log2rfu,2232,74.72731742170345,2,5.93e-17,3.3020995850622404e-16,2.797692461568093e-15,Kruskal-Wallis
Regulation of podosome assembly,Second,log2rfu,372,74.40338766302375,2,6.97e-17,3.873184265010352e-16,3.2815419830166547e-15,Kruskal-Wallis
T cell activation,Third,log2rfu,4890,74.11574924082379,2,8.05e-17,4.46409090909091e-16,3.782185595072805e-15,Kruskal-Wallis
Positive regulation of nucleobase-containing compound metabolic process,Third,log2rfu,15648,73.38,2,1.16e-16,6.419463917525773e-16,5.438868618806879e-15,Kruskal-Wallis
Protein phosphorylation,Second,log2rfu,21204,73.18852157584479,2,1.28e-16,7.068971193415639e-16,5.98916141364288e-15,Kruskal-Wallis
Cellular response to heat,Third,log2rfu,978,73.07142961904037,2,1.36e-16,7.495359342915811e-16,6.350417299732735e-15,Kruskal-Wallis
Regulation of B cell activation,Third,log2rfu,2608,72.79419260395662,2,1.56e-16,8.579999999999999e-16,7.269375347988418e-15,Kruskal-Wallis
Regulation of cell shape,Third,log2rfu,1956,72.65876219917118,2,1.67e-16,9.166216768916155e-16,7.766045479519481e-15,Kruskal-Wallis
Regulation of leukocyte mediated cytotoxicity,Third,log2rfu,1304,72.58165751193883,2,1.73e-16,9.456863543788188e-16,8.012294955070425e-15,Kruskal-Wallis
Regulation of natural killer cell mediated cytotoxicity,Third,log2rfu,1304,72.58165751193883,2,1.73e-16,9.456863543788188e-16,8.012294955070425e-15,Kruskal-Wallis
Regulation of blood circulation,Second,log2rfu,3348,72.53,2,1.78e-16,9.710406504065041e-16,8.227108351934361e-15,Kruskal-Wallis
T cell differentiation,Second,log2rfu,2604,72.31588759245824,2,1.98e-16,1.0757732793522268e-15,9.114451931174516e-15,Kruskal-Wallis
Regulation of I-kappaB kinase/NF-kappaB signaling,Second,log2rfu,4464,72.31892924493513,2,1.98e-16,1.0757732793522268e-15,9.114451931174516e-15,Kruskal-Wallis
Positive regulation of molecular function,Second,log2rfu,21576,72.24039851820271,2,2.06e-16,1.1124828973843058e-15,9.42547290128695e-15,Kruskal-Wallis
Lymphocyte costimulation,Third,log2rfu,1630,72.23910649937625,2,2.06e-16,1.1124828973843058e-15,9.42547290128695e-15,Kruskal-Wallis
T cell costimulation,Third,log2rfu,1630,72.23910649937625,2,2.06e-16,1.1124828973843058e-15,9.42547290128695e-15,Kruskal-Wallis
Glomerulus development,Third,log2rfu,326,72.22303608566426,2,2.07e-16,1.1156385542168676e-15,9.45220909474305e-15,Kruskal-Wallis
Positive regulation of nitric oxide biosynthetic process,Third,log2rfu,652,72.13929393254193,2,2.16e-16,1.161811623246493e-15,9.843408826380495e-15,Kruskal-Wallis
Regulation of DNA binding,Second,log2rfu,1488,72.07576130685902,2,2.23e-16,1.1970640000000002e-15,1.0142083370121688e-14,Kruskal-Wallis
Positive regulation of cell killing,Second,log2rfu,1116,72.01394046486621,2,2.3e-16,1.2321756487025948e-15,1.0439565600315011e-14,Kruskal-Wallis
Regulation of metabolic process,Second,log2rfu,57660,72.00663186854217,2,2.31e-16,1.2350677290836653e-15,1.0464068651394914e-14,Kruskal-Wallis
Response to hormone,Second,log2rfu,10044,71.99404622214206,2,2.33e-16,1.2432842942345925e-15,1.0533683215676136e-14,Kruskal-Wallis
Response to abiotic stimulus,Second,log2rfu,7812,71.85026708824444,2,2.5e-16,1.3313492063492063e-15,1.1279810140091921e-14,Kruskal-Wallis
Positive regulation of transferase activity,Second,log2rfu,11160,71.73078127526242,2,2.65e-16,1.4084356435643566e-15,1.1932922315332094e-14,Kruskal-Wallis
Regulation of cysteine-type endopeptidase activity,Second,log2rfu,4092,71.71699062256448,2,2.67e-16,1.4162608695652172e-15,1.1999221272188848e-14,Kruskal-Wallis
Positive regulation of interleukin-12 production,Third,log2rfu,652,71.66071506910703,2,2.75e-16,1.455818540433925e-15,1.2334372271532465e-14,Kruskal-Wallis
Regulation of molecular function,Third,log2rfu,30318,71.64494239016494,2,2.77e-16,1.4635196850393703e-15,1.2399619953054746e-14,Kruskal-Wallis
Extrinsic apoptotic signaling pathway in absence of ligand,Second,log2rfu,372,71.38832877954178,2,3.15e-16,1.6577647058823528e-15,1.4045354179145043e-14,Kruskal-Wallis
Neuron apoptotic process,Second,log2rfu,372,71.38832877954178,2,3.15e-16,1.6577647058823528e-15,1.4045354179145043e-14,Kruskal-Wallis
Positive regulation of protein localization,Second,log2rfu,7068,71.12665165646104,2,3.59e-16,1.885628180039139e-15,1.5975919589101146e-14,Kruskal-Wallis
Response to reactive oxygen species,Third,log2rfu,2608,70.96360030881988,2,3.89e-16,2.0392109375e-15,1.7277144193952043e-14,Kruskal-Wallis
BMP signaling pathway,Second,log2rfu,2976,70.78163012774712,2,4.27e-16,2.2340506822612086e-15,1.8927917197886172e-14,Kruskal-Wallis
Regulation of system process,Second,log2rfu,5580,70.56261028803783,2,4.76e-16,2.485571984435798e-15,2.1058922738121494e-14,Kruskal-Wallis
Negative regulation of biological process,Second,log2rfu,48732,70.54311321512796,2,4.81e-16,2.5068038834951458e-15,2.1238809269138978e-14,Kruskal-Wallis
Respiratory system development,Second,log2rfu,2232,70.40268770345119,2,5.16e-16,2.6840000000000002e-15,2.2740097242425306e-14,Kruskal-Wallis
Negative regulation of cellular process,Second,log2rfu,44640,70.20532690585242,2,5.69e-16,2.9539574468085106e-15,2.5027302380928434e-14,Kruskal-Wallis
Columnar/cuboidal epithelial cell differentiation,Second,log2rfu,2976,70.06,2,6.11e-16,3.1658764478764475e-15,2.682277879367155e-14,Kruskal-Wallis
Regulation of peptidyl-tyrosine phosphorylation,Second,log2rfu,8184,69.97885943692017,2,6.37e-16,3.2942350674373796e-15,2.791029276189773e-14,Kruskal-Wallis
Positive regulation of cysteine-type endopeptidase activity,Third,log2rfu,2282,69.90019842561287,2,6.63e-16,3.4221000000000005e-15,2.899362398409227e-14,Kruskal-Wallis
Positive regulation of kinase activity,Second,log2rfu,9672,69.86021128226639,2,6.76e-16,3.482502879078695e-15,2.9505385289595985e-14,Kruskal-Wallis
Leukocyte proliferation,Third,log2rfu,2608,69.83512007412082,2,6.85e-16,3.5221072796934866e-15,2.9840932205098343e-14,Kruskal-Wallis
Positive regulation of signaling receptor activity,Third,log2rfu,1956,69.71765514753679,2,7.26e-16,3.725782026768642e-15,3.156655946080454e-14,Kruskal-Wallis
Regulation of protein catabolic process,Third,log2rfu,3912,69.51553570503529,2,8.03e-16,4.1130763358778626e-15,3.4847897110052525e-14,Kruskal-Wallis
Positive regulation of oxidoreductase activity,Third,log2rfu,1304,69.45327775907026,2,8.29e-16,4.23816380952381e-15,3.590769640756301e-14,Kruskal-Wallis
Substrate adhesion-dependent cell spreading,Second,log2rfu,1488,69.44111971562961,2,8.34e-16,4.255619771863118e-15,3.6055591445214274e-14,Kruskal-Wallis
Positive regulation of lipid localization,Second,log2rfu,1116,69.31,2,8.89e-16,4.52765844402277e-15,3.836042969357894e-14,Kruskal-Wallis
Negative regulation of cellular metabolic process,Third,log2rfu,14018,68.88,2,1.1e-15,5.591666666666666e-15,4.7375202588386057e-14,Kruskal-Wallis
Negative regulation of protein localization,Second,log2rfu,1860,68.84170805756094,2,1.13e-15,5.7333081285444235e-15,4.857525497909376e-14,Kruskal-Wallis
Multicellular organismal homeostasis,Third,log2rfu,2608,68.64033812454909,2,1.24e-15,6.279547169811321e-15,5.32032463785045e-14,Kruskal-Wallis
Lymphocyte proliferation,Second,log2rfu,2232,68.50391757253601,2,1.33e-15,6.722636534839925e-15,5.695730571078278e-14,Kruskal-Wallis
Regulation of intracellular signal transduction,Second,log2rfu,25296,68.02966513817955,2,1.69e-15,8.526240601503759e-15,7.223827883402025e-14,Kruskal-Wallis
Sensory organ development,Third,log2rfu,4890,67.93122612357911,2,1.77e-15,8.913095684803001e-15,7.55158951577726e-14,Kruskal-Wallis
Regulation of macromolecule metabolic process,Second,log2rfu,55056,67.88131398626138,2,1.82e-15,9.147715355805243e-15,7.750370221201135e-14,Kruskal-Wallis
Positive regulation of endothelial cell chemotaxis,Third,log2rfu,326,67.80498060013383,2,1.89e-15,9.481794392523364e-15,8.033417530501651e-14,Kruskal-Wallis
Regulation of oxidoreductase activity,Third,log2rfu,1630,67.73419839436428,2,1.96e-15,9.814626865671641e-15,8.315408693125672e-14,Kruskal-Wallis
Biological process involved in symbiotic interaction,Second,log2rfu,2976,67.71,2,1.98e-15,9.89631284916201e-15,8.384616860335588e-14,Kruskal-Wallis
Negative regulation of macrophage activation,Second,log2rfu,1116,67.52665750782671,2,2.17e-15,1.0825799256505578e-14,9.172121006703146e-14,Kruskal-Wallis
Regulation of macrophage derived foam cell differentiation,Second,log2rfu,372,67.48179338066575,2,2.22e-15,1.1013826247689464e-14,9.331426225172678e-14,Kruskal-Wallis
Regulation of superoxide anion generation,Second,log2rfu,372,67.48179338066575,2,2.22e-15,1.1013826247689464e-14,9.331426225172678e-14,Kruskal-Wallis
Positive regulation of superoxide anion generation,Second,log2rfu,372,67.48179338066575,2,2.22e-15,1.1013826247689464e-14,9.331426225172678e-14,Kruskal-Wallis
Cellular response to endogenous stimulus,Third,log2rfu,15974,67.43268988554337,2,2.28e-15,1.1290627306273062e-14,9.565944965448285e-14,Kruskal-Wallis
Regulation of intracellular transport,Second,log2rfu,4836,67.35423340718262,2,2.37e-15,1.1714696132596685e-14,9.925235812992261e-14,Kruskal-Wallis
Receptor signaling pathway via JAK-STAT,Second,log2rfu,1488,67.32855766054126,2,2.4e-15,1.1819449541284403e-14,1.001398777648087e-13,Kruskal-Wallis
Tyrosine phosphorylation of STAT protein,Second,log2rfu,1488,67.32855766054126,2,2.4e-15,1.1819449541284403e-14,1.001398777648087e-13,Kruskal-Wallis
Regulation of platelet activation,Second,log2rfu,1860,67.18901885748255,2,2.57e-15,1.2633479853479854e-14,1.0703672145244146e-13,Kruskal-Wallis
Positive regulation of calcium ion transport,Third,log2rfu,1630,66.23523487506463,2,4.14e-15,2.0314003656307133e-14,1.7210969393718608e-13,Kruskal-Wallis
Positive regulation of gene expression,Third,log2rfu,15648,66.10515306529123,2,4.42e-15,2.164832116788321e-14,1.8341465294072967e-13,Kruskal-Wallis
Substrate adhesion-dependent cell spreading,Third,log2rfu,1304,65.94848097653812,2,4.78e-15,2.336888888888889e-14,1.979921034950692e-13,Kruskal-Wallis
Chemokine-mediated signaling pathway,Second,log2rfu,372,65.42365438325396,2,6.21e-15,3.0140397830018085e-14,2.5536347897913413e-13,Kruskal-Wallis
Positive regulation of amyloid precursor protein catabolic process,Second,log2rfu,372,65.42365438325396,2,6.21e-15,3.0140397830018085e-14,2.5536347897913413e-13,Kruskal-Wallis
Dendritic cell differentiation,Second,log2rfu,372,65.42365438325396,2,6.21e-15,3.0140397830018085e-14,2.5536347897913413e-13,Kruskal-Wallis
Regulation of dendritic cell apoptotic process,Second,log2rfu,372,65.42365438325396,2,6.21e-15,3.0140397830018085e-14,2.5536347897913413e-13,Kruskal-Wallis
Response to mechanical stimulus,Second,log2rfu,1116,65.27756626320615,2,6.69e-15,3.241148014440433e-14,2.746051454004067e-13,Kruskal-Wallis
Regulation of ion transport,Third,log2rfu,6194,64.87859319070049,2,8.16e-15,3.943935251798561e-14,3.3414855120614163e-13,Kruskal-Wallis
Skeletal system morphogenesis,Second,log2rfu,1116,64.88,2,8.17e-15,3.943935251798561e-14,3.3414855120614163e-13,Kruskal-Wallis
ERK1 and ERK2 cascade,Third,log2rfu,978,64.82180317875418,2,8.4e-15,4.047684021543985e-14,3.429386298678143e-13,Kruskal-Wallis
Fc-gamma receptor signaling pathway involved in phagocytosis,Third,log2rfu,1630,64.63609811702281,2,9.21e-15,4.4300430107526875e-14,3.7533386308734245e-13,Kruskal-Wallis
Negative regulation of extrinsic apoptotic signaling pathway,Second,log2rfu,1488,64.49435894032285,2,9.89e-15,4.748615384615384e-14,4.023247973659862e-13,Kruskal-Wallis
Regulation of biological process involved in symbiotic interaction,Third,log2rfu,326,64.2,2,1.15e-14,5.511785714285714e-14,4.669841397998055e-13,Kruskal-Wallis
Regulation of vascular permeability,Second,log2rfu,372,63.96523884071257,2,1.29e-14,6.171764705882353e-14,5.229006317776944e-13,Kruskal-Wallis
Regulation of protein transport,Third,log2rfu,5216,63.89074014270045,2,1.34e-14,6.388206039076376e-14,5.412385489316148e-13,Kruskal-Wallis
Regulation of establishment of protein localization,Third,log2rfu,5216,63.89074014270045,2,1.34e-14,6.388206039076376e-14,5.412385489316148e-13,Kruskal-Wallis
Negative regulation of protein modification process,Second,log2rfu,6696,63.63246719585004,2,1.52e-14,7.233475177304965e-14,6.128536845476325e-13,Kruskal-Wallis
Negative regulation of leukocyte proliferation,Second,log2rfu,2976,63.28976078157939,2,1.81e-14,8.598300884955752e-14,7.28488070952032e-13,Kruskal-Wallis
Acute inflammatory response,Second,log2rfu,744,63.22060791596414,2,1.87e-14,8.851992945326278e-14,7.499820430923338e-13,Kruskal-Wallis
Acute-phase response,Second,log2rfu,744,63.22060791596414,2,1.87e-14,8.851992945326278e-14,7.499820430923338e-13,Kruskal-Wallis
Maternal process involved in female pregnancy,Second,log2rfu,744,63.089654559582414,2,2e-14,9.450704225352112e-14,8.007076493811728e-13,Kruskal-Wallis
Embryonic morphogenesis,Third,log2rfu,6194,62.99431420014298,2,2.09e-14,9.858629173989456e-14,8.352689496778365e-13,Kruskal-Wallis
Embryo development,Third,log2rfu,9128,62.986817069831886,2,2.1e-14,9.88842105263158e-14,8.377930562998798e-13,Kruskal-Wallis
Ear development,Third,log2rfu,2608,62.948283696537146,2,2.14e-14,1.0041538461538461e-13,8.507658758529748e-13,Kruskal-Wallis
Inner ear development,Third,log2rfu,2608,62.948283696537146,2,2.14e-14,1.0041538461538461e-13,8.507658758529748e-13,Kruskal-Wallis
Response to wounding,Third,log2rfu,6194,62.93890865653157,2,2.15e-14,1.0070855148342059e-13,8.532497220107227e-13,Kruskal-Wallis
Transmembrane receptor protein tyrosine kinase signaling pathway,Second,log2rfu,15624,62.77427479965263,2,2.34e-14,1.0941742160278747e-13,9.270353231232619e-13,Kruskal-Wallis
Regulation of cartilage development,Third,log2rfu,1304,62.76752910068399,2,2.35e-14,1.0969391304347827e-13,9.293778872991213e-13,Kruskal-Wallis
Positive regulation of protein localization,Third,log2rfu,6194,62.48858815913263,2,2.7e-14,1.258125e-13,1.0659420582386864e-12,Kruskal-Wallis
Positive regulation of cell death,Third,log2rfu,8150,62.25836248054475,2,3.03e-14,1.4092158894645942e-13,1.1939532921756984e-12,Kruskal-Wallis
Regulation of glucose transmembrane transport,Second,log2rfu,1116,62.248514459640774,2,3.04e-14,1.4092158894645942e-13,1.1939532921756984e-12,Kruskal-Wallis
Positive regulation of glucose transmembrane transport,Second,log2rfu,1116,62.248514459640774,2,3.04e-14,1.4092158894645942e-13,1.1939532921756984e-12,Kruskal-Wallis
Response to stress,Third,log2rfu,29666,62.126734815436066,2,3.23e-14,1.494710344827586e-13,1.2663881740178232e-12,Kruskal-Wallis
Regeneration,Second,log2rfu,3348,62.07013226564959,2,3.32e-14,1.5337142857142858e-13,1.299434128138589e-12,Kruskal-Wallis
Positive regulation of programmed cell death,Second,log2rfu,8556,61.951966095977696,2,3.53e-14,1.625132075471698e-13,1.3768875345756663e-12,Kruskal-Wallis
Positive regulation of apoptotic process,Second,log2rfu,8556,61.951966095977696,2,3.53e-14,1.625132075471698e-13,1.3768875345756663e-12,Kruskal-Wallis
Response to estrogen,Second,log2rfu,1116,61.86669424654838,2,3.68e-14,1.6912876712328766e-13,1.4329376344541976e-12,Kruskal-Wallis
Regulation of defense response,Second,log2rfu,12648,61.817832772365364,2,3.77e-14,1.7296888888888886e-13,1.465472933400742e-12,Kruskal-Wallis
Positive regulation of intracellular signal transduction,Second,log2rfu,17484,61.67,2,4.06e-14,1.8595631399317406e-13,1.575508443758477e-12,Kruskal-Wallis
Regulation of hormone secretion,Third,log2rfu,1304,61.42,2,4.61e-14,2.10787734241908e-13,1.7858917936555481e-12,Kruskal-Wallis
Regulation of molecular function,Second,log2rfu,34596,61.38279070738645,2,4.69e-14,2.140809523809524e-13,1.8137934705267806e-12,Kruskal-Wallis
Rhythmic process,Second,log2rfu,1488,61.3,2,4.89e-14,2.2283123938879456e-13,1.8879299747955818e-12,Kruskal-Wallis
Regulation of cellular biosynthetic process,Second,log2rfu,30504,61.29,2,4.91e-14,2.2336338983050845e-13,1.8924386010221743e-12,Kruskal-Wallis
Regulation of acute inflammatory response,Third,log2rfu,1304,61.08,2,5.46e-14,2.475445945945946e-13,2.097313022696659e-12,Kruskal-Wallis
Positive regulation of acute inflammatory response,Third,log2rfu,1304,61.08,2,5.46e-14,2.475445945945946e-13,2.097313022696659e-12,Kruskal-Wallis
Cellular calcium ion homeostasis,Second,log2rfu,1116,61.01561379950681,2,5.63e-14,2.5482158516020233e-13,2.158967073774949e-12,Kruskal-Wallis
Regulation of monooxygenase activity,Third,log2rfu,652,60.98474421048536,2,5.72e-14,2.575919463087248e-13,2.182438862863637e-12,Kruskal-Wallis
Pattern recognition receptor signaling pathway,Third,log2rfu,2608,60.98582954814992,2,5.72e-14,2.575919463087248e-13,2.182438862863637e-12,Kruskal-Wallis
Positive regulation of monooxygenase activity,Third,log2rfu,652,60.98474421048536,2,5.72e-14,2.575919463087248e-13,2.182438862863637e-12,Kruskal-Wallis
Positive regulation of alpha-beta T cell activation,Third,log2rfu,978,60.85508362153405,2,6.1e-14,2.733288814691152e-13,2.315769502150157e-12,Kruskal-Wallis
Regulation of alpha-beta T cell proliferation,Third,log2rfu,978,60.85508362153405,2,6.1e-14,2.733288814691152e-13,2.315769502150157e-12,Kruskal-Wallis
Positive regulation of alpha-beta T cell proliferation,Third,log2rfu,978,60.85508362153405,2,6.1e-14,2.733288814691152e-13,2.315769502150157e-12,Kruskal-Wallis
Negative regulation of ossification,Third,log2rfu,1630,60.716253585949744,2,6.54e-14,2.9255600000000003e-13,2.4786705994243586e-12,Kruskal-Wallis
Regulation of protein metabolic process,Second,log2rfu,34968,60.561316432533204,2,7.07e-14,3.157384359400998e-13,2.675082986754525e-12,Kruskal-Wallis
Alpha-beta T cell differentiation,Second,log2rfu,1116,60.52448181301179,2,7.2e-14,3.2047761194029847e-13,2.7152354916328725e-12,Kruskal-Wallis
Alpha-beta T cell activation,Second,log2rfu,1116,60.52448181301179,2,7.2e-14,3.2047761194029847e-13,2.7152354916328725e-12,Kruskal-Wallis
Positive regulation of biosynthetic process,Third,log2rfu,15974,60.502522713533835,2,7.28e-14,3.2296727272727273e-13,2.736329056609194e-12,Kruskal-Wallis
Positive regulation of cellular biosynthetic process,Third,log2rfu,15974,60.502522713533835,2,7.28e-14,3.2296727272727273e-13,2.736329056609194e-12,Kruskal-Wallis
Positive regulation of signal transduction,Second,log2rfu,27156,60.47798302107549,2,7.37e-14,3.2642046204620465e-13,2.7655860837735072e-12,Kruskal-Wallis
Regulation of protein modification process,Second,log2rfu,24180,60.41923789100838,2,7.59e-14,3.356105436573311e-13,2.843448732619573e-12,Kruskal-Wallis
Positive regulation of peptidyl-tyrosine phosphorylation,Second,log2rfu,7068,60.23767286940347,2,8.31e-14,3.668427631578947e-13,3.1080626329696436e-12,Kruskal-Wallis
Protein maturation,Second,log2rfu,3720,60.06130476363796,2,9.08e-14,4.0017602627257804e-13,3.390477552729422e-12,Kruskal-Wallis
Catabolic process,Third,log2rfu,12062,60.02833249345713,2,9.23e-14,4.0612e-13,3.4408376647145176e-12,Kruskal-Wallis
Regulation of amyloid-beta formation,Second,log2rfu,372,59.93243646184783,2,9.68e-14,4.2522291325695583e-13,3.6026864370978232e-12,Kruskal-Wallis
Programmed cell death,Second,log2rfu,14508,59.72190683798544,2,1.08e-13,4.728743882544862e-13,4.006411912205438e-12,Kruskal-Wallis
Apoptotic process,Second,log2rfu,14508,59.72190683798544,2,1.08e-13,4.728743882544862e-13,4.006411912205438e-12,Kruskal-Wallis
Lung morphogenesis,Second,log2rfu,372,59.600138045098674,2,1.14e-13,4.975219512195122e-13,4.215237537620301e-12,Kruskal-Wallis
Trachea morphogenesis,Second,log2rfu,372,59.600138045098674,2,1.14e-13,4.975219512195122e-13,4.215237537620301e-12,Kruskal-Wallis
Cellular response to lipopolysaccharide,Second,log2rfu,4836,59.552069220770136,2,1.17e-13,5.097857142857143e-13,4.319141846369742e-12,Kruskal-Wallis
Response to organonitrogen compound,Second,log2rfu,11532,59.51938516460359,2,1.19e-13,5.176596434359806e-13,4.3858534389766805e-12,Kruskal-Wallis
Regulation of nitrogen compound metabolic process,Second,log2rfu,49848,59.4,2,1.26e-13,5.472233009708738e-13,4.636330505737198e-12,Kruskal-Wallis
Cellular extravasation,Second,log2rfu,744,59.17466323304507,2,1.41e-13,6.113796445880453e-13,5.179892909825475e-12,Kruskal-Wallis
Regulation of reactive oxygen species metabolic process,Second,log2rfu,3720,59.063419574053114,2,1.49e-13,6.450258064516129e-13,5.464958853421566e-12,Kruskal-Wallis
Cell death,Second,log2rfu,14880,59.05869924275612,2,1.5e-13,6.483091787439612e-13,5.492777111696934e-12,Kruskal-Wallis
Positive regulation of macromolecule biosynthetic process,Third,log2rfu,14996,58.859840070414066,2,1.65e-13,7.119935691318328e-13,6.032340908360412e-12,Kruskal-Wallis
Regulation of stress-activated protein kinase signaling cascade,Second,log2rfu,2604,58.72,2,1.78e-13,7.668571428571429e-13,6.497170640692945e-12,Kruskal-Wallis
Protein processing,Second,log2rfu,3348,58.515569349143334,2,1.97e-13,8.473525641025641e-13,7.179165315316963e-12,Kruskal-Wallis
Positive regulation of molecular function,Third,log2rfu,18908,58.46476610960235,2,2.02e-13,8.674688000000001e-13,7.34959942875186e-12,Kruskal-Wallis
Cellular response to hormone stimulus,Third,log2rfu,6520,58.292936624682625,2,2.2e-13,9.43258785942492e-13,7.991727465389086e-12,Kruskal-Wallis
Muscle tissue development,Second,log2rfu,2976,58.236622383808935,2,2.26e-13,9.67438596491228e-13,8.196590074622201e-12,Kruskal-Wallis
Intracellular signal transduction,Third,log2rfu,15974,58.22049599969614,2,2.28e-13,9.744458598726114e-13,8.255958871453773e-12,Kruskal-Wallis
Intracellular signal transduction,Second,log2rfu,18228,57.86570012570883,2,2.72e-13,1.1606486486486485e-12,9.833555564292026e-12,Kruskal-Wallis
Regulation of biosynthetic process,Second,log2rfu,30876,57.73468603850051,2,2.9e-13,1.2354920634920634e-12,1.04676638100053e-11,Kruskal-Wallis
Response to lipid,Second,log2rfu,13764,57.73428987489024,2,2.91e-13,1.2377876386687797e-12,1.0487112991356205e-11,Kruskal-Wallis
Regulation of primary metabolic process,Second,log2rfu,51336,57.70650089523406,2,2.95e-13,1.2528164556962027e-12,1.0614444124233333e-11,Kruskal-Wallis
Regulation of transforming growth factor beta production,Second,log2rfu,372,57.67,2,3.01e-13,1.2742649842271294e-12,1.0796166040962172e-11,Kruskal-Wallis
Animal organ formation,Second,log2rfu,372,57.67,2,3.01e-13,1.2742649842271294e-12,1.0796166040962172e-11,Kruskal-Wallis
Response to peptide,Second,log2rfu,7812,57.57,2,3.15e-13,1.3314330708661417e-12,1.1280520679313343e-11,Kruskal-Wallis
Regulation of cell growth,Third,log2rfu,4890,57.55192332854131,2,3.18e-13,1.3420000000000001e-12,1.1370048621212655e-11,Kruskal-Wallis
Negative regulation of transmembrane receptor protein serine/threonine kinase signaling pathway,Second,log2rfu,3348,57.47238317597112,2,3.31e-13,1.3946687598116168e-12,1.1816282868512996e-11,Kruskal-Wallis
Biomineral tissue development,Second,log2rfu,2976,57.29452800658146,2,3.62e-13,1.522896551724138e-12,1.2902688404009346e-11,Kruskal-Wallis
Regulation of glial cell differentiation,Third,log2rfu,1304,57.22231950629248,2,3.75e-13,1.5751173708920189e-12,1.3345127489686214e-11,Kruskal-Wallis
Bone mineralization,Second,log2rfu,1860,57.16548466788754,2,3.86e-13,1.6187875e-12,1.3715121149337764e-11,Kruskal-Wallis
Regulation of intracellular protein transport,Third,log2rfu,3586,56.727075795170094,2,4.81e-13,2.014046801872075e-12,1.7063941924503236e-11,Kruskal-Wallis
Regulation of protein dephosphorylation,Second,log2rfu,744,56.70176777646202,2,4.87e-13,2.032827371695179e-12,1.7223059653283245e-11,Kruskal-Wallis
Regulation of dephosphorylation,Second,log2rfu,744,56.70176777646202,2,4.87e-13,2.032827371695179e-12,1.7223059653283245e-11,Kruskal-Wallis
Urogenital system development,Third,log2rfu,3586,56.66302844193888,2,4.96e-13,2.0671801242236027e-12,1.7514112161867938e-11,Kruskal-Wallis
Response to abiotic stimulus,Third,log2rfu,6846,56.64635246206308,2,5e-13,2.0773993808049537e-12,1.760069446008151e-11,Kruskal-Wallis
Positive regulation of ion transport,Third,log2rfu,2608,56.647281814086455,2,5e-13,2.0773993808049537e-12,1.760069446008151e-11,Kruskal-Wallis
Hair cycle process,Second,log2rfu,2604,56.54,2,5.27e-13,2.1794576271186437e-12,1.8465379424896977e-11,Kruskal-Wallis
Hair follicle development,Second,log2rfu,2604,56.54,2,5.27e-13,2.1794576271186437e-12,1.8465379424896977e-11,Kruskal-Wallis
Hair cycle,Second,log2rfu,2604,56.54,2,5.27e-13,2.1794576271186437e-12,1.8465379424896977e-11,Kruskal-Wallis
Regulation of activated T cell proliferation,Second,log2rfu,372,56.51094076489812,2,5.36e-13,2.2132676923076927e-12,1.8751834033753792e-11,Kruskal-Wallis
Regulation of protein serine/threonine kinase activity,Third,log2rfu,4238,56.303784962503414,2,5.94e-13,2.448995391705069e-12,2.074902882027747e-11,Kruskal-Wallis
Positive regulation of cell activation,Second,log2rfu,9300,56.208434541233146,2,6.23e-13,2.56461963190184e-12,2.1728651199434e-11,Kruskal-Wallis
Regulation of cell migration,Second,log2rfu,19716,56.101026223404915,2,6.57e-13,2.700441041347626e-12,2.287939339704966e-11,Kruskal-Wallis
Positive regulation of phosphate metabolic process,Second,log2rfu,19716,55.98693412535067,2,6.96e-13,2.8563669724770645e-12,2.4200470459828766e-11,Kruskal-Wallis
Response to wounding,Second,log2rfu,7068,55.80669943337489,2,7.62e-13,3.122454961832061e-12,2.6454891753783335e-11,Kruskal-Wallis
Positive regulation of interleukin-8 production,Third,log2rfu,1630,55.642937861918654,2,8.27e-13,3.3836402439024394e-12,2.8667775029703853e-11,Kruskal-Wallis
Regulation of phosphate metabolic process,Second,log2rfu,25296,55.62287030943844,2,8.35e-13,3.4111719939117203e-12,2.890103683017524e-11,Kruskal-Wallis
Neuron projection development,Second,log2rfu,11532,55.501428923234926,2,8.87e-13,3.61809726443769e-12,3.0654204033482134e-11,Kruskal-Wallis
Negative regulation of angiogenesis,Second,log2rfu,1488,54.82248755609817,2,1.25e-12,5.091047040971168e-12,4.31337201108219e-11,Kruskal-Wallis
Cellular response to oxygen-containing compound,Third,log2rfu,14996,54.759606751998945,2,1.29e-12,5.245999999999999e-12,4.444655370110401e-11,Kruskal-Wallis
Positive regulation of signaling,Second,log2rfu,28272,54.53264490024594,2,1.44e-12,5.838308157099697e-12,4.9464864092284657e-11,Kruskal-Wallis
Positive regulation of cell communication,Second,log2rfu,28272,54.53264490024594,2,1.44e-12,5.838308157099697e-12,4.9464864092284657e-11,Kruskal-Wallis
Cellular component disassembly,Third,log2rfu,2608,54.52266488250825,2,1.45e-12,5.869984917043741e-12,4.973324434617904e-11,Kruskal-Wallis
Skeletal system development,Second,log2rfu,6696,54.26874566686456,2,1.64e-12,6.619187969924812e-12,5.6080841319665424e-11,Kruskal-Wallis
Astrocyte differentiation,Third,log2rfu,1956,54.26709336816293,2,1.64e-12,6.619187969924812e-12,5.6080841319665424e-11,Kruskal-Wallis
Regulation of cell death,Third,log2rfu,22494,54.20486035391514,2,1.7e-12,6.851051051051051e-12,5.804529326144599e-11,Kruskal-Wallis
Second-messenger-mediated signaling,Third,log2rfu,3260,53.99403818847895,2,1.89e-12,7.605337331334332e-12,6.443595770342403e-11,Kruskal-Wallis
Antibacterial humoral response,Third,log2rfu,978,53.94270295072329,2,1.93e-12,7.754670658682634e-12,6.570117915850426e-11,Kruskal-Wallis
oncostatin-M-mediated signaling pathway,Third,log2rfu,326,53.91825206096951,2,1.96e-12,7.863437967115097e-12,6.662270642025951e-11,Kruskal-Wallis
Regulation of cell shape,Second,log2rfu,2232,53.627251926674944,2,2.26e-12,9.053492537313434e-12,7.670540263862865e-11,Kruskal-Wallis
Blood circulation,Second,log2rfu,3348,53.58785661645379,2,2.31e-12,9.24e-12,7.828558067064452e-11,Kruskal-Wallis
Regulation of protein localization to cell periphery,Second,log2rfu,1860,53.551054893411674,2,2.35e-12,9.372065378900446e-12,7.940450002927113e-11,Kruskal-Wallis
Regulation of protein localization to plasma membrane,Second,log2rfu,1860,53.551054893411674,2,2.35e-12,9.372065378900446e-12,7.940450002927113e-11,Kruskal-Wallis
Response to monosaccharide,Second,log2rfu,744,53.48815535326776,2,2.43e-12,9.67673590504451e-12,8.198581053277968e-11,Kruskal-Wallis
Negative regulation of response to stimulus,Second,log2rfu,23064,53.35863634535053,2,2.59e-12,1.0298607407407409e-11,8.72545953450097e-11,Kruskal-Wallis
Antigen processing and presentation,Second,log2rfu,1116,53.350527794528716,2,2.6e-12,1.0323076923076923e-11,8.746191247086657e-11,Kruskal-Wallis
ERBB signaling pathway,Second,log2rfu,3720,53.09,2,2.97e-12,1.1774711964549485e-11,9.97608401920283e-11,Kruskal-Wallis
Killing of cells of another organism,Second,log2rfu,372,53.08,2,2.98e-12,1.179693215339233e-11,9.994909997408173e-11,Kruskal-Wallis
Positive regulation of receptor signaling pathway via JAK-STAT,Third,log2rfu,1304,53.05782803870534,2,3.01e-12,1.188064705882353e-11,1.0065837161720614e-10,Kruskal-Wallis
Negative regulation of epithelial cell proliferation,Second,log2rfu,1488,53.05685650270971,2,3.01e-12,1.188064705882353e-11,1.0065837161720614e-10,Kruskal-Wallis
Regulation of podosome assembly,Third,log2rfu,326,53.01624584625279,2,3.07e-12,1.2099676945668136e-11,1.0251409476394377e-10,Kruskal-Wallis
Homeostasis of number of cells,Second,log2rfu,2232,52.70639153929551,2,3.59e-12,1.4128387096774193e-11,1.1970227140807457e-10,Kruskal-Wallis
Biological process involved in interspecies interaction between organisms,Third,log2rfu,18582,52.50736788639915,2,3.96e-12,1.5561698389458272e-11,1.3184595180088465e-10,Kruskal-Wallis
Regulation of fibrinolysis,Third,log2rfu,326,52.38684628889996,2,4.21e-12,1.6423895348837208e-11,1.391508857421665e-10,Kruskal-Wallis
Positive regulation of wound healing,Third,log2rfu,326,52.38684628889996,2,4.21e-12,1.6423895348837208e-11,1.391508857421665e-10,Kruskal-Wallis
Positive regulation of blood coagulation,Third,log2rfu,326,52.38684628889996,2,4.21e-12,1.6423895348837208e-11,1.391508857421665e-10,Kruskal-Wallis
Negative regulation of fibrinolysis,Third,log2rfu,326,52.38684628889996,2,4.21e-12,1.6423895348837208e-11,1.391508857421665e-10,Kruskal-Wallis
Positive regulation of lipid transport,Second,log2rfu,744,52.38819395746259,2,4.21e-12,1.6423895348837208e-11,1.391508857421665e-10,Kruskal-Wallis
Response to hepatocyte growth factor,Second,log2rfu,1860,52.09452651311494,2,4.87e-12,1.89710885341074e-11,1.6073189197476236e-10,Kruskal-Wallis
Positive regulation of protein import into nucleus,Third,log2rfu,978,51.965376958924935,2,5.2e-12,2.0227246376811592e-11,1.7137464588494435e-10,Kruskal-Wallis
Cellular response to organonitrogen compound,Second,log2rfu,8928,51.961725098150055,2,5.21e-12,2.023681620839363e-11,1.7145572595229502e-10,Kruskal-Wallis
Regulation of transferase activity,Second,log2rfu,13392,51.50612794027256,2,6.54e-12,2.5366127167630056e-11,2.149136357882392e-10,Kruskal-Wallis
Immune response-regulating cell surface receptor signaling pathway,Second,log2rfu,7812,51.38129193677378,2,6.96e-12,2.6956190476190476e-11,2.2838539221829746e-10,Kruskal-Wallis
Transmembrane receptor protein tyrosine kinase signaling pathway,Third,log2rfu,13692,51.14792610691802,2,7.82e-12,3.024334293948127e-11,2.5623567786133417e-10,Kruskal-Wallis
Negative regulation of interleukin-10 production,Second,log2rfu,744,50.92390910840595,2,8.75e-12,3.3791366906474825e-11,2.862961883039158e-10,Kruskal-Wallis
Regulation of secretion,Third,log2rfu,5542,50.52039402551236,2,1.07e-11,4.126264367816091e-11,3.495963225487799e-10,Kruskal-Wallis
Tissue development,Second,log2rfu,20832,50.49176557546161,2,1.09e-11,4.197360114777618e-11,3.556198851397932e-10,Kruskal-Wallis
Regulation of lymphocyte apoptotic process,Second,log2rfu,1860,50.24091443562975,2,1.23e-11,4.7296848137535815e-11,4.0072091129202195e-10,Kruskal-Wallis
Regulation of carbohydrate metabolic process,Second,log2rfu,1860,50.163244173368184,2,1.28e-11,4.900884450784594e-11,4.1522574137381446e-10,Kruskal-Wallis
Regulation of glucose metabolic process,Second,log2rfu,1860,50.163244173368184,2,1.28e-11,4.900884450784594e-11,4.1522574137381446e-10,Kruskal-Wallis
Regulation of cellular carbohydrate metabolic process,Second,log2rfu,1860,50.163244173368184,2,1.28e-11,4.900884450784594e-11,4.1522574137381446e-10,Kruskal-Wallis
Cellular response to hydrogen peroxide,Third,log2rfu,1304,50.12520621399926,2,1.3e-11,4.9703703703703704e-11,4.21112911896765e-10,Kruskal-Wallis
Regulation of extracellular matrix organization,Second,log2rfu,744,50.05810211497965,2,1.35e-11,5.1541963015647226e-11,4.366875003879683e-10,Kruskal-Wallis
Positive regulation of cellular metabolic process,Second,log2rfu,31620,49.698995264217956,2,1.61e-11,6.138125000000001e-11,5.200505193225107e-10,Kruskal-Wallis
Positive regulation of secretion by cell,Third,log2rfu,1956,49.64982104903629,2,1.65e-11,6.281702127659576e-11,5.322150418439966e-10,Kruskal-Wallis
Renal system development,Third,log2rfu,3260,49.377079991072605,2,1.9e-11,7.213012729844413e-11,6.111200107582473e-10,Kruskal-Wallis
Kidney development,Third,log2rfu,3260,49.377079991072605,2,1.9e-11,7.213012729844413e-11,6.111200107582473e-10,Kruskal-Wallis
Regulation of cysteine-type endopeptidase activity involved in apoptotic process,Second,log2rfu,3348,49.36066786400988,2,1.91e-11,7.23052186177715e-11,6.126034659101881e-10,Kruskal-Wallis
Regulation of bone mineralization,Third,log2rfu,2282,49.36439602221617,2,1.91e-11,7.23052186177715e-11,6.126034659101881e-10,Kruskal-Wallis
Regulation of vascular permeability,Third,log2rfu,326,49.20365039543435,2,2.07e-11,7.82518309859155e-11,6.629859336876112e-10,Kruskal-Wallis
Cell-cell adhesion,Third,log2rfu,6194,49.02925008188322,2,2.26e-11,8.53142053445851e-11,7.228216563696372e-10,Kruskal-Wallis
Regulation of bone mineralization,Second,log2rfu,2604,48.926825117478984,2,2.38e-11,8.97179775280899e-11,7.601324640024191e-10,Kruskal-Wallis
Response to molecule of bacterial origin,Second,log2rfu,7068,48.84594151239435,2,2.47e-11,9.298008415147264e-11,7.877705496324054e-10,Kruskal-Wallis
Cell morphogenesis,Second,log2rfu,11532,48.84073654520762,2,2.48e-11,9.322577030812325e-11,7.898521171038482e-10,Kruskal-Wallis
Regulation of hormone secretion,Second,log2rfu,1488,48.70152887583208,2,2.66e-11,9.985230769230769e-11,8.459952260818366e-10,Kruskal-Wallis
Regulation of muscle adaptation,Second,log2rfu,2232,48.65,2,2.73e-11,1.0233687150837988e-10,8.670456071483392e-10,Kruskal-Wallis
Negative regulation of response to external stimulus,Second,log2rfu,9300,48.44920880556674,2,3.02e-11,1.1304993026499305e-10,9.578116272262823e-10,Kruskal-Wallis
System process,Second,log2rfu,9672,48.41078658094193,2,3.07e-11,1.1476155988857939e-10,9.723133500591322e-10,Kruskal-Wallis
Positive regulation of leukocyte differentiation,Second,log2rfu,1116,48.23531286033949,2,3.36e-11,1.2525333333333333e-10,1.0612045379798477e-9,Kruskal-Wallis
Positive regulation of lymphocyte differentiation,Second,log2rfu,1116,48.23531286033949,2,3.36e-11,1.2525333333333333e-10,1.0612045379798477e-9,Kruskal-Wallis
Sensory system development,Third,log2rfu,3912,48.20732431302895,2,3.4e-11,1.2639335180055402e-10,1.070863305044959e-9,Kruskal-Wallis
Visual system development,Third,log2rfu,3912,48.20732431302895,2,3.4e-11,1.2639335180055402e-10,1.070863305044959e-9,Kruskal-Wallis
Biological process involved in interspecies interaction between organisms,Second,log2rfu,21204,48.14724378335086,2,3.51e-11,1.3030207468879668e-10,1.103979824632266e-9,Kruskal-Wallis
Positive regulation of cell differentiation,Third,log2rfu,12714,48.043328057166946,2,3.69e-11,1.367950276243094e-10,1.1589911439854888e-9,Kruskal-Wallis
Ovulation cycle,Third,log2rfu,978,47.95935533723605,2,3.85e-11,1.4252965517241382e-10,1.2075775777012062e-9,Kruskal-Wallis
Positive regulation of cell population proliferation,Second,log2rfu,20088,47.895940536574926,2,3.98e-11,1.4713939393939394e-10,1.2466334300943902e-9,Kruskal-Wallis
Cellular response to biotic stimulus,Third,log2rfu,4890,47.86465766772744,2,4.04e-11,1.4915213204951856e-10,1.2636862841732908e-9,Kruskal-Wallis
Bone development,Third,log2rfu,1956,47.80058788072529,2,4.17e-11,1.5374010989010989e-10,1.3025577678696916e-9,Kruskal-Wallis
Lung development,Second,log2rfu,1860,47.74707409135226,2,4.28e-11,1.5757914951989023e-10,1.3350838984578918e-9,Kruskal-Wallis
Skeletal system development,Third,log2rfu,5868,47.66902986326386,2,4.45e-11,1.63613698630137e-10,1.3862114072437345e-9,Kruskal-Wallis
Positive regulation of leukocyte activation,Second,log2rfu,8928,47.66155367686588,2,4.47e-11,1.6412421340629273e-10,1.3905367260416022e-9,Kruskal-Wallis
Positive regulation of macromolecule metabolic process,Second,log2rfu,38688,47.562730077741435,2,4.7e-11,1.720982264665757e-10,1.4580962761173117e-9,Kruskal-Wallis
Regulation of anion transport,Second,log2rfu,1116,47.560276730609985,2,4.7e-11,1.720982264665757e-10,1.4580962761173117e-9,Kruskal-Wallis
T cell proliferation,Third,log2rfu,1630,47.555089803793635,2,4.72e-11,1.7259509536784742e-10,1.4623059807118183e-9,Kruskal-Wallis
Positive regulation of immune response,Second,log2rfu,12648,47.53577998311084,2,4.76e-11,1.7382095238095238e-10,1.472692011890401e-9,Kruskal-Wallis
Regulation of kinase activity,Second,log2rfu,11904,47.46708042675891,2,4.93e-11,1.797842391304348e-10,1.5232157527874561e-9,Kruskal-Wallis
Negative regulation of cellular catabolic process,Third,log2rfu,1630,47.463610554309525,2,4.94e-11,1.799044776119403e-10,1.5242344691666353e-9,Kruskal-Wallis
Astrocyte development,Third,log2rfu,1630,47.444993782950405,2,4.98e-11,1.8111544715447154e-10,1.534494366765285e-9,Kruskal-Wallis
Positive regulation of NIK/NF-kappaB signaling,Second,log2rfu,1860,47.25956163203773,2,5.47e-11,1.9866684709066307e-10,1.683197996157868e-9,Kruskal-Wallis
Response to nitrogen compound,Second,log2rfu,11904,47.088921007787576,2,5.95e-11,2.158081081081081e-10,1.8284267377355486e-9,Kruskal-Wallis
Negative regulation of protein metabolic process,Third,log2rfu,10432,47.03719014490707,2,6.11e-11,2.213122807017544e-10,1.875060649814017e-9,Kruskal-Wallis
Regulation of macrophage derived foam cell differentiation,Third,log2rfu,326,47.004114117943345,2,6.21e-11,2.2402741935483868e-10,1.898064568218564e-9,Kruskal-Wallis
Regulation of superoxide anion generation,Third,log2rfu,326,47.004114117943345,2,6.21e-11,2.2402741935483868e-10,1.898064568218564e-9,Kruskal-Wallis
Positive regulation of superoxide anion generation,Third,log2rfu,326,47.004114117943345,2,6.21e-11,2.2402741935483868e-10,1.898064568218564e-9,Kruskal-Wallis
Apoptotic signaling pathway,Second,log2rfu,4464,46.87439337309661,2,6.63e-11,2.3885798657718125e-10,2.0237160364735544e-9,Kruskal-Wallis
Positive regulation of phosphatidylinositol 3-kinase signaling,Second,log2rfu,2604,46.813819570449596,2,6.83e-11,2.454045515394913e-10,2.0791815818710154e-9,Kruskal-Wallis
Regulation of phosphatidylinositol 3-kinase signaling,Second,log2rfu,2604,46.813819570449596,2,6.83e-11,2.454045515394913e-10,2.0791815818710154e-9,Kruskal-Wallis
Regulation of B cell differentiation,Second,log2rfu,1116,46.66895678854735,2,7.34e-11,2.633764705882353e-10,2.2314480449117883e-9,Kruskal-Wallis
Regulation of protein serine/threonine kinase activity,Second,log2rfu,4836,46.64812007231012,2,7.42e-11,2.6589158878504673e-10,2.2527572969131613e-9,Kruskal-Wallis
Epithelial cell proliferation,Second,log2rfu,2976,46.642479387737694,2,7.44e-11,2.662528e-10,2.2558176464485905e-9,Kruskal-Wallis
Cellular response to interleukin-7,Second,log2rfu,372,46.463684407700384,2,8.14e-11,2.909155792276964e-10,2.4647721911230627e-9,Kruskal-Wallis
Response to bacterium,Second,log2rfu,11904,46.159460557559214,2,9.48e-11,3.3835531914893614e-10,2.8667037481142544e-9,Kruskal-Wallis
Opsonization,Third,log2rfu,1304,46.08793145990194,2,9.82e-11,3.5002496679946875e-10,2.9655744345367397e-9,Kruskal-Wallis
Maternal process involved in female pregnancy,Third,log2rfu,652,46.01159277624902,2,1.02e-10,3.630875331564986e-10,3.0762465765615137e-9,Kruskal-Wallis
Regulation of cation transmembrane transport,Third,log2rfu,4238,45.99299660628276,2,1.03e-10,3.6616158940397357e-10,3.1022914118805388e-9,Kruskal-Wallis
Regulation of transport,Third,log2rfu,18908,45.95433685214812,2,1.05e-10,3.7277777777777775e-10,3.1583468392257374e-9,Kruskal-Wallis
Neuron development,Second,log2rfu,13020,45.92654788491927,2,1.06e-10,3.753350923482849e-10,3.180013598544964e-9,Kruskal-Wallis
Positive regulation of apoptotic signaling pathway,Third,log2rfu,1956,45.939496236128434,2,1.06e-10,3.753350923482849e-10,3.180013598544964e-9,Kruskal-Wallis
Striated muscle tissue development,Third,log2rfu,1630,45.85,2,1.1e-10,3.884736842105263e-10,3.291329864035242e-9,Kruskal-Wallis
Cardiac muscle tissue development,Third,log2rfu,1630,45.85,2,1.1e-10,3.884736842105263e-10,3.291329864035242e-9,Kruskal-Wallis
Response to estrogen,Third,log2rfu,978,45.82502603385501,2,1.12e-10,3.9501708278580815e-10,3.3467685823280348e-9,Kruskal-Wallis
Response to lipopolysaccharide,Third,log2rfu,5868,45.696079128974816,2,1.19e-10,4.191548556430446e-10,3.551275028672719e-9,Kruskal-Wallis
Positive regulation of nucleocytoplasmic transport,Third,log2rfu,1630,45.59225135870747,2,1.26e-10,4.4322935779816517e-10,3.755245416180326e-9,Kruskal-Wallis
Plasma membrane bounded cell projection organization,Second,log2rfu,13020,45.57368769522873,2,1.27e-10,4.4616230366492146e-10,3.780094698675411e-9,Kruskal-Wallis
Positive regulation of macrophage activation,Third,log2rfu,326,45.50763985033177,2,1.3100000000000001e-10,4.5961307189542487e-10,3.894055867657145e-9,Kruskal-Wallis
Lung morphogenesis,Third,log2rfu,326,45.48659908568334,2,1.33e-10,4.65413298565841e-10,3.943198087669578e-9,Kruskal-Wallis
Trachea morphogenesis,Third,log2rfu,326,45.48659908568334,2,1.33e-10,4.65413298565841e-10,3.943198087669578e-9,Kruskal-Wallis
Positive regulation of protein secretion,Second,log2rfu,1116,45.46803981788253,2,1.34e-10,4.683020833333333e-10,3.9676732167773325e-9,Kruskal-Wallis
Positive regulation of reactive oxygen species metabolic process,Third,log2rfu,1304,45.40374993700743,2,1.38e-10,4.816540962288686e-10,4.0807976845964795e-9,Kruskal-Wallis
Telencephalon development,Third,log2rfu,2608,45.337181044725185,2,1.43e-10,4.984571428571429e-10,4.223160916450415e-9,Kruskal-Wallis
Regulation of macromolecule biosynthetic process,Second,log2rfu,28644,45.075099734807736,2,1.63e-10,5.674345006485084e-10,4.807569196517932e-9,Kruskal-Wallis
Regulation of myeloid cell differentiation,Second,log2rfu,1860,44.89573879950149,2,1.78e-10,6.188497409326425e-10,5.243183042942623e-9,Kruskal-Wallis
Regulation of endothelial cell chemotaxis,Third,log2rfu,652,44.866412308246254,2,1.81e-10,6.276537467700258e-10,5.317774678138218e-9,Kruskal-Wallis
Cellular defense response,Third,log2rfu,652,44.86624737087163,2,1.81e-10,6.276537467700258e-10,5.317774678138218e-9,Kruskal-Wallis
Positive regulation of alpha-beta T cell differentiation,Third,log2rfu,326,44.81401992793121,2,1.86e-10,6.441600000000001e-10,5.4576233381820746e-9,Kruskal-Wallis
Mononuclear cell proliferation,Second,log2rfu,2604,44.670336424598645,2,2e-10,6.917525773195876e-10,5.8608498047487906e-9,Kruskal-Wallis
Wound healing,Second,log2rfu,4092,44.62,2,2.05e-10,7.081338481338481e-10,5.999639555594837e-9,Kruskal-Wallis
Cell adhesion,Second,log2rfu,15996,44.47922450555052,2,2.2e-10,7.589717223650385e-10,6.430361688089419e-9,Kruskal-Wallis
Glucose homeostasis,Third,log2rfu,1630,44.439583947130814,2,2.24e-10,7.717792041078306e-10,6.538872634535647e-9,Kruskal-Wallis
Response to xenobiotic stimulus,Second,log2rfu,4464,44.24562556657838,2,2.47e-10,8.499333333333333e-10,7.201030793434681e-9,Kruskal-Wallis
Biological process involved in interaction with host,Second,log2rfu,1860,44.193743272414395,2,2.53e-10,8.672439335887612e-10,7.347694255853899e-9,Kruskal-Wallis
Movement in host,Second,log2rfu,1860,44.193743272414395,2,2.53e-10,8.672439335887612e-10,7.347694255853899e-9,Kruskal-Wallis
Viral life cycle,Second,log2rfu,1860,44.193743272414395,2,2.53e-10,8.672439335887612e-10,7.347694255853899e-9,Kruskal-Wallis
Regulation of nuclear division,Second,log2rfu,1488,43.97859155901642,2,2.82e-10,9.654183673469389e-10,8.179473753015227e-9,Kruskal-Wallis
Regulation of hormone levels,Third,log2rfu,3586,43.952561878277265,2,2.86e-10,9.778649681528662e-10,8.284927148195717e-9,Kruskal-Wallis
Negative regulation of transport,Second,log2rfu,4836,43.802430614141485,2,3.08e-10,1.0517455470737913e-9,8.910877799830782e-9,Kruskal-Wallis
Positive regulation of phosphorylation,Second,log2rfu,18600,43.778677916423476,2,3.12e-10,1.0640508259212198e-9,9.015133849601902e-9,Kruskal-Wallis
Positive regulation of metabolic process,Second,log2rfu,40548,43.64111218864855,2,3.34e-10,1.1376345177664974e-9,9.638569135748798e-9,Kruskal-Wallis
Regulation of lymphocyte activation,Second,log2rfu,10044,43.57128273232229,2,3.46e-10,1.1770139416983524e-9,9.972209944080047e-9,Kruskal-Wallis
Mononuclear cell differentiation,Second,log2rfu,3720,43.48739468429267,2,3.6e-10,1.2230886075949366e-9,1.0362575958573558e-8,Kruskal-Wallis
Positive regulation of phospholipase C activity,Third,log2rfu,652,43.48237669861942,2,3.61e-10,1.2249355246523388e-9,1.0378223899513951e-8,Kruskal-Wallis
Regulation of trans-synaptic signaling,Third,log2rfu,4890,43.318608807696364,2,3.92e-10,1.3267692307692307e-9,1.124100645527203e-8,Kruskal-Wallis
Modulation of chemical synaptic transmission,Third,log2rfu,4890,43.318608807696364,2,3.92e-10,1.3267692307692307e-9,1.124100645527203e-8,Kruskal-Wallis
Regulation of cell motility,Second,log2rfu,20460,43.261732040467905,2,4.03e-10,1.3622821158690177e-9,1.1541888146974054e-8,Kruskal-Wallis
Regulation of morphogenesis of an epithelium,Second,log2rfu,1488,43.127606914628814,2,4.31e-10,1.4548155583437892e-9,1.2325874540436303e-8,Kruskal-Wallis
Negative regulation of kinase activity,Second,log2rfu,3348,43.12618356935309,2,4.32e-10,1.4548155583437892e-9,1.2325874540436303e-8,Kruskal-Wallis
Negative regulation of transferase activity,Second,log2rfu,3348,43.12618356935309,2,4.32e-10,1.4548155583437892e-9,1.2325874540436303e-8,Kruskal-Wallis
Nervous system development,Second,log2rfu,25296,42.82110868071322,2,5.03e-10,1.6917944862155388e-9,1.4333670316967333e-8,Kruskal-Wallis
Peptidyl-threonine phosphorylation,Second,log2rfu,2604,42.79777079762516,2,5.09e-10,1.7098322903629538e-9,1.4486494989229639e-8,Kruskal-Wallis
Regulation of neuron differentiation,Third,log2rfu,2934,42.67570480784525,2,5.41e-10,1.815055e-9,1.5377990760190114e-8,Kruskal-Wallis
Transmembrane receptor protein serine/threonine kinase signaling pathway,Second,log2rfu,4836,42.61181925110395,2,5.58e-10,1.8697528089887642e-9,1.5841416056521003e-8,Kruskal-Wallis
Cell projection organization,Second,log2rfu,13392,42.59230439312523,2,5.64e-10,1.887501246882793e-9,1.599178908320184e-8,Kruskal-Wallis
Regulation of developmental growth,Second,log2rfu,6696,42.577610125186766,2,5.68e-10,1.8985205479452055e-9,1.6085149730632097e-8,Kruskal-Wallis
Positive regulation of lipid biosynthetic process,Second,log2rfu,1116,42.51517393025415,2,5.86e-10,1.9562487562189053e-9,1.6574249980175664e-8,Kruskal-Wallis
Phagocytosis,Third,log2rfu,3260,42.460592734774764,2,6.02e-10,2.0071652173913044e-9,1.700563793781371e-8,Kruskal-Wallis
Anatomical structure homeostasis,Third,log2rfu,1630,42.422285975628256,2,6.14e-10,2.042101610904585e-9,1.7301635324472293e-8,Kruskal-Wallis
Tissue homeostasis,Third,log2rfu,1630,42.422285975628256,2,6.14e-10,2.042101610904585e-9,1.7301635324472293e-8,Kruskal-Wallis
Leukocyte migration,Second,log2rfu,5208,42.37457040753543,2,6.29e-10,2.0894009900990097e-9,1.7702377680056336e-8,Kruskal-Wallis
Positive regulation of DNA biosynthetic process,Second,log2rfu,2232,42.32382464847251,2,6.45e-10,2.1399011124845493e-9,1.8130238221711156e-8,Kruskal-Wallis
Regulation of protein localization to nucleus,Third,log2rfu,1956,42.29316099469452,2,6.55e-10,2.170395061728395e-9,1.8388597152825404e-8,Kruskal-Wallis
Ameboidal-type cell migration,Second,log2rfu,2232,42.28765333346564,2,6.57e-10,2.1743378545006164e-9,1.8422002328327283e-8,Kruskal-Wallis
Negative regulation of protein serine/threonine kinase activity,Third,log2rfu,978,42.25930468740853,2,6.66e-10,2.2014088669950736e-9,1.865136054612716e-8,Kruskal-Wallis
Regulation of lipid biosynthetic process,Third,log2rfu,2282,42.21994296716639,2,6.79e-10,2.241618696186962e-9,1.899203693432569e-8,Kruskal-Wallis
Ameboidal-type cell migration,Third,log2rfu,1956,42.032651941709446,2,7.46e-10,2.4597837837837837e-9,2.084043309932344e-8,Kruskal-Wallis
Response to virus,Second,log2rfu,2604,41.98178537661079,2,7.65e-10,2.5193374233128838e-9,2.1344999252092467e-8,Kruskal-Wallis
Regulation of endocytosis,Third,log2rfu,3586,41.694131513071625,2,8.84e-10,2.907666666666667e-9,2.463510534596075e-8,Kruskal-Wallis
Response to other organism,Third,log2rfu,16626,41.576199994044146,2,9.37e-10,3.0744596577017112e-9,2.6048253198230456e-8,Kruskal-Wallis
Positive regulation of cell cycle,Second,log2rfu,3720,41.58,2,9.37e-10,3.0744596577017112e-9,2.6048253198230456e-8,Kruskal-Wallis
Positive regulation of receptor signaling pathway via STAT,Third,log2rfu,1630,41.546089452352135,2,9.51e-10,3.1165860805860804e-9,2.6405167860252095e-8,Kruskal-Wallis
Adaptive immune response,Second,log2rfu,9300,41.43616309749632,2,1.01e-9,3.30590243902439e-9,2.8009144164450685e-8,Kruskal-Wallis
Lymphocyte activation involved in immune response,Second,log2rfu,1488,41.37632557914549,2,1.04e-9,3.3999512789281364e-9,2.880596971025861e-8,Kruskal-Wallis
Response to other organism,Second,log2rfu,18972,41.303170660772594,2,1.07e-9,3.493771289537713e-9,2.9600856507779902e-8,Kruskal-Wallis
Skin epidermis development,Second,log2rfu,2976,41.25386574950426,2,1.1e-9,3.587363304981774e-9,3.039381162414075e-8,Kruskal-Wallis
Leukocyte migration,Third,log2rfu,4564,41.22244449627033,2,1.12e-9,3.6481553398058254e-9,3.090887003824799e-8,Kruskal-Wallis
Positive regulation of cell development,Third,log2rfu,6520,41.20821982396956,2,1.13e-9,3.676266666666667e-9,3.1147042283564364e-8,Kruskal-Wallis
Regulation of locomotion,Second,log2rfu,20832,41.18265079455159,2,1.14e-9,3.704309927360775e-9,3.138463784063541e-8,Kruskal-Wallis
Regulation of programmed cell death,Third,log2rfu,20864,41.173461471938936,2,1.15e-9,3.727777777777778e-9,3.1583468392257374e-8,Kruskal-Wallis
Regulation of apoptotic process,Third,log2rfu,20864,41.173461471938936,2,1.15e-9,3.727777777777778e-9,3.1583468392257374e-8,Kruskal-Wallis
Myeloid leukocyte mediated immunity,Third,log2rfu,978,41.130800188855574,2,1.17e-9,3.788033775633293e-9,3.209398525167384e-8,Kruskal-Wallis
Positive regulation of Ras protein signal transduction,Second,log2rfu,744,40.927858967605516,2,1.3e-9,4.203855421686747e-9,3.561701977729265e-8,Kruskal-Wallis
Regulation of protein kinase activity,Second,log2rfu,10044,40.87091264686751,2,1.33e-9,4.290528846153846e-9,3.635135737070392e-8,Kruskal-Wallis
Regulation of cellular localization,Third,log2rfu,10432,40.87,2,1.33e-9,4.290528846153846e-9,3.635135737070392e-8,Kruskal-Wallis
Cytolysis,Second,log2rfu,2604,40.64867345699804,2,1.49e-9,4.800912364945979e-9,4.067556409509449e-8,Kruskal-Wallis
Regulation of ossification,Second,log2rfu,3348,40.62238060264281,2,1.51e-9,4.859520383693045e-9,4.117211850846788e-8,Kruskal-Wallis
Cell population proliferation,Second,log2rfu,9672,40.549964314290264,2,1.57e-9,5.040526315789474e-9,4.2705685012688674e-8,Kruskal-Wallis
Response to metal ion,Third,log2rfu,2608,40.54512192184666,2,1.57e-9,5.040526315789474e-9,4.2705685012688674e-8,Kruskal-Wallis
Regulation of leukocyte adhesion to vascular endothelial cell,Second,log2rfu,1116,40.436222339745655,2,1.66e-9,5.316754176610979e-9,4.5046016017214817e-8,Kruskal-Wallis
Regulation of leukocyte tethering or rolling,Second,log2rfu,1116,40.436222339745655,2,1.66e-9,5.316754176610979e-9,4.5046016017214817e-8,Kruskal-Wallis
Positive regulation of monocyte chemotaxis,Second,log2rfu,1116,40.39779975421379,2,1.69e-9,5.406388557806913e-9,4.580544021418209e-8,Kruskal-Wallis
Vascular endothelial growth factor receptor signaling pathway,Third,log2rfu,1630,40.39,2,1.7e-9,5.431904761904762e-9,4.6021625371575027e-8,Kruskal-Wallis
Response to oxygen-containing compound,Third,log2rfu,18908,40.33322071880684,2,1.74e-9,5.553103448275862e-9,4.704847705329374e-8,Kruskal-Wallis
Neurogenesis,Second,log2rfu,19344,40.30831788976502,2,1.77e-9,5.642137767220903e-9,4.780281724357815e-8,Kruskal-Wallis
Response to insulin,Second,log2rfu,3720,40.27280193221122,2,1.8e-9,5.730960854092527e-9,4.855536777742059e-8,Kruskal-Wallis
Regulation of immune response to tumor cell,Second,log2rfu,1116,40.20966580428467,2,1.86e-9,5.9149763033175355e-9,5.0114432311506015e-8,Kruskal-Wallis
B cell proliferation,Second,log2rfu,744,40.03837033034688,2,2.02e-9,6.416189349112426e-9,5.436094252035399e-8,Kruskal-Wallis
Positive regulation of multicellular organismal process,Second,log2rfu,25296,39.95687661640113,2,2.11e-9,6.694137115839243e-9,5.6715845368223873e-8,Kruskal-Wallis
Positive regulation of protein-containing complex assembly,Second,log2rfu,1860,39.93084621252365,2,2.13e-9,6.74961038961039e-9,5.718584076312386e-8,Kruskal-Wallis
Semi-lunar valve development,Third,log2rfu,978,39.84131910867109,2,2.23e-9,7.0498468786808005e-9,5.972958404076376e-8,Kruskal-Wallis
Aortic valve development,Third,log2rfu,978,39.84131910867109,2,2.23e-9,7.0498468786808005e-9,5.972958404076376e-8,Kruskal-Wallis
Maintenance of blood-brain barrier,Third,log2rfu,326,39.72472579646569,2,2.37e-9,7.483623529411765e-9,6.340474172299762e-8,Kruskal-Wallis
Positive regulation of NF-kappaB transcription factor activity,Second,log2rfu,3348,39.54580039787288,2,2.59e-9,8.168695652173913e-9,6.920899160738137e-8,Kruskal-Wallis
Response to tumor necrosis factor,Second,log2rfu,2604,39.49074067365382,2,2.66e-9,8.340467289719626e-9,7.066432087015341e-8,Kruskal-Wallis
Cellular response to tumor necrosis factor,Second,log2rfu,2604,39.49074067365382,2,2.66e-9,8.340467289719626e-9,7.066432087015341e-8,Kruskal-Wallis
Negative regulation of interleukin-10 production,Third,log2rfu,652,39.48807927055782,2,2.66e-9,8.340467289719626e-9,7.066432087015341e-8,Kruskal-Wallis
Regulation of interleukin-13 production,Second,log2rfu,744,39.49065132082205,2,2.66e-9,8.340467289719626e-9,7.066432087015341e-8,Kruskal-Wallis
Positive regulation of interleukin-13 production,Second,log2rfu,744,39.49065132082205,2,2.66e-9,8.340467289719626e-9,7.066432087015341e-8,Kruskal-Wallis
Positive regulation of response to biotic stimulus,Third,log2rfu,4564,39.457472510166554,2,2.7e-9,8.456009334889148e-9,7.16432468547822e-8,Kruskal-Wallis
Negative regulation of catalytic activity,Second,log2rfu,10044,39.39875122750527,2,2.78e-9,8.696410256410256e-9,7.368003535424517e-8,Kruskal-Wallis
Epithelial cell development,Third,log2rfu,2282,39.11936913388399,2,3.2e-9,9.998603026775322e-9,8.471281859809195e-8,Kruskal-Wallis
Regulation of biomineral tissue development,Second,log2rfu,2976,39.08252718163749,2,3.26e-9,1.0174232558139534e-8,8.620083373291455e-8,Kruskal-Wallis
Regulation of biomineral tissue development,Third,log2rfu,2608,39.05712642198796,2,3.3e-9,1.0287108013937283e-8,8.715716713124683e-8,Kruskal-Wallis
Epithelial cell differentiation,Third,log2rfu,5868,38.965286106329586,2,3.46e-9,1.0773364269141531e-8,9.127695644871412e-8,Kruskal-Wallis
Alpha-beta T cell differentiation,Third,log2rfu,978,38.92549761351347,2,3.53e-9,1.096587962962963e-8,9.290803618722377e-8,Kruskal-Wallis
Alpha-beta T cell activation,Third,log2rfu,978,38.92549761351347,2,3.53e-9,1.096587962962963e-8,9.290803618722377e-8,Kruskal-Wallis
Positive regulation of protein kinase B signaling,Third,log2rfu,1956,38.89426152565193,2,3.58e-9,1.1095519630484988e-8,9.400640661418315e-8,Kruskal-Wallis
Regulation of protein kinase B signaling,Third,log2rfu,1956,38.89426152565193,2,3.58e-9,1.1095519630484988e-8,9.400640661418315e-8,Kruskal-Wallis
Positive regulation of interferon-gamma production,Third,log2rfu,1956,38.865978464123145,2,3.63e-9,1.1237508650519032e-8,9.520940367935856e-8,Kruskal-Wallis
Positive regulation of secretion by cell,Second,log2rfu,2232,38.80639804017301,2,3.74e-9,1.1564700460829493e-8,9.79815249846436e-8,Kruskal-Wallis
Positive regulation of response to stimulus,Second,log2rfu,37200,38.80558132205624,2,3.75e-9,1.1568965517241379e-8,9.801766052769527e-8,Kruskal-Wallis
Negative regulation of molecular function,Second,log2rfu,14880,38.80120686292503,2,3.75e-9,1.1568965517241379e-8,9.801766052769527e-8,Kruskal-Wallis
Positive regulation of endopeptidase activity,Second,log2rfu,3720,38.580347244123914,2,4.19e-9,1.2911549942594718e-8,1.0939266067251669e-7,Kruskal-Wallis
Extrinsic apoptotic signaling pathway,Second,log2rfu,1860,38.538979689839834,2,4.28e-9,1.3173761467889909e-8,1.1161423875869303e-7,Kruskal-Wallis
Regulation of glial cell differentiation,Second,log2rfu,1488,38.434177860458476,2,4.51e-9,1.3865796105383736e-8,1.1747747830852022e-7,Kruskal-Wallis
Positive regulation of cell growth,Third,log2rfu,1956,38.42743117424925,2,4.52e-9,1.3880640732265447e-8,1.1760324889675332e-7,Kruskal-Wallis
Regulation of leukocyte proliferation,Second,log2rfu,7812,38.31509888133223,2,4.79e-9,1.4692982857142858e-8,1.2448578947567684e-7,Kruskal-Wallis
Positive regulation of nucleocytoplasmic transport,Second,log2rfu,1860,38.3,2,4.81e-9,1.4737488584474885e-8,1.248628627124038e-7,Kruskal-Wallis
Positive regulation of cell cycle process,Third,log2rfu,1956,38.28632489771371,2,4.86e-9,1.4873705815279361e-8,1.2601695849280161e-7,Kruskal-Wallis
Positive regulation of immune system process,Second,log2rfu,20832,38.20992339582881,2,5.04e-9,1.5407015945330295e-8,1.305354101387512e-7,Kruskal-Wallis
Cellular response to nitrogen compound,Second,log2rfu,9300,38.188974089931435,2,5.1e-9,1.557269624573379e-8,1.3193913075809906e-7,Kruskal-Wallis
Gland morphogenesis,Third,log2rfu,1630,38.13598827359965,2,5.23e-9,1.59515e-8,1.351485324748686e-7,Kruskal-Wallis
Response to fibroblast growth factor,Second,log2rfu,2604,38.06923691187694,2,5.41e-9,1.646308390022676e-8,1.394829093894795e-7,Kruskal-Wallis
Negative regulation of cellular catabolic process,Second,log2rfu,1860,38.07184610232798,2,5.41e-9,1.646308390022676e-8,1.394829093894795e-7,Kruskal-Wallis
Neuron differentiation,Third,log2rfu,14996,37.97211353157036,2,5.68e-9,1.7245610859728508e-8,1.4611284201015358e-7,Kruskal-Wallis
Generation of neurons,Third,log2rfu,14996,37.97211353157036,2,5.68e-9,1.7245610859728508e-8,1.4611284201015358e-7,Kruskal-Wallis
Positive regulation of vascular endothelial growth factor production,Second,log2rfu,744,37.94350833308363,2,5.76e-9,1.7468745762711863e-8,1.4800334476425965e-7,Kruskal-Wallis
Vascular endothelial growth factor receptor signaling pathway,Second,log2rfu,1860,37.836591613898236,2,6.08e-9,1.8418419864559817e-8,1.5604942577194793e-7,Kruskal-Wallis
Forebrain development,Second,log2rfu,5208,37.72424399394913,2,6.43e-9,1.94567305524239e-8,1.6484647719142585e-7,Kruskal-Wallis
Regulation of DNA-binding transcription factor activity,Second,log2rfu,5952,37.58667450894427,2,6.89e-9,2.082518018018018e-8,1.7644061936971888e-7,Kruskal-Wallis
Positive regulation of cysteine-type endopeptidase activity,Second,log2rfu,2604,37.55041444795188,2,7.02e-9,2.1194240719910012e-8,1.7956747203804912e-7,Kruskal-Wallis
Ephrin receptor signaling pathway,Second,log2rfu,2976,37.47638985917183,2,7.28e-9,2.1954516853932585e-8,1.8600888530882722e-7,Kruskal-Wallis
Negative regulation of cellular metabolic process,Second,log2rfu,15996,37.39716312086239,2,7.57e-9,2.2803456790123456e-8,1.9320149957930367e-7,Kruskal-Wallis
Vesicle-mediated transport,Second,log2rfu,10044,37.293458375330374,2,7.98e-9,2.4011569506726454e-8,2.0343719281900667e-7,Kruskal-Wallis
Regulation of bone remodeling,Third,log2rfu,978,37.269696898168604,2,8.07e-9,2.4255184770436734e-8,2.0550121472158146e-7,Kruskal-Wallis
Immune response-regulating signaling pathway,Second,log2rfu,9300,37.22,2,8.26e-9,2.4798478747203578e-8,2.1010425416379535e-7,Kruskal-Wallis
Positive regulation of stress-activated MAPK cascade,Second,log2rfu,1488,37.18416266932036,2,8.42e-9,2.5222410714285716e-8,2.136960031040414e-7,Kruskal-Wallis
Positive regulation of JNK cascade,Second,log2rfu,1488,37.18416266932036,2,8.42e-9,2.5222410714285716e-8,2.136960031040414e-7,Kruskal-Wallis
Regulation of protein phosphorylation,Second,log2rfu,21576,37.18207670573611,2,8.43e-9,2.522421404682274e-8,2.1371128177663918e-7,Kruskal-Wallis
Animal organ morphogenesis,Third,log2rfu,9780,37.06781613347994,2,8.93e-9,2.6690556792873053e-8,2.2613482001654567e-7,Kruskal-Wallis
Regulation of macrophage activation,Third,log2rfu,1630,37.043257777962026,2,9.04e-9,2.6989276974416018e-8,2.2866571643106205e-7,Kruskal-Wallis
Positive regulation of growth,Third,log2rfu,5216,37.00382243945933,2,9.22e-9,2.7496088888888887e-8,2.3295966286129035e-7,Kruskal-Wallis
Response to biotic stimulus,Second,log2rfu,19716,36.93667115404969,2,9.53e-9,2.8389034406215317e-8,2.4052511289712896e-7,Kruskal-Wallis
Macromolecule modification,Third,log2rfu,25754,36.86613030609442,2,9.88e-9,2.936367256637168e-8,2.4878270102609104e-7,Kruskal-Wallis
Epidermis morphogenesis,Second,log2rfu,1116,36.86284405616016,2,9.89e-9,2.936367256637168e-8,2.4878270102609104e-7,Kruskal-Wallis
Hair follicle morphogenesis,Second,log2rfu,1116,36.86284405616016,2,9.89e-9,2.936367256637168e-8,2.4878270102609104e-7,Kruskal-Wallis
Regulation of pathway-restricted SMAD protein phosphorylation,Second,log2rfu,2232,36.74245670658274,2,1.05e-8,3.114033149171271e-8,2.6383538237068035e-7,Kruskal-Wallis
Response to amino acid,Third,log2rfu,978,36.67229329195379,2,1.09e-8,3.225534729878721e-8,2.732823152617815e-7,Kruskal-Wallis
Response to acid chemical,Third,log2rfu,978,36.67229329195379,2,1.09e-8,3.225534729878721e-8,2.732823152617815e-7,Kruskal-Wallis
Ventricular cardiac muscle tissue morphogenesis,Third,log2rfu,978,36.62648856045962,2,1.11e-8,3.277491749174918e-8,2.776843557655896e-7,Kruskal-Wallis
Ventricular cardiac muscle tissue development,Third,log2rfu,978,36.62648856045962,2,1.11e-8,3.277491749174918e-8,2.776843557655896e-7,Kruskal-Wallis
Positive regulation of interleukin-6 production,Third,log2rfu,1956,36.54179625590223,2,1.16e-8,3.4213626373626376e-8,2.898737670463006e-7,Kruskal-Wallis
Head development,Second,log2rfu,8556,36.46724124976754,2,1.21e-8,3.561008771929825e-8,3.0170523753656387e-7,Kruskal-Wallis
Brain development,Second,log2rfu,8556,36.46724124976754,2,1.21e-8,3.561008771929825e-8,3.0170523753656387e-7,Kruskal-Wallis
Regulation of mast cell activation,Third,log2rfu,2282,36.42667170966433,2,1.23e-8,3.611947483588621e-8,3.0602100227771475e-7,Kruskal-Wallis
Negative regulation of endothelial cell proliferation,Third,log2rfu,978,36.42834645873336,2,1.23e-8,3.611947483588621e-8,3.0602100227771475e-7,Kruskal-Wallis
Positive regulation of DNA binding,Second,log2rfu,1116,36.39281232403937,2,1.25e-8,3.6666666666666664e-8,3.106570661533512e-7,Kruskal-Wallis
Embryo development,Second,log2rfu,10416,36.35000289121672,2,1.28e-8,3.7505676855895196e-8,3.1776555098585585e-7,Kruskal-Wallis
Morphogenesis of a branching epithelium,Second,log2rfu,2604,36.25674885925946,2,1.34e-8,3.917821350762527e-8,3.319360599656853e-7,Kruskal-Wallis
Morphogenesis of a branching structure,Second,log2rfu,2604,36.25674885925946,2,1.34e-8,3.917821350762527e-8,3.319360599656853e-7,Kruskal-Wallis
Regulation of macrophage chemotaxis,Second,log2rfu,1116,36.11123879942352,2,1.44e-8,4.205614798694233e-8,3.5631926038185465e-7,Kruskal-Wallis
MAPK cascade,Third,log2rfu,2282,35.986161542147784,2,1.53e-8,4.463608695652174e-8,3.7817770414033393e-7,Kruskal-Wallis
Response to xenobiotic stimulus,Third,log2rfu,3912,35.98308270846428,2,1.54e-8,4.487904451682953e-8,3.8023615367356107e-7,Kruskal-Wallis
Regulation of lipid metabolic process,Third,log2rfu,3586,35.804122716705024,2,1.68e-8,4.89058568329718e-8,4.1435318185764124e-7,Kruskal-Wallis
Regulation of phosphorylation,Second,log2rfu,23436,35.79347614882863,2,1.69e-8,4.9143661971830984e-8,4.1636797767820984e-7,Kruskal-Wallis
Lymphocyte differentiation,Third,log2rfu,2934,35.73190188803528,2,1.74e-8,5.0542857142857145e-8,4.282226104093078e-7,Kruskal-Wallis
Osteoblast differentiation,Second,log2rfu,2604,35.714404921020105,2,1.76e-8,5.106854054054054e-8,4.326764448288491e-7,Kruskal-Wallis
Mammary gland development,Third,log2rfu,1304,35.68633710694985,2,1.78e-8,5.159308855291577e-8,4.3712065973560533e-7,Kruskal-Wallis
"Regulation of CD4-positive, alpha-beta T cell activation",Second,log2rfu,372,35.63513208147219,2,1.83e-8,5.2475641025641025e-8,4.4459805506023837e-7,Kruskal-Wallis
"Regulation of CD4-positive, alpha-beta T cell differentiation",Second,log2rfu,372,35.63513208147219,2,1.83e-8,5.2475641025641025e-8,4.4459805506023837e-7,Kruskal-Wallis
Regulation of T-helper cell differentiation,Second,log2rfu,372,35.63513208147219,2,1.83e-8,5.2475641025641025e-8,4.4459805506023837e-7,Kruskal-Wallis
Positive regulation of macrophage chemotaxis,Second,log2rfu,372,35.63513208147219,2,1.83e-8,5.2475641025641025e-8,4.4459805506023837e-7,Kruskal-Wallis
Regulation of carbohydrate metabolic process,Third,log2rfu,1630,35.62776885115818,2,1.83e-8,5.2475641025641025e-8,4.4459805506023837e-7,Kruskal-Wallis
Negative regulation of adaptive immune response,Second,log2rfu,372,35.63513208147219,2,1.83e-8,5.2475641025641025e-8,4.4459805506023837e-7,Kruskal-Wallis
Negative regulation of adaptive immune response based on somatic recombination of immune receptors built from immunoglobulin superfamily domains,Second,log2rfu,372,35.63513208147219,2,1.83e-8,5.2475641025641025e-8,4.4459805506023837e-7,Kruskal-Wallis
Regulation of glucose metabolic process,Third,log2rfu,1630,35.62776885115818,2,1.83e-8,5.2475641025641025e-8,4.4459805506023837e-7,Kruskal-Wallis
Regulation of cellular carbohydrate metabolic process,Third,log2rfu,1630,35.62776885115818,2,1.83e-8,5.2475641025641025e-8,4.4459805506023837e-7,Kruskal-Wallis
Negative regulation of alpha-beta T cell activation,Second,log2rfu,372,35.63513208147219,2,1.83e-8,5.2475641025641025e-8,4.4459805506023837e-7,Kruskal-Wallis
Immune response-regulating signaling pathway,Third,log2rfu,8150,35.59629392959323,2,1.86e-8,5.327897545357524e-8,4.514042782381118e-7,Kruskal-Wallis
Regulation of cell death,Second,log2rfu,25668,35.58587187300145,2,1.87e-8,5.345133120340788e-8,4.5286455637204816e-7,Kruskal-Wallis
Lipopolysaccharide-mediated signaling pathway,Third,log2rfu,2282,35.58536252378326,2,1.87e-8,5.345133120340788e-8,4.5286455637204816e-7,Kruskal-Wallis
Positive regulation of inflammatory response,Third,log2rfu,3260,35.504381669918075,2,1.95e-8,5.5678723404255315e-8,4.717360598162697e-7,Kruskal-Wallis
Response to biotic stimulus,Third,log2rfu,17278,35.47377036674152,2,1.98e-8,5.647523910733262e-8,4.784845115834443e-7,Kruskal-Wallis
Negative regulation of cysteine-type endopeptidase activity,Second,log2rfu,1488,35.32118486910713,2,2.14e-8,6.090943796394486e-8,5.160531081525998e-7,Kruskal-Wallis
Negative regulation of cysteine-type endopeptidase activity involved in apoptotic process,Second,log2rfu,1488,35.32118486910713,2,2.14e-8,6.090943796394486e-8,5.160531081525998e-7,Kruskal-Wallis
Regulation of cell population proliferation,Second,log2rfu,26784,34.850803676919895,2,2.71e-8,7.705127118644068e-8,6.52814232277252e-7,Kruskal-Wallis
Negative regulation of blood circulation,Second,log2rfu,1116,34.80427474294993,2,2.77e-8,7.867386243386243e-8,6.665615805451651e-7,Kruskal-Wallis
Cellular component organization,Second,log2rfu,33852,34.78,2,2.8e-8,7.944186046511629e-8,6.730684173233707e-7,Kruskal-Wallis
Behavior,Second,log2rfu,5952,34.53762834981171,2,3.16e-8,8.95611404435058e-8,7.588036672234845e-7,Kruskal-Wallis
Transforming growth factor beta receptor signaling pathway,Second,log2rfu,744,34.53467528257033,2,3.17e-8,8.974978902953586e-8,7.604019858490319e-7,Kruskal-Wallis
Regulation of protein metabolic process,Third,log2rfu,30644,34.320246801755275,2,3.53e-8,9.983688092729188e-8,8.458645233483808e-7,Kruskal-Wallis
Positive regulation of cell killing,Third,log2rfu,978,34.26979299278901,2,3.62e-8,1.0227452631578948e-7,8.665173896587328e-7,Kruskal-Wallis
oncostatin-M-mediated signaling pathway,Second,log2rfu,372,34.14094344672026,2,3.86e-8,1.08940483701367e-7,9.229944832361903e-7,Kruskal-Wallis
Regulation of protein binding,Third,log2rfu,4890,34.133516045316355,2,3.87e-8,1.0910798319327732e-7,9.244136168927097e-7,Kruskal-Wallis
Activation of protein kinase activity,Third,log2rfu,3586,33.987871233870464,2,4.17e-8,1.1744260230849948e-7,9.950283893065429e-7,Kruskal-Wallis
Neuron recognition,Third,log2rfu,2282,33.97,2,4.21e-8,1.1844486373165619e-7,1.0035200145766304e-6,Kruskal-Wallis
Nephron development,Second,log2rfu,1488,33.946029408476534,2,4.25e-8,1.1944502617801047e-7,1.011993856338299e-6,Kruskal-Wallis
Cell development,Second,log2rfu,21204,33.90026350433618,2,4.35e-8,1.221276150627615e-7,1.034721997955545e-6,Kruskal-Wallis
Positive regulation of protein modification process,Second,log2rfu,17856,33.89593222021358,2,4.36e-8,1.2228045977011495e-7,1.0360169694563673e-6,Kruskal-Wallis
Positive regulation of epithelial cell migration,Third,log2rfu,3260,33.87614091996329,2,4.4e-8,1.2327348643006262e-7,1.0444303535143146e-6,Kruskal-Wallis
Hair cycle process,Third,log2rfu,2282,33.81362308323514,2,4.54e-8,1.2666694386694387e-7,1.0731813043722548e-6,Kruskal-Wallis
Hair follicle development,Third,log2rfu,2282,33.81362308323514,2,4.54e-8,1.2666694386694387e-7,1.0731813043722548e-6,Kruskal-Wallis
Hair cycle,Third,log2rfu,2282,33.81362308323514,2,4.54e-8,1.2666694386694387e-7,1.0731813043722548e-6,Kruskal-Wallis
Cellular component organization or biogenesis,Second,log2rfu,34224,33.81473370247113,2,4.54e-8,1.2666694386694387e-7,1.0731813043722548e-6,Kruskal-Wallis
Regulation of gliogenesis,Third,log2rfu,1956,33.807823946205644,2,4.56e-8,1.2709283489096573e-7,1.0767896513547186e-6,Kruskal-Wallis
Lymphocyte differentiation,Second,log2rfu,3348,33.79332160219201,2,4.59e-8,1.2779626556016597e-7,1.0827494433893378e-6,Kruskal-Wallis
Stress-activated MAPK cascade,Second,log2rfu,372,33.72480271020845,2,4.75e-8,1.3211398963730568e-7,1.1193312114147173e-6,Kruskal-Wallis
Biomineral tissue development,Third,log2rfu,2608,33.70567243881942,2,4.8e-8,1.3336645962732917e-7,1.1299427201205122e-6,Kruskal-Wallis
Negative regulation of cell-substrate adhesion,Third,log2rfu,652,33.651237198454055,2,4.93e-8,1.3669545454545454e-7,1.1581475145160823e-6,Kruskal-Wallis
Negative regulation of cell-matrix adhesion,Third,log2rfu,652,33.651237198454055,2,4.93e-8,1.3669545454545454e-7,1.1581475145160823e-6,Kruskal-Wallis
Endodermal cell differentiation,Third,log2rfu,326,33.64046498785433,2,4.96e-8,1.3738534571723427e-7,1.1639925936267238e-6,Kruskal-Wallis
Cellular response to steroid hormone stimulus,Third,log2rfu,978,33.6,2,5.06e-8,1.4001072164948455e-7,1.1862360004811555e-6,Kruskal-Wallis
Positive regulation of humoral immune response,Second,log2rfu,372,33.56529234951881,2,5.15e-8,1.4235427394438722e-7,1.2060916663078304e-6,Kruskal-Wallis
Neuron projection morphogenesis,Third,log2rfu,7498,33.535311863386596,2,5.22e-8,1.438447638603696e-7,1.2187197906104732e-6,Kruskal-Wallis
Cell projection morphogenesis,Third,log2rfu,7498,33.535311863386596,2,5.22e-8,1.438447638603696e-7,1.2187197906104732e-6,Kruskal-Wallis
Cell part morphogenesis,Third,log2rfu,7498,33.535311863386596,2,5.22e-8,1.438447638603696e-7,1.2187197906104732e-6,Kruskal-Wallis
Positive regulation of protein localization to membrane,Third,log2rfu,2282,33.34181905894184,2,5.75e-8,1.582871794871795e-7,1.3410826578866206e-6,Kruskal-Wallis
Positive regulation of transport,Third,log2rfu,11084,33.18577624977479,2,6.22e-8,1.7105e-7,1.4492152136053834e-6,Kruskal-Wallis
Antigen processing and presentation of peptide antigen,Second,log2rfu,744,33.15180917302632,2,6.33e-8,1.7389682702149438e-7,1.4733348571602068e-6,Kruskal-Wallis
Regulation of cell division,Second,log2rfu,2976,33.02167105596891,2,6.75e-8,1.8524539877300614e-7,1.5694852391244462e-6,Kruskal-Wallis
Positive regulation of interferon-gamma production,Second,log2rfu,2232,32.89869455381995,2,7.18e-8,1.9684494382022472e-7,1.6677619836630614e-6,Kruskal-Wallis
Cellular response to interferon-gamma,Third,log2rfu,1630,32.77601549414976,2,7.63e-8,2.0896857142857144e-7,1.7704789995888276e-6,Kruskal-Wallis
Regulation of chemokine production,Second,log2rfu,2232,32.76808402450661,2,7.66e-8,2.0936293279022402e-7,1.773820212596516e-6,Kruskal-Wallis
Positive regulation of chemokine production,Second,log2rfu,2232,32.76808402450661,2,7.66e-8,2.0936293279022402e-7,1.773820212596516e-6,Kruskal-Wallis
Negative regulation of epithelial cell apoptotic process,Third,log2rfu,652,32.70868598370316,2,7.9e-8,2.1548373983739838e-7,1.825678538771951e-6,Kruskal-Wallis
Negative regulation of endothelial cell apoptotic process,Third,log2rfu,652,32.70868598370316,2,7.9e-8,2.1548373983739838e-7,1.825678538771951e-6,Kruskal-Wallis
Cellular response to oxidative stress,Third,log2rfu,3586,32.57831185485338,2,8.43e-8,2.2947383367139956e-7,1.9442091252905208e-6,Kruskal-Wallis
Cellular response to chemical stress,Third,log2rfu,3586,32.57831185485338,2,8.43e-8,2.2947383367139956e-7,1.9442091252905208e-6,Kruskal-Wallis
Regulation of heterotypic cell-cell adhesion,Second,log2rfu,372,32.54368195124766,2,8.57e-8,2.328125506072875e-7,1.9724962891455962e-6,Kruskal-Wallis
Positive regulation of heterotypic cell-cell adhesion,Second,log2rfu,372,32.54368195124766,2,8.57e-8,2.328125506072875e-7,1.9724962891455962e-6,Kruskal-Wallis
Protein modification process,Third,log2rfu,25428,32.534552377532236,2,8.61e-8,2.3366268958543985e-7,1.979699062257653e-6,Kruskal-Wallis
Regulation of neuron apoptotic process,Third,log2rfu,4564,32.47176796811618,2,8.89e-8,2.410177777777778e-7,2.0420147927794037e-6,Kruskal-Wallis
Negative regulation of protein phosphorylation,Second,log2rfu,5208,32.223492380115204,2,1.01e-7,2.735459132189708e-7,2.317608296150309e-6,Kruskal-Wallis
Positive regulation of protein tyrosine kinase activity,Third,log2rfu,1630,32.18746784617815,2,1.02e-7,2.759758064516129e-7,2.3381954825880863e-6,Kruskal-Wallis
Positive regulation of T cell proliferation,Third,log2rfu,1956,32.10362616506245,2,1.07e-7,2.892124874118832e-7,2.4503428045715087e-6,Kruskal-Wallis
Negative regulation of nitrogen compound metabolic process,Second,log2rfu,19344,32.07774835322198,2,1.08e-7,2.916217303822938e-7,2.4707550323761907e-6,Kruskal-Wallis
Response to mechanical stimulus,Third,log2rfu,978,32.06699238251349,2,1.09e-7,2.940261306532663e-7,2.4911262305772447e-6,Kruskal-Wallis
Axon development,Third,log2rfu,6194,32.05246624532447,2,1.1e-7,2.96425702811245e-7,2.5114565227578154e-6,Kruskal-Wallis
Positive regulation of phagocytosis,Second,log2rfu,2232,31.92063480220986,2,1.17e-7,3.146573146292585e-7,2.665923223811384e-6,Kruskal-Wallis
Activation of innate immune response,Third,log2rfu,2282,31.92877717272586,2,1.17e-7,3.146573146292585e-7,2.665923223811384e-6,Kruskal-Wallis
Positive regulation of immune effector process,Third,log2rfu,5216,31.88390119939868,2,1.19e-7,3.1971571571571566e-7,2.708780352200812e-6,Kruskal-Wallis
Antimicrobial humoral response,Third,log2rfu,1956,31.73939184317169,2,1.28e-7,3.4355200000000003e-7,2.9107324470304394e-6,Kruskal-Wallis
Response to oxidative stress,Third,log2rfu,4564,31.733346303872167,2,1.29e-7,3.458901098901099e-7,2.9305420022705947e-6,Kruskal-Wallis
Cell morphogenesis involved in neuron differentiation,Third,log2rfu,6194,31.71231560578599,2,1.3e-7,3.482235528942116e-7,2.9503120174803293e-6,Kruskal-Wallis
Cellular response to vascular endothelial growth factor stimulus,Second,log2rfu,1488,31.62248674809871,2,1.36e-7,3.6393220338983056e-7,3.083403015922076e-6,Kruskal-Wallis
Cellular component morphogenesis,Third,log2rfu,8150,31.564051110090077,2,1.4e-7,3.742629482071713e-7,3.1709298943620954e-6,Kruskal-Wallis
Positive regulation of lipid metabolic process,Third,log2rfu,1956,31.516424483858827,2,1.43e-7,3.819024875621891e-7,3.235655627529173e-6,Kruskal-Wallis
Lymphocyte costimulation,Second,log2rfu,1860,31.455379437075862,2,1.48e-7,3.9447070506454817e-7,3.3421394159671753e-6,Kruskal-Wallis
T cell costimulation,Second,log2rfu,1860,31.455379437075862,2,1.48e-7,3.9447070506454817e-7,3.3421394159671753e-6,Kruskal-Wallis
Regulation of cell morphogenesis involved in differentiation,Second,log2rfu,4092,31.390234444626913,2,1.53e-7,4.073928571428571e-7,3.4516219028681276e-6,Kruskal-Wallis
Regulation of superoxide metabolic process,Second,log2rfu,1116,31.301927941743543,2,1.6e-7,4.25609514370664e-7,3.6059619016729927e-6,Kruskal-Wallis
Histone phosphorylation,Third,log2rfu,652,31.164755210390013,2,1.71e-7,4.5441980198019805e-7,3.8500560677769585e-6,Kruskal-Wallis
Positive regulation of developmental growth,Second,log2rfu,4836,31.130884018086363,2,1.74e-7,4.6193471810089017e-7,3.913725934898124e-6,Kruskal-Wallis
Leukocyte proliferation,Second,log2rfu,2976,31.082988908867264,2,1.78e-7,4.716209279368213e-7,3.995792012982927e-6,Kruskal-Wallis
Response to retinoic acid,Second,log2rfu,2976,31.08019794732718,2,1.78e-7,4.716209279368213e-7,3.995792012982927e-6,Kruskal-Wallis
Tissue development,Third,log2rfu,18256,30.991947575370432,2,1.86e-7,4.923313609467456e-7,4.171260440918252e-6,Kruskal-Wallis
Glomerulus development,Second,log2rfu,372,30.94951472111211,2,1.9e-7,5.02423645320197e-7,4.2567669714884816e-6,Kruskal-Wallis
Homeostatic process,Second,log2rfu,9672,30.92,2,1.93e-7,5.098543307086614e-7,4.319723196641816e-6,Kruskal-Wallis
Response to monosaccharide,Third,log2rfu,652,30.834915910899326,2,2.02e-7,5.331052114060964e-7,4.51671547981309e-6,Kruskal-Wallis
Lymphocyte activation,Third,log2rfu,6520,30.82485144885868,2,2.03e-7,5.346928361138371e-7,4.53016657528198e-6,Kruskal-Wallis
Insulin receptor signaling pathway,Second,log2rfu,1488,30.817057862717775,2,2.03e-7,5.346928361138371e-7,4.53016657528198e-6,Kruskal-Wallis
Regulation of extracellular matrix organization,Third,log2rfu,652,30.793482933537234,2,2.06e-7,5.420627450980392e-7,4.5926078744506015e-6,Kruskal-Wallis
Regulation of intracellular transport,Third,log2rfu,4238,30.732647232913223,2,2.12e-7,5.573046033300685e-7,4.7217439915711705e-6,Kruskal-Wallis
Innate immune response,Second,log2rfu,13020,30.71788251974067,2,2.14e-7,5.620117416829745e-7,4.761625058590035e-6,Kruskal-Wallis
Cellular response to interleukin-6,Third,log2rfu,1304,30.62506520384295,2,2.24e-7,5.876989247311828e-7,4.9792588292309575e-6,Kruskal-Wallis
Positive regulation of protein serine/threonine kinase activity,Second,log2rfu,3348,30.583965948040714,2,2.28e-7,5.97609375e-7,5.06322477663376e-6,Kruskal-Wallis
Positive regulation of pathway-restricted SMAD protein phosphorylation,Second,log2rfu,1116,30.513023621862885,2,2.37e-7,6.205931707317073e-7,5.257954191663217e-6,Kruskal-Wallis
Regulation of cell development,Third,log2rfu,9128,30.505921550015046,2,2.38e-7,6.226042884990254e-7,5.2749933174436866e-6,Kruskal-Wallis
Regulation of activated T cell proliferation,Third,log2rfu,326,30.466651084949717,2,2.42e-7,6.324518013631938e-7,5.358426029860687e-6,Kruskal-Wallis
Regulation of inflammatory response to antigenic stimulus,Third,log2rfu,2934,30.46,2,2.44e-7,6.370583657587549e-7,5.397454987501727e-6,Kruskal-Wallis
Innate immune response activating cell surface receptor signaling pathway,Third,log2rfu,1630,30.32621015332188,2,2.6e-7,6.781729834791059e-7,5.745797165238659e-6,Kruskal-Wallis
Positive regulation of muscle cell differentiation,Third,log2rfu,1304,30.30002450024449,2,2.63e-7,6.853320388349515e-7,5.806452014328016e-6,Kruskal-Wallis
Skin development,Second,log2rfu,3348,30.208972229478604,2,2.76e-7,7.185101842870999e-7,6.087552705052749e-6,Kruskal-Wallis
Negative regulation of hydrolase activity,Second,log2rfu,6324,30.16514738474143,2,2.82e-7,7.334186046511629e-7,6.213863781360404e-6,Kruskal-Wallis
Regulation of response to stress,Second,log2rfu,21948,30.104741075148922,2,2.9e-7,7.534946757018392e-7,6.383957599519205e-6,Kruskal-Wallis
Negative regulation of inflammatory response,Third,log2rfu,2934,30.062803350256218,2,2.96e-7,7.683404255319149e-7,6.509737701893512e-6,Kruskal-Wallis
Positive regulation of cell-matrix adhesion,Third,log2rfu,1630,29.96337633841722,2,3.12e-7,8.090898550724637e-7,6.854985835397774e-6,Kruskal-Wallis
Response to heat,Third,log2rfu,1630,29.890428076434546,2,3.23e-7,8.360000000000001e-7,7.082981108296408e-6,Kruskal-Wallis
Response to temperature stimulus,Third,log2rfu,1630,29.890428076434546,2,3.23e-7,8.360000000000001e-7,7.082981108296408e-6,Kruskal-Wallis
Peptidyl-tyrosine phosphorylation,Second,log2rfu,11160,29.794595864143048,2,3.39e-7,8.765664739884393e-7,7.426679157208266e-6,Kruskal-Wallis
Positive regulation of protein phosphorylation,Second,log2rfu,16368,29.781061817157024,2,3.41e-7,8.808893166506256e-7,7.463304292268557e-6,Kruskal-Wallis
Animal organ morphogenesis,Second,log2rfu,11160,29.714053863674053,2,3.53e-7,9.110115384615385e-7,7.718513775553974e-6,Kruskal-Wallis
Cellular response to transforming growth factor beta stimulus,Third,log2rfu,2608,29.69944925782511,2,3.56e-7,9.178712776176753e-7,7.776632678485504e-6,Kruskal-Wallis
Regulation of endothelial cell chemotaxis,Second,log2rfu,744,29.622666726485022,2,3.69e-7,9.504760076775432e-7,8.052875127116063e-6,Kruskal-Wallis
Negative regulation of neuron apoptotic process,Third,log2rfu,3586,29.509719184257847,2,3.91e-7,1.0061783317353788e-6,8.524811142654167e-6,Kruskal-Wallis
Leukocyte cell-cell adhesion,Third,log2rfu,652,29.475840073312384,2,3.98e-7,1.0232107279693486e-6,8.669117531116161e-6,Kruskal-Wallis
Primary metabolic process,Third,log2rfu,43684,29.41909268993186,2,4.09e-7,1.0504842105263158e-6,8.900191169523399e-6,Kruskal-Wallis
Regulation of plasma membrane bounded cell projection organization,Second,log2rfu,13020,29.407422265147034,2,4.11e-7,1.0546118546845124e-6,8.935162492004591e-6,Kruskal-Wallis
Regulation of cysteine-type endopeptidase activity,Third,log2rfu,3586,29.238151082830882,2,4.48e-7,1.1484546322827126e-6,9.73024218205018e-6,Kruskal-Wallis
Gland morphogenesis,Second,log2rfu,1860,29.19735316682909,2,4.57e-7,1.1704083969465648e-6,9.916244694454546e-6,Kruskal-Wallis
Negative regulation of tumor necrosis factor superfamily cytokine production,Third,log2rfu,978,29.082119230507033,2,4.84e-7,1.2371961904761906e-6,1.0482101966984619e-5,Kruskal-Wallis
Negative regulation of tumor necrosis factor production,Third,log2rfu,978,29.082119230507033,2,4.84e-7,1.2371961904761906e-6,1.0482101966984619e-5,Kruskal-Wallis
Positive regulation of binding,Third,log2rfu,2608,29.075027044388662,2,4.86e-7,1.2411265461465272e-6,1.0515401769570599e-5,Kruskal-Wallis
Response to chemical,Second,log2rfu,43896,29.04130232098396,2,4.94e-7,1.260357414448669e-6,1.0678334636652186e-5,Kruskal-Wallis
Mammary gland morphogenesis,Second,log2rfu,372,28.969964964185465,2,5.12e-7,1.3001021759697259e-6,1.101507075508208e-5,Kruskal-Wallis
Mammary gland duct morphogenesis,Second,log2rfu,372,28.969964964185465,2,5.12e-7,1.3001021759697259e-6,1.101507075508208e-5,Kruskal-Wallis
Branch elongation of an epithelium,Second,log2rfu,372,28.969964964185465,2,5.12e-7,1.3001021759697259e-6,1.101507075508208e-5,Kruskal-Wallis
Branching involved in mammary gland duct morphogenesis,Second,log2rfu,372,28.969964964185465,2,5.12e-7,1.3001021759697259e-6,1.101507075508208e-5,Kruskal-Wallis
Axis elongation,Second,log2rfu,372,28.969964964185465,2,5.12e-7,1.3001021759697259e-6,1.101507075508208e-5,Kruskal-Wallis
Negative regulation of cell junction assembly,Second,log2rfu,1116,28.81,2,5.55e-7,1.4079584120982984e-6,1.1928878988228778e-5,Kruskal-Wallis
Cellular response to insulin stimulus,Second,log2rfu,2604,28.773646511205698,2,5.65e-7,1.4319735599622285e-6,1.2132346498555524e-5,Kruskal-Wallis
Cell adhesion,Third,log2rfu,14018,28.741545029370172,2,5.74e-7,1.453411320754717e-6,1.2313977185992573e-5,Kruskal-Wallis
Regulation of leukocyte mediated immunity,Third,log2rfu,3586,28.674743387635317,2,5.93e-7,1.5001055607917057e-6,1.2709592520978518e-5,Kruskal-Wallis
Regulation of supramolecular fiber organization,Third,log2rfu,4564,28.581682441092198,2,6.22e-7,1.5719849340866292e-6,1.3318588027107855e-5,Kruskal-Wallis
Humoral immune response,Third,log2rfu,5216,28.536420791848286,2,6.36e-7,1.6058551269990595e-6,1.3605552066023045e-5,Kruskal-Wallis
Regulation of reactive oxygen species metabolic process,Third,log2rfu,3260,28.508533287244063,2,6.45e-7,1.627048872180451e-6,1.3785115339628123e-5,Kruskal-Wallis
Regulation of transmembrane transport,Third,log2rfu,5542,28.389520777393045,2,6.84e-7,1.7238084507042254e-6,1.4604907524712595e-5,Kruskal-Wallis
"Positive regulation of transcription, DNA-templated",Third,log2rfu,13366,28.36268772999756,2,6.94e-7,1.7457319587628867e-6,1.479065368907513e-5,Kruskal-Wallis
Positive regulation of RNA metabolic process,Third,log2rfu,13366,28.36268772999756,2,6.94e-7,1.7457319587628867e-6,1.479065368907513e-5,Kruskal-Wallis
Regulation of epithelial cell differentiation,Second,log2rfu,1860,28.357049806994837,2,6.96e-7,1.749123595505618e-6,1.4819389214164809e-5,Kruskal-Wallis
Apoptotic cell clearance,Second,log2rfu,1116,28.353845584444116,2,6.97e-7,1.7499981290926098e-6,1.4826798669757193e-5,Kruskal-Wallis
Positive regulation of fibroblast proliferation,Third,log2rfu,652,28.322032880376128,2,7.08e-7,1.774296918767507e-6,1.5032669325524856e-5,Kruskal-Wallis
Regulation of fibroblast proliferation,Third,log2rfu,652,28.322032880376128,2,7.08e-7,1.774296918767507e-6,1.5032669325524856e-5,Kruskal-Wallis
Regulation of blood vessel endothelial cell migration,Second,log2rfu,2604,28.247220535476117,2,7.35e-7,1.8402425373134327e-6,1.5591391299610634e-5,Kruskal-Wallis
Cell population proliferation,Third,log2rfu,8476,28.195919061468885,2,7.54e-7,1.8860540540540543e-6,1.597952779197454e-5,Kruskal-Wallis
Response to hypoxia,Third,log2rfu,1630,28.17087234284645,2,7.63e-7,1.9032453531598516e-6,1.6125180479526498e-5,Kruskal-Wallis
Response to decreased oxygen levels,Third,log2rfu,1630,28.17087234284645,2,7.63e-7,1.9032453531598516e-6,1.6125180479526498e-5,Kruskal-Wallis
Response to oxygen levels,Third,log2rfu,1630,28.17087234284645,2,7.63e-7,1.9032453531598516e-6,1.6125180479526498e-5,Kruskal-Wallis
Embryonic morphogenesis,Second,log2rfu,7068,28.14017390285153,2,7.75e-7,1.9313834726090993e-6,1.6363579724122205e-5,Kruskal-Wallis
Negative regulation of immune effector process,Second,log2rfu,2604,27.868757987062963,2,8.88e-7,2.2109387755102044e-6,1.8732102366673165e-5,Kruskal-Wallis
Synapse pruning,Second,log2rfu,744,27.86179367257955,2,8.91e-7,2.2163521779425394e-6,1.8777967231696896e-5,Kruskal-Wallis
Neural crest cell differentiation,Third,log2rfu,1630,27.856495333384373,2,8.93e-7,2.2192703703703706e-6,1.8802691516190556e-5,Kruskal-Wallis
Extracellular matrix organization,Third,log2rfu,2608,27.805756761290468,2,9.16e-7,2.2743237742830712e-6,1.926912957822533e-5,Kruskal-Wallis
Positive regulation of ERK1 and ERK2 cascade,Second,log2rfu,3348,27.80222102393236,2,9.18e-7,2.2771829944547135e-6,1.929335422231648e-5,Kruskal-Wallis
Cell recognition,Third,log2rfu,4238,27.78,2,9.29e-7,2.302341643582641e-6,1.9506510007583667e-5,Kruskal-Wallis
Stem cell development,Third,log2rfu,1956,27.743182597783743,2,9.45e-7,2.339833948339483e-6,1.9824162263922434e-5,Kruskal-Wallis
Fc-epsilon receptor signaling pathway,Second,log2rfu,1488,27.70870326017939,2,9.62e-7,2.379730875576037e-6,2.016218760111811e-5,Kruskal-Wallis
Positive regulation of alpha-beta T cell activation,Second,log2rfu,1116,27.697219316830797,2,9.67e-7,2.3855036764705883e-6,2.0211097457192348e-5,Kruskal-Wallis
Regulation of alpha-beta T cell proliferation,Second,log2rfu,1116,27.697219316830797,2,9.67e-7,2.3855036764705883e-6,2.0211097457192348e-5,Kruskal-Wallis
Positive regulation of alpha-beta T cell proliferation,Second,log2rfu,1116,27.697219316830797,2,9.67e-7,2.3855036764705883e-6,2.0211097457192348e-5,Kruskal-Wallis
Epithelial cell development,Second,log2rfu,2604,27.62,2,1.01e-6,2.4892929292929295e-6,2.109044831482972e-5,Kruskal-Wallis
Negative regulation of macromolecule metabolic process,Second,log2rfu,26040,27.577684325588052,2,1.03e-6,2.5362568807339448e-6,2.1488348770365204e-5,Kruskal-Wallis
Positive regulation of signal transduction,Third,log2rfu,23798,27.515295257951948,2,1.06e-6,2.6077360219981666e-6,2.2093953324446223e-5,Kruskal-Wallis
Innate immune response-activating signal transduction,Third,log2rfu,1956,27.493070403140337,2,1.07e-6,2.6299267399267397e-6,2.2281963415196957e-5,Kruskal-Wallis
Negative regulation of protein metabolic process,Second,log2rfu,11904,27.439540666113317,2,1.1e-6,2.7011893870082342e-6,2.288573372979674e-5,Kruskal-Wallis
Regulation of multicellular organismal process,Second,log2rfu,36456,27.42817517943331,2,1.11e-6,2.723254113345521e-6,2.307267636114451e-5,Kruskal-Wallis
Hematopoietic or lymphoid organ development,Third,log2rfu,7172,27.374546203864156,2,1.14e-6,2.7943013698630138e-6,2.3674621786634568e-5,Kruskal-Wallis
Cell junction disassembly,Third,log2rfu,978,27.346137901912698,2,1.15e-6,2.8162408759124086e-6,2.3860503493420715e-5,Kruskal-Wallis
Multicellular organismal reproductive process,Second,log2rfu,4092,27.34111538205252,2,1.16e-6,2.8355555555555556e-6,2.402414644919249e-5,Kruskal-Wallis
Multicellular organism reproduction,Second,log2rfu,4092,27.34111538205252,2,1.16e-6,2.8355555555555556e-6,2.402414644919249e-5,Kruskal-Wallis
Epithelium development,Second,log2rfu,13020,27.31004079770355,2,1.17e-6,2.857397634212921e-6,2.420920270576671e-5,Kruskal-Wallis
Regulation of type 2 immune response,Second,log2rfu,372,27.30478653284763,2,1.18e-6,2.876584922797457e-6,2.4371766345196968e-5,Kruskal-Wallis
Bone growth,Second,log2rfu,372,27.30478653284763,2,1.18e-6,2.876584922797457e-6,2.4371766345196968e-5,Kruskal-Wallis
Regulation of endothelial cell proliferation,Second,log2rfu,2976,27.28055564331953,2,1.19e-6,2.898330308529946e-6,2.4556003374306822e-5,Kruskal-Wallis
Regulation of vesicle-mediated transport,Second,log2rfu,10044,27.07880149011544,2,1.32e-6,3.212039891205802e-6,2.721389697189611e-5,Kruskal-Wallis
B cell proliferation,Third,log2rfu,652,27.014814973881585,2,1.36e-6,3.3063768115942026e-6,2.8013163269654362e-5,Kruskal-Wallis
Positive regulation of angiogenesis,Third,log2rfu,4890,26.98651771494042,2,1.38e-6,3.351963800904977e-6,2.8399397461128436e-5,Kruskal-Wallis
Positive regulation of protein kinase activity,Second,log2rfu,7068,26.953742018537014,2,1.4e-6,3.3974683544303794e-6,2.8784933218259882e-5,Kruskal-Wallis
Negative regulation of mononuclear cell proliferation,Second,log2rfu,2604,26.85970266012555,2,1.47e-6,3.564119241192412e-6,3.0196877096987535e-5,Kruskal-Wallis
Cardiac ventricle morphogenesis,Third,log2rfu,1304,26.787090482791882,2,1.52e-6,3.6820216606498194e-6,3.1195801271197174e-5,Kruskal-Wallis
Proteolysis,Second,log2rfu,11904,26.75673768631532,2,1.55e-6,3.7513074842200177e-6,3.1782823016915444e-5,Kruskal-Wallis
Cell killing,Second,log2rfu,1488,26.716342801082646,2,1.58e-6,3.820468468468468e-6,3.2368787065794584e-5,Kruskal-Wallis
Cell morphogenesis involved in differentiation,Second,log2rfu,8556,26.69299858906743,2,1.6e-6,3.865346534653465e-6,3.27490149305855e-5,Kruskal-Wallis
Positive regulation of G protein-coupled receptor signaling pathway,Second,log2rfu,744,26.65826158643904,2,1.63e-6,3.934280575539569e-6,3.333305620967019e-5,Kruskal-Wallis
Regulation of proteolysis,Third,log2rfu,10432,26.64711516909665,2,1.64e-6,3.9548607367475285e-6,3.350742091426551e-5,Kruskal-Wallis
Positive regulation of signaling,Third,log2rfu,24776,26.63536539724737,2,1.65e-6,3.971838565022422e-6,3.365126497758005e-5,Kruskal-Wallis
Positive regulation of cell communication,Third,log2rfu,24776,26.63536539724737,2,1.65e-6,3.971838565022422e-6,3.365126497758005e-5,Kruskal-Wallis
Bone development,Second,log2rfu,2232,26.589489058196705,2,1.68e-6,4.040430107526882e-6,3.4232404450962833e-5,Kruskal-Wallis
Regulation of lymphocyte mediated immunity,Third,log2rfu,1956,26.569055959932484,2,1.7e-6,4.084870188003582e-6,3.4608921496976745e-5,Kruskal-Wallis
Regulation of programmed cell death,Second,log2rfu,23808,26.559206248959526,2,1.71e-6,4.097892857142857e-6,3.471925561120293e-5,Kruskal-Wallis
Regulation of apoptotic process,Second,log2rfu,23808,26.559206248959526,2,1.71e-6,4.097892857142857e-6,3.471925561120293e-5,Kruskal-Wallis
Positive regulation of nitrogen compound metabolic process,Second,log2rfu,32736,26.558712099242257,2,1.71e-6,4.097892857142857e-6,3.471925561120293e-5,Kruskal-Wallis
Positive regulation of secretion,Third,log2rfu,2282,26.481362616655133,2,1.78e-6,4.261837644959857e-6,3.61082721601401e-5,Kruskal-Wallis
Positive regulation of cell cycle,Third,log2rfu,3260,26.46974266079269,2,1.79e-6,4.281960784313726e-6,3.627876476287104e-5,Kruskal-Wallis
Immune effector process,Second,log2rfu,9672,26.444247780473233,2,1.81e-6,4.325948352626893e-6,3.6651447915217996e-5,Kruskal-Wallis
Zymogen activation,Second,log2rfu,744,26.34654902837201,2,1.9e-6,4.532977777777778e-6,3.840549756498497e-5,Kruskal-Wallis
Blood vessel diameter maintenance,Second,log2rfu,1116,26.35061009334322,2,1.9e-6,4.532977777777778e-6,3.840549756498497e-5,Kruskal-Wallis
Positive regulation of cell-cell adhesion,Second,log2rfu,6324,26.330482133544137,2,1.92e-6,4.576625222024866e-6,3.877529902793658e-5,Kruskal-Wallis
Positive regulation of binding,Second,log2rfu,2976,26.249420157393615,2,2e-6,4.763087843833185e-6,4.0355097147161154e-5,Kruskal-Wallis
Ovulation cycle,Second,log2rfu,1116,26.213434879622127,2,2.03e-6,4.830248226950354e-6,4.0924111172095194e-5,Kruskal-Wallis
Positive regulation of transferase activity,Third,log2rfu,9780,26.210027361215907,2,2.04e-6,4.845451327433628e-6,4.1052918915528874e-5,Kruskal-Wallis
Mononuclear cell proliferation,Third,log2rfu,2282,26.20383932008008,2,2.04e-6,4.845451327433628e-6,4.1052918915528874e-5,Kruskal-Wallis
Negative regulation of cell projection organization,Third,log2rfu,2608,26.189316798184336,2,2.06e-6,4.888629531388153e-6,4.1418744756318426e-5,Kruskal-Wallis
Regulation of muscle cell differentiation,Second,log2rfu,3720,26.137667873914324,2,2.11e-6,5.002862190812721e-6,4.238657701547474e-5,Kruskal-Wallis
Axonogenesis,Third,log2rfu,5542,26.125043199994252,2,2.12e-6,5.022135922330097e-6,4.254987303966607e-5,Kruskal-Wallis
Regulation of postsynapse organization,Third,log2rfu,2282,26.058718033030345,2,2.19e-6,5.183386243386244e-6,4.3916060812091214e-5,Kruskal-Wallis
Innervation,Third,log2rfu,652,25.92370013386403,2,2.35e-6,5.557180616740088e-6,4.708302072220218e-5,Kruskal-Wallis
Positive regulation of programmed cell death,Third,log2rfu,7498,25.912089364275744,2,2.36e-6,5.571011433597185e-6,4.720020184003845e-5,Kruskal-Wallis
Positive regulation of apoptotic process,Third,log2rfu,7498,25.912089364275744,2,2.36e-6,5.571011433597185e-6,4.720020184003845e-5,Kruskal-Wallis
Regulation of catalytic activity,Third,log2rfu,24124,25.83269372090581,2,2.46e-6,5.801968365553604e-6,4.915697646429373e-5,Kruskal-Wallis
Regulation of interleukin-12 production,Third,log2rfu,978,25.80547881826851,2,2.49e-6,5.867568042142229e-6,4.971276745710186e-5,Kruskal-Wallis
Epithelium development,Third,log2rfu,11410,25.785923037401517,2,2.52e-6,5.933052631578948e-6,5.026758337799279e-5,Kruskal-Wallis
Negative regulation of interleukin-6 production,Second,log2rfu,1116,25.77837639382642,2,2.53e-6,5.9513759859772125e-6,5.042282736488697e-5,Kruskal-Wallis
Regulation of ERK1 and ERK2 cascade,Second,log2rfu,5208,25.671714594547666,2,2.66e-6,6.25169877408056e-6,5.296730180810098e-5,Kruskal-Wallis
Regulation of receptor signaling pathway via JAK-STAT,Third,log2rfu,1956,25.64,2,2.71e-6,6.363639545056867e-6,5.391571612158581e-5,Kruskal-Wallis
Positive regulation of cell division,Second,log2rfu,2604,25.61324490977313,2,2.74e-6,6.4284615384615385e-6,5.4464918220494186e-5,Kruskal-Wallis
Response to external stimulus,Second,log2rfu,28644,25.60482113051694,2,2.75e-6,6.446288209606987e-6,5.461595407569397e-5,Kruskal-Wallis
Negative regulation of cell killing,Third,log2rfu,652,25.54829704414624,2,2.83e-6,6.628027923211169e-6,5.615573751838012e-5,Kruskal-Wallis
Cell-cell signaling,Second,log2rfu,10416,25.502816579624778,2,2.9e-6,6.786050566695729e-6,5.7494578904126766e-5,Kruskal-Wallis
Regulation of axon regeneration,Third,log2rfu,1304,25.450607840927205,2,2.97e-6,6.943797909407665e-6,5.883108781359161e-5,Kruskal-Wallis
Salivary gland morphogenesis,Second,log2rfu,1488,25.344713250472523,2,3.14e-6,7.328486956521739e-6,6.209035247062214e-5,Kruskal-Wallis
Exocrine system development,Second,log2rfu,1488,25.344713250472523,2,3.14e-6,7.328486956521739e-6,6.209035247062214e-5,Kruskal-Wallis
Regulation of endopeptidase activity,Second,log2rfu,8184,25.336434281816764,2,3.15e-6,7.345438748913988e-6,6.223397594582078e-5,Kruskal-Wallis
Negative regulation of phosphorus metabolic process,Second,log2rfu,5952,25.214849665899237,2,3.35e-6,7.791507798960139e-6,6.601328055643395e-5,Kruskal-Wallis
Negative regulation of phosphate metabolic process,Second,log2rfu,5952,25.214849665899237,2,3.35e-6,7.791507798960139e-6,6.601328055643395e-5,Kruskal-Wallis
Negative regulation of phosphorylation,Second,log2rfu,5952,25.214849665899237,2,3.35e-6,7.791507798960139e-6,6.601328055643395e-5,Kruskal-Wallis
Sprouting angiogenesis,Third,log2rfu,1630,25.183050480060047,2,3.4e-6,7.900952380952382e-6,6.694054599501823e-5,Kruskal-Wallis
Regulation of phospholipase C activity,Second,log2rfu,1116,25.17779409333798,2,3.41e-6,7.917335640138408e-6,6.707935259227535e-5,Kruskal-Wallis
Cellular component organization or biogenesis,Third,log2rfu,29992,25.156075519436854,2,3.45e-6,8.003284356093345e-6,6.780755011786284e-5,Kruskal-Wallis
Defense response to other organism,Third,log2rfu,13692,25.15057564606832,2,3.46e-6,8.019550949913644e-6,6.794536827184073e-5,Kruskal-Wallis
Enzyme-linked receptor protein signaling pathway,Second,log2rfu,19716,25.125501669863297,2,3.5e-6,8.105263157894736e-6,6.867156199179343e-5,Kruskal-Wallis
Immune response-regulating cell surface receptor signaling pathway,Third,log2rfu,6846,25.074517594584904,2,3.59e-6,8.30651724137931e-6,7.037668025888522e-5,Kruskal-Wallis
Lymphocyte proliferation,Third,log2rfu,1956,24.948503807701854,2,3.82e-6,8.823476764199656e-6,7.475660195014171e-5,Kruskal-Wallis
Positive regulation of Ras protein signal transduction,Third,log2rfu,652,24.950968775041474,2,3.82e-6,8.823476764199656e-6,7.475660195014171e-5,Kruskal-Wallis
Regulation of protein localization,Third,log2rfu,9454,24.943009708706086,2,3.83e-6,8.83896818572657e-6,7.488785248365341e-5,Kruskal-Wallis
Regulation of interleukin-5 production,Third,log2rfu,652,24.878613637368517,2,3.96e-6,9.123296137339057e-6,7.729681122747144e-5,Kruskal-Wallis
Positive regulation of interleukin-5 production,Third,log2rfu,652,24.878613637368517,2,3.96e-6,9.123296137339057e-6,7.729681122747144e-5,Kruskal-Wallis
Neuron maturation,Second,log2rfu,1116,24.837277878199075,2,4.04e-6,9.299622641509434e-6,7.879073144030726e-5,Kruskal-Wallis
Cellular divalent inorganic cation homeostasis,Third,log2rfu,1304,24.702119368032527,2,4.33e-6,9.958628963153385e-6,8.437413972553692e-5,Kruskal-Wallis
Regulation of B cell proliferation,Third,log2rfu,2282,24.64570216224456,2,4.45e-6,1.0225856164383562e-5,8.663821295273342e-5,Kruskal-Wallis
Negative regulation of cell death,Second,log2rfu,16740,24.61550828993495,2,4.52e-6,1.0377827202737383e-5,8.792578232315004e-5,Kruskal-Wallis
BMP signaling pathway,Third,log2rfu,2608,24.595513056586242,2,4.56e-6,1.046071794871795e-5,8.862807130381147e-5,Kruskal-Wallis
Regulation of cellular catabolic process,Third,log2rfu,5216,24.507956818062667,2,4.77e-6,1.0933116994022202e-5,9.263045588929866e-5,Kruskal-Wallis
Hematopoietic or lymphoid organ development,Second,log2rfu,8184,24.49667775785565,2,4.79e-6,1.0960238704177323e-5,9.286024364127641e-5,Kruskal-Wallis
Activation of cysteine-type endopeptidase activity involved in apoptotic process,Third,log2rfu,1304,24.499430755695812,2,4.79e-6,1.0960238704177323e-5,9.286024364127641e-5,Kruskal-Wallis
Regulation of granulocyte chemotaxis,Second,log2rfu,2604,24.348042299428016,2,5.16e-6,1.1796797274275977e-5,9.99479572154298e-5,Kruskal-Wallis
Regulation of cartilage development,Second,log2rfu,1488,24.314275155744326,2,5.25e-6,1.1992340425531914e-5,1.0160468980658116e-4,Kruskal-Wallis
Endocrine system development,Second,log2rfu,1488,24.310176168098224,2,5.26e-6,1.2004965986394558e-5,1.0171165943465741e-4,Kruskal-Wallis
Cellular response to lipid,Second,log2rfu,8556,24.28648761140721,2,5.32e-6,1.2131588785046727e-5,1.0278446672022314e-4,Kruskal-Wallis
Endothelium development,Third,log2rfu,1630,24.24820855888447,2,5.43e-6,1.2371918505942275e-5,1.0482065197484671e-4,Kruskal-Wallis
Positive regulation of peptidase activity,Second,log2rfu,4092,24.239612528637736,2,5.45e-6,1.2406955046649705e-05,1.0511749785514668e-4,Kruskal-Wallis
Cellular component organization,Third,log2rfu,29666,24.209253554989118,2,5.53e-6,1.2578406779661017e-5,1.0657011673780676e-4,Kruskal-Wallis
B cell differentiation,Third,log2rfu,978,24.19984917476677,2,5.56e-6,1.263593564775614e-5,1.070575280845764e-4,Kruskal-Wallis
Myeloid leukocyte migration,Third,log2rfu,652,24.026506140575748,2,6.06e-6,1.3714198988195614e-5,1.1619307697225747e-4,Kruskal-Wallis
Granulocyte migration,Third,log2rfu,652,24.026506140575748,2,6.06e-6,1.3714198988195614e-5,1.1619307697225747e-4,Kruskal-Wallis
Granulocyte chemotaxis,Third,log2rfu,652,24.026506140575748,2,6.06e-6,1.3714198988195614e-5,1.1619307697225747e-4,Kruskal-Wallis
Neutrophil chemotaxis,Third,log2rfu,652,24.026506140575748,2,6.06e-6,1.3714198988195614e-5,1.1619307697225747e-4,Kruskal-Wallis
Neutrophil migration,Third,log2rfu,652,24.026506140575748,2,6.06e-6,1.3714198988195614e-5,1.1619307697225747e-4,Kruskal-Wallis
Regulation of phospholipase C activity,Third,log2rfu,978,23.955115533341086,2,6.28e-6,1.4200101095197978e-5,1.2030986578132345e-4,Kruskal-Wallis
Immune system development,Third,log2rfu,7498,23.94550374244136,2,6.31e-6,1.4255925925925925e-5,1.2078283973039031e-4,Kruskal-Wallis
Telencephalon development,Second,log2rfu,2976,23.885612837053486,2,6.51e-6,1.4695407905803197e-5,1.245063356166432e-4,Kruskal-Wallis
Axon guidance,Second,log2rfu,5580,23.80789188480776,2,6.76e-6,1.5246924369747898e-5,1.2917903979730677e-4,Kruskal-Wallis
Regulation of developmental process,Second,log2rfu,34968,23.73263830083306,2,7.02e-6,1.5820050377833752e-5,1.3403483009389225e-4,Kruskal-Wallis
Metal ion homeostasis,Second,log2rfu,2604,23.692711027727455,2,7.16e-6,1.612201342281879e-5,1.3659320155685e-4,Kruskal-Wallis
Cellular response to steroid hormone stimulus,Second,log2rfu,1116,23.676793432701288,2,7.22e-6,1.624348700754401e-5,1.3762238230537362e-4,Kruskal-Wallis
Regulation of cell-substrate junction organization,Second,log2rfu,2232,23.673010545363468,2,7.24e-6,1.6261221757322177e-5,1.3777263935996588e-4,Kruskal-Wallis
Regulation of focal adhesion assembly,Second,log2rfu,2232,23.673010545363468,2,7.24e-6,1.6261221757322177e-5,1.3777263935996588e-4,Kruskal-Wallis
Regulation of glial cell proliferation,Third,log2rfu,652,23.660501559543718,2,7.28e-6,1.632374269005848e-5,1.383023458018849e-4,Kruskal-Wallis
Positive regulation of glial cell proliferation,Third,log2rfu,652,23.660501559543718,2,7.28e-6,1.632374269005848e-5,1.383023458018849e-4,Kruskal-Wallis
Regulation of response to biotic stimulus,Second,log2rfu,8556,23.633095970468275,2,7.38e-6,1.6520366972477062e-5,1.399682382394485e-4,Kruskal-Wallis
Regulation of muscle system process,Second,log2rfu,3348,23.632783302153257,2,7.38e-6,1.6520366972477062e-5,1.399682382394485e-4,Kruskal-Wallis
Regulation of leukocyte apoptotic process,Second,log2rfu,2232,23.593210424087374,2,7.53e-6,1.68421e-5,1.426941101962188e-4,Kruskal-Wallis
Multicellular organismal process,Third,log2rfu,46292,23.586904099880485,2,7.55e-6,1.6872772689425478e-5,1.429539834973448e-4,Kruskal-Wallis
Regulation of macrophage activation,Second,log2rfu,1860,23.545199570521618,2,7.71e-6,1.7216006655574044e-5,1.4586202141356002e-4,Kruskal-Wallis
Anatomical structure morphogenesis,Second,log2rfu,27900,23.544668390080915,2,7.72e-6,1.7224006650041567e-5,1.4592980109021065e-4,Kruskal-Wallis
Regulation of cell growth,Second,log2rfu,5580,23.44513724366334,2,8.11e-6,1.8079102990033223e-5,1.531745752791273e-4,Kruskal-Wallis
Tissue remodeling,Second,log2rfu,1860,23.393843372545234,2,8.32e-6,1.853185062240664e-5,1.5701046394770004e-4,Kruskal-Wallis
Cellular response to molecule of bacterial origin,Second,log2rfu,5208,23.379340885756392,2,8.38e-6,1.8650016583747924e-5,1.58011620971413e-4,Kruskal-Wallis
Regulation of neuron projection development,Second,log2rfu,11904,23.334698788552487,2,8.57e-6,1.9041291390728474e-5,1.6132668325131197e-4,Kruskal-Wallis
Regulation of macrophage migration,Second,log2rfu,1488,23.33335977988463,2,8.57e-6,1.9041291390728474e-5,1.6132668325131197e-4,Kruskal-Wallis
Regulation of localization,Third,log2rfu,23146,23.31,2,8.7e-6,1.9314143920595532e-5,1.6363841688097616e-4,Kruskal-Wallis
Organonitrogen compound metabolic process,Third,log2rfu,40750,23.142162104544695,2,9.44e-6,2.0939636363636364e-5,1.7741034542850817e-4,Kruskal-Wallis
Regulation of neuroinflammatory response,Second,log2rfu,744,23.03,2,9.99e-6,2.210483099752679e-5,1.8728241669565442e-4,Kruskal-Wallis
Negative regulation of neuroinflammatory response,Second,log2rfu,744,23.03,2,9.99e-6,2.210483099752679e-5,1.8728241669565442e-4,Kruskal-Wallis
Regulation of microglial cell activation,Second,log2rfu,744,23.03,2,9.99e-6,2.210483099752679e-5,1.8728241669565442e-4,Kruskal-Wallis
Positive regulation of cell cycle process,Second,log2rfu,2232,22.999060336088405,2,1.01e-5,2.2329818780889622e-5,0.000189189,Kruskal-Wallis
Central nervous system development,Second,log2rfu,13020,22.990352055596304,2,1.02e-5,2.2513815789473686e-5,1.9074752621113338e-4,Kruskal-Wallis
Regulation of interferon-gamma production,Third,log2rfu,2282,22.97780504678485,2,1.02e-5,2.2513815789473686e-5,1.9074752621113338e-4,Kruskal-Wallis
Endothelial cell proliferation,Third,log2rfu,652,22.975603423477878,2,1.03e-5,2.2715858668857848e-5,1.9245932752422405e-4,Kruskal-Wallis
Positive regulation of endothelial cell migration,Third,log2rfu,2608,22.92184735423507,2,1.05e-5,2.313793103448276e-5,1.9603532105539058e-4,Kruskal-Wallis
External encapsulating structure organization,Third,log2rfu,2934,22.812010193081733,2,1.11e-5,2.444003281378179e-5,2.07067333380575e-4,Kruskal-Wallis
Negative regulation of molecular function,Third,log2rfu,13040,22.78684995050571,2,1.13e-5,2.4860000000000003e-5,2.1062549085197212e-4,Kruskal-Wallis
Regulation of interleukin-10 production,Third,log2rfu,1630,22.771788119554913,2,1.14e-5,2.505945945945946e-5,2.1231540422903236e-4,Kruskal-Wallis
Tissue remodeling,Third,log2rfu,1630,22.723483037917504,2,1.16e-5,2.5478232405891985e-5,2.1586344354511752e-4,Kruskal-Wallis
Macromolecule metabolic process,Third,log2rfu,40098,22.696964282891713,2,1.18e-5,2.589632052330335e-5,2.194056806709883e-4,Kruskal-Wallis
Regulation of lipid transport,Second,log2rfu,1116,22.635508964080145,2,1.22e-5,2.675228758169935e-5,2.266578319914941e-4,Kruskal-Wallis
Positive regulation of intracellular protein transport,Second,log2rfu,3348,22.522414237342673,2,1.29e-5,2.8241109298531813e-5,2.3927182253449144e-4,Kruskal-Wallis
Positive regulation of intracellular transport,Second,log2rfu,3348,22.522414237342673,2,1.29e-5,2.8241109298531813e-5,2.3927182253449144e-4,Kruskal-Wallis
Regulation of cell adhesion,Second,log2rfu,15624,22.487879834894557,2,1.31e-5,2.858569105691057e-5,2.4219127957379798e-4,Kruskal-Wallis
Positive regulation of gene expression,Second,log2rfu,17856,22.485759997398418,2,1.31e-5,2.858569105691057e-5,2.4219127957379798e-4,Kruskal-Wallis
Protein metabolic process,Third,log2rfu,34556,22.488928989099804,2,1.31e-5,2.858569105691057e-5,2.4219127957379798e-4,Kruskal-Wallis
Positive regulation of protein transport,Second,log2rfu,4092,22.49232797955301,2,1.31e-5,2.858569105691057e-5,2.4219127957379798e-4,Kruskal-Wallis
Regulation of binding,Third,log2rfu,5868,22.36725494991697,2,1.39e-5,3.0306742485783916e-5,2.567728283263297e-4,Kruskal-Wallis
Regulation of lipid transport,Third,log2rfu,978,22.356481005902424,2,1.4e-5,3.0499999999999996e-5,2.584101959366512e-4,Kruskal-Wallis
Response to organic substance,Third,log2rfu,30644,22.32239002615097,2,1.42e-5,3.086056680161943e-5,2.6146508570238004e-4,Kruskal-Wallis
Positive regulation of granulocyte chemotaxis,Second,log2rfu,1860,22.317608975351504,2,1.42e-5,3.086056680161943e-5,2.6146508570238004e-4,Kruskal-Wallis
Positive regulation of neutrophil chemotaxis,Second,log2rfu,1860,22.317608975351504,2,1.42e-5,3.086056680161943e-5,2.6146508570238004e-4,Kruskal-Wallis
Positive regulation of NK T cell proliferation,Third,log2rfu,652,22.313261519424714,2,1.43e-5,3.097756255044391e-5,2.624563281409862e-4,Kruskal-Wallis
Regulation of natural killer cell proliferation,Third,log2rfu,652,22.313261519424714,2,1.43e-5,3.097756255044391e-5,2.624563281409862e-4,Kruskal-Wallis
Positive regulation of natural killer cell proliferation,Third,log2rfu,652,22.313261519424714,2,1.43e-5,3.097756255044391e-5,2.624563281409862e-4,Kruskal-Wallis
Positive regulation of T-helper 17 type immune response,Third,log2rfu,652,22.313261519424714,2,1.43e-5,3.097756255044391e-5,2.624563281409862e-4,Kruskal-Wallis
Positive regulation of protein metabolic process,Second,log2rfu,24180,22.274089371523587,2,1.46e-5,3.1551046698872786e-5,2.673151527692508e-4,Kruskal-Wallis
Regulation of branching involved in salivary gland morphogenesis,Third,log2rfu,652,22.270451938396263,2,1.46e-5,3.1551046698872786e-5,2.673151527692508e-4,Kruskal-Wallis
Heterophilic cell-cell adhesion via plasma membrane cell adhesion molecules,Third,log2rfu,652,22.274133325633784,2,1.46e-5,3.1551046698872786e-5,2.673151527692508e-4,Kruskal-Wallis
Regulation of interleukin-5 production,Second,log2rfu,744,22.251928343986492,2,1.47e-5,3.1716077170418004e-5,2.6871336773605473e-4,Kruskal-Wallis
Positive regulation of interleukin-5 production,Second,log2rfu,744,22.251928343986492,2,1.47e-5,3.1716077170418004e-5,2.6871336773605473e-4,Kruskal-Wallis
Epithelial cell proliferation,Third,log2rfu,2608,22.223305592282486,2,1.49e-5,3.212176706827309e-5,2.721505613752105e-4,Kruskal-Wallis
Regulation of immune response to tumor cell,Third,log2rfu,978,22.216706729934685,2,1.5e-5,3.2311396468699846e-5,2.737571899168376e-4,Kruskal-Wallis
Hemopoiesis,Second,log2rfu,7812,22.18006991411312,2,1.53e-5,3.2931194867682436e-5,2.7900841043232335e-4,Kruskal-Wallis
Regulation of cell differentiation,Second,log2rfu,24180,22.16397033307294,2,1.54e-5,3.31198717948718e-5,2.806069691773636e-4,Kruskal-Wallis
Regulation of receptor signaling pathway via STAT,Third,log2rfu,2282,22.043234289470092,2,1.63e-5,3.502738190552442e-5,2.967682826673599e-4,Kruskal-Wallis
Positive regulation of reproductive process,Third,log2rfu,1630,22.04211898190806,2,1.64e-5,3.5214080000000004e-5,2.9835007582062003e-4,Kruskal-Wallis
Cellular response to chemical stimulus,Second,log2rfu,34968,22.026207814982627,2,1.65e-5,3.525955414012739e-5,2.987353539012879e-4,Kruskal-Wallis
Regulation of fibrinolysis,Second,log2rfu,372,22.02124815262323,2,1.65e-5,3.525955414012739e-5,2.987353539012879e-4,Kruskal-Wallis
Positive regulation of wound healing,Second,log2rfu,372,22.02124815262323,2,1.65e-5,3.525955414012739e-5,2.987353539012879e-4,Kruskal-Wallis
Positive regulation of blood coagulation,Second,log2rfu,372,22.02124815262323,2,1.65e-5,3.525955414012739e-5,2.987353539012879e-4,Kruskal-Wallis
Negative regulation of fibrinolysis,Second,log2rfu,372,22.02124815262323,2,1.65e-5,3.525955414012739e-5,2.987353539012879e-4,Kruskal-Wallis
Positive regulation of protein localization to nucleus,Third,log2rfu,1630,22.02996180092032,2,1.65e-5,3.525955414012739e-5,2.987353539012879e-4,Kruskal-Wallis
Catabolic process,Second,log2rfu,13764,22.00190529487736,2,1.67e-5,3.5658552108194113e-5,3.0211585039658127e-4,Kruskal-Wallis
Positive regulation of mononuclear cell migration,Second,log2rfu,2232,21.99096067633218,2,1.68e-5,3.584356120826708e-5,3.0368333360313607e-4,Kruskal-Wallis
Ossification,Third,log2rfu,4564,21.98053863279347,2,1.69e-5,3.599968253968254e-5,3.0500606618808553e-4,Kruskal-Wallis
Negative regulation of secretion by cell,Third,log2rfu,978,21.972155729140923,2,1.69e-5,3.599968253968254e-5,3.0500606618808553e-4,Kruskal-Wallis
Liver development,Third,log2rfu,978,21.921101134553282,2,1.74e-5,3.703536875495638e-5,3.1378088185424294e-4,Kruskal-Wallis
Chemical homeostasis,Third,log2rfu,5216,21.90479669108754,2,1.75e-5,3.721870047543581e-5,3.1533415352016074e-4,Kruskal-Wallis
Response to carbohydrate,Third,log2rfu,1304,21.811991042605314,2,1.83e-5,3.8889311163895485e-5,3.29488344842742e-4,Kruskal-Wallis
Regulation of endopeptidase activity,Third,log2rfu,7172,21.77820028375936,2,1.87e-5,3.9707911392405065e-5,3.364239069884124e-4,Kruskal-Wallis
Regulation of nitrogen compound metabolic process,Third,log2rfu,43684,21.636224886460695,2,2e-5,4.240126382306478e-5,3.592432423763872e-4,Kruskal-Wallis
Positive regulation of cellular component biogenesis,Second,log2rfu,4464,21.64074701906975,2,2e-5,4.240126382306478e-5,3.592432423763872e-4,Kruskal-Wallis
Positive regulation of neuron projection development,Second,log2rfu,8928,21.581862121991435,2,2.06e-5,4.3638831886345696e-5,3.6972849502285815e-4,Kruskal-Wallis
Regulation of substrate adhesion-dependent cell spreading,Third,log2rfu,1630,21.567161316774218,2,2.07e-5,4.378156028368794e-5,3.7093775643672484e-4,Kruskal-Wallis
Positive regulation of substrate adhesion-dependent cell spreading,Third,log2rfu,1630,21.567161316774218,2,2.07e-5,4.378156028368794e-5,3.7093775643672484e-4,Kruskal-Wallis
Learning,Second,log2rfu,3348,21.564822463247765,2,2.08e-5,4.3958425196850393e-5,3.7243623830113894e-4,Kruskal-Wallis
Regulation of cytokine production involved in immune response,Third,log2rfu,1630,21.551996062042235,2,2.09e-5,4.413501180173092e-5,3.7393236220825254e-4,Kruskal-Wallis
Positive regulation of leukocyte proliferation,Second,log2rfu,4836,21.54474070458855,2,2.1e-5,4.431132075471698e-5,3.7542613371928575e-4,Kruskal-Wallis
Regulation of chemokine production,Third,log2rfu,1956,21.50218071977997,2,2.14e-5,4.5049098039215684e-5,3.816769262650208e-4,Kruskal-Wallis
Positive regulation of chemokine production,Third,log2rfu,1956,21.50218071977997,2,2.14e-5,4.5049098039215684e-5,3.816769262650208e-4,Kruskal-Wallis
Secretion,Second,log2rfu,4092,21.50716202095282,2,2.14e-5,4.5049098039215684e-5,3.816769262650208e-4,Kruskal-Wallis
Biological process involved in interaction with symbiont,Second,log2rfu,1116,21.480714192194682,2,2.17e-5,4.564482758620689e-5,3.86724224263816e-4,Kruskal-Wallis
Negative regulation of metabolic process,Second,log2rfu,26784,21.468107202614192,2,2.18e-5,4.5819263899765074e-5,3.8820212990201393e-4,Kruskal-Wallis
Immune system development,Second,log2rfu,8556,21.44399037567564,2,2.21e-5,4.6413458528951486e-5,3.932364233627537e-4,Kruskal-Wallis
Epithelium migration,Second,log2rfu,1488,21.42707931082532,2,2.22e-5,4.6550624999999996e-5,3.9439856154831394e-4,Kruskal-Wallis
Epithelial cell migration,Second,log2rfu,1488,21.42707931082532,2,2.22e-5,4.6550624999999996e-5,3.9439856154831394e-4,Kruskal-Wallis
Response to nutrient levels,Second,log2rfu,4092,21.383977455752756,2,2.27e-5,4.756190476190476e-5,4.0296659438177556e-4,Kruskal-Wallis
Regulation of macromolecule metabolic process,Third,log2rfu,48248,21.35628860106226,2,2.3e-5,4.815288611544462e-5,4.079736634756491e-4,Kruskal-Wallis
Regulation of blood pressure,Third,log2rfu,978,21.28827835332868,2,2.38e-5,4.978893219017927e-5,4.218350073029792e-4,Kruskal-Wallis
Regulation of BMP signaling pathway,Second,log2rfu,2976,21.27512644847593,2,2.4e-5,5.016822429906542e-5,4.2504854658738893e-4,Kruskal-Wallis
Positive regulation of neuron death,Third,log2rfu,1956,21.253896413451002,2,2.43e-5,5.0755797665369653e-5,4.3002674162718676e-4,Kruskal-Wallis
Positive regulation of macrophage migration,Second,log2rfu,744,21.158785118640026,2,2.54e-5,5.301213063763608e-5,4.491434447570785e-4,Kruskal-Wallis
Regulation of hydrolase activity,Third,log2rfu,13366,21.132359314884525,2,2.58e-5,5.376335403726708e-5,4.5550815904858146e-4,Kruskal-Wallis
Axon development,Second,log2rfu,7068,21.13313498338175,2,2.58e-5,5.376335403726708e-5,4.5550815904858146e-4,Kruskal-Wallis
Protein phosphorylation,Third,log2rfu,18582,21.115911578897794,2,2.6e-5,5.413809154383242e-5,4.586831096222327e-4,Kruskal-Wallis
Myeloid leukocyte differentiation,Second,log2rfu,1488,21.109439826095695,2,2.61e-5,5.430418604651163e-5,4.60090339556047e-4,Kruskal-Wallis
Negative regulation of cellular response to growth factor stimulus,Second,log2rfu,2232,21.067320316481528,2,2.66e-5,5.530162664601084e-5,4.6854112056430143e-4,Kruskal-Wallis
Neuron death,Third,log2rfu,652,21.06486056261656,2,2.67e-5,5.5466563467492256e-5,4.699385420841763e-4,Kruskal-Wallis
Regulation of protein tyrosine kinase activity,Second,log2rfu,2604,21.036361048746585,2,2.7e-5,5.604640371229698e-5,4.74851218519322e-4,Kruskal-Wallis
Regulation of actin filament-based process,Second,log2rfu,7068,20.983498022163985,2,2.78e-5,5.766244204018548e-5,4.885430474029549e-4,Kruskal-Wallis
Regulation of apoptotic signaling pathway,Second,log2rfu,5580,20.96617256532045,2,2.8e-5,5.8032432432432435e-5,4.916777782146012e-4,Kruskal-Wallis
Receptor-mediated endocytosis,Third,log2rfu,1956,20.957666922127828,2,2.81e-5,5.8194753086419755e-5,4.930530343457957e-4,Kruskal-Wallis
Enzyme-linked receptor protein signaling pathway,Third,log2rfu,17278,20.854144832032034,2,2.96e-5,6.125397070161912e-5,5.189721498656817e-4,Kruskal-Wallis
Skin epidermis development,Third,log2rfu,2608,20.683673238610936,2,3.23e-5,6.678983050847457e-5,5.658745307629718e-4,Kruskal-Wallis
Metabolic process,Third,log2rfu,46618,20.656695270794444,2,3.27e-5,6.7564896073903e-5,5.724412469802214e-4,Kruskal-Wallis
Innervation,Second,log2rfu,744,20.648885515336588,2,3.28e-5,6.771938461538462e-5,5.737501458088846e-4,Kruskal-Wallis
Positive regulation of protein secretion,Third,log2rfu,978,20.60851886324599,2,3.35e-5,6.911145272867025e-5,5.855443947895833e-4,Kruskal-Wallis
Positive regulation of cysteine-type endopeptidase activity involved in apoptotic process,Second,log2rfu,1860,20.551859333409084,2,3.45e-5,7.111981566820276e-5,6.025601803868457e-4,Kruskal-Wallis
Biological process involved in interaction with host,Third,log2rfu,1630,20.53,2,3.49e-5,7.177900383141764e-5,6.081451293185006e-4,Kruskal-Wallis
Movement in host,Third,log2rfu,1630,20.53,2,3.49e-5,7.177900383141764e-5,6.081451293185006e-4,Kruskal-Wallis
Viral life cycle,Third,log2rfu,1630,20.53,2,3.49e-5,7.177900383141764e-5,6.081451293185006e-4,Kruskal-Wallis
Regulation of muscle hypertrophy,Second,log2rfu,1488,20.475678592143595,2,3.58e-5,7.346116207951072e-5,6.223971569409985e-4,Kruskal-Wallis
Positive regulation of cardiac muscle hypertrophy,Second,log2rfu,1488,20.475678592143595,2,3.58e-5,7.346116207951072e-5,6.223971569409985e-4,Kruskal-Wallis
Regulation of cardiac muscle hypertrophy,Second,log2rfu,1488,20.475678592143595,2,3.58e-5,7.346116207951072e-5,6.223971569409985e-4,Kruskal-Wallis
Positive regulation of phosphate metabolic process,Third,log2rfu,17278,20.471590832297807,2,3.59e-5,7.361008403361344e-5,6.236588930504726e-4,Kruskal-Wallis
Immune response-activating cell surface receptor signaling pathway,Second,log2rfu,6696,20.46392444906087,2,3.6e-5,7.37587786259542e-5,6.249187028452756e-4,Kruskal-Wallis
Heart development,Second,log2rfu,6696,20.36884945508791,2,3.78e-5,7.738764302059496e-5,6.556641310172972e-4,Kruskal-Wallis
Negative regulation of cellular response to growth factor stimulus,Third,log2rfu,1956,20.341801083987775,2,3.83e-5,7.835152439024391e-5,6.638305826104339e-4,Kruskal-Wallis
Regulation of amyloid precursor protein catabolic process,Third,log2rfu,652,20.301890272337005,2,3.9e-5,7.972277227722772e-5,6.75448432943326e-4,Kruskal-Wallis
Regulation of signaling receptor activity,Second,log2rfu,4836,20.267759963317076,2,3.97e-5,8.109193302891934e-5,6.870486000945851e-4,Kruskal-Wallis
Mesenchymal cell differentiation,Third,log2rfu,2282,20.232983770335522,2,4.04e-5,8.24590114068441e-5,6.986311244060702e-4,Kruskal-Wallis
Cell junction organization,Third,log2rfu,5542,20.13065727389767,2,4.25e-5,8.667933130699089e-5,7.343876389081122e-4,Kruskal-Wallis
Immune response-activating cell surface receptor signaling pathway,Third,log2rfu,5868,20.12773279576504,2,4.26e-5,8.681731207289294e-5,7.355566761786773e-4,Kruskal-Wallis
Regulation of vascular associated smooth muscle cell proliferation,Third,log2rfu,978,20.01,2,4.52e-5,9.197634571645185e-5,7.792664104303441e-4,Kruskal-Wallis
Positive regulation of vascular associated smooth muscle cell proliferation,Third,log2rfu,978,20.01,2,4.52e-5,9.197634571645185e-5,7.792664104303441e-4,Kruskal-Wallis
Negative regulation of cell-substrate adhesion,Second,log2rfu,744,19.98138306861847,2,4.58e-5,9.305616956850871e-5,7.88415180698773e-4,Kruskal-Wallis
Negative regulation of cell-matrix adhesion,Second,log2rfu,744,19.98138306861847,2,4.58e-5,9.305616956850871e-5,7.88415180698773e-4,Kruskal-Wallis
Response to vitamin,Second,log2rfu,1488,19.92576177990759,2,4.71e-5,9.56251134644478e-5,8.101804690758185e-4,Kruskal-Wallis
Regulation of interleukin-2 production,Second,log2rfu,744,19.85101524542506,2,4.89e-5,9.912960725075529e-5,8.398721715669167e-4,Kruskal-Wallis
Positive regulation of interleukin-2 production,Second,log2rfu,744,19.85101524542506,2,4.89e-5,9.912960725075529e-5,8.398721715669167e-4,Kruskal-Wallis
Regulation of alpha-beta T cell activation,Third,log2rfu,1630,19.844516476357057,2,4.91e-5,9.945992452830188e-5,8.426707732853454e-4,Kruskal-Wallis
Leukocyte activation,Third,log2rfu,8802,19.82444775960539,2,4.96e-5,1.003969834087481e-4,8.506099722656828e-4,Kruskal-Wallis
Positive regulation of kinase activity,Third,log2rfu,8476,19.81940420277897,2,4.97e-5,1.0044789156626505e-4,8.510412898708869e-4,Kruskal-Wallis
Organic substance metabolic process,Third,log2rfu,45640,19.82,2,4.97e-5,1.0044789156626505e-4,8.510412898708869e-4,Kruskal-Wallis
Ephrin receptor signaling pathway,Third,log2rfu,2608,19.748802017502385,2,5.15e-5,1.0400752445447705e-4,8.812001564972937e-4,Kruskal-Wallis
Positive regulation of response to stimulus,Third,log2rfu,32600,19.737846753021586,2,5.18e-5,1.0453473684210525e-4,8.856669452313014e-4,Kruskal-Wallis
Regulation of NIK/NF-kappaB signaling,Second,log2rfu,2232,19.704581939769014,2,5.26e-5,1.060694214876033e-4,8.986695078524202e-4,Kruskal-Wallis
Positive regulation of cell morphogenesis involved in differentiation,Second,log2rfu,3720,19.69561548288584,2,5.29e-5,1.0659429429429429e-4,9.03116474567792e-4,Kruskal-Wallis
Cellular response to biotic stimulus,Second,log2rfu,5580,19.568091167715465,2,5.63e-5,1.13360240060015e-4,9.604407162404689e-4,Kruskal-Wallis
Positive regulation of monocyte chemotaxis,Third,log2rfu,978,19.46672775921843,2,5.93e-5,1.1931124437781109e-4,0.00101086,Kruskal-Wallis
Anatomical structure formation involved in morphogenesis,Third,log2rfu,11084,19.404453643735906,2,6.11e-5,1.228407490636704e-4,0.001040764,Kruskal-Wallis
Negative regulation of lymphocyte proliferation,Third,log2rfu,1956,19.40188463335653,2,6.12e-5,1.2294970059880238e-4,0.001041687,Kruskal-Wallis
Negative regulation of hemopoiesis,Second,log2rfu,1488,19.321042551033315,2,6.38e-5,1.2798146487294468e-4,0.001084319,Kruskal-Wallis
Negative regulation of leukocyte differentiation,Second,log2rfu,1488,19.321042551033315,2,6.38e-5,1.2798146487294468e-4,0.001084319,Kruskal-Wallis
Response to extracellular stimulus,Third,log2rfu,4564,19.299413387823734,2,6.44e-5,1.2908857356235995e-4,0.001093698,Kruskal-Wallis
Response to organic substance,Second,log2rfu,34968,19.255937520589214,2,6.59e-5,1.3199671641791046e-4,0.001118338,Kruskal-Wallis
Gland development,Third,log2rfu,4564,19.21018254156843,2,6.74e-5,1.3490052199850857e-4,0.00114294,Kruskal-Wallis
Nitrogen compound metabolic process,Third,log2rfu,43032,19.195812759018736,2,6.79e-5,1.358e-4,0.001150561,Kruskal-Wallis
Negative regulation of epithelial cell proliferation,Third,log2rfu,1304,19.19214181444977,2,6.8e-5,1.358987341772152e-4,0.001151397,Kruskal-Wallis
Cellular response to molecule of bacterial origin,Third,log2rfu,4564,19.154088480408973,2,6.93e-5,1.3839375e-4,0.001172536,Kruskal-Wallis
Regulation of MAP kinase activity,Third,log2rfu,2608,19.110323780145336,2,7.08e-5,1.4128416356877323e-4,0.001197025,Kruskal-Wallis
Negative regulation of cell motility,Third,log2rfu,5216,19.103163394058356,2,7.11e-5,1.4177741456166418e-4,0.001201204,Kruskal-Wallis
Cellular homeostasis,Second,log2rfu,4092,19.078345561003516,2,7.2e-5,1.4346547884187081e-4,0.001215506,Kruskal-Wallis
Regulation of developmental growth,Third,log2rfu,5868,19.060454193793703,2,7.26e-5,1.4455370919881308e-4,0.001224726,Kruskal-Wallis
Axon guidance,Third,log2rfu,4890,18.99953318984808,2,7.49e-5,1.4902268346923649e-4,0.00126259,Kruskal-Wallis
Regulation of myelination,Second,log2rfu,1116,18.95607160447662,2,7.65e-5,1.5209333333333336e-4,0.001288606,Kruskal-Wallis
Positive regulation of cellular component organization,Second,log2rfu,15996,18.92580378746061,2,7.77e-5,1.5436476683937825e-4,0.00130785,Kruskal-Wallis
Cellular response to toxic substance,Second,log2rfu,744,18.88083931313531,2,7.94e-5,1.575089430894309e-4,0.001334489,Kruskal-Wallis
Cellular detoxification,Second,log2rfu,744,18.88083931313531,2,7.94e-5,1.575089430894309e-4,0.001334489,Kruskal-Wallis
Cellular response to endogenous stimulus,Second,log2rfu,18228,18.820437960945128,2,8.19e-5,1.623483013293944e-4,0.00137549,Kruskal-Wallis
Phosphate-containing compound metabolic process,Third,log2rfu,24450,18.729469847370638,2,8.57e-5,1.6975557195571955e-4,0.001438248,Kruskal-Wallis
Positive regulation of hydrolase activity,Third,log2rfu,6846,18.725420287719317,2,8.59e-5,1.7002625368731564e-4,0.001440542,Kruskal-Wallis
Neuron projection morphogenesis,Second,log2rfu,8556,18.666904333687853,2,8.84e-5,1.7458837380426783e-4,0.001479194,Kruskal-Wallis
Cell projection morphogenesis,Second,log2rfu,8556,18.666904333687853,2,8.84e-5,1.7458837380426783e-4,0.001479194,Kruskal-Wallis
Cell part morphogenesis,Second,log2rfu,8556,18.666904333687853,2,8.84e-5,1.7458837380426783e-4,0.001479194,Kruskal-Wallis
Response to cytokine,Second,log2rfu,10044,18.66518044961049,2,8.85e-5,1.7465735294117647e-4,0.001479778,Kruskal-Wallis
Regulation of primary metabolic process,Third,log2rfu,44988,18.650906569237122,2,8.91e-5,1.7571227038941953e-4,0.001488716,Kruskal-Wallis
Positive regulation of leukocyte chemotaxis,Second,log2rfu,3348,18.63965528362496,2,8.96e-5,1.7656857562408222e-4,0.001495971,Kruskal-Wallis
Columnar/cuboidal epithelial cell differentiation,Third,log2rfu,2608,18.57,2,9.26e-5,1.8234658840792368e-4,0.001544925,Kruskal-Wallis
Negative regulation of mononuclear cell proliferation,Third,log2rfu,2282,18.571082727046814,2,9.28e-5,1.8260645161290325e-4,0.001547127,Kruskal-Wallis
Regulation of peptidase activity,Second,log2rfu,8928,18.568078441436228,2,9.29e-5,1.82669304029304e-4,0.001547659,Kruskal-Wallis
Defense response to bacterium,Third,log2rfu,4890,18.557836266585582,2,9.34e-5,1.8351800878477304e-4,0.00155485,Kruskal-Wallis
Positive regulation of neuron apoptotic process,Second,log2rfu,1488,18.553920965700854,2,9.36e-5,1.837764447695684e-4,0.00155704,Kruskal-Wallis
Positive regulation of leukocyte mediated immunity,Second,log2rfu,1488,18.52227054103423,2,9.5e-5,1.8625273922571222e-4,0.00157802,Kruskal-Wallis
Positive regulation of lymphocyte mediated immunity,Second,log2rfu,1488,18.52227054103423,2,9.5e-5,1.8625273922571222e-4,0.00157802,Kruskal-Wallis
Negative regulation of lymphocyte differentiation,Third,log2rfu,652,18.46138940366768,2,9.8e-5,1.91854121079504e-4,0.001625477,Kruskal-Wallis
Negative regulation of T cell differentiation,Third,log2rfu,652,18.46138940366768,2,9.8e-5,1.91854121079504e-4,0.001625477,Kruskal-Wallis
Neurogenesis,Third,log2rfu,16952,18.445730513318267,2,9.88e-5,1.9313852876911872e-4,0.00163636,Kruskal-Wallis
Regulation of muscle adaptation,Third,log2rfu,1956,18.444108944798245,2,9.88e-5,1.9313852876911872e-4,0.00163636,Kruskal-Wallis
Positive regulation of innate immune response,Second,log2rfu,3720,18.375726480699086,2,1.02e-4,1.99104e-4,0.001686902,Kruskal-Wallis
Endothelial cell migration,Third,log2rfu,978,18.382964123933107,2,1.02e-4,1.99104e-4,0.001686902,Kruskal-Wallis
Response to virus,Third,log2rfu,2282,18.246962096895913,2,1.09e-4,2.1261337209302326e-4,0.001801359,Kruskal-Wallis
Positive regulation of smooth muscle cell proliferation,Third,log2rfu,1304,18.22341687834796,2,1.1e-4,2.144081336238199e-4,0.001816566,Kruskal-Wallis
Ossification,Second,log2rfu,5208,18.21587739568531,2,1.11e-4,2.1620029027576197e-4,0.001831749,Kruskal-Wallis
Regulation of response to external stimulus,Second,log2rfu,19716,18.19501646014396,2,1.12e-4,2.1798984771573604e-4,0.001846911,Kruskal-Wallis
Positive regulation of leukocyte cell-cell adhesion,Second,log2rfu,5952,18.15131970683069,2,1.14e-4,2.2156118754525708e-4,0.00187717,Kruskal-Wallis
Positive regulation of T cell differentiation,Second,log2rfu,744,18.16323753246388,2,1.14e-4,2.2156118754525708e-4,0.00187717,Kruskal-Wallis
Regulation of epithelial cell migration,Third,log2rfu,5542,18.121212244772323,2,1.16e-4,2.252850940665702e-4,0.00190872,Kruskal-Wallis
Morphogenesis of an epithelium,Third,log2rfu,6194,18.087340438523825,2,1.18e-4,2.2883815028901732e-4,0.001938823,Kruskal-Wallis
Regulation of protein catabolic process,Second,log2rfu,4464,18.094203871130958,2,1.18e-4,2.2883815028901732e-4,0.001938823,Kruskal-Wallis
Phosphorylation,Third,log2rfu,19560,18.078099889586156,2,1.19e-4,2.3061083032490976e-4,0.001953842,Kruskal-Wallis
Regulation of cellular component organization,Second,log2rfu,25668,18.05137959998683,2,1.2e-4,2.3187904967602593e-4,0.001964587,Kruskal-Wallis
Hemopoiesis,Third,log2rfu,6846,18.061590221648657,2,1.2e-4,2.3187904967602593e-4,0.001964587,Kruskal-Wallis
Morphogenesis of a branching epithelium,Third,log2rfu,2282,18.062905279775805,2,1.2e-4,2.3187904967602593e-4,0.001964587,Kruskal-Wallis
Morphogenesis of a branching structure,Third,log2rfu,2282,18.062905279775805,2,1.2e-4,2.3187904967602593e-4,0.001964587,Kruskal-Wallis
Digestive tract development,Second,log2rfu,1860,18.013050195814685,2,1.23e-4,2.3733429187634798e-4,0.002010807,Kruskal-Wallis
Digestive system development,Second,log2rfu,1860,18.013050195814685,2,1.23e-4,2.3733429187634798e-4,0.002010807,Kruskal-Wallis
Myeloid cell homeostasis,Third,log2rfu,1304,17.98,2,1.25e-4,2.4102011494252874e-4,0.002042035,Kruskal-Wallis
Negative regulation of protein modification process,Third,log2rfu,5868,17.941867291301605,2,1.27e-4,2.445251076040172e-4,0.002071731,Kruskal-Wallis
Positive regulation of lipid transport,Third,log2rfu,652,17.94868195455433,2,1.27e-4,2.445251076040172e-4,0.002071731,Kruskal-Wallis
Negative regulation of secretion,Third,log2rfu,1304,17.914560875978623,2,1.29e-4,2.4802005730659025e-4,0.002101341,Kruskal-Wallis
Regulation of tau-protein kinase activity,Third,log2rfu,652,17.912057884387877,2,1.29e-4,2.4802005730659025e-4,0.002101341,Kruskal-Wallis
Cell morphogenesis involved in neuron differentiation,Second,log2rfu,7068,17.828595498587674,2,1.34e-4,2.574488188976378e-4,0.002181226,Kruskal-Wallis
Negative regulation of wound healing,Third,log2rfu,1630,17.822794468694156,2,1.35e-4,2.591845493562232e-4,0.002195932,Kruskal-Wallis
Response to cytokine,Third,log2rfu,8802,17.812775886955933,2,1.36e-4,2.609177984274482e-4,0.002210617,Kruskal-Wallis
Endodermal cell differentiation,Second,log2rfu,372,17.716250910389135,2,1.42e-4,2.722342857142857e-4,0.002306496,Kruskal-Wallis
Negative regulation of leukocyte proliferation,Third,log2rfu,2608,17.710282482617913,2,1.43e-4,2.7395574589578875e-4,0.002321081,Kruskal-Wallis
Positive regulation of MAPK cascade,Second,log2rfu,9300,17.651901863966486,2,1.47e-4,2.814179743223966e-4,0.002384304,Kruskal-Wallis
Cellular response to fibroblast growth factor stimulus,Second,log2rfu,2232,17.468965563807615,2,1.61e-4,3.08e-4,0.002609519,Kruskal-Wallis
Positive regulation of epithelial cell proliferation,Third,log2rfu,4890,17.44662206720386,2,1.63e-4,3.1160398860398863e-4,0.002640054,Kruskal-Wallis
Negative regulation of cell communication,Second,log2rfu,17112,17.359902825250174,2,1.7e-4,3.2452347083926033e-4,0.002749514,Kruskal-Wallis
Glucose homeostasis,Second,log2rfu,1860,17.35580064286023,2,1.7e-4,3.2452347083926033e-4,0.002749514,Kruskal-Wallis
Positive regulation of cytokine production,Third,log2rfu,8802,17.34,2,1.72e-4,3.281080312722104e-4,0.002779884,Kruskal-Wallis
Negative regulation of establishment of protein localization,Third,log2rfu,1304,17.31306112523771,2,1.74e-4,3.314520936834635e-4,0.002808216,Kruskal-Wallis
Negative regulation of protein transport,Third,log2rfu,1304,17.31306112523771,2,1.74e-4,3.314520936834635e-4,0.002808216,Kruskal-Wallis
Cellular response to reactive oxygen species,Third,log2rfu,1956,17.272954814262448,2,1.78e-4,3.38591070163005e-4,0.002868701,Kruskal-Wallis
Positive regulation of interleukin-8 production,Second,log2rfu,1860,17.27,2,1.78e-4,3.38591070163005e-4,0.002868701,Kruskal-Wallis
Response to vitamin D,Second,log2rfu,1116,17.256634523254434,2,1.79e-4,3.4025212464589233e-4,0.002882774,Kruskal-Wallis
Response to alcohol,Third,log2rfu,1630,17.248795275031625,2,1.8e-4,3.416690240452617e-4,0.002894779,Kruskal-Wallis
Cellular metal ion homeostasis,Second,log2rfu,2232,17.244062469924756,2,1.8e-4,3.416690240452617e-4,0.002894779,Kruskal-Wallis
Regulation of anatomical structure morphogenesis,Second,log2rfu,15996,17.169637163511652,2,1.87e-4,3.5470530035335685e-4,0.003005228,Kruskal-Wallis
Regulation of T cell activation,Second,log2rfu,7068,17.07956063430538,2,1.96e-4,3.7151412429378526e-4,0.003147641,Kruskal-Wallis
Entry into host,Second,log2rfu,1488,17.033815898850662,2,2e-4,3.785613540197461e-4,0.003207348,Kruskal-Wallis
Viral entry into host cell,Second,log2rfu,1488,17.033815898850662,2,2e-4,3.785613540197461e-4,0.003207348,Kruskal-Wallis
Fibroblast growth factor receptor signaling pathway,Second,log2rfu,1860,17.01,2,2.03e-4,3.8396899224806203e-4,0.003253164,Kruskal-Wallis
Regulation of cell-matrix adhesion,Third,log2rfu,3260,16.98527002534138,2,2.05e-4,3.874788732394366e-4,0.003282901,Kruskal-Wallis
Positive regulation of neutrophil migration,Second,log2rfu,2232,16.97899698603669,2,2.06e-4,3.890950035186488e-4,0.003296594,Kruskal-Wallis
Positive regulation of endothelial cell proliferation,Second,log2rfu,2232,16.96284598018792,2,2.07e-4,3.9070886075949366e-4,0.003310267,Kruskal-Wallis
Regulation of cytokine production,Second,log2rfu,13392,16.945959005701297,2,2.09e-4,3.942066057624737e-4,0.003339902,Kruskal-Wallis
Positive regulation of cell division,Third,log2rfu,2282,16.916997432163043,2,2.12e-4,3.9958426966292136e-4,0.003385464,Kruskal-Wallis
Regulation of mitotic nuclear division,Second,log2rfu,744,16.858031950276654,2,2.18e-4,4.1060491228070173e-4,0.003478836,Kruskal-Wallis
Liver development,Second,log2rfu,1116,16.826784826786024,2,2.22e-4,4.1784572230014024e-4,0.003540183,Kruskal-Wallis
Regulation of transforming growth factor beta production,Third,log2rfu,326,16.790910756705898,2,2.26e-4,4.247787114845938e-4,0.003598923,Kruskal-Wallis
Animal organ formation,Third,log2rfu,326,16.790910756705898,2,2.26e-4,4.247787114845938e-4,0.003598923,Kruskal-Wallis
Regulation of interleukin-2 production,Third,log2rfu,652,16.740466435684993,2,2.32e-4,4.3544615384615384e-4,0.003689302,Kruskal-Wallis
Positive regulation of interleukin-2 production,Third,log2rfu,652,16.740466435684993,2,2.32e-4,4.3544615384615384e-4,0.003689302,Kruskal-Wallis
Cell surface receptor signaling pathway,Second,log2rfu,37200,16.66,2,2.41e-4,4.5202236198462614e-4,0.003829744,Kruskal-Wallis
Chemical homeostasis,Second,log2rfu,5952,16.63,2,2.44e-4,4.5732960893854745e-4,0.003874709,Kruskal-Wallis
Cellular response to cytokine stimulus,Second,log2rfu,9300,16.561488369821745,2,2.53e-4,4.7353695955369604e-4,0.004012026,Kruskal-Wallis
Positive regulation of defense response,Second,log2rfu,7068,16.56584589252816,2,2.53e-4,4.7353695955369604e-4,0.004012026,Kruskal-Wallis
Regulation of neutrophil chemotaxis,Second,log2rfu,2232,16.549743235270398,2,2.55e-4,4.769477351916377e-4,0.004040923,Kruskal-Wallis
Regulation of cell-cell adhesion,Third,log2rfu,8476,16.515962857381965,2,2.59e-4,4.837550452331246e-4,0.004098598,Kruskal-Wallis
Negative regulation of angiogenesis,Third,log2rfu,1304,16.519358330870546,2,2.59e-4,4.837550452331246e-4,0.004098598,Kruskal-Wallis
Positive regulation of neurogenesis,Second,log2rfu,4464,16.47880632228953,2,2.64e-4,4.927510431154381e-4,0.004174816,Kruskal-Wallis
Cellular response to abiotic stimulus,Third,log2rfu,1956,16.473044371292417,2,2.65e-4,4.939305555555555e-4,0.00418481,Kruskal-Wallis
Response to radiation,Third,log2rfu,1956,16.473044371292417,2,2.65e-4,4.939305555555555e-4,0.00418481,Kruskal-Wallis
Positive regulation of leukocyte proliferation,Third,log2rfu,4238,16.467071446082628,2,2.66e-4,4.954503816793893e-4,0.004197686,Kruskal-Wallis
Positive regulation of growth,Second,log2rfu,5952,16.44296848140948,2,2.69e-4,5.006907073509015e-4,0.004242085,Kruskal-Wallis
Cellular chemical homeostasis,Second,log2rfu,3720,16.431625833190992,2,2.7e-4,5.022037422037423e-4,0.004254904,Kruskal-Wallis
Positive regulation of developmental process,Third,log2rfu,20212,16.41630073315173,2,2.72e-4,5.055734072022161e-4,0.004283453,Kruskal-Wallis
Cellular component disassembly,Second,log2rfu,2976,16.409839621677747,2,2.73e-4,5.070809688581316e-4,0.004296226,Kruskal-Wallis
Regulation of neurogenesis,Third,log2rfu,6194,16.402019914348784,2,2.74e-4,5.085864453665284e-4,0.004308981,Kruskal-Wallis
ERK1 and ERK2 cascade,Second,log2rfu,1116,16.384326649214017,2,2.77e-4,5.137995853489979e-4,0.004353149,Kruskal-Wallis
Negative regulation of lymphocyte proliferation,Second,log2rfu,2232,16.376511798728643,2,2.78e-4,5.152983425414364e-4,0.004365847,Kruskal-Wallis
Positive regulation of B cell activation,Second,log2rfu,2232,16.32999038358139,2,2.84e-4,5.260565907522429e-4,0.004456996,Kruskal-Wallis
Ovulation cycle process,Second,log2rfu,372,16.30180748211251,2,2.88e-4,5.330979310344828e-4,0.004516654,Kruskal-Wallis
Trachea development,Third,log2rfu,652,16.278368635146535,2,2.92e-4,5.401295658166781e-4,0.004576229,Kruskal-Wallis
Leukocyte chemotaxis,Third,log2rfu,1304,16.19909909884518,2,3.04e-4,5.619393939393939e-4,0.004761012,Kruskal-Wallis
Odontogenesis,Second,log2rfu,2232,16.18507661898093,2,3.06e-4,5.652470750172058e-4,0.004789036,Kruskal-Wallis
Regulation of catabolic process,Second,log2rfu,7440,16.152659532930556,2,3.11e-4,5.740880330123797e-4,0.004863941,Kruskal-Wallis
Response to bacterium,Third,log2rfu,10432,16.12112997812801,2,3.16e-4,5.829168384879725e-4,0.004938743,Kruskal-Wallis
Negative regulation of signaling,Second,log2rfu,17484,16.108637388504576,2,3.18e-4,5.862032967032966e-4,0.004966587,Kruskal-Wallis
Cellular response to organic cyclic compound,Third,log2rfu,4890,16.084258745573607,2,3.22e-4,5.931695264241592e-4,0.005025608,Kruskal-Wallis
Regulation of morphogenesis of a branching structure,Second,log2rfu,1860,16.049801778479377,2,3.27e-4,6.019670781893003e-4,0.005100145,Kruskal-Wallis
Positive regulation of T cell proliferation,Second,log2rfu,2232,16.043322066128894,2,3.28e-4,6.033941055517478e-4,0.005112236,Kruskal-Wallis
Regulation of cell cycle,Second,log2rfu,8556,16.019654169595015,2,3.32e-4,6.103342465753425e-4,0.005171036,Kruskal-Wallis
Cellular response to organic substance,Third,log2rfu,26406,15.985766341065755,2,3.38e-4,6.209390828199863e-4,0.005260885,Kruskal-Wallis
Negative regulation of cell differentiation,Second,log2rfu,9300,15.979472241324402,2,3.39e-4,6.223502051983583e-4,0.005272841,Kruskal-Wallis
Positive regulation of proteolysis,Second,log2rfu,6324,15.975263511511002,2,3.4e-4,6.237593984962407e-4,0.00528478,Kruskal-Wallis
Regulation of macrophage chemotaxis,Third,log2rfu,978,15.950162529822592,2,3.44e-4,6.306666666666666e-4,0.005343302,Kruskal-Wallis
Defense response to Gram-positive bacterium,Second,log2rfu,2604,15.942314481510039,2,3.45e-4,6.316371077762619e-4,0.005351524,Kruskal-Wallis
Positive regulation of macrophage activation,Second,log2rfu,372,15.945578434189429,2,3.45e-4,6.316371077762619e-4,0.005351524,Kruskal-Wallis
Regulation of canonical Wnt signaling pathway,Third,log2rfu,2608,15.93885933812362,2,3.46e-4,6.330361281526926e-4,0.005363377,Kruskal-Wallis
Astrocyte activation,Third,log2rfu,652,15.899699705678586,2,3.53e-4,0.000645403,0.005468157,Kruskal-Wallis
Regulation of interferon-gamma production,Second,log2rfu,2604,15.886381187504412,2,3.55e-4,6.486181075561607e-4,0.005495395,Kruskal-Wallis
Positive regulation of leukocyte cell-cell adhesion,Third,log2rfu,5216,15.872887000727133,2,3.57e-4,6.518285714285715e-4,0.005522595,Kruskal-Wallis
Branching involved in salivary gland morphogenesis,Third,log2rfu,652,15.85989283007575,2,3.6e-4,6.568592794017675e-4,0.005565218,Kruskal-Wallis
Response to toxic substance,Second,log2rfu,2232,15.846458736110435,2,3.62e-4,6.600597826086957e-4,0.005592334,Kruskal-Wallis
Regulation of ossification,Third,log2rfu,2934,15.735178461414762,2,3.83e-4,6.9787644263408e-4,0.005912734,Kruskal-Wallis
Regulation of synaptic plasticity,Third,log2rfu,2608,15.71,2,3.88e-4,7.065074626865671e-4,0.00598586,Kruskal-Wallis
Axonogenesis,Second,log2rfu,6324,15.683346614470793,2,3.93e-4,7.151267796610169e-4,0.006058887,Kruskal-Wallis
Positive regulation of smooth muscle cell migration,Third,log2rfu,1304,15.671282589564271,2,3.95e-4,7.182791327913279e-4,0.006085595,Kruskal-Wallis
Positive regulation of secretion,Second,log2rfu,2604,15.668766026533376,2,3.96e-4,7.196100203114421e-4,0.006096871,Kruskal-Wallis
Positive regulation of supramolecular fiber organization,Second,log2rfu,2604,15.663687491276505,2,3.97e-4,7.204516565246788e-4,0.006104002,Kruskal-Wallis
Positive regulation of cytoskeleton organization,Second,log2rfu,2604,15.663687491276505,2,3.97e-4,7.204516565246788e-4,0.006104002,Kruskal-Wallis
Apoptotic cell clearance,Third,log2rfu,978,15.562556559981203,2,4.17e-4,7.562351351351351e-4,0.006407176,Kruskal-Wallis
Regulation of reproductive process,Second,log2rfu,2232,15.493031324313051,2,4.32e-4,7.829088453747467e-4,0.006633168,Kruskal-Wallis
Regulation of monocyte chemotaxis,Third,log2rfu,1630,15.478758416382334,2,4.35e-4,7.867520215633424e-4,0.006665729,Kruskal-Wallis
Negative regulation of tumor necrosis factor superfamily cytokine production,Second,log2rfu,1116,15.482606482941264,2,4.35e-4,7.867520215633424e-4,0.006665729,Kruskal-Wallis
Negative regulation of tumor necrosis factor production,Second,log2rfu,1116,15.482606482941264,2,4.35e-4,7.867520215633424e-4,0.006665729,Kruskal-Wallis
Positive regulation of cytokine production,Second,log2rfu,10044,15.460386890907102,2,4.39e-4,7.934518518518518e-4,0.006722493,Kruskal-Wallis
Regulation of myelination,Third,log2rfu,978,15.42183422702874,2,4.48e-4,8.091736204576043e-4,0.006855696,Kruskal-Wallis
Regulation of cell-cell adhesion,Second,log2rfu,9672,15.410974817401438,2,4.5e-4,8.122394082044384e-4,0.00688167,Kruskal-Wallis
Regulation of extrinsic apoptotic signaling pathway in absence of ligand,Second,log2rfu,744,15.388143713640147,2,4.56e-4,8.219637340496979e-4,0.006964059,Kruskal-Wallis
Positive regulation of extrinsic apoptotic signaling pathway,Second,log2rfu,744,15.388143713640147,2,4.56e-4,8.219637340496979e-4,0.006964059,Kruskal-Wallis
Cell activation involved in immune response,Third,log2rfu,2608,15.383578131733884,2,4.57e-4,8.226613011401745e-4,0.006969969,Kruskal-Wallis
Leukocyte activation involved in immune response,Third,log2rfu,2608,15.383578131733884,2,4.57e-4,8.226613011401745e-4,0.006969969,Kruskal-Wallis
Regulation of systemic arterial blood pressure,Third,log2rfu,652,15.344672429369439,2,4.66e-4,8.383002680965148e-4,0.00710247,Kruskal-Wallis
Positive regulation of receptor binding,Third,log2rfu,652,15.336785234366744,2,4.67e-4,8.395365036838581e-4,0.007112944,Kruskal-Wallis
Regulation of transmembrane receptor protein serine/threonine kinase signaling pathway,Second,log2rfu,5952,15.25195244482893,2,4.88e-4,8.767014725568941e-4,0.007427823,Kruskal-Wallis
Regulation of cell-substrate adhesion,Third,log2rfu,4890,15.210953193056412,2,4.98e-4,8.940682274247491e-4,0.007574962,Kruskal-Wallis
Regulation of metabolic process,Third,log2rfu,50530,15.200094175466802,2,5e-4,8.970588235294118e-4,0.0076003,Kruskal-Wallis
Positive regulation of T cell activation,Second,log2rfu,5208,15.192595148302644,2,5.02e-4,9.000454241816966e-4,0.007625604,Kruskal-Wallis
Inorganic ion homeostasis,Second,log2rfu,3348,15.160923311221268,2,5.1e-4,9.137783711615487e-4,0.007741956,Kruskal-Wallis
Regulation of Wnt signaling pathway,Third,log2rfu,3260,15.155021652291907,2,5.12e-4,9.167498332221481e-4,0.007767131,Kruskal-Wallis
Regulation of signaling,Third,log2rfu,38468,15.080346783317509,2,5.31e-4,9.501360000000001e-4,0.008049994,Kruskal-Wallis
Regulation of cell cycle,Third,log2rfu,7498,15.034342663362622,2,5.44e-4,9.727488341105929e-4,0.008241581,Kruskal-Wallis
Regulation of peptidase activity,Third,log2rfu,7824,14.982526651390799,2,5.58e-4,9.971185086551264e-4,0.008448052,Kruskal-Wallis
Negative regulation of myeloid cell differentiation,Third,log2rfu,978,14.968802311744184,2,5.62e-4,0.001003598,0.008502951,Kruskal-Wallis
Lung development,Third,log2rfu,1630,14.961682302181543,2,5.64e-4,0.0010065,0.008527536,Kruskal-Wallis
Positive regulation of cell projection organization,Second,log2rfu,9672,14.916689604669955,2,5.77e-4,0.001029015,0.008718296,Kruskal-Wallis
Negative regulation of apoptotic process,Second,log2rfu,15252,14.849465364372008,2,5.96e-4,0.001061489,0.008993429,Kruskal-Wallis
Negative regulation of programmed cell death,Second,log2rfu,15252,14.849465364372008,2,5.96e-4,0.001061489,0.008993429,Kruskal-Wallis
Cellular response to cytokine stimulus,Third,log2rfu,8150,14.813380035928276,2,6.07e-4,0.001079647,0.009147276,Kruskal-Wallis
Positive regulation of B cell activation,Third,log2rfu,1956,14.812860187196748,2,6.07e-4,0.001079647,0.009147276,Kruskal-Wallis
Positive regulation of lymphocyte activation,Third,log2rfu,6194,14.755014646572818,2,6.25e-4,0.001110927,0.009412292,Kruskal-Wallis
Positive regulation of nervous system development,Second,log2rfu,4836,14.741720249125137,2,6.29e-4,0.001117297,0.009466262,Kruskal-Wallis
Endocytosis,Third,log2rfu,5542,14.700484275705094,2,6.42e-4,0.001139635,0.009655517,Kruskal-Wallis
Regulation of cellular response to growth factor stimulus,Second,log2rfu,5952,14.65155193161263,2,6.58e-4,0.001162654,0.009850549,Kruskal-Wallis
Regulation of cardiac muscle tissue growth,Second,log2rfu,2232,14.653926526782925,2,6.58e-4,0.001162654,0.009850549,Kruskal-Wallis
Regulation of cardiac muscle cell proliferation,Second,log2rfu,2232,14.653926526782925,2,6.58e-4,0.001162654,0.009850549,Kruskal-Wallis
Regulation of organ growth,Second,log2rfu,2232,14.653926526782925,2,6.58e-4,0.001162654,0.009850549,Kruskal-Wallis
Positive regulation of cardiac muscle tissue growth,Second,log2rfu,2232,14.653926526782925,2,6.58e-4,0.001162654,0.009850549,Kruskal-Wallis
Positive regulation of organ growth,Second,log2rfu,2232,14.653926526782925,2,6.58e-4,0.001162654,0.009850549,Kruskal-Wallis
Positive regulation of cardiac muscle cell proliferation,Second,log2rfu,2232,14.653926526782925,2,6.58e-4,0.001162654,0.009850549,Kruskal-Wallis
Regulation of B cell activation,Second,log2rfu,2976,14.64902469349181,2,6.59e-4,0.001163655,0.009859029,Kruskal-Wallis
Regulation of cellular response to stress,Third,log2rfu,8476,14.644947586730268,2,6.61e-4,0.001166419,0.009882449,Kruskal-Wallis
Regulation of leukocyte cell-cell adhesion,Second,log2rfu,8184,14.59798098554893,2,6.76e-4,0.001192105,0.010100069471668532,Kruskal-Wallis
Positive regulation of tumor necrosis factor superfamily cytokine production,Third,log2rfu,2282,14.583513036044678,2,6.81e-4,0.00119856,0.010154758178420743,Kruskal-Wallis
Positive regulation of tumor necrosis factor production,Third,log2rfu,2282,14.583513036044678,2,6.81e-4,0.00119856,0.010154758178420743,Kruskal-Wallis
Regulation of intrinsic apoptotic signaling pathway,Second,log2rfu,2976,14.583655833910598,2,6.81e-4,0.00119856,0.010154758178420743,Kruskal-Wallis
Chemotaxis,Second,log2rfu,10788,14.566796635073842,2,6.87e-4,0.001208328,0.010237514289348746,Kruskal-Wallis
Positive regulation of mononuclear cell proliferation,Third,log2rfu,3586,14.548320850333766,2,6.93e-4,0.001217285,0.010313407977094725,Kruskal-Wallis
Positive regulation of lymphocyte proliferation,Third,log2rfu,3586,14.548320850333766,2,6.93e-4,0.001217285,0.010313407977094725,Kruskal-Wallis
Bone mineralization,Third,log2rfu,1630,14.541751952606319,2,6.96e-4,0.001221755,0.010351280366728591,Kruskal-Wallis
Leukocyte homeostasis,Second,log2rfu,1116,14.532903681059452,2,6.99e-4,0.00122622,0.010389103249970777,Kruskal-Wallis
Regulation of signal transduction,Third,log2rfu,37164,14.483649343077559,2,7.16e-4,0.001255221,0.010634820134275977,Kruskal-Wallis
Defense response to other organism,Second,log2rfu,15624,14.478276704903692,2,7.18e-4,0.001257906,0.010657565156698023,Kruskal-Wallis
Regulation of cellular response to stress,Second,log2rfu,9672,14.46388331633716,2,7.23e-4,0.00126584,0.010724781674020547,Kruskal-Wallis
Glial cell proliferation,Second,log2rfu,744,14.442187947398452,2,7.31e-4,0.001279012,0.010836382714610756,Kruskal-Wallis
Regulation of defense response,Third,log2rfu,11084,14.39278904445382,2,7.49e-4,0.001309652,0.011095982302655738,Kruskal-Wallis
Regulation of T cell proliferation,Third,log2rfu,3586,14.364413980099926,2,7.6e-4,0.001327157,0.01124429,Kruskal-Wallis
Regulation of synapse assembly,Second,log2rfu,2232,14.365314830775787,2,7.6e-4,0.001327157,0.01124429,Kruskal-Wallis
Embryonic organ development,Third,log2rfu,1956,14.352548759455203,2,7.65e-4,0.00133502,0.011310906625783719,Kruskal-Wallis
Regulation of nervous system process,Third,log2rfu,652,14.35,2,7.67e-4,0.00133764,0.011333108892098903,Kruskal-Wallis
Regulation of receptor-mediated endocytosis,Third,log2rfu,1956,14.323866383887434,2,7.76e-4,0.001352457,0.011458646402676648,Kruskal-Wallis
Negative regulation of production of molecular mediator of immune response,Third,log2rfu,652,14.26291035835311,2,8e-4,0.001393381,0.011805371702751621,Kruskal-Wallis
Regulation of lipid localization,Second,log2rfu,1860,14.241973333412716,2,8.08e-4,0.001406402,0.011915692977872665,Kruskal-Wallis
Anatomical structure morphogenesis,Third,log2rfu,24450,14.170432677201461,2,8.37e-4,0.001454992,0.012327371367817346,Kruskal-Wallis
Axonal fasciculation,Third,log2rfu,1630,14.17083469006775,2,8.37e-4,0.001454992,0.012327371367817346,Kruskal-Wallis
Regulation of proteolysis,Second,log2rfu,11904,14.164208424197568,2,8.4e-4,0.001459262,0.012363548015299198,Kruskal-Wallis
Regulation of nuclear division,Third,log2rfu,1304,14.118729553383218,2,8.59e-4,0.001491304,0.012635021689031913,Kruskal-Wallis
Epithelial tube morphogenesis,Third,log2rfu,3912,14.083255290102898,2,8.75e-4,0.0015181,0.012862045951598027,Kruskal-Wallis
Negative regulation of intrinsic apoptotic signaling pathway,Second,log2rfu,1488,14.047851031402388,2,8.9e-4,0.001543127,0.013074087,Kruskal-Wallis
Regulation of leukocyte cell-cell adhesion,Third,log2rfu,7172,14.023617578321137,2,9.01e-4,0.00156119,0.013227132095174437,Kruskal-Wallis
Regulation of neuron projection regeneration,Third,log2rfu,1630,13.980125444239093,2,9.21e-4,0.001594815,0.013512019,Kruskal-Wallis
Developmental process,Third,log2rfu,44662,13.926129614905221,2,9.46e-4,0.001635995,0.01386091,Kruskal-Wallis
Positive chemotaxis,Third,log2rfu,1630,13.925730623143863,2,9.46e-4,0.001635995,0.01386091,Kruskal-Wallis
Branching morphogenesis of an epithelial tube,Second,log2rfu,1860,13.92,2,9.5e-4,0.001641854,0.013910555299616255,Kruskal-Wallis
Stem cell differentiation,Third,log2rfu,2608,13.860881100641564,2,9.78e-4,0.001689158,0.014311335,Kruskal-Wallis
Endocrine system development,Third,log2rfu,1304,13.835243023421299,2,9.9e-4,0.001708785,0.014477618180064988,Kruskal-Wallis
Branching involved in blood vessel morphogenesis,Third,log2rfu,978,13.816381392985022,2,0.001,0.001724936,0.014614458382021408,Kruskal-Wallis
Response to vitamin D,Third,log2rfu,978,13.786427896667192,2,0.00101,0.001741066,0.014751122809794197,Kruskal-Wallis
Negative regulation of signal transduction,Second,log2rfu,16368,13.756439399476221,2,0.00103,0.001774403,0.015033568780294012,Kruskal-Wallis
Regulation of T-helper 17 type immune response,Third,log2rfu,1304,13.68960857002412,2,0.00106,0.001824913,0.015461515764573976,Kruskal-Wallis
Cellular response to inorganic substance,Third,log2rfu,1956,13.662938162204227,2,0.00108,0.001858154,0.015743144244755983,Kruskal-Wallis
Programmed cell death,Third,log2rfu,12714,13.647397608285246,2,0.00109,0.001871759,0.015858417142830192,Kruskal-Wallis
Apoptotic process,Third,log2rfu,12714,13.647397608285246,2,0.00109,0.001871759,0.015858417142830192,Kruskal-Wallis
Regulation of tissue remodeling,Third,log2rfu,1630,13.640059302423651,2,0.00109,0.001871759,0.015858417142830192,Kruskal-Wallis
Cell differentiation,Third,log2rfu,32274,13.624944810435409,2,0.0011,0.00188411,0.015963054860668693,Kruskal-Wallis
Learning or memory,Third,log2rfu,3260,13.623627441273129,2,0.0011,0.00188411,0.015963054860668693,Kruskal-Wallis
Salivary gland morphogenesis,Third,log2rfu,1304,13.62172945753855,2,0.0011,0.00188411,0.015963054860668693,Kruskal-Wallis
Exocrine system development,Third,log2rfu,1304,13.62172945753855,2,0.0011,0.00188411,0.015963054860668693,Kruskal-Wallis
Response to growth factor,Second,log2rfu,13764,13.572647737331863,2,0.00113,0.001933027,0.016377508,Kruskal-Wallis
Regulation of smooth muscle cell proliferation,Third,log2rfu,1630,13.564375388555163,2,0.00113,0.001933027,0.016377508,Kruskal-Wallis
Negative regulation of T cell proliferation,Third,log2rfu,1304,13.556049981820252,2,0.00114,0.001948892,0.016511918,Kruskal-Wallis
Glial cell proliferation,Third,log2rfu,652,13.535417651000444,2,0.00115,0.001964736,0.016646156479178296,Kruskal-Wallis
Organ growth,Second,log2rfu,2232,13.521813846500663,2,0.00116,0.00198056,0.016780224428252773,Kruskal-Wallis
Positive regulation of protein serine/threonine kinase activity,Third,log2rfu,2934,13.50084910710575,2,0.00117,0.001995095,0.016903375968003564,Kruskal-Wallis
Positive regulation of I-kappaB kinase/NF-kappaB signaling,Third,log2rfu,2608,13.498740168705808,2,0.00117,0.001995095,0.016903375968003564,Kruskal-Wallis
Cell-cell adhesion via plasma-membrane adhesion molecules,Second,log2rfu,3348,13.485645187021873,2,0.00118,0.00201087,0.017037025235594836,Kruskal-Wallis
Positive regulation of DNA metabolic process,Second,log2rfu,3348,13.433774537244972,2,0.00121,0.002060685,0.017459084811760547,Kruskal-Wallis
Regulation of steroid biosynthetic process,Third,log2rfu,1304,13.410550017953483,2,0.00122,0.002075082,0.017581064,Kruskal-Wallis
Regulation of steroid metabolic process,Third,log2rfu,1304,13.410550017953483,2,0.00122,0.002075082,0.017581064,Kruskal-Wallis
Immune system process,Second,log2rfu,33108,13.407119956813403,2,0.00123,0.002089443,0.017702733929229827,Kruskal-Wallis
Transmembrane receptor protein serine/threonine kinase signaling pathway,Third,log2rfu,4238,13.403359042988086,2,0.00123,0.002089443,0.017702733929229827,Kruskal-Wallis
Negative regulation of immune system process,Third,log2rfu,8476,13.344624028290127,2,0.00127,0.002156028,0.018266871282656638,Kruskal-Wallis
Regeneration,Third,log2rfu,2934,13.285612644871435,2,0.0013,0.002202778,0.018662959,Kruskal-Wallis
Regulation of neutrophil migration,Second,log2rfu,2604,13.293119657939314,2,0.0013,0.002202778,0.018662959,Kruskal-Wallis
Regulation of BMP signaling pathway,Third,log2rfu,2608,13.296522589774213,2,0.0013,0.002202778,0.018662959,Kruskal-Wallis
Positive regulation of cell migration,Second,log2rfu,11160,13.269865443311573,2,0.00131,0.002216923,0.018782804,Kruskal-Wallis
Phagocytosis,Second,log2rfu,3720,13.278792459412216,2,0.00131,0.002216923,0.018782804,Kruskal-Wallis
Artery development,Third,log2rfu,1630,13.265408101657158,2,0.00132,0.002232439,0.018914258575930314,Kruskal-Wallis
Leukocyte differentiation,Second,log2rfu,5208,13.165241195703857,2,0.00138,0.002332443,0.019761545462561037,Kruskal-Wallis
Immunoglobulin mediated immune response,Second,log2rfu,3348,13.143189499061918,2,0.0014,0.00236327,0.020022727131695242,Kruskal-Wallis
Regulation of protein-containing complex assembly,Third,log2rfu,5542,13.142776797922124,2,0.0014,0.00236327,0.020022727131695242,Kruskal-Wallis
Positive regulation of neurogenesis,Third,log2rfu,3912,13.111930960094469,2,0.00142,0.002395525,0.020296001310021333,Kruskal-Wallis
Positive regulation of GTPase activity,Second,log2rfu,1860,13.105898480214819,2,0.00143,0.002409366,0.02041327,Kruskal-Wallis
Negative regulation of transmembrane receptor protein serine/threonine kinase signaling pathway,Third,log2rfu,2934,13.105114502166543,2,0.00143,0.002409366,0.02041327,Kruskal-Wallis
Defense response to bacterium,Second,log2rfu,5580,12.96908702845758,2,0.00153,0.002576236,0.021827069498689285,Kruskal-Wallis
Regulation of superoxide metabolic process,Third,log2rfu,978,12.920399114194424,2,0.00156,0.002625103,0.022241098243375224,Kruskal-Wallis
Negative regulation of gene expression,Third,log2rfu,8476,12.89595615214057,2,0.00158,0.002657093,0.022512126342751872,Kruskal-Wallis
Epidermis development,Third,log2rfu,3260,12.879069914404681,2,0.0016,0.002689042,0.022782815020588914,Kruskal-Wallis
Activation of cysteine-type endopeptidase activity involved in apoptotic process,Second,log2rfu,1488,12.856590034407418,2,0.00162,0.002720951,0.023053164914098246,Kruskal-Wallis
Biological process involved in interaction with symbiont,Third,log2rfu,978,12.803351639018274,2,0.00166,0.002786391,0.023607605642542846,Kruskal-Wallis
Regulation of steroid biosynthetic process,Second,log2rfu,1488,12.772877551263264,2,0.00168,0.00281644,0.023862188236898514,Kruskal-Wallis
Regulation of steroid metabolic process,Second,log2rfu,1488,12.772877551263264,2,0.00168,0.00281644,0.023862188236898514,Kruskal-Wallis
Opsonization,Second,log2rfu,1488,12.771414947994344,2,0.00169,0.002831436,0.023989241,Kruskal-Wallis
Regulation of complement-dependent cytotoxicity,Third,log2rfu,326,12.742015007888995,2,0.00171,0.002863157,0.024257995186866672,Kruskal-Wallis
Positive regulation of gliogenesis,Second,log2rfu,1488,12.665649947856764,2,0.00178,0.002978504,0.025235270007180205,Kruskal-Wallis
Positive regulation of protein binding,Second,log2rfu,1860,12.653827315695708,2,0.00179,0.002993371,0.025361229946380872,Kruskal-Wallis
Positive regulation of T cell activation,Third,log2rfu,4564,12.630752712702815,2,0.00181,0.003024932,0.025628628,Kruskal-Wallis
Positive regulation of transmembrane receptor protein serine/threonine kinase signaling pathway,Third,log2rfu,1630,12.61540729319131,2,0.00182,0.003039751,0.025754186049293134,Kruskal-Wallis
Negative regulation of blood vessel endothelial cell migration,Second,log2rfu,1116,12.574171734941501,2,0.00186,0.003104627,0.026303843825193456,Kruskal-Wallis
Regulation of epithelial cell migration,Second,log2rfu,6324,12.552683224115754,2,0.00188,0.00313606,0.026570157126015896,Kruskal-Wallis
Regulation of systemic arterial blood pressure,Second,log2rfu,744,12.526899885096554,2,0.0019,0.003167453,0.026836139602862165,Kruskal-Wallis
Skin development,Third,log2rfu,2934,12.520652076789702,2,0.00191,0.003182148,0.026960636705792886,Kruskal-Wallis
Positive regulation of transmembrane receptor protein serine/threonine kinase signaling pathway,Second,log2rfu,1860,12.495955260355004,2,0.00193,0.003213474,0.027226046946576207,Kruskal-Wallis
Cellular response to interferon-gamma,Second,log2rfu,1860,12.479984604558922,2,0.00195,0.003244761,0.027491128098406294,Kruskal-Wallis
Response to interleukin-4,Third,log2rfu,326,12.474627955667188,2,0.00196,0.00325938,0.027614987977170758,Kruskal-Wallis
Negative regulation of cell differentiation,Third,log2rfu,8150,12.454303176858957,2,0.00198,0.003290601,0.0278795,Kruskal-Wallis
Regulation of mitotic cell cycle,Second,log2rfu,4464,12.338866739037258,2,0.00209,0.003471262,0.029410150517740652,Kruskal-Wallis
Regulation of complement-dependent cytotoxicity,Second,log2rfu,372,12.335968002951859,2,0.0021,0.003485714,0.029532593821331568,Kruskal-Wallis
Epidermis development,Second,log2rfu,3720,12.271040609781267,2,0.00216,0.00358309,0.030357608,Kruskal-Wallis
Cellular component morphogenesis,Second,log2rfu,9300,12.201527234657988,2,0.00224,0.00371121,0.031443097,Kruskal-Wallis
Positive regulation of developmental growth,Third,log2rfu,4238,12.202203366912727,2,0.00224,0.00371121,0.031443097,Kruskal-Wallis
Negative regulation of locomotion,Third,log2rfu,5868,12.155457694010693,2,0.00229,0.003789371,0.032105316,Kruskal-Wallis
Divalent inorganic cation homeostasis,Third,log2rfu,1630,12.162184316769526,2,0.00229,0.003789371,0.032105316,Kruskal-Wallis
Regulation of MAPK cascade,Second,log2rfu,11532,12.103239010124526,2,0.00235,0.00388626,0.032926203647381073,Kruskal-Wallis
Regulation of axonogenesis,Third,log2rfu,3260,12.038951067785092,2,0.00243,0.004016084,0.034026131,Kruskal-Wallis
Negative regulation of neuron death,Third,log2rfu,4238,11.998567907325196,2,0.00248,0.004096197,0.034704887,Kruskal-Wallis
Reproduction,Second,log2rfu,9300,11.98957328106917,2,0.00249,0.004107658,0.034801992706600504,Kruskal-Wallis
Reproductive process,Second,log2rfu,9300,11.98957328106917,2,0.00249,0.004107658,0.034801992706600504,Kruskal-Wallis
Positive regulation of cell adhesion,Third,log2rfu,9128,11.985595937676408,2,0.0025,0.004121622,0.034920297,Kruskal-Wallis
Defense response,Second,log2rfu,20088,11.97,2,0.00252,0.004152044,0.035178050982757385,Kruskal-Wallis
Innate immune response activating cell surface receptor signaling pathway,Second,log2rfu,1860,11.959880889854503,2,0.00253,0.004165963,0.035295979155420876,Kruskal-Wallis
Negative regulation of lymphocyte differentiation,Second,log2rfu,744,11.929677248640473,2,0.00257,0.004226642,0.035810079603574164,Kruskal-Wallis
Negative regulation of T cell differentiation,Second,log2rfu,744,11.929677248640473,2,0.00257,0.004226642,0.035810079603574164,Kruskal-Wallis
Pathway-restricted SMAD protein phosphorylation,Second,log2rfu,1116,11.910394688743054,2,0.00259,0.004256926,0.036066658,Kruskal-Wallis
Female pregnancy,Third,log2rfu,1304,11.905707519961197,2,0.0026,0.004265526,0.036139519,Kruskal-Wallis
Multi-organism reproductive process,Third,log2rfu,1304,11.905707519961197,2,0.0026,0.004265526,0.036139519,Kruskal-Wallis
Multi-multicellular organism process,Third,log2rfu,1304,11.905707519961197,2,0.0026,0.004265526,0.036139519,Kruskal-Wallis
Vasculogenesis,Second,log2rfu,1860,11.891170028495253,2,0.00262,0.004295712,0.036395269,Kruskal-Wallis
Regulation of nervous system development,Third,log2rfu,6846,11.850546998062782,2,0.00267,0.004375018,0.037067191,Kruskal-Wallis
Cellular response to organic substance,Second,log2rfu,30132,11.821500518155517,2,0.00271,0.004435146,0.037576624101812554,Kruskal-Wallis
Stem cell differentiation,Second,log2rfu,2976,11.820455806440805,2,0.00271,0.004435146,0.037576624101812554,Kruskal-Wallis
Regulation of nucleocytoplasmic transport,Third,log2rfu,2282,11.799661715804177,2,0.00274,0.004481511,0.037969449387108674,Kruskal-Wallis
Positive regulation of protein-containing complex assembly,Third,log2rfu,1630,11.772389965428374,2,0.00278,0.004544166,0.038500286,Kruskal-Wallis
Regulation of acute inflammatory response,Second,log2rfu,1488,11.675148490548054,2,0.00292,0.004767202,0.040389954,Kruskal-Wallis
Positive regulation of acute inflammatory response,Second,log2rfu,1488,11.675148490548054,2,0.00292,0.004767202,0.040389954,Kruskal-Wallis
Regulation of pathway-restricted SMAD protein phosphorylation,Third,log2rfu,1956,11.628080334447986,2,0.00299,0.004878517,0.041333064,Kruskal-Wallis
Regulation of smooth muscle cell migration,Third,log2rfu,1630,11.620721009358931,2,0.003,0.004891859,0.041446106760191934,Kruskal-Wallis
"Complement activation, alternative pathway",Third,log2rfu,1304,11.587940299886213,2,0.00305,0.004967354,0.042085738,Kruskal-Wallis
Negative regulation of intrinsic apoptotic signaling pathway,Third,log2rfu,1304,11.586534022736942,2,0.00305,0.004967354,0.042085738,Kruskal-Wallis
Response to tumor necrosis factor,Third,log2rfu,2282,11.543296159205056,2,0.00311,0.005058933,0.042861638,Kruskal-Wallis
Cellular response to tumor necrosis factor,Third,log2rfu,2282,11.543296159205056,2,0.00311,0.005058933,0.042861638,Kruskal-Wallis
Leukocyte differentiation,Third,log2rfu,4564,11.537086779471792,2,0.00312,0.005072126,0.042973412,Kruskal-Wallis
Regulation of body fluid levels,Third,log2rfu,3586,11.48087979930824,2,0.00321,0.005212123,0.044159535479845885,Kruskal-Wallis
Regulation of nitric oxide biosynthetic process,Second,log2rfu,1116,11.48109205120545,2,0.00321,0.005212123,0.044159535479845885,Kruskal-Wallis
Formation of primary germ layer,Second,log2rfu,1488,11.42570779849666,2,0.0033,0.005355018,0.045370206106410835,Kruskal-Wallis
Male sex differentiation,Third,log2rfu,1630,11.417673197539443,2,0.00332,0.005384218,0.045617597,Kruskal-Wallis
Multicellular organism development,Third,log2rfu,38794,11.370248576655285,2,0.0034,0.005510628,0.046688605449423944,Kruskal-Wallis
Regulation of cellular extravasation,Third,log2rfu,1630,11.351126239683254,2,0.00343,0.005552545,0.047043747612496266,Kruskal-Wallis
Positive regulation of reproductive process,Second,log2rfu,1860,11.34838319586379,2,0.00343,0.005552545,0.047043747612496266,Kruskal-Wallis
Second-messenger-mediated signaling,Second,log2rfu,3720,11.308128096841756,2,0.0035,0.005659036,0.047945988,Kruskal-Wallis
Regulation of cytokine production involved in inflammatory response,Second,log2rfu,744,11.31229670990615,2,0.0035,0.005659036,0.047945988,Kruskal-Wallis
Response to endogenous stimulus,Second,log2rfu,20460,11.259042074991157,2,0.00359,0.00580106,0.049149277,Kruskal-Wallis
Regulation of receptor signaling pathway via STAT,Second,log2rfu,2604,11.250291407543955,2,0.00361,0.005829868,0.049393352012728854,Kruskal-Wallis
Positive regulation of catabolic process,Third,log2rfu,2934,11.139145874860333,2,0.00381,0.006149152,0.052098479,Kruskal-Wallis
Cellular response to external stimulus,Third,log2rfu,1956,11.132325596000555,2,0.00383,0.006177716,0.052340488244284215,Kruskal-Wallis
Regulation of tau-protein kinase activity,Second,log2rfu,744,11.096584696413174,2,0.00389,0.006270727,0.053128515,Kruskal-Wallis
Response to retinoic acid,Third,log2rfu,2608,11.08548396497281,2,0.00392,0.006315294,0.053506111158647784,Kruskal-Wallis
Regulation of cellular component biogenesis,Third,log2rfu,9454,11.078467497110978,2,0.00393,0.006323813,0.053578286668304234,Kruskal-Wallis
Regulation of interleukin-10 production,Second,log2rfu,1860,11.078337638751691,2,0.00393,0.006323813,0.053578286668304234,Kruskal-Wallis
Artery morphogenesis,Third,log2rfu,1304,11.07177833750984,2,0.00394,0.006336105,0.053682434,Kruskal-Wallis
Positive regulation of stress-activated protein kinase signaling cascade,Second,log2rfu,1860,11.041567761167244,2,0.004,0.006428743,0.054467299,Kruskal-Wallis
Cellular response to BMP stimulus,Third,log2rfu,2934,11.023402843509757,2,0.00404,0.006489144,0.054979050185157544,Kruskal-Wallis
Regulation of protein modification process,Third,log2rfu,21190,10.97838692375808,2,0.00413,0.006625774,0.056136642,Kruskal-Wallis
Positive regulation of chemotaxis,Second,log2rfu,3720,10.97748324008353,2,0.00413,0.006625774,0.056136642,Kruskal-Wallis
Regulation of body fluid levels,Second,log2rfu,4092,10.929059055211837,2,0.00423,0.006782151,0.057461536,Kruskal-Wallis
T cell mediated immunity,Second,log2rfu,1116,10.916313513824207,2,0.00426,0.006826173,0.057834516,Kruskal-Wallis
Tissue morphogenesis,Third,log2rfu,7824,10.891121174518048,2,0.00432,0.006918186,0.058614093,Kruskal-Wallis
Homeostatic process,Third,log2rfu,8476,10.859816644737293,2,0.00438,0.007010089,0.059392741,Kruskal-Wallis
Regulation of adaptive immune response,Third,log2rfu,2608,10.854023927508024,2,0.0044,0.007037902,0.059628384,Kruskal-Wallis
Innate immune response,Third,log2rfu,11410,10.832505380400107,2,0.00444,0.007097653,0.060134623,Kruskal-Wallis
Heart morphogenesis,Third,log2rfu,2934,10.787741015865322,2,0.00454,0.00725319,0.061452406,Kruskal-Wallis
Regulation of cell migration,Third,log2rfu,17278,10.77289895893773,2,0.00458,0.007304052,0.061883331,Kruskal-Wallis
Collagen catabolic process,Second,log2rfu,372,10.770751177686861,2,0.00458,0.007304052,0.061883331,Kruskal-Wallis
Collagen metabolic process,Second,log2rfu,372,10.770751177686861,2,0.00458,0.007304052,0.061883331,Kruskal-Wallis
Positive regulation of cartilage development,Third,log2rfu,652,10.737492125232848,2,0.00466,0.007427221,0.062926872,Kruskal-Wallis
Mononuclear cell differentiation,Third,log2rfu,3260,10.719536617943959,2,0.0047,0.007486528,0.063429351,Kruskal-Wallis
Positive regulation of neuron apoptotic process,Third,log2rfu,1304,10.697582076715662,2,0.00475,0.007561684,0.06406611,Kruskal-Wallis
Negative regulation of B cell proliferation,Second,log2rfu,744,10.691724503064506,2,0.00477,0.007584526,0.064259635,Kruskal-Wallis
Negative regulation of B cell activation,Second,log2rfu,744,10.691724503064506,2,0.00477,0.007584526,0.064259635,Kruskal-Wallis
Endoderm development,Second,log2rfu,1116,10.687747593992299,2,0.00478,0.007595927,0.064356225,Kruskal-Wallis
Gonad development,Third,log2rfu,1956,10.681214586839815,2,0.00479,0.007607314,0.064452702,Kruskal-Wallis
Negative regulation of cell migration,Third,log2rfu,4564,10.656210007713526,2,0.00485,0.007698048,0.06522145,Kruskal-Wallis
Epithelial to mesenchymal transition,Second,log2rfu,744,10.599635693343316,2,0.00499,0.007915579,0.067064471,Kruskal-Wallis
Regulation of T cell activation,Third,log2rfu,6194,10.537139475032745,2,0.00515,0.00816456,0.069173952,Kruskal-Wallis
Response to toxic substance,Third,log2rfu,1956,10.521543945862504,2,0.00519,0.008223117,0.069670074,Kruskal-Wallis
Response to interferon-gamma,Second,log2rfu,2232,10.503938450391615,2,0.00524,0.00829744,0.07029977,Kruskal-Wallis
Outflow tract septum morphogenesis,Third,log2rfu,978,10.491424812288187,2,0.00527,0.008340024,0.070660562,Kruskal-Wallis
Positive regulation of cell-cell adhesion,Third,log2rfu,5542,10.455960233946826,2,0.00536,0.008477454,0.071824939,Kruskal-Wallis
Regulation of leukocyte differentiation,Third,log2rfu,3260,10.410868808687155,2,0.00549,0.008677951,0.073523636,Kruskal-Wallis
Receptor signaling pathway via JAK-STAT,Third,log2rfu,1304,10.399331600725873,2,0.00552,0.008715106,0.073838433,Kruskal-Wallis
Tyrosine phosphorylation of STAT protein,Third,log2rfu,1304,10.399331600725873,2,0.00552,0.008715106,0.073838433,Kruskal-Wallis
Positive regulation of gliogenesis,Third,log2rfu,1304,10.396045345727543,2,0.00553,0.008725761,0.073928711,Kruskal-Wallis
Regulation of peptidyl-serine phosphorylation,Second,log2rfu,4464,10.386997295137917,2,0.00555,0.008752174,0.074152491,Kruskal-Wallis
Response to nutrient levels,Third,log2rfu,3586,10.319292521411626,2,0.00574,0.009046483,0.076646012,Kruskal-Wallis
Endothelial cell differentiation,Third,log2rfu,1304,10.257091506643519,2,0.00593,0.009340446,0.079136606,Kruskal-Wallis
Regulation of response to stimulus,Third,log2rfu,49226,10.240041102078976,2,0.00598,0.009413677,0.079757057,Kruskal-Wallis
Positive regulation of cell migration,Third,log2rfu,9780,10.19513585363893,2,0.00611,0.009612685,0.081443138,Kruskal-Wallis
Negative regulation of neuron differentiation,Second,log2rfu,1488,10.191692788474029,2,0.00612,0.009622777,0.081528644,Kruskal-Wallis
Regulation of interleukin-12 production,Second,log2rfu,1116,10.178971189929143,2,0.00616,0.00968,0.082013465,Kruskal-Wallis
Positive regulation of interleukin-12 production,Second,log2rfu,744,10.163537252879905,2,0.00621,0.009752861,0.082630781,Kruskal-Wallis
Regulation of I-kappaB kinase/NF-kappaB signaling,Third,log2rfu,3912,10.15776152446415,2,0.00623,0.00977855,0.082848424,Kruskal-Wallis
Regulation of muscle system process,Third,log2rfu,2934,10.12861389709542,2,0.00632,0.009914015,0.083996151,Kruskal-Wallis
Cellular ion homeostasis,Second,log2rfu,2976,10.09765475216409,2,0.00642,0.010059124343257444,0.085225583,Kruskal-Wallis
Cation homeostasis,Second,log2rfu,2976,10.09765475216409,2,0.00642,0.010059124343257444,0.085225583,Kruskal-Wallis
Striated muscle tissue development,Second,log2rfu,1860,10.055062277906472,2,0.00655,0.010250845481049563,0.086849934,Kruskal-Wallis
Cardiac muscle tissue development,Second,log2rfu,1860,10.055062277906472,2,0.00655,0.010250845481049563,0.086849934,Kruskal-Wallis
Negative regulation of secretion by cell,Second,log2rfu,1116,10.039302152706114,2,0.00661,0.010338717948717949,0.087594431,Kruskal-Wallis
Positive regulation of protein tyrosine kinase activity,Second,log2rfu,1860,10.025304272805442,2,0.00665,0.010395224228305184,0.088073178,Kruskal-Wallis
Tube development,Third,log2rfu,10758,10.013640665558341,2,0.00669,0.010451664726426077,0.088551368,Kruskal-Wallis
Regulation of apoptotic signaling pathway,Third,log2rfu,4890,10.010069774778458,2,0.0067,0.010461198371146015,0.088632142,Kruskal-Wallis
Blood vessel diameter maintenance,Third,log2rfu,978,9.989729814698421,2,0.00677,0.010564348837209301,0.08950608,Kruskal-Wallis
Aging,Second,log2rfu,744,9.93,2,0.00697,0.010870122022080186,0.092096733,Kruskal-Wallis
Regulation of interleukin-6 production,Third,log2rfu,2934,9.917740730101286,2,0.00702,0.010941742160278746,0.092703532,Kruskal-Wallis
Regulation of leukocyte proliferation,Third,log2rfu,6846,9.887965537862328,2,0.00713,0.011106744,0.094101505,Kruskal-Wallis
Cell morphogenesis,Third,log2rfu,10106,9.883071537893557,2,0.00714,0.011109426,0.094124229,Kruskal-Wallis
Positive regulation of cartilage development,Second,log2rfu,744,9.883472813161461,2,0.00714,0.011109426,0.094124229,Kruskal-Wallis
Regulation of gliogenesis,Second,log2rfu,2232,9.86,2,0.00721,0.011211842410196989,0.094991947,Kruskal-Wallis
Cell junction disassembly,Second,log2rfu,1116,9.857765551512784,2,0.00723,0.011236433,0.095200291,Kruskal-Wallis
Cell development,Third,log2rfu,18582,9.84,2,0.00728,0.011307592592592593,0.095803187,Kruskal-Wallis
Regulation of transferase activity,Third,log2rfu,11736,9.820836718477949,2,0.00737,0.011440763447079236,0.096931473,Kruskal-Wallis
Chemotaxis,Third,log2rfu,9454,9.771490729919606,2,0.00755,0.011713410404624277,0.099241465,Kruskal-Wallis
Regulation of response to cytokine stimulus,Third,log2rfu,1956,9.77,2,0.00756,0.011722149046793761,0.099315503,Kruskal-Wallis
Negative regulation of response to wounding,Third,log2rfu,1956,9.745715171031406,2,0.00765,0.011848009,0.10038184876200439,Kruskal-Wallis
Positive regulation of alpha-beta T cell differentiation,Second,log2rfu,372,9.746120224073366,2,0.00765,0.011848009,0.10038184876200439,Kruskal-Wallis
Leukocyte migration involved in inflammatory response,Third,log2rfu,978,9.738308629556286,2,0.00768,0.011887612456747406,0.10071738571039583,Kruskal-Wallis
Regulation of cellular metabolic process,Third,log2rfu,41728,9.683883921868983,2,0.00789,0.012205625360230546,0.10341173904480441,Kruskal-Wallis
Regulation of cell communication,Third,log2rfu,38794,9.648321290093008,2,0.00803,0.012415046,0.1051860488805733,Kruskal-Wallis
Response to chemical,Third,log2rfu,38468,9.6,2,0.00824,0.012725063291139241,0.10781265896293703,Kruskal-Wallis
Positive regulation of leukocyte migration,Second,log2rfu,4836,9.597053185680124,2,0.00824,0.012725063291139241,0.10781265896293703,Kruskal-Wallis
Aging,Third,log2rfu,652,9.577080901566887,2,0.00832,0.012841219091431856,0.10879678496663515,Kruskal-Wallis
Positive regulation of osteoblast differentiation,Third,log2rfu,978,9.56,2,0.00839,0.012941816091954023,0.1096490895769818,Kruskal-Wallis
Positive regulation of endothelial cell proliferation,Third,log2rfu,1956,9.554463847803163,2,0.00842,0.012965737234652898,0.10985176063179639,Kruskal-Wallis
Cartilage development,Second,log2rfu,3348,9.554962134365269,2,0.00842,0.012965737234652898,0.10985176063179639,Kruskal-Wallis
Connective tissue development,Second,log2rfu,3348,9.554962134365269,2,0.00842,0.012965737234652898,0.10985176063179639,Kruskal-Wallis
Response to carbohydrate,Second,log2rfu,1488,9.53,2,0.00852,0.013112201834862384,0.11109267689533465,Kruskal-Wallis
Regulation of MAPK cascade,Third,log2rfu,10106,9.524609188818431,2,0.00855,0.013150831,0.11141996070070853,Kruskal-Wallis
Regulation of response to biotic stimulus,Third,log2rfu,7498,9.473684403037623,2,0.00877,0.013473772180881511,0.11415606915630792,Kruskal-Wallis
Cellular response to virus,Second,log2rfu,1116,9.472439799551466,2,0.00877,0.013473772180881511,0.11415606915630792,Kruskal-Wallis
Regulation of T cell proliferation,Second,log2rfu,4092,9.466018713826998,2,0.0088,0.013512128146453091,0.11448103874905191,Kruskal-Wallis
Cardiac chamber morphogenesis,Third,log2rfu,2282,9.39,2,0.00912,0.013995471698113209,0.11857615028640298,Kruskal-Wallis
Regulation of GTPase activity,Third,log2rfu,1956,9.37,2,0.00921,0.014125508571428571,0.11967788320156404,Kruskal-Wallis
Immune response,Second,log2rfu,22320,9.366722999940976,2,0.00925,0.014178754997144487,0.12012901170327475,Kruskal-Wallis
Multicellular organismal homeostasis,Second,log2rfu,2976,9.353313440167767,2,0.00931,0.01426258,0.12083921536928062,Kruskal-Wallis
Reproductive structure development,Third,log2rfu,3586,9.327761191947502,2,0.00943,0.014438175,0.1223269349663837,Kruskal-Wallis
Circulatory system development,Third,log2rfu,9454,9.289645204160479,2,0.00961,0.014705381984036488,0.12459084064977607,Kruskal-Wallis
Positive regulation of nervous system development,Third,log2rfu,4238,9.283133062734123,2,0.00964,0.014742883,0.1249085683287635,Kruskal-Wallis
Cellular response to transforming growth factor beta stimulus,Second,log2rfu,2976,9.269329690368977,2,0.00971,0.014841480637813211,0.12574393179040416,Kruskal-Wallis
Regulation of angiogenesis,Second,log2rfu,7440,9.253102467977442,2,0.00979,0.014955242,0.12670777006450984,Kruskal-Wallis
Regulation of mononuclear cell migration,Third,log2rfu,3260,9.243933367783029,2,0.00983,0.014999272313814668,0.12708081631213233,Kruskal-Wallis
Positive regulation of synaptic transmission,Third,log2rfu,978,9.244601920669993,2,0.00983,0.014999272313814668,0.12708081631213233,Kruskal-Wallis
Response to interferon-gamma,Third,log2rfu,1956,9.213858903374785,2,0.00998,0.015219499999999999,0.12894668777238896,Kruskal-Wallis
Negative regulation of catalytic activity,Third,log2rfu,8802,9.210194711715303,2,0.01,0.015241340147643386,0.12913172766851397,Kruskal-Wallis
Regulation of canonical Wnt signaling pathway,Second,log2rfu,2976,9.190635746452244,2,0.0101,0.015385017026106696,0.1303490250558999,Kruskal-Wallis
Negative regulation of T cell proliferation,Second,log2rfu,1488,9.172974788930333,2,0.0102,0.015519727891156463,0.13149035820450009,Kruskal-Wallis
Positive regulation of pathway-restricted SMAD protein phosphorylation,Third,log2rfu,978,9.16,2,0.0102,0.015519727891156463,0.13149035820450009,Kruskal-Wallis
Histone phosphorylation,Second,log2rfu,744,9.146127876967967,2,0.0103,0.015663003,0.13270425019658963,Kruskal-Wallis
Regulation of mononuclear cell proliferation,Second,log2rfu,7068,9.123945218045264,2,0.0104,0.015806116,0.13391676745256126,Kruskal-Wallis
Cellular response to chemical stimulus,Third,log2rfu,30644,9,2,0.0111,0.016850904977375566,0.14276871006273809,Kruskal-Wallis
Learning or memory,Second,log2rfu,3720,9.006607783298023,2,0.0111,0.016850904977375566,0.14276871006273809,Kruskal-Wallis
Cellular calcium ion homeostasis,Third,log2rfu,978,8.983020622557888,2,0.0112,0.016993103,0.1439734816931393,Kruskal-Wallis
Macrophage activation,Third,log2rfu,1630,8.969936799734569,2,0.0113,0.017135141,0.1451768919996644,Kruskal-Wallis
Tissue regeneration,Second,log2rfu,1860,8.952794869294848,2,0.0114,0.017277018633540375,0.1463789432883391,Kruskal-Wallis
Mammary gland epithelium development,Second,log2rfu,1116,8.94,2,0.0115,0.017418735891647854,0.14757963785998365,Kruskal-Wallis
Negative regulation of gene expression,Second,log2rfu,9672,8.907457860212162,2,0.0116,0.017540507042253517,0.14861133972514567,Kruskal-Wallis
Mammary gland epithelium development,Third,log2rfu,978,8.915868036211577,2,0.0116,0.017540507042253517,0.14861133972514567,Kruskal-Wallis
Positive regulation of cell junction assembly,Third,log2rfu,2608,8.921788008216936,2,0.0116,0.017540507042253517,0.14861133972514567,Kruskal-Wallis
Positive regulation of lymphocyte activation,Second,log2rfu,7068,8.898019602333079,2,0.0117,0.017671806415306697,0.14972376912570406,Kruskal-Wallis
Regulation of hemopoiesis,Third,log2rfu,4564,8.9,2,0.0117,0.017671806415306697,0.14972376912570406,Kruskal-Wallis
Activation of immune response,Second,log2rfu,9672,8.882391768082016,2,0.0118,0.017812823397075364,0.1509185306302692,Kruskal-Wallis
Positive regulation of NIK/NF-kappaB signaling,Third,log2rfu,1630,8.844305693068236,2,0.012,0.018084222,0.1532179488540728,Kruskal-Wallis
Heart valve development,Third,log2rfu,1630,8.837673128097776,2,0.012,0.018084222,0.1532179488540728,Kruskal-Wallis
Heart valve morphogenesis,Third,log2rfu,1630,8.837673128097776,2,0.012,0.018084222,0.1532179488540728,Kruskal-Wallis
Regulation of protein phosphorylation,Third,log2rfu,18908,8.82,2,0.0122,0.018375309,0.155684167,Kruskal-Wallis
Cell death,Third,log2rfu,13040,8.766301100709825,2,0.0125,0.018816601,0.15942300366254425,Kruskal-Wallis
Positive regulation of Notch signaling pathway,Second,log2rfu,1860,8.745197933228155,2,0.0126,0.018956502,0.16060831012026844,Kruskal-Wallis
Axonal fasciculation,Second,log2rfu,1860,8.727203954839752,2,0.0127,0.019096246,0.1617922885035302,Kruskal-Wallis
Negative regulation of binding,Third,log2rfu,2934,8.700588802323182,2,0.0129,0.019386114221724524,0.16424818277003722,Kruskal-Wallis
Positive regulation of metabolic process,Third,log2rfu,35534,8.670781321707182,2,0.0131,0.019675658,0.166701328,Kruskal-Wallis
Neuron recognition,Second,log2rfu,2604,8.619891141279368,2,0.0134,0.020114988814317673,0.1704235475662747,Kruskal-Wallis
Myeloid cell homeostasis,Second,log2rfu,1488,8.615869249716525,2,0.0135,0.020242458,0.1715035266886825,Kruskal-Wallis
Negative regulation of blood circulation,Third,log2rfu,978,8.613039382918032,2,0.0135,0.020242458,0.1715035266886825,Kruskal-Wallis
Regulation of platelet activation,Third,log2rfu,1630,8.588397747896124,2,0.0136,0.020381016192071468,0.17267745533053275,Kruskal-Wallis
Regulation of synapse organization,Second,log2rfu,5208,8.552217661770555,2,0.0139,0.020818973214285715,0.17638803106568737,Kruskal-Wallis
Killing of cells of another organism,Third,log2rfu,326,8.540849647232676,2,0.014,0.020957055,0.1775579260423616,Kruskal-Wallis
Apoptotic signaling pathway,Third,log2rfu,3912,8.519396723231694,2,0.0141,0.021071492,0.17852748948674657,Kruskal-Wallis
Integrin-mediated signaling pathway,Second,log2rfu,2604,8.522851415335936,2,0.0141,0.021071492,0.17852748948674657,Kruskal-Wallis
Regulation of cell size,Third,log2rfu,2282,8.527104641774713,2,0.0141,0.021071492,0.17852748948674657,Kruskal-Wallis
Regulation of receptor signaling pathway via JAK-STAT,Second,log2rfu,2232,8.502645346487043,2,0.0142,0.021197330367074527,0.17959364896687396,Kruskal-Wallis
Regulation of protein processing,Third,log2rfu,978,8.502476665550603,2,0.0142,0.021197330367074527,0.17959364896687396,Kruskal-Wallis
Positive regulation of locomotion,Second,log2rfu,11532,8.459773157657764,2,0.0146,0.021758134369794558,0.18434504149883926,Kruskal-Wallis
Positive regulation of cell motility,Second,log2rfu,11532,8.459773157657764,2,0.0146,0.021758134369794558,0.18434504149883926,Kruskal-Wallis
Mesoderm development,Second,log2rfu,2604,8.453884479792578,2,0.0146,0.021758134369794558,0.18434504149883926,Kruskal-Wallis
Negative regulation of defense response,Third,log2rfu,4564,8.436401213612044,2,0.0147,0.021895005549389567,0.18550467783776473,Kruskal-Wallis
Immunoglobulin mediated immune response,Third,log2rfu,2934,8.394429870764725,2,0.015,0.022329451,0.18918550118490274,Kruskal-Wallis
Myeloid leukocyte mediated immunity,Second,log2rfu,1116,8.372524476483704,2,0.0152,0.022614634146341465,0.1916017062554682,Kruskal-Wallis
Tube morphogenesis,Second,log2rfu,10416,8.366166118212277,2,0.0153,0.022738205980066446,0.192648664,Kruskal-Wallis
Cellular cation homeostasis,Second,log2rfu,2604,8.357727806180264,2,0.0153,0.022738205980066446,0.192648664,Kruskal-Wallis
Adaptive immune response based on somatic recombination of immune receptors built from immunoglobulin superfamily domains,Third,log2rfu,4238,8.344958702977237,2,0.0154,0.022874156059767572,0.19380049669803529,Kruskal-Wallis
Circulatory system development,Second,log2rfu,10788,8.337749473117583,2,0.0155,0.02298453,0.1947356393688355,Kruskal-Wallis
Positive regulation of peptidyl-serine phosphorylation,Second,log2rfu,2976,8.331256667761409,2,0.0155,0.02298453,0.1947356393688355,Kruskal-Wallis
Blood circulation,Third,log2rfu,2934,8.328291252202689,2,0.0155,0.02298453,0.1947356393688355,Kruskal-Wallis
Positive regulation of protein metabolic process,Third,log2rfu,21190,8.309910354131716,2,0.0157,0.023255408,0.1970306438775261,Kruskal-Wallis
Lipopolysaccharide-mediated signaling pathway,Second,log2rfu,2604,8.31,2,0.0157,0.023255408,0.1970306438775261,Kruskal-Wallis
Cell recognition,Second,log2rfu,4836,8.296886884761989,2,0.0158,0.023377728776185228,0.19806699913468573,Kruskal-Wallis
Cardiac ventricle development,Third,log2rfu,2282,8.29,2,0.0158,0.023377728776185228,0.19806699913468573,Kruskal-Wallis
Gliogenesis,Third,log2rfu,5216,8.260770633834909,2,0.0161,0.023795374449339206,0.20160548766687636,Kruskal-Wallis
Regulation of macrophage migration,Third,log2rfu,1304,8.26,2,0.0161,0.023795374449339206,0.20160548766687636,Kruskal-Wallis
Tissue morphogenesis,Second,log2rfu,8928,8.241608711814479,2,0.0162,0.023916831683168313,0.2026345298829978,Kruskal-Wallis
Negative regulation of interferon-gamma production,Third,log2rfu,326,8.244166513852406,2,0.0162,0.023916831683168313,0.2026345298829978,Kruskal-Wallis
Morphogenesis of an epithelium,Second,log2rfu,7068,8.238441503082868,2,0.0163,0.024051237,0.20377327380513058,Kruskal-Wallis
Regulation of cytokine production,Third,log2rfu,11736,8.225358791569306,2,0.0164,0.024158946212952802,0.20468583686925088,Kruskal-Wallis
Mesonephros development,Second,log2rfu,1488,8.23,2,0.0164,0.024158946212952802,0.20468583686925088,Kruskal-Wallis
Ureteric bud development,Second,log2rfu,1488,8.23,2,0.0164,0.024158946212952802,0.20468583686925088,Kruskal-Wallis
Positive regulation of innate immune response,Third,log2rfu,3260,8.202113494910009,2,0.0166,0.024440153592978606,0.207068357,Kruskal-Wallis
Cartilage development,Third,log2rfu,2934,8.11,2,0.0173,0.025442849315068492,0.21556366153093579,Kruskal-Wallis
Connective tissue development,Third,log2rfu,2934,8.11,2,0.0173,0.025442849315068492,0.21556366153093579,Kruskal-Wallis
Mammary gland development,Second,log2rfu,1488,8.05,2,0.0178,0.026163855421686748,0.22167236085168152,Kruskal-Wallis
Response to nutrient,Third,log2rfu,1956,8.019975130874627,2,0.0181,0.026575711,0.22516179435880643,Kruskal-Wallis
Regulation of amyloid-beta formation,Third,log2rfu,326,8.02,2,0.0181,0.026575711,0.22516179435880643,Kruskal-Wallis
Positive regulation of biosynthetic process,Second,log2rfu,18228,8.012636058723729,2,0.0182,0.026693333333333333,0.22615834415963967,Kruskal-Wallis
Positive regulation of cellular biosynthetic process,Second,log2rfu,18228,8.012636058723729,2,0.0182,0.026693333333333333,0.22615834415963967,Kruskal-Wallis
Positive regulation of cell adhesion,Second,log2rfu,10416,8.006876057745103,2,0.0183,0.026825341343528125,0.2272767774638903,Kruskal-Wallis
Epidermal growth factor receptor signaling pathway,Third,log2rfu,2608,7.988229662986669,2,0.0184,0.026957205,0.22839398977108388,Kruskal-Wallis
Regulation of plasma membrane bounded cell projection organization,Third,log2rfu,11410,7.9799016290853615,2,0.0185,0.027074154852780807,0.2293848413221746,Kruskal-Wallis
Regulation of interleukin-8 production,Second,log2rfu,2604,7.984629274063991,2,0.0185,0.027074154852780807,0.2293848413221746,Kruskal-Wallis
Defense response to Gram-negative bacterium,Third,log2rfu,1630,7.946536794774147,2,0.0188,0.027498201634877387,0.23297756302866257,Kruskal-Wallis
Blood vessel development,Third,log2rfu,7172,7.935016878127499,2,0.0189,0.027614371,0.2339618061414471,Kruskal-Wallis
Vasculature development,Third,log2rfu,7172,7.935016878127499,2,0.0189,0.027614371,0.2339618061414471,Kruskal-Wallis
Negative regulation of proteolysis,Second,log2rfu,5580,7.925062748043274,2,0.019,0.027715217391304347,0.23481622152504394,Kruskal-Wallis
Positive regulation of phospholipase activity,Third,log2rfu,978,7.923599030756577,2,0.019,0.027715217391304347,0.23481622152504394,Kruskal-Wallis
Positive regulation of lipase activity,Third,log2rfu,978,7.923599030756577,2,0.019,0.027715217391304347,0.23481622152504394,Kruskal-Wallis
Cellular response to inorganic substance,Second,log2rfu,2232,7.9181045457453365,2,0.0191,0.027845953,0.2359238768768731,Kruskal-Wallis
Regulation of interleukin-13 production,Third,log2rfu,652,7.8801966839100714,2,0.0194,0.028252631578947366,0.23936944465710852,Kruskal-Wallis
Positive regulation of interleukin-13 production,Third,log2rfu,652,7.8801966839100714,2,0.0194,0.028252631578947366,0.23936944465710852,Kruskal-Wallis
Regulation of receptor binding,Third,log2rfu,1304,7.875996232596208,2,0.0195,0.028382863340563988,0.24047282875666676,Kruskal-Wallis
Regulation of cellular extravasation,Second,log2rfu,1860,7.854771792284737,2,0.0197,0.028658428,0.2428075423716957,Kruskal-Wallis
NA,Second,log2rfu,340008,7.846902399440296,2,0.0198,0.028788299024918744,0.24390786858072652,Kruskal-Wallis
Astrocyte differentiation,Second,log2rfu,2232,7.831389355418651,2,0.0199,0.028918029236599894,0.24500700331578976,Kruskal-Wallis
Activation of immune response,Third,log2rfu,8476,7.828495355679479,2,0.02,0.029031909,0.24597184686236137,Kruskal-Wallis
Glial cell development,Second,log2rfu,3348,7.822185680914117,2,0.02,0.029031909,0.24597184686236137,Kruskal-Wallis
Blood vessel morphogenesis,Third,log2rfu,5868,7.813361613571033,2,0.0201,0.029161297297297297,0.24706808355283713,Kruskal-Wallis
Positive regulation of nucleobase-containing compound metabolic process,Second,log2rfu,17856,7.785943011578638,2,0.0204,0.029580551053484602,0.2506201965129532,Kruskal-Wallis
B cell mediated immunity,Second,log2rfu,3720,7.760987042978741,2,0.0206,0.029854427645788335,0.2529406064762211,Kruskal-Wallis
Heart trabecula morphogenesis,Third,log2rfu,1304,7.752640976472321,2,0.0207,0.029966990291262135,0.25389428959989424,Kruskal-Wallis
Trabecula morphogenesis,Third,log2rfu,1304,7.752640976472321,2,0.0207,0.029966990291262135,0.25389428959989424,Kruskal-Wallis
Response to estradiol,Third,log2rfu,1304,7.738944673201786,2,0.0209,0.030240216,0.256209182,Kruskal-Wallis
Positive regulation of production of molecular mediator of immune response,Third,log2rfu,1956,7.711808646592544,2,0.0212,0.030657758620689656,0.25974680039839254,Kruskal-Wallis
Negative regulation of binding,Second,log2rfu,3348,7.6733574192603555,2,0.0216,0.031219386106623587,0.2645051698634285,Kruskal-Wallis
Complement activation,Third,log2rfu,2934,7.594520993949118,2,0.0224,0.032358234660925723,0.27415402488176904,Kruskal-Wallis
Positive regulation of receptor signaling pathway via JAK-STAT,Second,log2rfu,1488,7.5883292784355945,2,0.0225,0.032485207,0.27522979448874096,Kruskal-Wallis
Regulation of bone remodeling,Second,log2rfu,1116,7.579827675225715,2,0.0226,0.032612043,0.276304407,Kruskal-Wallis
ERBB2 signaling pathway,Third,log2rfu,1630,7.569381245193654,2,0.0227,0.032738743,0.27737786534285575,Kruskal-Wallis
Regulation of extent of cell growth,Third,log2rfu,1630,7.561924685986014,2,0.0228,0.032865306,0.27845017031541197,Kruskal-Wallis
Regulation of humoral immune response,Second,log2rfu,1116,7.519543553821222,2,0.0233,0.033549999999999996,0.28425121553031635,Kruskal-Wallis
Regulation of complement activation,Second,log2rfu,1116,7.519543553821222,2,0.0233,0.033549999999999996,0.28425121553031635,Kruskal-Wallis
Negative regulation of protein binding,Second,log2rfu,2604,7.4600289723530295,2,0.024,0.03453941,0.29263395915185386,Kruskal-Wallis
Regulation of alpha-beta T cell activation,Second,log2rfu,1860,7.431317070315345,2,0.0243,0.034952412,0.2961330991376929,Kruskal-Wallis
Neuroinflammatory response,Third,log2rfu,1630,7.428374948229248,2,0.0244,0.035058672,0.2970333901044848,Kruskal-Wallis
Glial cell activation,Third,log2rfu,1630,7.428374948229248,2,0.0244,0.035058672,0.2970333901044848,Kruskal-Wallis
Tumor necrosis factor-mediated signaling pathway,Second,log2rfu,1488,7.366963863098135,2,0.0251,0.036045158,0.30539135408500545,Kruskal-Wallis
Positive regulation of phosphorylation,Third,log2rfu,16300,7.357642641800339,2,0.0253,0.036293533,0.30749570295743467,Kruskal-Wallis
Positive regulation of ERBB signaling pathway,Second,log2rfu,1860,7.351987752090281,2,0.0253,0.036293533,0.30749570295743467,Kruskal-Wallis
Regulation of epithelial cell differentiation,Third,log2rfu,1630,7.345734190667827,2,0.0254,0.036417521,0.30854619121666815,Kruskal-Wallis
Glial cell development,Third,log2rfu,2934,7.328218257312983,2,0.0256,0.036684677,0.3108096579850977,Kruskal-Wallis
Synapse organization,Second,log2rfu,5208,7.326098848661786,2,0.0257,0.036808324439701175,0.31185725673977077,Kruskal-Wallis
Cell projection organization,Third,log2rfu,11736,7.312660743773449,2,0.0258,0.03693184,0.31290373805577226,Kruskal-Wallis
Regulation of branching involved in salivary gland morphogenesis,Second,log2rfu,744,7.287101598933532,2,0.0262,0.037484435,0.31758557982491636,Kruskal-Wallis
Regulation of immunoglobulin production,Third,log2rfu,1304,7.272346210189426,2,0.0264,0.037730351437699684,0.3196690986155634,Kruskal-Wallis
Response to axon injury,Third,log2rfu,978,7.2656318853678385,2,0.0264,0.037730351437699684,0.3196690986155634,Kruskal-Wallis
Regulation of cell differentiation,Third,log2rfu,21190,7.264106134614849,2,0.0265,0.037812865,0.32036819613198864,Kruskal-Wallis
Cellular process,Third,log2rfu,78240,7.263480264053214,2,0.0265,0.037812865,0.32036819613198864,Kruskal-Wallis
"Complement activation, classical pathway",Third,log2rfu,2282,7.264101902341281,2,0.0265,0.037812865,0.32036819613198864,Kruskal-Wallis
Regulation of peptidyl-tyrosine phosphorylation,Third,log2rfu,7172,7.255563857299421,2,0.0266,0.037935388,0.32140626283130347,Kruskal-Wallis
Response to amyloid-beta,Second,log2rfu,1116,7.2478750782015595,2,0.0267,0.03803758,0.3222720787541167,Kruskal-Wallis
Cellular response to amyloid-beta,Second,log2rfu,1116,7.2478750782015595,2,0.0267,0.03803758,0.3222720787541167,Kruskal-Wallis
Negative regulation of protein serine/threonine kinase activity,Second,log2rfu,1116,7.241845854981875,2,0.0268,0.038159788,0.3233074833405826,Kruskal-Wallis
Receptor-mediated endocytosis,Second,log2rfu,2232,7.200336820305893,2,0.0273,0.038830524642289345,0.3289902780700641,Kruskal-Wallis
Positive regulation of cysteine-type endopeptidase activity involved in apoptotic process,Third,log2rfu,1630,7.2,2,0.0273,0.038830524642289345,0.3289902780700641,Kruskal-Wallis
Regulation of gene expression,Third,log2rfu,37490,7.167091801180504,2,0.0278,0.039520763,0.3348382962602879,Kruskal-Wallis
Cellular response to lipid,Third,log2rfu,7498,7.139902946593793,2,0.0282,0.040068184,0.3394763061071433,Kruskal-Wallis
Negative regulation of cell motility,Second,log2rfu,5952,7.127396665084234,2,0.0283,0.040188995,0.34049986876224136,Kruskal-Wallis
Response to nutrient,Second,log2rfu,2232,7.052512452192786,2,0.0294,0.041729032,0.3535477836738784,Kruskal-Wallis
Female gamete generation,Second,log2rfu,1116,7.030979699102318,2,0.0297,0.042132558139534884,0.3569666427590019,Kruskal-Wallis
Synapse organization,Third,log2rfu,4564,6.987625162704717,2,0.0304,0.0431028,0.36518698160049096,Kruskal-Wallis
Positive regulation of DNA-binding transcription factor activity,Third,log2rfu,4238,6.982325250763097,2,0.0305,0.043221752903907076,0.3661948077581689,Kruskal-Wallis
Anatomical structure development,Third,log2rfu,43358,6.954057836381253,2,0.0309,0.043765488,0.37080158564165805,Kruskal-Wallis
Cellular response to lipopolysaccharide,Third,log2rfu,4238,6.9397543516552105,2,0.0311,0.044025527,0.37300476,Kruskal-Wallis
Positive regulation of receptor signaling pathway via STAT,Second,log2rfu,1860,6.924364074719961,2,0.0314,0.044426779,0.37640435077077206,Kruskal-Wallis
Positive regulation of leukocyte activation,Third,log2rfu,7824,6.902720117410354,2,0.0317,0.044827608,0.37980036,Kruskal-Wallis
Positive regulation of macromolecule biosynthetic process,Second,log2rfu,17112,6.8863337227958255,2,0.032,0.045228014744602425,0.38319279186814637,Kruskal-Wallis
Regulation of morphogenesis of an epithelium,Third,log2rfu,1304,6.858374825654209,2,0.0324,0.045769263157894736,0.3877785003445158,Kruskal-Wallis
Positive regulation of angiogenesis,Second,log2rfu,5580,6.779384654983005,2,0.0337,0.047580642,0.40312534301406255,Kruskal-Wallis
Negative regulation of T cell activation,Second,log2rfu,1860,6.7750541499863175,2,0.0338,0.047696740273396425,0.404108984,Kruskal-Wallis
Negative regulation of cell death,Third,log2rfu,14670,6.7419275210704654,2,0.0344,0.048492437,0.4108504963967598,Kruskal-Wallis
Negative regulation of epithelial cell differentiation,Second,log2rfu,1116,6.742259705929428,2,0.0344,0.048492437,0.4108504963967598,Kruskal-Wallis
Regulation of neurogenesis,Second,log2rfu,7068,6.711956323364575,2,0.0349,0.049171444,0.41660335630479967,Kruskal-Wallis
Activation of transmembrane receptor protein tyrosine kinase activity,Second,log2rfu,744,6.697223782161018,2,0.0351,0.049427282266526755,0.4187709408232572,Kruskal-Wallis
Negative regulation of epithelial cell differentiation,Third,log2rfu,978,6.692696345948207,2,0.0352,0.049542108,0.4197437980772789,Kruskal-Wallis
Defense response to fungus,Third,log2rfu,652,6.65,2,0.036,0.050641509,0.4290584385363265,Kruskal-Wallis
Endoderm formation,Third,log2rfu,652,6.608673108051335,2,0.0367,0.051599162,0.43717211566108377,Kruskal-Wallis
T cell migration,Third,log2rfu,652,6.61,2,0.0368,0.05171267,0.4381338107441106,Kruskal-Wallis
Myeloid leukocyte activation,Second,log2rfu,2976,6.571776152526581,2,0.0374,0.052473393,0.4445790051577138,Kruskal-Wallis
Regulation of humoral immune response,Third,log2rfu,978,6.572073410082794,2,0.0374,0.052473393,0.4445790051577138,Kruskal-Wallis
Regulation of complement activation,Third,log2rfu,978,6.572073410082794,2,0.0374,0.052473393,0.4445790051577138,Kruskal-Wallis
Regulation of glucose transmembrane transport,Third,log2rfu,978,6.562239556683835,2,0.0376,0.052698903394255876,0.44648963776250217,Kruskal-Wallis
Positive regulation of glucose transmembrane transport,Third,log2rfu,978,6.562239556683835,2,0.0376,0.052698903394255876,0.44648963776250217,Kruskal-Wallis
Negative regulation of apoptotic signaling pathway,Second,log2rfu,3348,6.556597255279485,2,0.0377,0.052811482,0.447443458,Kruskal-Wallis
Respiratory system development,Third,log2rfu,1956,6.551294502271048,2,0.0378,0.052923944,0.4483962836534568,Kruskal-Wallis
Regulation of cell development,Second,log2rfu,10416,6.524422237514955,2,0.0383,0.053596038,0.45409057580025514,Kruskal-Wallis
Positive regulation of osteoblast differentiation,Second,log2rfu,1116,6.506716107648117,2,0.0386,0.053987702,0.45740893880021727,Kruskal-Wallis
Cell-substrate adhesion,Third,log2rfu,2608,6.47,2,0.0393,0.054938125000000004,0.46546136543089306,Kruskal-Wallis
Heart development,Third,log2rfu,5868,6.456545246091991,2,0.0396,0.055328682977615826,0.4687703543987727,Kruskal-Wallis
Negative regulation of cell activation,Third,log2rfu,4238,6.438860516218483,2,0.04,0.055800415800415795,0.4727670944371166,Kruskal-Wallis
Negative regulation of leukocyte activation,Third,log2rfu,4238,6.438860516218483,2,0.04,0.055800415800415795,0.4727670944371166,Kruskal-Wallis
Cognition,Third,log2rfu,3586,6.437693646990738,2,0.04,0.055800415800415795,0.4727670944371166,Kruskal-Wallis
Platelet aggregation,Third,log2rfu,652,6.421476662375198,2,0.0403,0.05616054,0.47581823409643825,Kruskal-Wallis
Homotypic cell-cell adhesion,Third,log2rfu,652,6.421476662375198,2,0.0403,0.05616054,0.47581823409643825,Kruskal-Wallis
Regulation of lymphocyte differentiation,Third,log2rfu,2608,6.401421550908708,2,0.0407,0.056688531395952264,0.4802916231275091,Kruskal-Wallis
Negative regulation of epithelial cell migration,Third,log2rfu,1304,6.387205454411287,2,0.041,0.057047175,0.4833302161427878,Kruskal-Wallis
Negative regulation of endothelial cell migration,Third,log2rfu,1304,6.387205454411287,2,0.041,0.057047175,0.4833302161427878,Kruskal-Wallis
Regulation of response to cytokine stimulus,Second,log2rfu,2232,6.381279631298639,2,0.0411,0.057156683937823825,0.48425802935941975,Kruskal-Wallis
Regulation of immunoglobulin production,Second,log2rfu,1488,6.3751816758749555,2,0.0413,0.057405075090626624,0.48636251481727877,Kruskal-Wallis
Regulation of reproductive process,Third,log2rfu,1956,6.344400195422168,2,0.0419,0.058208903,0.4931729163859319,Kruskal-Wallis
Tube morphogenesis,Third,log2rfu,9128,6.300521702116384,2,0.0428,0.059428453,0.5035055157660647,Kruskal-Wallis
Cellular chemical homeostasis,Third,log2rfu,3260,6.3,2,0.0429,0.059536505,0.5044209781282554,Kruskal-Wallis
Fibrinolysis,Second,log2rfu,744,6.284238467878822,2,0.0432,0.05992186,0.5076858919239139,Kruskal-Wallis
Positive regulation of cell morphogenesis involved in differentiation,Third,log2rfu,3260,6.277034853439545,2,0.0433,0.060029545454545453,0.5085982492753182,Kruskal-Wallis
Secretion,Third,log2rfu,3586,6.275983726314735,2,0.0434,0.060137119,0.5095096645953838,Kruskal-Wallis
Negative regulation of nervous system development,Second,log2rfu,4092,6.270006645461763,2,0.0435,0.060244582043343646,0.5104201393423637,Kruskal-Wallis
Cell-matrix adhesion,Second,log2rfu,1860,6.262174690353277,2,0.0437,0.060459175257731965,0.5122382729350444,Kruskal-Wallis
Regulation of autophagy,Third,log2rfu,3260,6.260900780242082,2,0.0437,0.060459175257731965,0.5122382729350444,Kruskal-Wallis
Positive regulation of protein kinase activity,Third,log2rfu,6194,6.223014213512215,2,0.0445,0.061534260690365786,0.5213468971086688,Kruskal-Wallis
Regulation of cell morphogenesis,Third,log2rfu,4890,6.2,2,0.045,0.062193615,0.5269332522704113,Kruskal-Wallis
Positive regulation of epithelial cell proliferation,Second,log2rfu,5580,6.182655100543343,2,0.0454,0.062714153,0.5313434970695363,Kruskal-Wallis
Regulation of lipid biosynthetic process,Second,log2rfu,2604,6.181852401541619,2,0.0455,0.062755396,0.5316929211358435,Kruskal-Wallis
Regulation of nitric-oxide synthase biosynthetic process,Third,log2rfu,652,6.18,2,0.0455,0.062755396,0.5316929211358435,Kruskal-Wallis
Positive regulation of nitric-oxide synthase biosynthetic process,Third,log2rfu,652,6.18,2,0.0455,0.062755396,0.5316929211358435,Kruskal-Wallis
Regulation of intracellular signal transduction,Third,log2rfu,22168,6.176815172628267,2,0.0456,0.062861017,0.5325877936592677,Kruskal-Wallis
Regulation of osteoblast differentiation,Second,log2rfu,2604,6.15,2,0.0461,0.063517659,0.5381511719074983,Kruskal-Wallis
Regulation of cell adhesion mediated by integrin,Second,log2rfu,1488,6.146797977645292,2,0.0463,0.063760493,0.54020857,Kruskal-Wallis
Regulation of cell motility,Third,log2rfu,17930,6.1357481002414715,2,0.0465,0.064003077,0.5422638573193727,Kruskal-Wallis
Vascular process in circulatory system,Second,log2rfu,1488,6.131719068098391,2,0.0466,0.064107842,0.5431514769333775,Kruskal-Wallis
Regulation of actin cytoskeleton organization,Third,log2rfu,5542,6.121223040558107,2,0.0469,0.06445448,0.5460883567177404,Kruskal-Wallis
Mesoderm development,Third,log2rfu,2282,6.1191156049171695,2,0.0469,0.06445448,0.5460883567177404,Kruskal-Wallis
Response to yeast,Second,log2rfu,372,6.115221972656855,2,0.047,0.064558854,0.546972656,Kruskal-Wallis
Positive regulation of T cell differentiation,Third,log2rfu,652,6.103822888852164,2,0.0473,0.064904499,0.5499011245228616,Kruskal-Wallis
Positive regulation of synaptic transmission,Second,log2rfu,1116,6.104326376212157,2,0.0473,0.064904499,0.5499011245228616,Kruskal-Wallis
Calcium ion homeostasis,Third,log2rfu,1304,6.086538276496867,2,0.0477,0.065419928,0.5542680830167027,Kruskal-Wallis
Regulation of anatomical structure size,Third,log2rfu,5868,6.069647823260311,2,0.0481,0.065934831,0.558630581,Kruskal-Wallis
Regulation of endocytosis,Second,log2rfu,4092,6.0298444491327245,2,0.049,0.067065783,0.5682125267102703,Kruskal-Wallis
"Positive regulation of transcription, DNA-templated",Second,log2rfu,15252,6.03,2,0.049,0.067065783,0.5682125267102703,Kruskal-Wallis
Positive regulation of RNA metabolic process,Second,log2rfu,15252,6.03,2,0.049,0.067065783,0.5682125267102703,Kruskal-Wallis
Regulation of cytokine-mediated signaling pathway,Third,log2rfu,1630,6.016550511174501,2,0.0494,0.067578797,0.5725590233311979,Kruskal-Wallis
Regulation of immune effector process,Third,log2rfu,7824,6.008756698356592,2,0.0496,0.06781783,0.5745842196761565,Kruskal-Wallis
Regulation of cytoskeleton organization,Third,log2rfu,5868,5.979185517819133,2,0.0503,0.068739919,0.5823965841619109,Kruskal-Wallis
Cellular response to growth factor stimulus,Second,log2rfu,13020,5.953078568178171,2,0.051,0.069661069,0.5902009971316492,Kruskal-Wallis
Cellular senescence,Second,log2rfu,1116,5.893914873371159,2,0.0525,0.071673449,0.6072508164940634,Kruskal-Wallis
Regulation of anatomical structure morphogenesis,Third,log2rfu,14018,5.865227882575709,2,0.0533,0.072728622,0.6161907386991707,Kruskal-Wallis
Negative regulation of canonical Wnt signaling pathway,Third,log2rfu,1304,5.855006054741352,2,0.0535,0.072964431,0.6181886191411352,Kruskal-Wallis
Negative regulation of chemotaxis,Third,log2rfu,2282,5.830702034713795,2,0.0542,0.073881564,0.6259589997661004,Kruskal-Wallis
Regulation of cell activation,Third,log2rfu,12714,5.825461754669959,2,0.0543,0.073980305,0.6267955737379158,Kruskal-Wallis
Positive regulation of lymphocyte migration,Second,log2rfu,1116,5.817685000834899,2,0.0545,0.074177485,0.6284661763246345,Kruskal-Wallis
Positive regulation of T cell migration,Second,log2rfu,1116,5.817685000834899,2,0.0545,0.074177485,0.6284661763246345,Kruskal-Wallis
Renal system development,Second,log2rfu,3720,5.8163073745090514,2,0.0546,0.074238298,0.6289814130883596,Kruskal-Wallis
Kidney development,Second,log2rfu,3720,5.8163073745090514,2,0.0546,0.074238298,0.6289814130883596,Kruskal-Wallis
Positive regulation of cellular metabolic process,Third,log2rfu,27710,5.812186880793888,2,0.0547,0.074336608,0.6298143388155262,Kruskal-Wallis
Negative regulation of cytokine production,Second,log2rfu,3720,5.8071681152323436,2,0.0548,0.074397167,0.6303274298861441,Kruskal-Wallis
Positive regulation of glial cell differentiation,Third,log2rfu,652,5.809648056318792,2,0.0548,0.074397167,0.6303274298861441,Kruskal-Wallis
Regulation of growth,Second,log2rfu,11160,5.785947715776274,2,0.0554,0.075173711,0.6369066669516492,Kruskal-Wallis
Positive regulation of vascular endothelial growth factor production,Third,log2rfu,652,5.775607171590991,2,0.0557,0.075542597,0.640032045,Kruskal-Wallis
Regulation of alpha-beta T cell differentiation,Third,log2rfu,652,5.773007456221421,2,0.0558,0.07564,0.640857286,Kruskal-Wallis
Regulation of cell division,Third,log2rfu,2608,5.766807745435472,2,0.0559,0.075737304,0.6416816940189676,Kruskal-Wallis
Regulation of osteoblast differentiation,Third,log2rfu,2282,5.762044122437146,2,0.0561,0.075969929,0.643652601,Kruskal-Wallis
Leukocyte cell-cell adhesion,Second,log2rfu,744,5.745500521569284,2,0.0565,0.076473021,0.6479150248093948,Kruskal-Wallis
Regulation of biosynthetic process,Third,log2rfu,27058,5.738998449669452,2,0.0567,0.07670504,0.6498808032487475,Kruskal-Wallis
Response to extracellular stimulus,Second,log2rfu,5208,5.711413261831694,2,0.0575,0.077748111,0.6587181820853679,Kruskal-Wallis
Lymphocyte mediated immunity,Third,log2rfu,3912,5.706323483727829,2,0.0577,0.077979255,0.6606765412325983,Kruskal-Wallis
Negative regulation of immune effector process,Third,log2rfu,2282,5.7,2,0.0579,0.078070211,0.6614471615148787,Kruskal-Wallis
"Regulation of CD4-positive, alpha-beta T cell activation",Third,log2rfu,326,5.694301532897271,2,0.058,0.078070211,0.6614471615148787,Kruskal-Wallis
"Regulation of CD4-positive, alpha-beta T cell differentiation",Third,log2rfu,326,5.694301532897271,2,0.058,0.078070211,0.6614471615148787,Kruskal-Wallis
Regulation of T-helper cell differentiation,Third,log2rfu,326,5.694301532897271,2,0.058,0.078070211,0.6614471615148787,Kruskal-Wallis
Positive regulation of macrophage chemotaxis,Third,log2rfu,326,5.694301532897271,2,0.058,0.078070211,0.6614471615148787,Kruskal-Wallis
Negative regulation of adaptive immune response,Third,log2rfu,326,5.694301532897271,2,0.058,0.078070211,0.6614471615148787,Kruskal-Wallis
Negative regulation of adaptive immune response based on somatic recombination of immune receptors built from immunoglobulin superfamily domains,Third,log2rfu,326,5.694301532897271,2,0.058,0.078070211,0.6614471615148787,Kruskal-Wallis
Negative regulation of alpha-beta T cell activation,Third,log2rfu,326,5.694301532897271,2,0.058,0.078070211,0.6614471615148787,Kruskal-Wallis
Cognition,Second,log2rfu,4092,5.687497382330548,2,0.0582,0.07830015,0.6633953180497008,Kruskal-Wallis
Positive regulation of granulocyte chemotaxis,Third,log2rfu,1630,5.6665664052361535,2,0.0588,0.079028142,0.6695632037329035,Kruskal-Wallis
Positive regulation of neutrophil chemotaxis,Third,log2rfu,1630,5.6665664052361535,2,0.0588,0.079028142,0.6695632037329035,Kruskal-Wallis
Cell-substrate adhesion,Second,log2rfu,2976,5.630415948171503,2,0.0599,0.080466266,0.6817476600707086,Kruskal-Wallis
Regulation of cellular response to growth factor stimulus,Third,log2rfu,5216,5.6218953712723305,2,0.0601,0.080694547,0.6836817630163887,Kruskal-Wallis
Negative regulation of leukocyte migration,Third,log2rfu,1304,5.619977344918425,2,0.0602,0.0807884,0.6844769269970017,Kruskal-Wallis
Antimicrobial humoral immune response mediated by antimicrobial peptide,Third,log2rfu,1304,5.584188027772143,2,0.0613,0.082223488,0.6966356626490112,Kruskal-Wallis
Branching involved in blood vessel morphogenesis,Second,log2rfu,1116,5.5821074031791795,2,0.0614,0.082316484,0.6974235617806764,Kruskal-Wallis
Urogenital system development,Second,log2rfu,4092,5.574305959193225,2,0.0616,0.082543385,0.6993459761025457,Kruskal-Wallis
Regulation of nitric oxide biosynthetic process,Third,log2rfu,978,5.565820766650631,2,0.0619,0.082903992,0.7024012072385861,Kruskal-Wallis
Mesenchyme development,Third,log2rfu,3586,5.56,2,0.0621,0.083130374,0.7043192213239958,Kruskal-Wallis
Response to hypoxia,Second,log2rfu,1860,5.5508445838559055,2,0.0623,0.083273506,0.7055319014955662,Kruskal-Wallis
Response to decreased oxygen levels,Second,log2rfu,1860,5.5508445838559055,2,0.0623,0.083273506,0.7055319014955662,Kruskal-Wallis
Response to oxygen levels,Second,log2rfu,1860,5.5508445838559055,2,0.0623,0.083273506,0.7055319014955662,Kruskal-Wallis
Regulation of developmental process,Third,log2rfu,30644,5.526309562672395,2,0.0631,0.084300846,0.7142360059716462,Kruskal-Wallis
Regulation of lymphocyte proliferation,Second,log2rfu,6696,5.513017384568229,2,0.0635,0.084793035,0.7184060571611975,Kruskal-Wallis
"Phagocytosis, recognition",Second,log2rfu,1116,5.5058871027495115,2,0.0637,0.085017802,0.7203103900261025,Kruskal-Wallis
Regulation of leukocyte adhesion to vascular endothelial cell,Third,log2rfu,978,5.498831585321113,2,0.064,0.085333333,0.7229837175932537,Kruskal-Wallis
Regulation of leukocyte tethering or rolling,Third,log2rfu,978,5.498831585321113,2,0.064,0.085333333,0.7229837175932537,Kruskal-Wallis
Cell migration,Third,log2rfu,11736,5.4778346394814434,2,0.0646,0.086047841,0.7290373607249008,Kruskal-Wallis
Cell motility,Third,log2rfu,11736,5.4778346394814434,2,0.0646,0.086047841,0.7290373607249008,Kruskal-Wallis
Sensory organ development,Second,log2rfu,5580,5.419330255845125,2,0.0666,0.088667857,0.751235355,Kruskal-Wallis
Regulation of kinase activity,Third,log2rfu,10432,5.393208515386505,2,0.0674,0.089688448,0.7598822777092047,Kruskal-Wallis
Antigen receptor-mediated signaling pathway,Second,log2rfu,4464,5.381892720091855,2,0.0678,0.090176016,0.7640131779169653,Kruskal-Wallis
Positive regulation of protein kinase B signaling,Second,log2rfu,2232,5.372585023199463,2,0.0681,0.090440574,0.7662546374117583,Kruskal-Wallis
Regulation of protein kinase B signaling,Second,log2rfu,2232,5.372585023199463,2,0.0681,0.090440574,0.7662546374117583,Kruskal-Wallis
Positive regulation of cell-matrix adhesion,Second,log2rfu,1860,5.373076281847716,2,0.0681,0.090440574,0.7662546374117583,Kruskal-Wallis
Female sex differentiation,Second,log2rfu,1116,5.366883063918067,2,0.0683,0.09061651,0.7677452504486646,Kruskal-Wallis
Female gonad development,Second,log2rfu,1116,5.366883063918067,2,0.0683,0.09061651,0.7677452504486646,Kruskal-Wallis
Neuron projection development,Third,log2rfu,10106,5.358118182048202,2,0.0686,0.090969565,0.7707364974458379,Kruskal-Wallis
Extracellular matrix organization,Second,log2rfu,2976,5.352189563407592,2,0.0688,0.091189728,0.7726018223599315,Kruskal-Wallis
Regulation of multicellular organismal development,Second,log2rfu,20832,5.3459986575107905,2,0.069,0.091409674,0.7744653058871404,Kruskal-Wallis
Regulation of ERBB signaling pathway,Third,log2rfu,2282,5.326325853890921,2,0.0697,0.092291465,0.7819362495298687,Kruskal-Wallis
Tissue regeneration,Third,log2rfu,1630,5.312168601355552,2,0.0702,0.092907692,0.7871572122377991,Kruskal-Wallis
Positive regulation of lipid kinase activity,Third,log2rfu,978,5.304257107187368,2,0.0705,0.093121063,0.788964988,Kruskal-Wallis
Positive regulation of phosphatidylinositol 3-kinase activity,Third,log2rfu,978,5.304257107187368,2,0.0705,0.093121063,0.788964988,Kruskal-Wallis
Regulation of lipid kinase activity,Third,log2rfu,978,5.304257107187368,2,0.0705,0.093121063,0.788964988,Kruskal-Wallis
Regulation of phosphatidylinositol 3-kinase activity,Third,log2rfu,978,5.304257107187368,2,0.0705,0.093121063,0.788964988,Kruskal-Wallis
Microglial cell activation,Third,log2rfu,1304,5.285845427722961,2,0.0712,0.09399941,0.7964067504479498,Kruskal-Wallis
Positive regulation of tyrosine phosphorylation of STAT protein,Third,log2rfu,3260,5.261687505746522,2,0.072,0.094962162,0.8045636370784384,Kruskal-Wallis
Regulation of tyrosine phosphorylation of STAT protein,Third,log2rfu,3260,5.261687505746522,2,0.072,0.094962162,0.8045636370784384,Kruskal-Wallis
Positive regulation of cytokine production involved in immune response,Second,log2rfu,1488,5.192627981736223,2,0.0745,0.098211198,0.8320909845582934,Kruskal-Wallis
Gastrulation,Third,log2rfu,1630,5.189261746329976,2,0.0747,0.09842651,0.8339152007899708,Kruskal-Wallis
Innate immune response-activating signal transduction,Second,log2rfu,2232,5.146823900782692,2,0.0763,0.10048537782139352,0.8513588908719584,Kruskal-Wallis
Regulation of protein export from nucleus,Second,log2rfu,1116,5.143314115924113,2,0.0764,0.10056772927905837,0.8520566107510021,Kruskal-Wallis
Adaptive immune response based on somatic recombination of immune receptors built from immunoglobulin superfamily domains,Second,log2rfu,4836,5.132974364594702,2,0.0768,0.1009951984321411,0.8556783283773952,Kruskal-Wallis
Regulation of alpha-beta T cell differentiation,Second,log2rfu,744,5.133674028092173,2,0.0768,0.1009951984321411,0.8556783283773952,Kruskal-Wallis
Positive regulation of lipid localization,Third,log2rfu,978,5.102667910401124,2,0.078,0.1025230166503428,0.8686227154305456,Kruskal-Wallis
Negative regulation of leukocyte migration,Second,log2rfu,1488,5.063940299624846,2,0.0795,0.10444346549192365,0.8848936518711757,Kruskal-Wallis
Response to steroid hormone,Third,log2rfu,2608,5.058826339880397,2,0.0797,0.10465499021526417,0.8866857877794995,Kruskal-Wallis
Regulation of receptor internalization,Third,log2rfu,978,5.056293311587979,2,0.0798,0.10473506112469437,0.8873641857924399,Kruskal-Wallis
Head development,Third,log2rfu,7498,5.042633945042326,2,0.0804,0.10541944308744505,0.893162588,Kruskal-Wallis
Brain development,Third,log2rfu,7498,5.042633945042326,2,0.0804,0.10541944308744505,0.893162588,Kruskal-Wallis
Female pregnancy,Second,log2rfu,1488,5.036229137880582,2,0.0806,0.10552702439024392,0.8940740671899902,Kruskal-Wallis
Multi-organism reproductive process,Second,log2rfu,1488,5.036229137880582,2,0.0806,0.10552702439024392,0.8940740671899902,Kruskal-Wallis
Multi-multicellular organism process,Second,log2rfu,1488,5.036229137880582,2,0.0806,0.10552702439024392,0.8940740671899902,Kruskal-Wallis
Cell activation,Third,log2rfu,11084,5.028722213421133,2,0.0809,0.10586816187225744,0.8969643427168247,Kruskal-Wallis
Positive regulation of cell activation,Third,log2rfu,8150,5.026181209690549,2,0.081,0.10594736842105264,0.8976354174641569,Kruskal-Wallis
Negative regulation of blood vessel endothelial cell migration,Third,log2rfu,978,4.984578491172215,2,0.0827,0.10811826595226498,0.9160282717723199,Kruskal-Wallis
Regulation of anion transport,Third,log2rfu,978,4.98,2,0.0829,0.1083269717624148,0.9177965245360555,Kruskal-Wallis
Negative regulation of cell communication,Third,log2rfu,14996,4.98,2,0.083,0.10840486618004867,0.9184564822974699,Kruskal-Wallis
Negative regulation of response to external stimulus,Third,log2rfu,8150,4.976108195645793,2,0.0831,0.10848268482490271,0.9191157980766259,Kruskal-Wallis
Negative regulation of production of molecular mediator of immune response,Second,log2rfu,744,4.963049211844009,2,0.0836,0.10908235294117648,0.9241964654675526,Kruskal-Wallis
Regulation of axon extension,Second,log2rfu,1488,4.961151957116272,2,0.0837,0.10915976676384839,0.924852351,Kruskal-Wallis
Kidney epithelium development,Second,log2rfu,2232,4.939579679224153,2,0.0846,0.1102799417192812,0.9343429950020306,Kruskal-Wallis
Positive regulation of response to external stimulus,Third,log2rfu,10106,4.936680154878559,2,0.0847,0.1103566990291262,0.9349933186570017,Kruskal-Wallis
Glial cell differentiation,Third,log2rfu,4238,4.934077377736685,2,0.0848,0.1104333818534692,0.935643011,Kruskal-Wallis
Regulation of protein processing,Second,log2rfu,1116,4.927603560785428,2,0.0851,0.11077032007759456,0.9384977086956322,Kruskal-Wallis
Negative regulation of T cell activation,Third,log2rfu,1630,4.897599096589147,2,0.0864,0.11240794958797867,0.9523724681267799,Kruskal-Wallis
Positive regulation of myeloid cell differentiation,Second,log2rfu,744,4.892030472933584,2,0.0866,0.11261356589147287,0.9541145451521471,Kruskal-Wallis
Sprouting angiogenesis,Second,log2rfu,1860,4.886314673176457,2,0.0869,0.11294895883777241,0.9569561502986729,Kruskal-Wallis
Endocardial cushion development,Third,log2rfu,1630,4.878629959414866,2,0.0872,0.11328402710551791,0.9597950046173703,Kruskal-Wallis
MAPK cascade,Second,log2rfu,2604,4.88,2,0.0873,0.11335907111756169,0.960430812,Kruskal-Wallis
Response to fibroblast growth factor,Third,log2rfu,2282,4.872769680627243,2,0.0875,0.11350894151764138,0.961700584,Kruskal-Wallis
Regulation of neuron differentiation,Second,log2rfu,3348,4.87,2,0.0875,0.11350894151764138,0.961700584,Kruskal-Wallis
Developmental cell growth,Second,log2rfu,2232,4.868690529358901,2,0.0877,0.11371342995169081,0.9634331053916423,Kruskal-Wallis
Regulation of cellular biosynthetic process,Third,log2rfu,26732,4.851405155684915,2,0.0884,0.11456571704490585,0.970654078,Kruskal-Wallis
Negative regulation of cell population proliferation,Third,log2rfu,8802,4.812499687461241,2,0.0902,0.11684208494208494,0.9899405266731481,Kruskal-Wallis
Response to stimulus,Third,log2rfu,62592,1.479511612735223,2,0.477,0.5242702702702703,1,Kruskal-Wallis
Cell surface receptor signaling pathway,Third,log2rfu,32600,0.23988643848861102,2,0.887,0.9031517450682853,1,Kruskal-Wallis
Positive regulation of biological process,Third,log2rfu,55094,3.3790946891822387,2,0.185,0.2264204286365709,1,Kruskal-Wallis
Cellular response to stimulus,Third,log2rfu,54768,1.6137633881298825,2,0.446,0.49485903265812325,1,Kruskal-Wallis
Signal transduction,Third,log2rfu,45966,1.8615486806957051,2,0.394,0.44395298068849703,1,Kruskal-Wallis
Immune system process,Third,log2rfu,29014,1.6044385098502971,2,0.448,0.4960528052805281,1,Kruskal-Wallis
Positive regulation of cellular process,Third,log2rfu,49226,1.8211464693013113,2,0.402,0.4520184331797235,1,Kruskal-Wallis
Cell communication,Third,log2rfu,46944,1.7202453964564484,2,0.423,0.4724644194756554,1,Kruskal-Wallis
Regulation of immune system process,Third,log2rfu,27058,3.947728455750621,2,0.139,0.1729605934167826,1,Kruskal-Wallis
Regulation of multicellular organismal process,Third,log2rfu,31948,0.9678640226047719,2,0.616,0.6587027888446215,1,Kruskal-Wallis
Response to external stimulus,Third,log2rfu,25102,3.332047107134713,2,0.189,0.231,1,Kruskal-Wallis
Signaling,Third,log2rfu,46292,1.8401074916764628,2,0.398,0.44808389261744963,1,Kruskal-Wallis
Regulation of cell population proliferation,Third,log2rfu,23472,4.040481360934791,2,0.133,0.16665359477124184,1,Kruskal-Wallis
Regulation of response to external stimulus,Third,log2rfu,17278,3.917407711123815,2,0.141,0.17520555555555556,1,Kruskal-Wallis
Positive regulation of immune system process,Third,log2rfu,18256,2.559022191555414,2,0.278,0.32682961016206746,1,Kruskal-Wallis
Positive regulation of cell population proliferation,Third,log2rfu,17604,4.774126009964675,2,0.0919,0.11887209638554215,1,Kruskal-Wallis
Defense response,Third,log2rfu,17604,4.597725114508648,2,0.1,0.12848252752513165,1,Kruskal-Wallis
Immune response,Third,log2rfu,19560,0.24136191388970474,2,0.886,0.9024759013282733,1,Kruskal-Wallis
Positive regulation of multicellular organismal process,Third,log2rfu,22168,0.75,2,0.686,0.7271816745655609,1,Kruskal-Wallis
Regulation of biological process,Third,log2rfu,70742,0.3907403193588834,2,0.823,0.8463340996168582,1,Kruskal-Wallis
Regulation of phosphorylation,Third,log2rfu,20538,2.7938208408813807,2,0.247,0.2947745664739884,1,Kruskal-Wallis
Biological regulation,Third,log2rfu,72046,2.07,2,0.354,0.4051752665245202,1,Kruskal-Wallis
Regulation of phosphate metabolic process,Third,log2rfu,22168,4.782153274689335,2,0.0915,0.11846888567293777,1,Kruskal-Wallis
Positive regulation of protein phosphorylation,Third,log2rfu,14344,0.10949357382196467,2,0.947,0.9548264462809917,1,Kruskal-Wallis
Negative regulation of biological process,Third,log2rfu,42706,4.027195666480111,2,0.134,0.16767179487179487,1,Kruskal-Wallis
Regulation of locomotion,Third,log2rfu,18256,4.776388665755803,2,0.0918,0.11880000000000002,1,Kruskal-Wallis
Regulation of cell adhesion,Third,log2rfu,13692,0.3340287945829914,2,0.846,0.8646854531607006,1,Kruskal-Wallis
System development,Third,log2rfu,36512,4.116859980800655,2,0.128,0.16106516643225505,1,Kruskal-Wallis
Regulation of response to stress,Third,log2rfu,19234,4.530496495579428,2,0.104,0.13330276981852912,1,Kruskal-Wallis
Cytokine-mediated signaling pathway,Second,log2rfu,5580,3.2704498671191686,2,0.195,0.23779191276692413,1,Kruskal-Wallis
Cytokine-mediated signaling pathway,Third,log2rfu,4890,2.3406236233113304,2,0.31,0.3603464703334777,1,Kruskal-Wallis
Positive regulation of intracellular signal transduction,Third,log2rfu,15322,3.0085582045285264,2,0.222,0.26791726618705036,1,Kruskal-Wallis
Inflammatory response,Second,log2rfu,8928,1.2173095169928274,2,0.544,0.590176233,1,Kruskal-Wallis
Inflammatory response,Third,log2rfu,7824,1.9091456228816241,2,0.385,0.435273799,1,Kruskal-Wallis
Regulation of cellular process,Third,log2rfu,67156,0.4205361361091491,2,0.81,0.8361692307692309,1,Kruskal-Wallis
Positive regulation of developmental process,Second,log2rfu,23064,1.7883301839174237,2,0.409,0.45854469507101087,1,Kruskal-Wallis
Positive regulation of protein modification process,Third,log2rfu,15648,0.4041955987922847,2,0.817,0.8414535686876438,1,Kruskal-Wallis
Positive regulation of macromolecule metabolic process,Third,log2rfu,33904,4.241195327078458,2,0.12,0.15149576669802448,1,Kruskal-Wallis
Regulation of immune response,Third,log2rfu,18582,2.241416188320727,2,0.326,0.3768234280792421,1,Kruskal-Wallis
Positive regulation of locomotion,Third,log2rfu,10106,4.739153936527146,2,0.0935,0.12082522869523352,1,Kruskal-Wallis
Regulation of multicellular organismal development,Third,log2rfu,18256,2.3848752220219467,2,0.303,0.35389556135770234,1,Kruskal-Wallis
Negative regulation of multicellular organismal process,Second,log2rfu,16740,2.8192834306828445,2,0.244,0.2924948637784725,1,Kruskal-Wallis
Negative regulation of multicellular organismal process,Third,log2rfu,14670,2.213622471128474,2,0.331,0.38210924731182794,1,Kruskal-Wallis
Positive regulation of cell motility,Third,log2rfu,10106,4.739153936527146,2,0.0935,0.12082522869523352,1,Kruskal-Wallis
Positive regulation of response to external stimulus,Second,log2rfu,11532,0.07,2,0.968,0.9734402397901836,1,Kruskal-Wallis
Positive regulation of MAPK cascade,Third,log2rfu,8150,4.0899240529070084,2,0.129,0.16209550561797753,1,Kruskal-Wallis
Negative regulation of cellular process,Third,log2rfu,39120,3.0642140824638773,2,0.216,0.26126363226678684,1,Kruskal-Wallis
Positive regulation of catalytic activity,Third,log2rfu,14996,0.23,2,0.893,0.9075395683453238,1,Kruskal-Wallis
Regulation of leukocyte activation,Third,log2rfu,11736,3.305077998775232,2,0.192,0.23424,1,Kruskal-Wallis
Animal organ development,Third,log2rfu,27710,2.797209848591592,2,0.247,0.2947745664739884,1,Kruskal-Wallis
Negative regulation of response to stimulus,Third,log2rfu,20212,2.747866498553776,2,0.253,0.30126530612244895,1,Kruskal-Wallis
Negative regulation of apoptotic process,Third,log2rfu,13366,2.711793660047988,2,0.258,0.30681081081081085,1,Kruskal-Wallis
Negative regulation of programmed cell death,Third,log2rfu,13366,2.711793660047988,2,0.258,0.30681081081081085,1,Kruskal-Wallis
Positive regulation of cell differentiation,Second,log2rfu,14508,0.39938657729362603,2,0.819,0.8428665644171778,1,Kruskal-Wallis
Response to lipid,Third,log2rfu,12062,1.1457238327056984,2,0.564,0.6086755126658625,1,Kruskal-Wallis
Humoral immune response,Second,log2rfu,5952,2.2536326581903268,2,0.324,0.3748344827586207,1,Kruskal-Wallis
Positive regulation of immune response,Third,log2rfu,11084,2.3233324409957277,2,0.313,0.3632044963251189,1,Kruskal-Wallis
Regulation of biological quality,Third,log2rfu,25102,1.9939169488789048,2,0.369,0.4203718166383701,1,Kruskal-Wallis
Regulation of ERK1 and ERK2 cascade,Third,log2rfu,4564,1.9470738288509892,2,0.378,0.4284425675675676,1,Kruskal-Wallis
Regulation of lymphocyte activation,Third,log2rfu,8802,2.148209120667161,2,0.342,0.3932853470437018,1,Kruskal-Wallis
Positive regulation of ERK1 and ERK2 cascade,Third,log2rfu,2934,0.35961029717873316,2,0.835,0.8553969465648854,1,Kruskal-Wallis
Positive regulation of nitrogen compound metabolic process,Third,log2rfu,28688,1.3065900289948331,2,0.52,0.5668887083671812,1,Kruskal-Wallis
Regulation of leukocyte migration,Second,log2rfu,8556,1.9297821828913584,2,0.381,0.4314784810126582,1,Kruskal-Wallis
Regulation of leukocyte migration,Third,log2rfu,7498,2.4859597259564907,2,0.289,0.3385752946311654,1,Kruskal-Wallis
Tube development,Second,log2rfu,12276,3.6238708155797212,2,0.163,0.2010533088235294,1,Kruskal-Wallis
Regulation of inflammatory response,Third,log2rfu,6520,4.250780597521953,2,0.119,0.15051649387370403,1,Kruskal-Wallis
Peptidyl-tyrosine phosphorylation,Third,log2rfu,9780,0.5154733481977019,2,0.773,0.8041596899224807,1,Kruskal-Wallis
Positive regulation of peptidyl-tyrosine phosphorylation,Third,log2rfu,6194,2.556905086239567,2,0.278,0.32682961016206746,1,Kruskal-Wallis
Regulation of mononuclear cell proliferation,Third,log2rfu,6194,0.9084460138183204,2,0.635,0.6776699801192843,1,Kruskal-Wallis
Regulation of chemotaxis,Second,log2rfu,6324,1.7379348681170086,2,0.419,0.46819150707743545,1,Kruskal-Wallis
Regulation of chemotaxis,Third,log2rfu,5542,3.5,2,0.173,0.2126062271062271,1,Kruskal-Wallis
Cell chemotaxis,Second,log2rfu,3348,0.6660182187351893,2,0.717,0.7546776470588235,1,Kruskal-Wallis
Cell chemotaxis,Third,log2rfu,2934,0.028264628430406447,2,0.986,0.988947683,1,Kruskal-Wallis
Regulation of lymphocyte proliferation,Third,log2rfu,5868,0.18096987165336031,2,0.913,0.9240165912518854,1,Kruskal-Wallis
Blood vessel development,Second,log2rfu,8184,1.7416491134645185,2,0.419,0.46819150707743545,1,Kruskal-Wallis
Vasculature development,Second,log2rfu,8184,1.7416491134645185,2,0.419,0.46819150707743545,1,Kruskal-Wallis
Regulation of cellular component organization,Third,log2rfu,22494,4.688180290089804,2,0.0959,0.12356965914546326,1,Kruskal-Wallis
Regulation of protein kinase activity,Third,log2rfu,8802,1.9916896791874024,2,0.369,0.4203718166383701,1,Kruskal-Wallis
Leukocyte chemotaxis,Second,log2rfu,1488,3.7179230523952356,2,0.156,0.19295115207373273,1,Kruskal-Wallis
Adaptive immune response,Third,log2rfu,8150,1.9438688799382362,2,0.378,0.4284425675675676,1,Kruskal-Wallis
Blood vessel morphogenesis,Second,log2rfu,6696,1.278484245925938,2,0.528,0.574443454,1,Kruskal-Wallis
Myeloid leukocyte migration,Second,log2rfu,744,2.677541253693562,2,0.262,0.3104671081677704,1,Kruskal-Wallis
Negative regulation of developmental process,Second,log2rfu,13392,0.7221528804293484,2,0.697,0.7376766561514195,1,Kruskal-Wallis
Negative regulation of developmental process,Third,log2rfu,11736,2.0315511511653312,2,0.362,0.4134502127659574,1,Kruskal-Wallis
Angiogenesis,Second,log2rfu,5952,2.227344475024438,2,0.328,0.37897201894102456,1,Kruskal-Wallis
Angiogenesis,Third,log2rfu,5216,3.488368836731752,2,0.175,0.21476909007773204,1,Kruskal-Wallis
Positive regulation of leukocyte migration,Third,log2rfu,4238,0.37923398137354525,2,0.827,0.8497963246554363,1,Kruskal-Wallis
Positive regulation of defense response,Third,log2rfu,6194,1.8615697763561911,2,0.394,0.44395298068849703,1,Kruskal-Wallis
Positive regulation of mononuclear cell proliferation,Second,log2rfu,4092,4.060658977343337,2,0.131,0.16437774661056567,1,Kruskal-Wallis
Immune effector process,Third,log2rfu,8476,0.7,2,0.706,0.7445595284872298,1,Kruskal-Wallis
Negative regulation of cell population proliferation,Second,log2rfu,10044,1.1770562810779666,2,0.555,0.6008955223880598,1,Kruskal-Wallis
Positive regulation of cellular component organization,Third,log2rfu,14018,2.122546910395613,2,0.346,0.39720444824636436,1,Kruskal-Wallis
Granulocyte migration,Second,log2rfu,744,2.677541253693562,2,0.262,0.3104671081677704,1,Kruskal-Wallis
Negative regulation of cell adhesion,Second,log2rfu,5208,1.1450469230421731,2,0.564,0.6086755126658625,1,Kruskal-Wallis
Negative regulation of cell adhesion,Third,log2rfu,4564,4.397412931841245,2,0.111,0.1410625,1,Kruskal-Wallis
Positive regulation of lymphocyte proliferation,Second,log2rfu,4092,4.060658977343337,2,0.131,0.16437774661056567,1,Kruskal-Wallis
Granulocyte chemotaxis,Second,log2rfu,744,2.677541253693562,2,0.262,0.3104671081677704,1,Kruskal-Wallis
Positive regulation of chemotaxis,Third,log2rfu,3260,2.060720104491338,2,0.357,0.40826075841499787,1,Kruskal-Wallis
Neutrophil chemotaxis,Second,log2rfu,744,2.677541253693562,2,0.262,0.3104671081677704,1,Kruskal-Wallis
Nervous system development,Third,log2rfu,22168,2.370068846954382,2,0.306,0.3561595836947094,1,Kruskal-Wallis
Neutrophil migration,Second,log2rfu,744,2.677541253693562,2,0.262,0.3104671081677704,1,Kruskal-Wallis
Negative regulation of signaling,Third,log2rfu,15322,3.8779127825182513,2,0.144,0.17868515950069347,1,Kruskal-Wallis
Antimicrobial humoral response,Second,log2rfu,2232,3.499334785786232,2,0.174,0.2137373,1,Kruskal-Wallis
Negative regulation of proteolysis,Third,log2rfu,4890,0.5432929950438847,2,0.762,0.7945641025641026,1,Kruskal-Wallis
Regulation of leukocyte chemotaxis,Second,log2rfu,5208,2.0629901822721877,2,0.356,0.4072907075873828,1,Kruskal-Wallis
Regulation of leukocyte chemotaxis,Third,log2rfu,4564,1.6970095614578895,2,0.428,0.47745303408146306,1,Kruskal-Wallis
Regulation of angiogenesis,Third,log2rfu,6520,3.462570785664866,2,0.177,0.21712431444241317,1,Kruskal-Wallis
Negative regulation of hydrolase activity,Third,log2rfu,5542,2.309690218869946,2,0.315,0.36520950323974083,1,Kruskal-Wallis
Negative regulation of signal transduction,Third,log2rfu,14344,2.3183602663775673,2,0.314,0.36420743301642183,1,Kruskal-Wallis
Regulation of neuron death,Second,log2rfu,7068,4.092774536264187,2,0.129,0.16209550561797753,1,Kruskal-Wallis
Regulation of neuron death,Third,log2rfu,6194,0.03,2,0.984,0.9873106542056075,1,Kruskal-Wallis
Regulation of epithelial cell proliferation,Second,log2rfu,7440,2.255102451010316,2,0.324,0.3748344827586207,1,Kruskal-Wallis
Regulation of epithelial cell proliferation,Third,log2rfu,6520,0.3502437657516566,2,0.839,0.8585116279069768,1,Kruskal-Wallis
Anatomical structure formation involved in morphogenesis,Second,log2rfu,12648,4.522268132772297,2,0.104,0.13330276981852912,1,Kruskal-Wallis
Negative regulation of peptidase activity,Second,log2rfu,4836,1.6121820451116946,2,0.447,0.49555885997521687,1,Kruskal-Wallis
Negative regulation of peptidase activity,Third,log2rfu,4238,1.3375797656099166,2,0.512,0.5586211382113822,1,Kruskal-Wallis
Regulation of mononuclear cell migration,Second,log2rfu,3720,2.845104491485472,2,0.241,0.2892862254025045,1,Kruskal-Wallis
Regulation of vesicle-mediated transport,Third,log2rfu,8802,3.4548662708402844,2,0.178,0.218251256,1,Kruskal-Wallis
Regulation of response to wounding,Second,log2rfu,3720,0.20755833243310917,2,0.901,0.913594258,1,Kruskal-Wallis
Regulation of response to wounding,Third,log2rfu,3260,3.7023101924332877,2,0.157,0.19400920810313077,1,Kruskal-Wallis
Negative regulation of endopeptidase activity,Second,log2rfu,4464,1.0982757177935127,2,0.577,0.6219550200803212,1,Kruskal-Wallis
Negative regulation of endopeptidase activity,Third,log2rfu,3912,0.2692910078640125,2,0.874,0.8912674772036475,1,Kruskal-Wallis
Mononuclear cell migration,Second,log2rfu,1488,4.0135027952892415,2,0.134,0.16767179487179487,1,Kruskal-Wallis
Mononuclear cell migration,Third,log2rfu,1304,0.4997283468092064,2,0.779,0.8078964451313757,1,Kruskal-Wallis
Regulation of smooth muscle cell proliferation,Second,log2rfu,1860,3.8729146252799183,2,0.144,0.17868515950069347,1,Kruskal-Wallis
Regulation of hemopoiesis,Second,log2rfu,5208,2.8530789784908848,2,0.24,0.2883437779767234,1,Kruskal-Wallis
Response to organic cyclic compound,Second,log2rfu,8928,1.2618899813533062,2,0.532,0.5783264479546375,1,Kruskal-Wallis
Response to organic cyclic compound,Third,log2rfu,7824,4.3650631285854615,2,0.113,0.14333270321361058,1,Kruskal-Wallis
Regulation of leukocyte differentiation,Second,log2rfu,3720,2.184173172865485,2,0.336,0.38704892703862664,1,Kruskal-Wallis
Cell-cell signaling,Third,log2rfu,9128,4.090248915836128,2,0.129,0.16209550561797753,1,Kruskal-Wallis
Neuron development,Third,log2rfu,11410,2.7556196988225565,2,0.252,0.30020772303595206,1,Kruskal-Wallis
Negative regulation of cytokine production,Third,log2rfu,3260,1.8627915707820648,2,0.394,0.44395298068849703,1,Kruskal-Wallis
Positive regulation of leukocyte chemotaxis,Third,log2rfu,2934,2.551188036917665,2,0.279,0.327861646,1,Kruskal-Wallis
Regulation of cell-substrate adhesion,Second,log2rfu,5580,4.354545342321217,2,0.113,0.14333270321361058,1,Kruskal-Wallis
Leukocyte mediated immunity,Second,log2rfu,5208,4.270876418328044,2,0.118,0.14932201791607733,1,Kruskal-Wallis
Leukocyte mediated immunity,Third,log2rfu,4564,1.6948461846513965,2,0.429,0.4781710963455149,1,Kruskal-Wallis
Regulation of endothelial cell migration,Second,log2rfu,5208,4.123250165164791,2,0.127,0.15988180112570358,1,Kruskal-Wallis
Regulation of endothelial cell migration,Third,log2rfu,4564,4.512372700739434,2,0.105,0.13445610687022902,1,Kruskal-Wallis
Antimicrobial humoral immune response mediated by antimicrobial peptide,Second,log2rfu,1488,0.5265992961558368,2,0.769,0.8012406832298137,1,Kruskal-Wallis
Negative regulation of cell-cell adhesion,Second,log2rfu,3720,1.9423939629468805,2,0.379,0.42939468130012665,1,Kruskal-Wallis
Negative regulation of cell-cell adhesion,Third,log2rfu,3260,2.0991864290881495,2,0.35,0.4011101622544833,1,Kruskal-Wallis
Regulation of tumor necrosis factor superfamily cytokine production,Second,log2rfu,3348,2.185994060626399,2,0.335,0.38606268784886216,1,Kruskal-Wallis
Regulation of tumor necrosis factor superfamily cytokine production,Third,log2rfu,2934,2.3268314442320843,2,0.312,0.36220069204152244,1,Kruskal-Wallis
Regulation of neuron apoptotic process,Second,log2rfu,5208,0.2382310860157304,2,0.888,0.9038270762229808,1,Kruskal-Wallis
Regulation of adaptive immune response,Second,log2rfu,2976,2.3627247371496196,2,0.307,0.35716861725184224,1,Kruskal-Wallis
Regulation of MAP kinase activity,Second,log2rfu,2976,0.34685430335048295,2,0.841,0.8602301829268293,1,Kruskal-Wallis
Regulation of adaptive immune response based on somatic recombination of immune receptors built from immunoglobulin superfamily domains,Second,log2rfu,2604,0,2,0.998,0.998744221,1,Kruskal-Wallis
Regulation of adaptive immune response based on somatic recombination of immune receptors built from immunoglobulin superfamily domains,Third,log2rfu,2282,3.989168018891178,2,0.136,0.16985760818985576,1,Kruskal-Wallis
Lymphocyte migration,Second,log2rfu,1488,4.0135027952892415,2,0.134,0.16767179487179487,1,Kruskal-Wallis
Lymphocyte migration,Third,log2rfu,1304,0.4997283468092064,2,0.779,0.8078964451313757,1,Kruskal-Wallis
Regulation of production of molecular mediator of immune response,Second,log2rfu,2976,1.2800540576045023,2,0.527,0.5735879967558799,1,Kruskal-Wallis
Regulation of production of molecular mediator of immune response,Third,log2rfu,2608,3.660229671657362,2,0.16,0.1975344986200552,1,Kruskal-Wallis
Negative regulation of neuron death,Second,log2rfu,4836,0.41541979637804616,2,0.812,0.8372677679600462,1,Kruskal-Wallis
Developmental growth,Second,log2rfu,7812,0.6371329138055444,2,0.727,0.7622140624999999,1,Kruskal-Wallis
Developmental growth,Third,log2rfu,6846,2.6091195685148705,2,0.271,0.31957996485061513,1,Kruskal-Wallis
Regulation of phagocytosis,Second,log2rfu,3720,1.083737038574327,2,0.582,0.6265896510228639,1,Kruskal-Wallis
Regulation of phagocytosis,Third,log2rfu,3260,1.4490233046926733,2,0.485,0.5317565359477124,1,Kruskal-Wallis
Regulation of wound healing,Second,log2rfu,2232,1.9186829339005271,2,0.383,0.4331951116729878,1,Kruskal-Wallis
Regulation of wound healing,Third,log2rfu,1956,2.5686469399370253,2,0.277,0.32593950021920215,1,Kruskal-Wallis
Regulation of tumor necrosis factor production,Second,log2rfu,3348,2.185994060626399,2,0.335,0.38606268784886216,1,Kruskal-Wallis
Regulation of tumor necrosis factor production,Third,log2rfu,2934,2.3268314442320843,2,0.312,0.36220069204152244,1,Kruskal-Wallis
Regulation of innate immune response,Third,log2rfu,5542,1.648937851718074,2,0.438,0.48719104848736017,1,Kruskal-Wallis
Positive regulation of cell development,Second,log2rfu,7440,4.03,2,0.133,0.16665359477124184,1,Kruskal-Wallis
Gland development,Second,log2rfu,5208,4.567786270497891,2,0.102,0.1309268292682927,1,Kruskal-Wallis
Positive regulation of epithelial cell migration,Second,log2rfu,3720,1.4752015854755882,2,0.478,0.524724744,1,Kruskal-Wallis
Cell morphogenesis involved in differentiation,Third,log2rfu,7498,4.722193140209129,2,0.0943,0.12168326923076923,1,Kruskal-Wallis
Positive regulation of inflammatory response,Second,log2rfu,3720,1.3736061557028734,2,0.503,0.5494717134717135,1,Kruskal-Wallis
Biological process involved in symbiotic interaction,Third,log2rfu,2608,3.4219029790374407,2,0.181,0.22162591240875912,1,Kruskal-Wallis
Lymphocyte mediated immunity,Second,log2rfu,4464,1.1796976046789496,2,0.554,0.6000548829701372,1,Kruskal-Wallis
Positive regulation of smooth muscle cell proliferation,Second,log2rfu,1488,2.156572009815136,2,0.34,0.3911530218602658,1,Kruskal-Wallis
Regulation of nervous system development,Second,log2rfu,7812,4.227619147150108,2,0.121,0.15268641278796427,1,Kruskal-Wallis
Positive regulation of MAP kinase activity,Second,log2rfu,2232,0.6096811523966608,2,0.737,0.7720952380952382,1,Kruskal-Wallis
Positive regulation of MAP kinase activity,Third,log2rfu,1956,3.9630836573487613,2,0.138,0.17203529958197863,1,Kruskal-Wallis
Gliogenesis,Second,log2rfu,5952,2.6218747661987436,2,0.27,0.3185406593406594,1,Kruskal-Wallis
Complement activation,Second,log2rfu,3348,1.0713692951976554,2,0.585,0.629314629,1,Kruskal-Wallis
Regulation of interleukin-6 production,Second,log2rfu,3348,3.9910330211059772,2,0.136,0.16985760818985576,1,Kruskal-Wallis
Positive regulation of response to biotic stimulus,Second,log2rfu,5208,0.9915344768505747,2,0.609,0.6522569832402234,1,Kruskal-Wallis
Regulation of endothelial cell proliferation,Third,log2rfu,2608,3.2117137700288367,2,0.201,0.24455303717135085,1,Kruskal-Wallis
Negative regulation of lymphocyte activation,Third,log2rfu,2934,2.983267804234856,2,0.225,0.270928668,1,Kruskal-Wallis
External encapsulating structure organization,Second,log2rfu,3348,1.2332826674937678,2,0.54,0.5860735948241004,1,Kruskal-Wallis
Reproductive structure development,Second,log2rfu,4092,0.7904876098782552,2,0.674,0.7164419801980199,1,Kruskal-Wallis
Negative regulation of leukocyte cell-cell adhesion,Second,log2rfu,2232,0.7360903263424916,2,0.692,0.7332522700355308,1,Kruskal-Wallis
Negative regulation of leukocyte cell-cell adhesion,Third,log2rfu,1956,3.064533971426499,2,0.216,0.26126363226678684,1,Kruskal-Wallis
Proteolysis,Third,log2rfu,10432,0.7263202875728894,2,0.695,0.7358500986193293,1,Kruskal-Wallis
Protein processing,Third,log2rfu,2934,0.53,2,0.768,0.8005095145631067,1,Kruskal-Wallis
Negative regulation of locomotion,Second,log2rfu,6696,3.8163747557518946,2,0.148,0.18330964467005073,1,Kruskal-Wallis
Regulation of blood coagulation,Second,log2rfu,1488,1.1061134574310927,2,0.575,0.6200482121333869,1,Kruskal-Wallis
Regulation of blood coagulation,Third,log2rfu,1304,0.2692505253339732,2,0.874,0.8912674772036475,1,Kruskal-Wallis
Negative regulation of neuron apoptotic process,Second,log2rfu,4092,0.5582400838793546,2,0.756,0.7889206842923794,1,Kruskal-Wallis
Central nervous system development,Third,log2rfu,11410,3.9169415799551643,2,0.141,0.17520555555555556,1,Kruskal-Wallis
Response to inorganic substance,Third,log2rfu,4238,0.7623175432181597,2,0.683,0.7248604191379993,1,Kruskal-Wallis
Negative regulation of response to wounding,Second,log2rfu,2232,3.0626177812528113,2,0.216,0.26126363226678684,1,Kruskal-Wallis
Extrinsic apoptotic signaling pathway,Third,log2rfu,1630,0.2332956543950786,2,0.89,0.9048333333333333,1,Kruskal-Wallis
Positive regulation of endothelial cell migration,Second,log2rfu,2976,2.725875254271159,2,0.256,0.30470243902439026,1,Kruskal-Wallis
Regulation of neuron projection development,Third,log2rfu,10432,0.7567171965056332,2,0.685,0.726408534,1,Kruskal-Wallis
Positive regulation of production of molecular mediator of immune response,Second,log2rfu,2232,1.9803255529304806,2,0.372,0.4234300254452926,1,Kruskal-Wallis
Regulation of system process,Third,log2rfu,4890,3.6528064050362445,2,0.161,0.19867770114942532,1,Kruskal-Wallis
Regulation of cellular component biogenesis,Second,log2rfu,10788,0.99,2,0.608,0.6514459081836327,1,Kruskal-Wallis
Positive regulation of tumor necrosis factor superfamily cytokine production,Second,log2rfu,2604,0.5830484986954616,2,0.747,0.7804390813546127,1,Kruskal-Wallis
Negative regulation of wound healing,Second,log2rfu,1860,2.7945783194672913,2,0.247,0.2947745664739884,1,Kruskal-Wallis
Response to steroid hormone,Second,log2rfu,2976,2.252244053508548,2,0.324,0.3748344827586207,1,Kruskal-Wallis
Positive regulation of phagocytosis,Third,log2rfu,1956,1.5530065615885178,2,0.46,0.5078733031674209,1,Kruskal-Wallis
Positive regulation of mononuclear cell migration,Third,log2rfu,1956,1.854009883634717,2,0.396,0.44601930339907686,1,Kruskal-Wallis
Negative regulation of cell migration,Second,log2rfu,5208,4.341286646134904,2,0.114,0.14439641340254838,1,Kruskal-Wallis
Regulation of cell-matrix adhesion,Second,log2rfu,3720,1.2375656895110296,2,0.539,0.5852249190938512,1,Kruskal-Wallis
Regulation of DNA-binding transcription factor activity,Third,log2rfu,5216,2.341376611715532,2,0.31,0.3603464703334777,1,Kruskal-Wallis
Positive regulation of interleukin-6 production,Second,log2rfu,2232,1.3953858340519218,2,0.498,0.5451190864600327,1,Kruskal-Wallis
Positive regulation of tumor necrosis factor production,Second,log2rfu,2604,0.5830484986954616,2,0.747,0.7804390813546127,1,Kruskal-Wallis
Negative regulation of apoptotic signaling pathway,Third,log2rfu,2934,0.5677349776669871,2,0.753,0.7860956826137689,1,Kruskal-Wallis
Positive regulation of adaptive immune response,Second,log2rfu,1860,1.9968986354142544,2,0.368,0.4195887850467289,1,Kruskal-Wallis
Positive regulation of adaptive immune response,Third,log2rfu,1630,2.798165002153837,2,0.247,0.2947745664739884,1,Kruskal-Wallis
Regulation of lymphocyte differentiation,Second,log2rfu,2976,3.5846531951774523,2,0.167,0.2057979797979798,1,Kruskal-Wallis
Positive regulation of leukocyte mediated immunity,Third,log2rfu,1304,4.416876080391376,2,0.11,0.13985788725722406,1,Kruskal-Wallis
Positive regulation of adaptive immune response based on somatic recombination of immune receptors built from immunoglobulin superfamily domains,Second,log2rfu,1860,1.9968986354142544,2,0.368,0.4195887850467289,1,Kruskal-Wallis
Positive regulation of adaptive immune response based on somatic recombination of immune receptors built from immunoglobulin superfamily domains,Third,log2rfu,1630,2.798165002153837,2,0.247,0.2947745664739884,1,Kruskal-Wallis
Organ growth,Third,log2rfu,1956,0.8147741743159713,2,0.665,0.7079968266560889,1,Kruskal-Wallis
Negative regulation of blood coagulation,Second,log2rfu,1116,2.156111160697492,2,0.34,0.3911530218602658,1,Kruskal-Wallis
Negative regulation of blood coagulation,Third,log2rfu,978,1.3199023557899636,2,0.517,0.5638472165786266,1,Kruskal-Wallis
Regulation of binding,Second,log2rfu,6696,3.0824633151860326,2,0.214,0.25919494584837544,1,Kruskal-Wallis
Regulation of epithelial cell apoptotic process,Third,log2rfu,1304,0.2445636299430589,2,0.885,0.9017995444191345,1,Kruskal-Wallis
Regulation of granulocyte chemotaxis,Third,log2rfu,2282,3.0537838489572096,2,0.217,0.262354955,1,Kruskal-Wallis
Myeloid leukocyte activation,Third,log2rfu,2608,4.335884011233247,2,0.114,0.14439641340254838,1,Kruskal-Wallis
Protein maturation,Third,log2rfu,3260,1.0427753671938262,2,0.594,0.6379735894357743,1,Kruskal-Wallis
Regulation of tissue remodeling,Second,log2rfu,1860,2.6328912999260865,2,0.268,0.31659859154929576,1,Kruskal-Wallis
Positive regulation of lymphocyte mediated immunity,Third,log2rfu,1304,4.416876080391376,2,0.11,0.13985788725722406,1,Kruskal-Wallis
Negative regulation of transport,Third,log2rfu,4238,0.19719969537618454,2,0.906,0.9179705549263873,1,Kruskal-Wallis
Regulation of protein binding,Second,log2rfu,5580,2.3734203997482837,2,0.305,0.35514967462039043,1,Kruskal-Wallis
Cellular response to fibroblast growth factor stimulus,Third,log2rfu,1956,0.8642217769738636,2,0.649,0.6912365079365079,1,Kruskal-Wallis
"Complement activation, classical pathway",Second,log2rfu,2604,0.3844128538230507,2,0.825,0.848065875,1,Kruskal-Wallis
Response to corticosteroid,Second,log2rfu,1860,4.486658291440108,2,0.106,0.13547809523809523,1,Kruskal-Wallis
Response to corticosteroid,Third,log2rfu,1630,1.3495278362524914,2,0.509,0.55557381,1,Kruskal-Wallis
Defense response to Gram-positive bacterium,Third,log2rfu,2282,1.7426136430531187,2,0.418,0.4680483938256153,1,Kruskal-Wallis
Positive regulation of cell projection organization,Third,log2rfu,8476,1.3912055936780234,2,0.499,0.5457685411572942,1,Kruskal-Wallis
Positive regulation of neuron projection development,Third,log2rfu,7824,0.7666980268331827,2,0.682,0.7240854430379748,1,Kruskal-Wallis
Reproduction,Third,log2rfu,8150,2.9833479279841413,2,0.225,0.270928668,1,Kruskal-Wallis
Regulation of transmembrane receptor protein serine/threonine kinase signaling pathway,Third,log2rfu,5216,3.845658782969622,2,0.146,0.18091597414589103,1,Kruskal-Wallis
Regulation of cytokine production involved in immune response,Second,log2rfu,1860,2.587541170149052,2,0.274,0.322975845,1,Kruskal-Wallis
B cell mediated immunity,Third,log2rfu,3260,3.037705034525061,2,0.219,0.2644156545209177,1,Kruskal-Wallis
Positive regulation of cell-substrate adhesion,Second,log2rfu,3720,0.7747989209728985,2,0.679,0.7211855955678672,1,Kruskal-Wallis
Positive regulation of cell-substrate adhesion,Third,log2rfu,3260,2.4324996616633143,2,0.296,0.34617167755991285,1,Kruskal-Wallis
Reproductive process,Third,log2rfu,8150,2.9833479279841413,2,0.225,0.270928668,1,Kruskal-Wallis
Response to glucocorticoid,Second,log2rfu,1860,4.486658291440108,2,0.106,0.13547809523809523,1,Kruskal-Wallis
Response to glucocorticoid,Third,log2rfu,1630,1.3495278362524914,2,0.509,0.55557381,1,Kruskal-Wallis
Myeloid cell differentiation,Second,log2rfu,3348,4.348078884988354,2,0.114,0.14439641340254838,1,Kruskal-Wallis
Myeloid cell differentiation,Third,log2rfu,2934,3.516026155099098,2,0.172,0.21157103574702105,1,Kruskal-Wallis
Regulation of myeloid leukocyte differentiation,Third,log2rfu,652,1.6006831112415512,2,0.449,0.496545529,1,Kruskal-Wallis
Regulation of lymphocyte migration,Second,log2rfu,1860,1.7883869194529325,2,0.409,0.45854469507101087,1,Kruskal-Wallis
Regulation of lymphocyte migration,Third,log2rfu,1630,2.806506866744712,2,0.246,0.2944977698483497,1,Kruskal-Wallis
Glial cell differentiation,Second,log2rfu,4836,3.0344160126896895,2,0.219,0.2644156545209177,1,Kruskal-Wallis
Regulation of blood vessel endothelial cell migration,Third,log2rfu,2282,2.0547725200003697,2,0.358,0.4092299829642248,1,Kruskal-Wallis
Plasma membrane bounded cell projection organization,Third,log2rfu,11410,3.2472353140692576,2,0.197,0.24001270994098958,1,Kruskal-Wallis
Regulation of organelle organization,Second,log2rfu,10416,0.3154560830407718,2,0.854,0.8721978691019787,1,Kruskal-Wallis
Regulation of organelle organization,Third,log2rfu,9128,4.440225703641772,2,0.109,0.13884954912197436,1,Kruskal-Wallis
Regulation of peptidyl-serine phosphorylation,Third,log2rfu,3912,2.8016280500360153,2,0.246,0.2944977698483497,1,Kruskal-Wallis
Positive regulation of organelle organization,Second,log2rfu,4836,2.5226059523774893,2,0.283,0.3319807692307692,1,Kruskal-Wallis
Positive regulation of organelle organization,Third,log2rfu,4238,3.8576022951147024,2,0.145,0.17984288354898334,1,Kruskal-Wallis
Epithelial tube morphogenesis,Second,log2rfu,4464,3.5615760000637238,2,0.169,0.2081670491050941,1,Kruskal-Wallis
Entry into host,Third,log2rfu,1304,0.7171257429863545,2,0.699,0.7389192595510042,1,Kruskal-Wallis
Negative regulation of cellular component organization,Second,log2rfu,7812,1.5111978901259135,2,0.47,0.516788202,1,Kruskal-Wallis
Negative regulation of cellular component organization,Third,log2rfu,6846,0.2922692679276224,2,0.864,0.8817399239543725,1,Kruskal-Wallis
Regulation of myeloid cell differentiation,Third,log2rfu,1630,2.690410681647336,2,0.26,0.3089154493138557,1,Kruskal-Wallis
Positive chemotaxis,Second,log2rfu,1860,4.17,2,0.124,0.15617832003754104,1,Kruskal-Wallis
Regulation of interleukin-17 production,Second,log2rfu,1860,2.7851822987404375,2,0.248,0.2957050199911151,1,Kruskal-Wallis
Regulation of interleukin-17 production,Third,log2rfu,1630,1.6431042337526378,2,0.44,0.4888079470198675,1,Kruskal-Wallis
Negative regulation of hemopoiesis,Third,log2rfu,1304,1.6075880035023147,2,0.448,0.4960528052805281,1,Kruskal-Wallis
Fibroblast growth factor receptor signaling pathway,Third,log2rfu,1630,0.4464194522543039,2,0.8,0.8268001540238737,1,Kruskal-Wallis
Branching morphogenesis of an epithelial tube,Third,log2rfu,1630,0.19907796703137137,2,0.905,0.9173036253776434,1,Kruskal-Wallis
Cellular response to organic cyclic compound,Second,log2rfu,5580,2.0934478180133738,2,0.351,0.4020845070422535,1,Kruskal-Wallis
Regulation of cell junction assembly,Second,log2rfu,5208,0.8641698016817827,2,0.649,0.6912365079365079,1,Kruskal-Wallis
Regulation of cell junction assembly,Third,log2rfu,4564,1.0338344481970125,2,0.596,0.6398656,1,Kruskal-Wallis
Behavior,Third,log2rfu,5216,0.7789845945626439,2,0.677,0.7193460015835312,1,Kruskal-Wallis
Regulation of smooth muscle cell migration,Second,log2rfu,1860,1.7538600839670835,2,0.416,0.4660033388981636,1,Kruskal-Wallis
Positive regulation of cellular component biogenesis,Third,log2rfu,3912,0.5202369609924062,2,0.771,0.802390074,1,Kruskal-Wallis
Fibrinolysis,Third,log2rfu,652,0.6050074989072982,2,0.739,0.7735865834633385,1,Kruskal-Wallis
Viral entry into host cell,Third,log2rfu,1304,0.7171257429863545,2,0.699,0.7389192595510042,1,Kruskal-Wallis
Negative regulation of leukocyte differentiation,Third,log2rfu,1304,1.6075880035023147,2,0.448,0.4960528052805281,1,Kruskal-Wallis
Regulation of cysteine-type endopeptidase activity involved in apoptotic process,Third,log2rfu,2934,4.408853219671073,2,0.11,0.13985788725722406,1,Kruskal-Wallis
Regulation of B cell proliferation,Second,log2rfu,2604,2.653580196522853,2,0.265,0.31360670194003526,1,Kruskal-Wallis
Positive regulation of peptidyl-serine phosphorylation,Third,log2rfu,2608,0.1,2,0.953,0.9605152084115658,1,Kruskal-Wallis
Endocytosis,Second,log2rfu,6324,1.7521185432306083,2,0.416,0.4660033388981636,1,Kruskal-Wallis
Myeloid leukocyte differentiation,Third,log2rfu,1304,2.6888065419025224,2,0.261,0.30996637168141594,1,Kruskal-Wallis
Regulation of endothelial cell apoptotic process,Third,log2rfu,978,3.7675769739325915,2,0.152,0.18809036422314432,1,Kruskal-Wallis
Regulation of T cell differentiation,Second,log2rfu,2232,2.266850622934726,2,0.322,0.3730030211480363,1,Kruskal-Wallis
Regulation of T cell differentiation,Third,log2rfu,1956,0.8110619862918611,2,0.667,0.7098445678033307,1,Kruskal-Wallis
Regulation of protein secretion,Third,log2rfu,1630,0.17626285564801947,2,0.916,0.9256566265060241,1,Kruskal-Wallis
Response to estradiol,Second,log2rfu,1488,2.4252729822510446,2,0.297,0.34718989547038326,1,Kruskal-Wallis
Negative regulation of intracellular signal transduction,Second,log2rfu,7440,0.6002246058524179,2,0.741,0.7753777777777777,1,Kruskal-Wallis
Negative regulation of intracellular signal transduction,Third,log2rfu,6520,3.4273030943004414,2,0.18,0.2206027397260274,1,Kruskal-Wallis
Positive regulation of neuron death,Second,log2rfu,2232,3.766387768934692,2,0.152,0.18809036422314432,1,Kruskal-Wallis
Regulation of signaling receptor activity,Third,log2rfu,4238,2.3929206520988373,2,0.302,0.35288114932520676,1,Kruskal-Wallis
Zymogen activation,Third,log2rfu,652,2.8923968415654144,2,0.235,0.282589606,1,Kruskal-Wallis
Positive regulation of response to wounding,Second,log2rfu,1488,1.8987257077096729,2,0.387,0.4369827513672697,1,Kruskal-Wallis
Positive regulation of response to wounding,Third,log2rfu,1304,1.0860939997560308,2,0.581,0.6257640449438202,1,Kruskal-Wallis
Negative regulation of phosphorus metabolic process,Third,log2rfu,5216,4.6112058098187845,2,0.0997,0.12815842911877393,1,Kruskal-Wallis
Negative regulation of cell development,Second,log2rfu,2976,0.7135513487246499,2,0.7,0.7393939393939394,1,Kruskal-Wallis
Negative regulation of cell development,Third,log2rfu,2608,1.06,2,0.589,0.6328566853482785,1,Kruskal-Wallis
Regulation of actin filament-based process,Third,log2rfu,6194,0.4598586116480874,2,0.795,0.8219491525423729,1,Kruskal-Wallis
Regulation of actin cytoskeleton organization,Second,log2rfu,6324,2.155486739033222,2,0.34,0.3911530218602658,1,Kruskal-Wallis
Regulation of T cell migration,Second,log2rfu,1860,1.7883869194529325,2,0.409,0.45854469507101087,1,Kruskal-Wallis
Regulation of T cell migration,Third,log2rfu,1630,2.806506866744712,2,0.246,0.2944977698483497,1,Kruskal-Wallis
Negative regulation of cysteine-type endopeptidase activity,Third,log2rfu,1304,0.21552554548634362,2,0.898,0.911240832,1,Kruskal-Wallis
Response to hydrogen peroxide,Third,log2rfu,1956,2.082348866749271,2,0.353,0.4042030716723549,1,Kruskal-Wallis
Defense response to Gram-negative bacterium,Second,log2rfu,1860,3.1058623958033422,2,0.212,0.2571206507004067,1,Kruskal-Wallis
Negative regulation of phosphate metabolic process,Third,log2rfu,5216,4.6112058098187845,2,0.0997,0.12815842911877393,1,Kruskal-Wallis
Circulatory system process,Third,log2rfu,3260,4.430435158586988,2,0.109,0.13884954912197436,1,Kruskal-Wallis
Neuroinflammatory response,Second,log2rfu,1860,1.709427358481662,2,0.425,0.47430353430353434,1,Kruskal-Wallis
Homeostasis of number of cells,Third,log2rfu,1956,1.9802842969747871,2,0.372,0.4234300254452926,1,Kruskal-Wallis
Anatomical structure homeostasis,Second,log2rfu,1860,2.467095021050227,2,0.291,0.34062102049716525,1,Kruskal-Wallis
Positive regulation of smooth muscle cell migration,Second,log2rfu,1488,0,2,0.999,0.999,1,Kruskal-Wallis
Mesenchyme development,Second,log2rfu,4092,0.09,2,0.956,0.9631771771771771,1,Kruskal-Wallis
Response to fungus,Second,log2rfu,1488,0.7038801423204859,2,0.703,0.7419787652379078,1,Kruskal-Wallis
Regulation of lipid localization,Third,log2rfu,1630,1.8708542634885816,2,0.392,0.44225641025641027,1,Kruskal-Wallis
Regulation of protein-containing complex assembly,Second,log2rfu,6324,0.76,2,0.684,0.7256347826086957,1,Kruskal-Wallis
Positive regulation of fibroblast proliferation,Second,log2rfu,744,2.619405989167717,2,0.27,0.3185406593406594,1,Kruskal-Wallis
Glial cell activation,Second,log2rfu,1860,1.709427358481662,2,0.425,0.47430353430353434,1,Kruskal-Wallis
Negative regulation of chemotaxis,Second,log2rfu,2604,3.3101546458701705,2,0.191,0.23312596634834018,1,Kruskal-Wallis
Regulation of vascular associated smooth muscle cell proliferation,Second,log2rfu,1116,0.9978346231714568,2,0.607,0.6506341853035144,1,Kruskal-Wallis
Regulation of fibroblast proliferation,Second,log2rfu,744,2.619405989167717,2,0.27,0.3185406593406594,1,Kruskal-Wallis
Sex differentiation,Second,log2rfu,2976,4.42,2,0.11,0.13985788725722406,1,Kruskal-Wallis
Sex differentiation,Third,log2rfu,2608,4.235728589974315,2,0.12,0.15149576669802448,1,Kruskal-Wallis
Macrophage activation,Second,log2rfu,1860,1.027956748373981,2,0.598,0.6417560975609756,1,Kruskal-Wallis
Regulation of cytoskeleton organization,Second,log2rfu,6696,0.6547202073270455,2,0.721,0.7565144644253322,1,Kruskal-Wallis
Tumor necrosis factor-mediated signaling pathway,Third,log2rfu,1304,2.6954137908728626,2,0.26,0.3089154493138557,1,Kruskal-Wallis
Positive regulation of interleukin-17 production,Second,log2rfu,1860,2.7851822987404375,2,0.248,0.2957050199911151,1,Kruskal-Wallis
Positive regulation of interleukin-17 production,Third,log2rfu,1630,1.6431042337526378,2,0.44,0.4888079470198675,1,Kruskal-Wallis
Female sex differentiation,Third,log2rfu,978,0.47664198795064294,2,0.788,0.8150258188824663,1,Kruskal-Wallis
Tissue homeostasis,Second,log2rfu,1860,2.467095021050227,2,0.291,0.34062102049716525,1,Kruskal-Wallis
Response to vitamin,Third,log2rfu,1304,3.3060791888037784,2,0.191,0.23312596634834018,1,Kruskal-Wallis
Cell junction organization,Second,log2rfu,6324,2.2036513049279165,2,0.332,0.3830988822012038,1,Kruskal-Wallis
Positive regulation of opsonization,Second,log2rfu,1488,2.247463791713926,2,0.325,0.3758293838862559,1,Kruskal-Wallis
Positive regulation of opsonization,Third,log2rfu,1304,2.976016710927979,2,0.226,0.2720107623318386,1,Kruskal-Wallis
Regulation of phospholipase activity,Third,log2rfu,1304,3.211791067732065,2,0.201,0.24455303717135085,1,Kruskal-Wallis
Positive regulation of blood vessel endothelial cell migration,Third,log2rfu,1304,1.540870906323562,2,0.463,0.5103457905544148,1,Kruskal-Wallis
Regulation of intrinsic apoptotic signaling pathway,Third,log2rfu,2608,1.8242171456995493,2,0.402,0.4520184331797235,1,Kruskal-Wallis
Developmental process involved in reproduction,Second,log2rfu,6324,2.643874751036492,2,0.267,0.3155561426684281,1,Kruskal-Wallis
Developmental process involved in reproduction,Third,log2rfu,5542,4.489709150602721,2,0.106,0.13547809523809523,1,Kruskal-Wallis
Female gonad development,Third,log2rfu,978,0.47664198795064294,2,0.788,0.8150258188824663,1,Kruskal-Wallis
Regulation of lipase activity,Third,log2rfu,1304,3.211791067732065,2,0.201,0.24455303717135085,1,Kruskal-Wallis
Mesenchymal cell differentiation,Second,log2rfu,2604,0.5092477667531057,2,0.775,0.8057191489361702,1,Kruskal-Wallis
Microglial cell activation,Second,log2rfu,1488,0.6059575130602752,2,0.739,0.7735865834633385,1,Kruskal-Wallis
Positive regulation of lymphocyte migration,Third,log2rfu,978,0.5207162496640194,2,0.771,0.802390074,1,Kruskal-Wallis
Positive regulation of macrophage migration,Third,log2rfu,652,0.8076967033180154,2,0.668,0.7106270313119304,1,Kruskal-Wallis
Regulation of cardiac muscle tissue growth,Third,log2rfu,1956,0.6606454082166238,2,0.719,0.7550062597809076,1,Kruskal-Wallis
Negative regulation of nervous system development,Third,log2rfu,3586,0.4759378250946611,2,0.788,0.8150258188824663,1,Kruskal-Wallis
Developmental growth involved in morphogenesis,Second,log2rfu,2604,3.900044425273336,2,0.142,0.17636649699213325,1,Kruskal-Wallis
Developmental growth involved in morphogenesis,Third,log2rfu,2282,0.9896168544782995,2,0.61,0.6530674112485042,1,Kruskal-Wallis
Positive regulation of myeloid cell differentiation,Third,log2rfu,652,0.9710809342516313,2,0.615,0.6578955759266639,1,Kruskal-Wallis
Regulation of cellular catabolic process,Second,log2rfu,5952,2.502755287798209,2,0.286,0.3352069868995633,1,Kruskal-Wallis
Regulation of morphogenesis of a branching structure,Third,log2rfu,1630,3.0413808951434476,2,0.219,0.2644156545209177,1,Kruskal-Wallis
Regulation of cardiac muscle cell proliferation,Third,log2rfu,1956,0.6606454082166238,2,0.719,0.7550062597809076,1,Kruskal-Wallis
Negative regulation of phosphorylation,Third,log2rfu,5216,4.6112058098187845,2,0.0997,0.12815842911877393,1,Kruskal-Wallis
Regulation of NIK/NF-kappaB signaling,Third,log2rfu,1956,4.387005482929453,2,0.112,0.14219867549668877,1,Kruskal-Wallis
Regulation of anatomical structure size,Second,log2rfu,6696,1.919023528447724,2,0.383,0.4331951116729878,1,Kruskal-Wallis
Positive regulation of interleukin-10 production,Second,log2rfu,1116,2.7730351034938394,2,0.25,0.29795737122557725,1,Kruskal-Wallis
Positive regulation of interleukin-10 production,Third,log2rfu,978,3.977011398201739,2,0.137,0.17094746629474666,1,Kruskal-Wallis
Cell-matrix adhesion,Third,log2rfu,1630,1.1684383336187238,2,0.558,0.6029275362318841,1,Kruskal-Wallis
Negative regulation of smooth muscle cell proliferation,Second,log2rfu,744,0.30288710469358193,2,0.859,0.8769707112970712,1,Kruskal-Wallis
Negative regulation of smooth muscle cell proliferation,Third,log2rfu,652,4.187074435299792,2,0.123,0.15499154929577466,1,Kruskal-Wallis
Positive regulation of cytokine production involved in immune response,Third,log2rfu,1304,1.3747383875920605,2,0.503,0.5494717134717135,1,Kruskal-Wallis
Regulation of neutrophil migration,Third,log2rfu,2282,0.6654156964868889,2,0.717,0.7546776470588235,1,Kruskal-Wallis
Regulation of organ growth,Third,log2rfu,1956,0.6606454082166238,2,0.719,0.7550062597809076,1,Kruskal-Wallis
Negative regulation of epithelial cell migration,Second,log2rfu,1488,3.3393682570685996,2,0.188,0.22988246013667424,1,Kruskal-Wallis
Astrocyte development,Second,log2rfu,1860,4.197087836049832,2,0.123,0.15499154929577466,1,Kruskal-Wallis
Positive regulation of vascular associated smooth muscle cell proliferation,Second,log2rfu,1116,0.9978346231714568,2,0.607,0.6506341853035144,1,Kruskal-Wallis
"Complement activation, alternative pathway",Second,log2rfu,1488,0.5078030016584307,2,0.776,0.8057191489361702,1,Kruskal-Wallis
Positive regulation of cell growth,Second,log2rfu,2232,1.537383810062238,2,0.464,0.5112380952380953,1,Kruskal-Wallis
Cellular response to vascular endothelial growth factor stimulus,Third,log2rfu,1304,4.435504632329867,2,0.109,0.13884954912197436,1,Kruskal-Wallis
Regulation of monocyte chemotaxis,Second,log2rfu,1860,4.668385527528699,2,0.0969,0.12473841726618705,1,Kruskal-Wallis
Defense response to fungus,Second,log2rfu,744,0.21327754083176842,2,0.899,0.9119108087679516,1,Kruskal-Wallis
Integrin-mediated signaling pathway,Third,log2rfu,2282,1.5993738681672767,2,0.449,0.496545529,1,Kruskal-Wallis
Cellular homeostasis,Third,log2rfu,3586,2.1162261245153786,2,0.347,0.3981821291150064,1,Kruskal-Wallis
Negative regulation of growth,Second,log2rfu,3720,0.39243869248275587,2,0.822,0.845629743,1,Kruskal-Wallis
Negative regulation of growth,Third,log2rfu,3260,1.0683290794731874,2,0.586,0.6301378205128204,1,Kruskal-Wallis
Regulation of receptor-mediated endocytosis,Second,log2rfu,2232,2.9955953344569934,2,0.224,0.2700880503144654,1,Kruskal-Wallis
B cell activation,Second,log2rfu,2604,0.4840182438629199,2,0.785,0.8128626543209877,1,Kruskal-Wallis
B cell activation,Third,log2rfu,2282,1.160634270279843,2,0.56,0.6048450704225352,1,Kruskal-Wallis
Regulation of neutrophil chemotaxis,Third,log2rfu,1956,1.4762636154246138,2,0.478,0.524724744,1,Kruskal-Wallis
Negative regulation of protein phosphorylation,Third,log2rfu,4564,3.254032315899167,2,0.197,0.24001270994098958,1,Kruskal-Wallis
Positive regulation of immunoglobulin production,Second,log2rfu,744,1.091183368208931,2,0.579,0.623860297,1,Kruskal-Wallis
Positive regulation of immunoglobulin production,Third,log2rfu,652,0.6468037238537363,2,0.724,0.7593653771004297,1,Kruskal-Wallis
Negative regulation of endothelial cell migration,Second,log2rfu,1488,3.3393682570685996,2,0.188,0.22988246013667424,1,Kruskal-Wallis
Gonad development,Second,log2rfu,2232,0.7946106059125668,2,0.672,0.7145990491283677,1,Kruskal-Wallis
Positive regulation of neutrophil migration,Third,log2rfu,1956,3.93,2,0.14,0.1741241890639481,1,Kruskal-Wallis
Positive regulation of T cell migration,Third,log2rfu,978,0.5207162496640194,2,0.771,0.802390074,1,Kruskal-Wallis
Regulation of cell-substrate junction organization,Third,log2rfu,1956,2.1088001609650746,2,0.348,0.3989884664673216,1,Kruskal-Wallis
Cardiac chamber morphogenesis,Second,log2rfu,2604,4.46,2,0.107,0.13649619771863117,1,Kruskal-Wallis
Regulation of cell morphogenesis involved in differentiation,Third,log2rfu,3586,2.214619643658807,2,0.33,0.38111876075731504,1,Kruskal-Wallis
Positive regulation of receptor-mediated endocytosis,Second,log2rfu,1488,0.40818107285122096,2,0.815,0.8397159309021113,1,Kruskal-Wallis
Negative regulation of neurogenesis,Second,log2rfu,2976,0.7135513487246499,2,0.7,0.7393939393939394,1,Kruskal-Wallis
Negative regulation of neurogenesis,Third,log2rfu,2608,1.06,2,0.589,0.6328566853482785,1,Kruskal-Wallis
ERBB signaling pathway,Third,log2rfu,3260,2.52,2,0.284,0.33300830056793357,1,Kruskal-Wallis
Forebrain development,Third,log2rfu,4564,0.6869086206188513,2,0.709,0.7471362387122105,1,Kruskal-Wallis
Regulation of focal adhesion assembly,Third,log2rfu,1956,2.1088001609650746,2,0.348,0.3989884664673216,1,Kruskal-Wallis
Regulation of animal organ morphogenesis,Second,log2rfu,3720,1.5199934894299076,2,0.468,0.5152223133716161,1,Kruskal-Wallis
Regulation of animal organ morphogenesis,Third,log2rfu,3260,1.7410198011202738,2,0.419,0.46819150707743545,1,Kruskal-Wallis
Regulation of axonogenesis,Second,log2rfu,3720,0.1788565695296711,2,0.914,0.9243315749811605,1,Kruskal-Wallis
Regulation of actin cytoskeleton reorganization,Second,log2rfu,1860,1.0086565837746093,2,0.604,0.6479360511590727,1,Kruskal-Wallis
Regulation of actin cytoskeleton reorganization,Third,log2rfu,1630,3.116045025796666,2,0.211,0.2560235081374322,1,Kruskal-Wallis
Negative regulation of protein binding,Third,log2rfu,2282,1.891626741550681,2,0.388,0.4379276703111859,1,Kruskal-Wallis
Cellular response to external stimulus,Second,log2rfu,2232,0.24811114360818465,2,0.883,0.9001033042157235,1,Kruskal-Wallis
Regulation of immunoglobulin mediated immune response,Second,log2rfu,1116,3.9460293997544795,2,0.139,0.1729605934167826,1,Kruskal-Wallis
Regulation of immunoglobulin mediated immune response,Third,log2rfu,978,2.7937422842242086,2,0.247,0.2947745664739884,1,Kruskal-Wallis
Positive regulation of muscle cell differentiation,Second,log2rfu,1488,3.490845290737525,2,0.175,0.21476909007773204,1,Kruskal-Wallis
Regulation of homotypic cell-cell adhesion,Third,log2rfu,652,1.192262950409713,2,0.551,0.5970464271295922,1,Kruskal-Wallis
Activation of innate immune response,Second,log2rfu,2604,1.9250616563658696,2,0.382,0.4324285111767187,1,Kruskal-Wallis
Regulation of protein localization to membrane,Third,log2rfu,3260,1.4226519332260068,2,0.491,0.5376760505915953,1,Kruskal-Wallis
Placenta development,Second,log2rfu,1116,1.805797902140057,2,0.405,0.45482008368200844,1,Kruskal-Wallis
Placenta development,Third,log2rfu,978,3.510101543631663,2,0.173,0.2126062271062271,1,Kruskal-Wallis
Positive regulation of B cell proliferation,Second,log2rfu,1860,1.8078413896300844,2,0.405,0.45482008368200844,1,Kruskal-Wallis
Positive regulation of B cell proliferation,Third,log2rfu,1630,0.17672731333368574,2,0.915,0.9249943502824859,1,Kruskal-Wallis
Cardiac chamber development,Second,log2rfu,2976,3.705049166805111,2,0.157,0.19400920810313077,1,Kruskal-Wallis
Cardiac chamber development,Third,log2rfu,2608,4.5689164264176725,2,0.102,0.1309268292682927,1,Kruskal-Wallis
Heart trabecula morphogenesis,Second,log2rfu,1488,0.87,2,0.647,0.6896536934074663,1,Kruskal-Wallis
Trabecula morphogenesis,Second,log2rfu,1488,0.87,2,0.647,0.6896536934074663,1,Kruskal-Wallis
Activin receptor signaling pathway,Second,log2rfu,1860,3.422247260704353,2,0.181,0.22162591240875912,1,Kruskal-Wallis
Activin receptor signaling pathway,Third,log2rfu,1630,0.3357162969559795,2,0.845,0.863992381,1,Kruskal-Wallis
Positive regulation of cardiac muscle tissue growth,Third,log2rfu,1956,0.6606454082166238,2,0.719,0.7550062597809076,1,Kruskal-Wallis
Positive regulation of endocytosis,Second,log2rfu,1860,0.6956988068714054,2,0.706,0.7445595284872298,1,Kruskal-Wallis
Regulation of protein tyrosine kinase activity,Third,log2rfu,2282,3.307415017941821,2,0.191,0.23312596634834018,1,Kruskal-Wallis
Peptidyl-tyrosine autophosphorylation,Second,log2rfu,1116,3.9422889255592963,2,0.139,0.1729605934167826,1,Kruskal-Wallis
Osteoclast differentiation,Second,log2rfu,1116,3.8425319900484283,2,0.146,0.18091597414589103,1,Kruskal-Wallis
Osteoclast differentiation,Third,log2rfu,978,4.24,2,0.12,0.15149576669802448,1,Kruskal-Wallis
Activation of protein kinase B activity,Third,log2rfu,652,0.021040402060179986,2,0.99,0.9914776119402986,1,Kruskal-Wallis
Regulation of GTPase activity,Second,log2rfu,2232,2.885163257214117,2,0.236,0.2836650246305419,1,Kruskal-Wallis
Positive regulation of supramolecular fiber organization,Third,log2rfu,2282,1.5114164583364982,2,0.47,0.516788202,1,Kruskal-Wallis
Artery development,Second,log2rfu,1860,0.6864565069854507,2,0.709,0.7471362387122105,1,Kruskal-Wallis
Regulation of T-helper 17 type immune response,Second,log2rfu,1488,0.32347085252240504,2,0.851,0.8694647887323944,1,Kruskal-Wallis
Cellular response to virus,Third,log2rfu,978,0.14339454390756146,2,0.931,0.9397532907107935,1,Kruskal-Wallis
Positive regulation of cell junction assembly,Second,log2rfu,2976,0.16515651354347938,2,0.921,0.9300090293453726,1,Kruskal-Wallis
Positive regulation of organ growth,Third,log2rfu,1956,0.6606454082166238,2,0.719,0.7550062597809076,1,Kruskal-Wallis
Regulation of membrane protein ectodomain proteolysis,Third,log2rfu,326,3.0868649199221636,2,0.214,0.25919494584837544,1,Kruskal-Wallis
Negative regulation of kinase activity,Third,log2rfu,2934,2.579282873459306,2,0.275,0.3238701184730145,1,Kruskal-Wallis
Regulation of amyloid precursor protein catabolic process,Second,log2rfu,744,1.6479573782621628,2,0.439,0.4881010770505385,1,Kruskal-Wallis
Negative regulation of transferase activity,Third,log2rfu,2934,2.579282873459306,2,0.275,0.3238701184730145,1,Kruskal-Wallis
Positive regulation of GTPase activity,Third,log2rfu,1630,1.6273787811942384,2,0.443,0.4919371121224659,1,Kruskal-Wallis
Positive regulation of I-kappaB kinase/NF-kappaB signaling,Second,log2rfu,2976,2.8394333951382578,2,0.242,0.29022698838248434,1,Kruskal-Wallis
Response to ethanol,Third,log2rfu,652,0,2,0.998,0.998744221,1,Kruskal-Wallis
Negative regulation of cysteine-type endopeptidase activity involved in apoptotic process,Third,log2rfu,1304,0.21552554548634362,2,0.898,0.911240832,1,Kruskal-Wallis
Developmental maturation,Second,log2rfu,2232,0.3727591742954246,2,0.83,0.8519005736137667,1,Kruskal-Wallis
Developmental maturation,Third,log2rfu,1956,4.476692067621116,2,0.107,0.13649619771863117,1,Kruskal-Wallis
Negative regulation of secretion,Second,log2rfu,1488,1.3811827629979234,2,0.501,0.5477327902240327,1,Kruskal-Wallis
Cell activation involved in immune response,Second,log2rfu,2976,2.0055359330926876,2,0.367,0.4188044217687075,1,Kruskal-Wallis
Negative regulation of myeloid leukocyte differentiation,Third,log2rfu,652,1.6006831112415512,2,0.449,0.496545529,1,Kruskal-Wallis
Regulation of extrinsic apoptotic signaling pathway in absence of ligand,Third,log2rfu,652,0.024497701557720575,2,0.988,0.9898439716312057,1,Kruskal-Wallis
Regulation of cellular response to oxidative stress,Third,log2rfu,1956,0.08,2,0.961,0.9674883720930232,1,Kruskal-Wallis
Positive regulation of cytoskeleton organization,Third,log2rfu,2282,1.5114164583364982,2,0.47,0.516788202,1,Kruskal-Wallis
Epithelium migration,Third,log2rfu,1304,1.17,2,0.558,0.6029275362318841,1,Kruskal-Wallis
Regulation of substrate adhesion-dependent cell spreading,Second,log2rfu,1860,0.3607354045143438,2,0.835,0.8553969465648854,1,Kruskal-Wallis
Regulation of receptor binding,Second,log2rfu,1488,2.382043649843581,2,0.304,0.35429266174554924,1,Kruskal-Wallis
Inorganic ion homeostasis,Third,log2rfu,2934,1.464935807254733,2,0.481,0.5275864323661626,1,Kruskal-Wallis
Astrocyte activation,Second,log2rfu,744,2.571368056122992,2,0.276,0.3249052631578948,1,Kruskal-Wallis
Ear development,Second,log2rfu,2976,4.733422341052574,2,0.0938,0.12109629629629629,1,Kruskal-Wallis
Vasculogenesis,Third,log2rfu,1630,2.642754586769115,2,0.267,0.3155561426684281,1,Kruskal-Wallis
Cellular ion homeostasis,Third,log2rfu,2608,0.5073526021360522,2,0.776,0.8057191489361702,1,Kruskal-Wallis
Regulation of glucose import,Third,log2rfu,652,1.9678529667048679,2,0.374,0.42462605752961086,1,Kruskal-Wallis
Positive regulation of cardiac muscle cell proliferation,Third,log2rfu,1956,0.6606454082166238,2,0.719,0.7550062597809076,1,Kruskal-Wallis
T cell migration,Second,log2rfu,744,0.06,2,0.971,0.9760913857677902,1,Kruskal-Wallis
Leukocyte activation involved in immune response,Second,log2rfu,2976,2.0055359330926876,2,0.367,0.4188044217687075,1,Kruskal-Wallis
Osteoblast differentiation,Third,log2rfu,2282,0.5785383786405873,2,0.749,0.7822241245136188,1,Kruskal-Wallis
Transforming growth factor beta receptor signaling pathway,Third,log2rfu,652,0.4345570233883791,2,0.805,0.8316474210931486,1,Kruskal-Wallis
Regulation of cytokine production involved in inflammatory response,Third,log2rfu,652,0.17896950937097245,2,0.914,0.9243315749811605,1,Kruskal-Wallis
Positive regulation of immunoglobulin mediated immune response,Second,log2rfu,1116,3.9460293997544795,2,0.139,0.1729605934167826,1,Kruskal-Wallis
Positive regulation of immunoglobulin mediated immune response,Third,log2rfu,978,2.7937422842242086,2,0.247,0.2947745664739884,1,Kruskal-Wallis
Metal ion homeostasis,Third,log2rfu,2282,0.5880261965512545,2,0.745,0.7789559797428904,1,Kruskal-Wallis
Regulation of cytokine-mediated signaling pathway,Second,log2rfu,1860,1.694184337684419,2,0.429,0.4781710963455149,1,Kruskal-Wallis
Cation homeostasis,Third,log2rfu,2608,0.5073526021360522,2,0.776,0.8057191489361702,1,Kruskal-Wallis
Cellular cation homeostasis,Third,log2rfu,2282,1.6667798788157597,2,0.435,0.4842554956449606,1,Kruskal-Wallis
Cellular metal ion homeostasis,Third,log2rfu,1956,2.3726201349845724,2,0.305,0.35514967462039043,1,Kruskal-Wallis
Negative regulation of cell junction assembly,Third,log2rfu,978,1.6142965464950976,2,0.446,0.49485903265812325,1,Kruskal-Wallis
Endoderm development,Third,log2rfu,978,0.9381348201709443,2,0.626,0.6691294305057746,1,Kruskal-Wallis
Anatomical structure maturation,Second,log2rfu,2232,0.3727591742954246,2,0.83,0.8519005736137667,1,Kruskal-Wallis
Anatomical structure maturation,Third,log2rfu,1956,4.476692067621116,2,0.107,0.13649619771863117,1,Kruskal-Wallis
Epithelial cell migration,Third,log2rfu,1304,1.17,2,0.558,0.6029275362318841,1,Kruskal-Wallis
Positive regulation of small GTPase mediated signal transduction,Second,log2rfu,1116,0.22102747232702313,2,0.895,0.9088838441165342,1,Kruskal-Wallis
Positive regulation of small GTPase mediated signal transduction,Third,log2rfu,978,3.682035335218643,2,0.159,0.19639024390243903,1,Kruskal-Wallis
Regulation of oxidative stress-induced cell death,Third,log2rfu,1956,0.08,2,0.961,0.9674883720930232,1,Kruskal-Wallis
Regulation of cellular component size,Second,log2rfu,5952,0.4227135582550545,2,0.809,0.8354582531742978,1,Kruskal-Wallis
Regulation of cellular component size,Third,log2rfu,5216,4.721371574494697,2,0.0944,0.121695293,1,Kruskal-Wallis
Regulation of supramolecular fiber organization,Second,log2rfu,5208,3.999135610589292,2,0.135,0.1688443616029823,1,Kruskal-Wallis
Positive regulation of transmembrane transport,Third,log2rfu,2608,0.1311576853859151,2,0.937,0.945098835,1,Kruskal-Wallis
Heart valve development,Second,log2rfu,1860,0.41963136160120484,2,0.811,0.8365580322828594,1,Kruskal-Wallis
Artery morphogenesis,Second,log2rfu,1488,0.7189253325132086,2,0.698,0.7384438312968072,1,Kruskal-Wallis
Negative regulation of protein kinase activity,Third,log2rfu,2282,0.025841449980362086,2,0.987,0.9895808741128129,1,Kruskal-Wallis
Regulation of neuron projection regeneration,Second,log2rfu,1860,0.7330501304695645,2,0.693,0.7340220994475137,1,Kruskal-Wallis
Regulation of platelet aggregation,Third,log2rfu,652,1.192262950409713,2,0.551,0.5970464271295922,1,Kruskal-Wallis
Positive regulation of NK T cell proliferation,Second,log2rfu,744,2.379976380228527,2,0.304,0.35429266174554924,1,Kruskal-Wallis
Gastrulation,Second,log2rfu,1860,1.7396414841241494,2,0.419,0.46819150707743545,1,Kruskal-Wallis
Formation of primary germ layer,Third,log2rfu,1304,1.3031282035531149,2,0.521,0.5677482744620382,1,Kruskal-Wallis
Vascular process in circulatory system,Third,log2rfu,1304,1.5991242268300994,2,0.45,0.49744645799011533,1,Kruskal-Wallis
Positive regulation of substrate adhesion-dependent cell spreading,Second,log2rfu,1860,0.3607354045143438,2,0.835,0.8553969465648854,1,Kruskal-Wallis
Activation of transmembrane receptor protein tyrosine kinase activity,Third,log2rfu,652,4.508482585477395,2,0.105,0.13445610687022902,1,Kruskal-Wallis
Regulation of natural killer cell proliferation,Second,log2rfu,744,2.379976380228527,2,0.304,0.35429266174554924,1,Kruskal-Wallis
Negative regulation of MAPK cascade,Second,log2rfu,2232,4.050011729310427,2,0.132,0.1655551401869159,1,Kruskal-Wallis
Negative regulation of MAPK cascade,Third,log2rfu,1956,0.92,2,0.631,0.6739371269399124,1,Kruskal-Wallis
Positive regulation of calcium ion import,Third,log2rfu,326,0.71,2,0.703,0.7419787652379078,1,Kruskal-Wallis
Regulation of ERBB signaling pathway,Second,log2rfu,2604,3.540022780090112,2,0.17,0.20930275229357798,1,Kruskal-Wallis
Negative regulation of cell growth,Second,log2rfu,2976,3.967718723732105,2,0.138,0.17203529958197863,1,Kruskal-Wallis
Negative regulation of cell growth,Third,log2rfu,2608,1.8989071439400504,2,0.387,0.4369827513672697,1,Kruskal-Wallis
Regulation of blood pressure,Second,log2rfu,1116,2.8467736668671932,2,0.241,0.2892862254025045,1,Kruskal-Wallis
Leukocyte migration involved in inflammatory response,Second,log2rfu,1116,2.461172643280861,2,0.292,0.34164254577157804,1,Kruskal-Wallis
Regulation of nitric-oxide synthase biosynthetic process,Second,log2rfu,744,1.2550227846859343,2,0.534,0.5800307567786321,1,Kruskal-Wallis
Vesicle-mediated transport,Third,log2rfu,8802,0.23578842238202924,2,0.889,0.9045018953752842,1,Kruskal-Wallis
Cardiac ventricle morphogenesis,Second,log2rfu,1488,0.18587834487516375,2,0.911,0.9223402489626555,1,Kruskal-Wallis
Endocardial cushion development,Second,log2rfu,1860,2.6378293964671684,2,0.267,0.3155561426684281,1,Kruskal-Wallis
Heart morphogenesis,Second,log2rfu,3348,1.8114781167387264,2,0.404,0.45407705192629816,1,Kruskal-Wallis
Regulation of DNA biosynthetic process,Second,log2rfu,2604,3.9897373361181963,2,0.136,0.16985760818985576,1,Kruskal-Wallis
Platelet-derived growth factor receptor signaling pathway,Third,log2rfu,1304,1.1385890637925513,2,0.566,0.610588424,1,Kruskal-Wallis
Negative regulation of interleukin-6 production,Third,log2rfu,978,0.8838100405364457,2,0.643,0.6859348171701113,1,Kruskal-Wallis
Semi-lunar valve development,Second,log2rfu,1116,1.664242132572781,2,0.435,0.4842554956449606,1,Kruskal-Wallis
Regulation of axon regeneration,Second,log2rfu,1488,0.4973661084759442,2,0.78,0.8086210892236385,1,Kruskal-Wallis
Antibacterial humoral response,Second,log2rfu,1116,2.3333747737351587,2,0.311,0.361352381,1,Kruskal-Wallis
Regulation of nervous system process,Second,log2rfu,744,0.6342391542748373,2,0.728,0.7629644670050761,1,Kruskal-Wallis
Regulation of blood circulation,Third,log2rfu,2934,2.5433865969062026,2,0.28,0.3287489063867017,1,Kruskal-Wallis
Skeletal system morphogenesis,Third,log2rfu,978,2.187700203152417,2,0.335,0.38606268784886216,1,Kruskal-Wallis
Kidney vasculature development,Third,log2rfu,326,1.4265223493356416,2,0.49,0.5368,1,Kruskal-Wallis
Regulation of DNA metabolic process,Second,log2rfu,4464,1.6516243079004198,2,0.438,0.48719104848736017,1,Kruskal-Wallis
Male sex differentiation,Second,log2rfu,1860,2.2782929315171714,2,0.32,0.370846287,1,Kruskal-Wallis
Negative regulation of canonical Wnt signaling pathway,Second,log2rfu,1488,2.5279348322246733,2,0.283,0.3319807692307692,1,Kruskal-Wallis
Positive regulation of glucose import,Third,log2rfu,652,1.9678529667048679,2,0.374,0.42462605752961086,1,Kruskal-Wallis
Regulation of muscle hypertrophy,Third,log2rfu,1304,1.9648567658505272,2,0.374,0.42462605752961086,1,Kruskal-Wallis
Negative regulation of MAP kinase activity,Second,log2rfu,744,4.235292299240427,2,0.12,0.15149576669802448,1,Kruskal-Wallis
Regulation of bone resorption,Second,log2rfu,744,3.1625423813684392,2,0.206,0.25040942,1,Kruskal-Wallis
Regulation of bone resorption,Third,log2rfu,652,0.04,2,0.982,0.9856724008975317,1,Kruskal-Wallis
Regulation of autophagy,Second,log2rfu,3720,3.1266651318201184,2,0.209,0.2538262443438914,1,Kruskal-Wallis
Pattern recognition receptor signaling pathway,Second,log2rfu,2976,0.6671737703272811,2,0.716,0.7542166405023547,1,Kruskal-Wallis
Learning,Third,log2rfu,2934,2.119848590462425,2,0.346,0.39720444824636436,1,Kruskal-Wallis
ERBB2 signaling pathway,Second,log2rfu,1860,1.9446329368220177,2,0.378,0.4284425675675676,1,Kruskal-Wallis
Positive regulation of nitric-oxide synthase biosynthetic process,Second,log2rfu,744,1.2550227846859343,2,0.534,0.5800307567786321,1,Kruskal-Wallis
Cellular defense response,Second,log2rfu,744,1.2887591829248777,2,0.525,0.5716430020283976,1,Kruskal-Wallis
Positive regulation of natural killer cell proliferation,Second,log2rfu,744,2.379976380228527,2,0.304,0.35429266174554924,1,Kruskal-Wallis
Regulation of Wnt signaling pathway,Second,log2rfu,3720,4.08,2,0.13,0.16327562002807675,1,Kruskal-Wallis
Negative regulation of Wnt signaling pathway,Second,log2rfu,1860,1.8355656226740393,2,0.399,0.4490213836477987,1,Kruskal-Wallis
Negative regulation of Wnt signaling pathway,Third,log2rfu,1630,3.0011156269592902,2,0.223,0.2690031460674157,1,Kruskal-Wallis
Regulation of cell size,Second,log2rfu,2604,4.3789746515303705,2,0.112,0.14219867549668877,1,Kruskal-Wallis
Positive regulation of actin cytoskeleton reorganization,Second,log2rfu,1116,4.281273390542992,2,0.118,0.14932201791607733,1,Kruskal-Wallis
Positive regulation of actin cytoskeleton reorganization,Third,log2rfu,978,4.479811029877055,2,0.106,0.13547809523809523,1,Kruskal-Wallis
Hindbrain development,Second,log2rfu,2232,1.5228450244940177,2,0.467,0.5143323758719738,1,Kruskal-Wallis
Hindbrain development,Third,log2rfu,1956,0.1345857659844114,2,0.935,0.9434360902255639,1,Kruskal-Wallis
Regulation of epidermal growth factor receptor signaling pathway,Second,log2rfu,1860,0,2,0.999,0.999,1,Kruskal-Wallis
Regulation of epidermal growth factor receptor signaling pathway,Third,log2rfu,1630,0.9148279229184482,2,0.633,0.6758042959427207,1,Kruskal-Wallis
Embryonic organ development,Second,log2rfu,2232,2.6678686505965743,2,0.263,0.3115145631067961,1,Kruskal-Wallis
Stem cell development,Second,log2rfu,2232,1.947719938149021,2,0.378,0.4284425675675676,1,Kruskal-Wallis
Ventricular cardiac muscle tissue morphogenesis,Second,log2rfu,1116,0.4926742948059655,2,0.782,0.8100686993438827,1,Kruskal-Wallis
Cardiac septum morphogenesis,Second,log2rfu,1860,3.189356545110968,2,0.203,0.24687449025826916,1,Kruskal-Wallis
Cardiac septum morphogenesis,Third,log2rfu,1630,0.5518935334321213,2,0.759,0.7917434900893898,1,Kruskal-Wallis
Endoderm formation,Second,log2rfu,744,3.1252382420707363,2,0.21,0.25492537313432834,1,Kruskal-Wallis
Regulation of mitotic cell cycle,Third,log2rfu,3912,1.4759292797607486,2,0.478,0.524724744,1,Kruskal-Wallis
Negative regulation of protein localization,Third,log2rfu,1630,0.9794353248762491,2,0.613,0.656017544,1,Kruskal-Wallis
Positive regulation of cardiac muscle hypertrophy,Third,log2rfu,1304,1.9648567658505272,2,0.374,0.42462605752961086,1,Kruskal-Wallis
Cell maturation,Second,log2rfu,2232,0.3727591742954246,2,0.83,0.8519005736137667,1,Kruskal-Wallis
Cell maturation,Third,log2rfu,1956,4.476692067621116,2,0.107,0.13649619771863117,1,Kruskal-Wallis
Negative regulation of lipid localization,Second,log2rfu,744,3.5870914313759386,2,0.166,0.20465962333486448,1,Kruskal-Wallis
Negative regulation of lipid localization,Third,log2rfu,652,4.529760966783215,2,0.104,0.13330276981852912,1,Kruskal-Wallis
Endothelium development,Second,log2rfu,1860,2.1297198694055623,2,0.345,0.39639554794520543,1,Kruskal-Wallis
Heart valve morphogenesis,Second,log2rfu,1860,0.41963136160120484,2,0.811,0.8365580322828594,1,Kruskal-Wallis
Ventricular cardiac muscle tissue development,Second,log2rfu,1116,0.4926742948059655,2,0.782,0.8100686993438827,1,Kruskal-Wallis
Cardiac ventricle development,Second,log2rfu,2604,1.9680577669323611,2,0.374,0.42462605752961086,1,Kruskal-Wallis
Regulation of cardiac muscle hypertrophy,Third,log2rfu,1304,1.9648567658505272,2,0.374,0.42462605752961086,1,Kruskal-Wallis
Positive regulation of phospholipase C activity,Second,log2rfu,744,4.675504282880411,2,0.0965,0.1242831094049904,1,Kruskal-Wallis
Regulation of protein localization to cell periphery,Third,log2rfu,1630,1.171171280489034,2,0.557,0.6025747682386136,1,Kruskal-Wallis
Pathway-restricted SMAD protein phosphorylation,Third,log2rfu,978,0.9230301643260646,2,0.63,0.6731369426751592,1,Kruskal-Wallis
Branching involved in salivary gland morphogenesis,Second,log2rfu,744,4.720348265538178,2,0.0944,0.121695293,1,Kruskal-Wallis
Regulation of extent of cell growth,Second,log2rfu,1860,0.23308588311738276,2,0.89,0.9048333333333333,1,Kruskal-Wallis
Positive regulation of T-helper 17 type immune response,Second,log2rfu,744,2.379976380228527,2,0.304,0.35429266174554924,1,Kruskal-Wallis
Cellular response to heat,Second,log2rfu,1116,1.5447542044762486,2,0.462,0.5098717105263159,1,Kruskal-Wallis
Negative regulation of cell projection organization,Second,log2rfu,2976,1.4285047873054282,2,0.49,0.5368,1,Kruskal-Wallis
Inner ear development,Second,log2rfu,2976,4.733422341052574,2,0.0938,0.12109629629629629,1,Kruskal-Wallis
B cell differentiation,Second,log2rfu,1116,3.9708360332183474,2,0.137,0.17094746629474666,1,Kruskal-Wallis
Regulation of protein stability,Second,log2rfu,4092,0.6551849422321538,2,0.721,0.7565144644253322,1,Kruskal-Wallis
Sensory system development,Second,log2rfu,4464,0.3670953421933518,2,0.832,0.8533007260221628,1,Kruskal-Wallis
Synapse pruning,Third,log2rfu,652,3.5212854112764944,2,0.172,0.21157103574702105,1,Kruskal-Wallis
Positive regulation of extrinsic apoptotic signaling pathway,Third,log2rfu,652,0.024497701557720575,2,0.988,0.9898439716312057,1,Kruskal-Wallis
Positive regulation of glial cell differentiation,Second,log2rfu,744,2.835107564653299,2,0.242,0.29022698838248434,1,Kruskal-Wallis
Developmental cell growth,Third,log2rfu,1956,0.40135330236171285,2,0.818,0.8421603375527427,1,Kruskal-Wallis
Neural crest cell differentiation,Second,log2rfu,1860,1.7921493081212247,2,0.408,0.4579974905897114,1,Kruskal-Wallis
Chondrocyte differentiation,Second,log2rfu,1860,1.6106681589753862,2,0.447,0.49555885997521687,1,Kruskal-Wallis
Chondrocyte differentiation,Third,log2rfu,1630,2.6657816480028487,2,0.264,0.3125610939567711,1,Kruskal-Wallis
Positive regulation of membrane protein ectodomain proteolysis,Third,log2rfu,326,3.0868649199221636,2,0.214,0.25919494584837544,1,Kruskal-Wallis
Regulation of receptor internalization,Second,log2rfu,1116,0.51,2,0.776,0.8057191489361702,1,Kruskal-Wallis
Visual system development,Second,log2rfu,4464,0.3670953421933518,2,0.832,0.8533007260221628,1,Kruskal-Wallis
Aortic valve development,Second,log2rfu,1116,1.664242132572781,2,0.435,0.4842554956449606,1,Kruskal-Wallis
Endocardial cushion morphogenesis,Second,log2rfu,1116,1.2874860198776332,2,0.525,0.5716430020283976,1,Kruskal-Wallis
Endocardial cushion morphogenesis,Third,log2rfu,978,4.195080643644815,2,0.123,0.15499154929577466,1,Kruskal-Wallis
Positive regulation of ERBB signaling pathway,Third,log2rfu,1630,2.9524405153133557,2,0.228,0.2742949350067235,1,Kruskal-Wallis
Regulation of protein localization to plasma membrane,Third,log2rfu,1630,1.171171280489034,2,0.557,0.6025747682386136,1,Kruskal-Wallis
Toll-like receptor signaling pathway,Second,log2rfu,2232,2.549467590873064,2,0.28,0.3287489063867017,1,Kruskal-Wallis
Epithelial to mesenchymal transition,Third,log2rfu,652,1.2038493529432799,2,0.548,0.5942755555555557,1,Kruskal-Wallis
Multicellular organismal reproductive process,Third,log2rfu,3586,0.36,2,0.836,0.855768116,1,Kruskal-Wallis
System process,Third,log2rfu,8476,1.2622590286373452,2,0.532,0.5783264479546375,1,Kruskal-Wallis
Synapse assembly,Second,log2rfu,1860,0.41315745715382945,2,0.813,0.8379769585253455,1,Kruskal-Wallis
Synapse assembly,Third,log2rfu,1630,0.16456046077655628,2,0.921,0.9300090293453726,1,Kruskal-Wallis
Heterophilic cell-cell adhesion via plasma membrane cell adhesion molecules,Second,log2rfu,744,0.5906266214174138,2,0.744,0.7782135619641466,1,Kruskal-Wallis
Multicellular organism reproduction,Third,log2rfu,3586,0.36,2,0.836,0.855768116,1,Kruskal-Wallis
Outflow tract septum morphogenesis,Second,log2rfu,1116,1.388984976646043,2,0.499,0.5457685411572942,1,Kruskal-Wallis
Positive regulation of catabolic process,Second,log2rfu,3348,0.07,2,0.967,0.9727991,1,Kruskal-Wallis
Endothelial cell differentiation,Second,log2rfu,1488,0.05,2,0.973,0.9777356795207788,1,Kruskal-Wallis
"Phagocytosis, recognition",Third,log2rfu,978,2.1382994406640137,2,0.343,0.39426638115631696,1,Kruskal-Wallis
Regulation of protein export from nucleus,Third,log2rfu,978,1.0764685377662317,2,0.584,0.6284907778668805,1,Kruskal-Wallis
Regulation of macromolecule biosynthetic process,Third,log2rfu,25102,1.4634544393338729,2,0.481,0.5275864323661626,1,Kruskal-Wallis
Neuron death,Second,log2rfu,744,0.04,2,0.981,0.9850370370370372,1,Kruskal-Wallis
Cell surface pattern recognition receptor signaling pathway,Second,log2rfu,744,0.07,2,0.965,0.971151106,1,Kruskal-Wallis
Cell surface pattern recognition receptor signaling pathway,Third,log2rfu,652,2.0495888871871557,2,0.359,0.41019838229033634,1,Kruskal-Wallis
Positive regulation of receptor binding,Second,log2rfu,744,0.5033149157902699,2,0.778,0.8074833720030936,1,Kruskal-Wallis
Negative regulation of leukocyte chemotaxis,Second,log2rfu,1116,1.9023059660653416,2,0.386,0.43622063157894736,1,Kruskal-Wallis
Negative regulation of leukocyte chemotaxis,Third,log2rfu,978,3.131878318316012,2,0.209,0.2538262443438914,1,Kruskal-Wallis
Regulation of axon extension,Third,log2rfu,1304,0.22515642675762138,2,0.894,0.9082119606358819,1,Kruskal-Wallis
Female gamete generation,Third,log2rfu,978,0.04,2,0.981,0.9850370370370372,1,Kruskal-Wallis
Regulation of synapse assembly,Third,log2rfu,1956,0.19171724630632525,2,0.909,0.920662642,1,Kruskal-Wallis
Cerebellum development,Second,log2rfu,1860,1.5381455129809183,2,0.463,0.5103457905544148,1,Kruskal-Wallis
Cerebellum development,Third,log2rfu,1630,1.5766393048106693,2,0.455,0.502559671,1,Kruskal-Wallis
Metencephalon development,Second,log2rfu,1860,1.5381455129809183,2,0.463,0.5103457905544148,1,Kruskal-Wallis
Metencephalon development,Third,log2rfu,1630,1.5766393048106693,2,0.455,0.502559671,1,Kruskal-Wallis
