target,trimester,term,df,df_res,sum_sq,sum_sq_res,f_value,pr_f,p_adj_by
14-3-3,Second,group,2,369,397373.68690702785,3892499.313092976,18.835056691658156,1.6261783457499532e-8,1.9630799561148544e-7
17-beta-HSD 1,Second,group,2,369,928589.3913135277,3361283.6086864853,50.97003485650405,2.8457928474304756e-20,4.936612703157785e-19
3HIDH,Second,group,2,369,180447.7682901104,4109425.2317098887,8.10152548649064,3.6025626042839433e-4,0.0036574593514278144
4-1BB,Second,group,2,369,1754833.041534915,2535039.958465109,127.71660465629223,7.0664128257218806e-43,4.572288341564312e-41
4-1BB ligand,Second,group,2,369,470888.282995997,3818984.7170040077,22.74921075906214,4.823841261660036e-10,6.1001496267644715e-9
40S ribosomal protein SA,Second,group,2,369,360786.45582964784,3929086.544170356,16.941622525300097,9.136943886699506e-8,1.0749119053759445e-6
41,Second,group,2,369,200724.1077904259,4089148.892209573,9.05655403203537,1.4463593414350907e-4,0.0015062121838537886
4EBP2,Second,group,2,369,1471832.9200927857,2818040.079907233,96.36242425837258,2.134291585207737e-34,6.597052919070724e-33
6-Phosphogluconate dehydrogenase,Second,group,2,369,1307075.0289373985,2982797.9710626183,80.84870151398108,7.622544905100598e-30,1.8753349511845283e-28
6Ckine,Second,group,2,369,547752.2073055082,3742120.7926944965,27.006151817749924,1.1330163505074618e-11,1.50023076200085e-10
ABL1,Second,group,2,369,721137.6740986807,3568735.3259013304,37.28208699186822,1.7901828632493316e-15,2.6792502435412912e-14
ABL2,Second,group,2,369,983756.4189858879,3306116.581014127,54.89917093220638,1.3433924288445378e-21,2.4235193103923313e-20
ACE2,Second,group,2,369,1135624.3358633905,3154248.6641366207,66.4255460734723,2.2924526513565157e-25,4.669424237740363e-24
ACTH,Second,group,2,369,873229.3348619109,3416643.6651380984,47.15470153528889,5.796207606622286e-19,9.666000463990912e-18
ADAM 9,Second,group,2,369,1109771.2104153633,3180101.7895846507,64.38560834506403,1.0336419127555238e-24,2.064237700546787e-23
ADAM12,Second,group,2,369,1118916.3348619146,3170956.6651380984,65.10340114440908,6.075937836486279e-25,1.2221988423671564e-23
ADAMTS-4,Second,group,2,369,851543.9181952449,3438329.0818047645,45.69366374452918,1.862535168918233e-18,3.0561565488413294e-17
ADAMTS-5,Second,group,2,369,721102.3984819846,3568770.6015180266,37.279894780385796,1.7934506068080166e-15,2.6820729576321646e-14
AGR2,Second,group,2,369,132205.2165823332,4157667.7834176677,5.866717527726562,0.0031030365692328084,0.029197356004781894
AIF1,Second,group,2,369,1507830.7897955081,2782042.2102045105,99.9966067002344,1.9911643593995017e-35,6.584531327877582e-34
AIP,Second,group,2,369,1292466.6717267698,2997406.3282732423,79.55548057809102,1.8774507893097885e-29,4.544122740665231e-28
AK1A1,Second,group,2,369,576982.240143375,3712890.7598566306,28.67125110639217,2.6662285027925165e-12,3.619238381155188e-11
ALCAM,Second,group,2,369,380275.89858739544,3909597.1014126083,17.94581422828047,3.6505343470910364e-8,4.3580454701464234e-7
ALK-1,Second,group,2,369,1398130.2675522077,2891742.7324478184,89.20400541476492,2.5001014577694525e-32,6.721656198083384e-31
ALT,Second,group,2,369,40166.455829643644,4249706.544170356,1.7438171373821292,0.176289494174042,1
AMHR2,Second,group,2,369,948257.0858633919,3341615.9141366174,52.3559370188716,9.637881477660583e-21,1.6961409062719617e-19
AMNLS,Second,group,2,369,1649745.1427366822,2640127.8572633355,115.28910541113925,1.2700088219106687e-39,5.641325517266749e-38
AMPK a1b1g1,Second,group,2,369,1453261.672201158,2836611.3277988606,94.52362256804965,7.170853703485095e-34,2.1218900798147644e-32
AMPK a2b2g1,Second,group,2,369,1727356.8416614179,2562516.1583386045,124.368908367453,5.164065194489272e-42,2.9891743111110468e-40
AMPM2,Second,group,2,369,1058167.3078747783,3231705.6921252366,60.41140094490105,2.014509789968251e-23,3.841293255665205e-22
AN32B,Second,group,2,369,1792749.500579827,2497123.499420198,132.45731856425084,4.3821343468418013e-44,3.6043714786835474e-42
ANGL3,Second,group,2,369,123130.93084545527,4166742.069154544,5.452138952674852,0.004639568787009145,0.04327742349274952
ANGL4,Second,group,2,369,421882.76560194464,3867990.23439806,20.123466073246668,5.070517246099863e-9,6.205902393153763e-8
ANR63,Second,group,2,369,26649.54691123776,4263223.453088762,1.153315433550885,0.31672364120988383,1
AREG,Second,group,2,369,334979.7048808811,3954893.2951191226,15.627161326146734,3.057502749711793e-7,3.5306527238399696e-6
ARGI1,Second,group,2,369,888932.9245730671,3400940.075426945,48.22435001685283,2.4774988132449404e-19,4.185518693295755e-18
ARI3A,Second,group,2,369,33888.31604469754,4255984.6839553015,1.4690828972711503,0.23147926729970722,1
ARMEL,Second,group,2,369,416571.90322581027,3873301.0967741935,19.842897369680696,6.531214501031689e-9,7.958551500061856e-8
ARP19,Second,group,2,369,176327.4349567769,4113545.565043222,7.908606148910741,4.3342235705467964e-4,0.004379654023648093
ARSB,Second,group,2,369,1442877.5195551533,2846995.4804448662,93.50590971655781,1.4072205962586375e-33,4.08923039182095e-32
ART,Second,group,2,369,1318994.7609108337,2970878.239089185,81.91333127898797,3.641304649469118e-30,9.05027636421019e-29
ARTS1,Second,group,2,369,37102.27893737983,4252770.72106262,1.609626032751692,0.20136316567988427,1
ASAH2,Second,group,2,369,126087.24567784043,4163785.7543221586,5.587006200646523,0.004070116878535456,0.0380570736760237
ASAHL,Second,group,2,369,1470809.5587708373,2819063.4412291814,96.26046708437958,2.2821617814752196e-34,7.031722738694686e-33
ASGR1,Second,group,2,369,210199.92409867188,4079672.575901329,9.5061270910048,9.427153251385347e-5,9.93451799588236e-4
ASM3A,Second,group,2,369,1681588.8079802045,2608284.192019816,118.9491298615326,1.3535754024473986e-40,6.737111050951655e-39
ATP synthase beta chain,Second,group,2,369,271976.6803710768,4017896.319628925,12.489047386145106,5.646334390561178e-6,6.259451921753334e-5
ATS1,Second,group,2,369,1875186.5089605995,2414686.4910394265,143.27819043469427,8.94974215686816e-47,1.8282679080279924e-44
ATS13,Second,group,2,369,328660.7969639511,3961212.2030360526,15.307919377147563,4.104759085537507e-7,4.723114234786686e-6
ATS15,Second,group,2,369,1243441.9053869033,3046431.0946131134,75.30616134714138,3.745480389787596e-28,8.593953985372403e-27
AURKB,Second,group,2,369,325052.45730550634,3964820.5426944974,15.126076382793546,4.855610942572141e-7,5.573860989689119e-6
Activated Protein C,Second,group,2,369,1423895.4388045715,2865977.5611954452,91.66460757280439,4.795464485037057e-33,1.3479006084489507e-31
Activin A,Second,group,2,369,1283691.9763862719,3006181.023613744,78.78473311582525,3.219533860149077e-29,7.696492087003271e-28
Activin AB,Second,group,2,369,152220.6493780329,4137652.35062197,6.787595339184402,0.0012738383894213767,0.012438093363256816
Activin RIB,Second,group,2,369,19161.174573054537,4270711.825426946,0.8277862925989256,0.43782550598112124,1
Adiponectin,Second,group,2,369,1288438.5469112545,3001434.4530887622,79.20110054727103,2.4053429168089885e-29,5.79292382646602e-28
Afamin,Second,group,2,369,30457.243358634412,4259415.756641366,1.319279854497939,0.2685856505513583,1
Aflatoxin B1 aldehyde reductase,Second,group,2,369,1294961.21468481,2994911.785315201,79.77541952348427,1.610112129640207e-29,3.9019299206817948e-28
Aggrecan,Second,group,2,369,286135.92309719697,4003737.076902804,13.185700458700333,2.9437142288341477e-6,3.2896651051736934e-5
Albumin,Second,group,2,369,997520.2319207378,3292352.7680792743,55.89998877816021,6.221937040100945e-22,1.1361827912252594e-20
"Alkaline phosphatase, bone",Second,group,2,369,162917.70503900666,4126955.294960995,7.283412208607609,7.901203221317831e-4,0.00784516947515901
"Alkaline phosphatase, liver",Second,group,2,369,29481.58064516168,4260391.419354839,1.2767257966771568,0.2801784245576992,1
Aminoacylase-1,Second,group,2,369,1633369.5695235296,2656503.430476491,113.44110537174708,3.9743581655328306e-39,1.6734854348737706e-37
Angiogenin,Second,group,2,369,709516.990775886,3580356.0092241205,36.562253714685454,3.2612785218902242e-15,4.8251399549182063e-14
Angiopoietin-1,Second,group,2,369,1405708.8086127094,2884164.1913873074,89.92320061511262,1.5405936417727819e-32,4.217914047232026e-31
Angiopoietin-2,Second,group,2,369,1386273.827588044,2903599.1724119755,88.08637349814781,5.318831024491848e-32,1.4143249169912384e-30
Angiopoietin-4,Second,group,2,369,550913.4573055073,3738959.5426945,27.18497798979022,9.694334593354553e-12,1.2889052976016838e-10
Angiostatin,Second,group,2,369,1505409.8587392168,2784463.1412608083,99.74925321210063,2.337779435723598e-35,7.665450557912611e-34
Angiotensinogen,Second,group,2,369,1837963.260436458,2451909.2395635652,138.30211007764967,1.5051196504666338e-45,1.852608670821284e-43
Antithrombin III,Second,group,2,369,1603601.1332490207,2686271.8667510008,110.13941393887552,3.105775123544991e-38,1.2253517172500192e-36
Apo A-I,Second,group,2,369,1771592.7986506717,2518280.201349356,129.79448084288236,2.0782563657142098e-43,1.4831534108585387e-41
Apo B,Second,group,2,369,1817786.7552182414,2472086.244781783,135.6674578185562,6.827146712074875e-45,7.163468686336835e-43
Apo D,Second,group,2,369,1194772.4417562908,3095100.558243726,71.22079278390841,6.974218951540627e-27,1.5143069596893723e-25
Apo E,Second,group,2,369,1502532.7935905773,2787340.206409444,99.45585392841706,2.828478565151469e-35,9.196750831287586e-34
Apo E2,Second,group,2,369,136855.72865274968,4153017.2713472485,6.079888497126619,0.002524127071188776,0.024002308365034145
Apo E3,Second,group,2,369,746490.2888467307,3543382.7111532786,38.86891976379123,4.804344081408661e-16,7.308685742719577e-15
Apo E4,Second,group,2,369,1081384.4098671875,3208488.5901328274,62.18361637129475,5.326522915989138e-24,1.0329173724210845e-22
Artemin,Second,group,2,369,609229.1596563426,3680643.840343666,30.53889070291029,5.332634532841954e-13,7.378023075246093e-12
Arylsulfatase A,Second,group,2,369,1651224.4849251779,2638648.5150748463,115.45718034372372,1.145239783535055e-39,5.110495717872671e-38
Aurora kinase A,Second,group,2,369,1429361.92009279,2860511.0799072324,92.19236244513068,3.37172560169283e-33,9.59673954829884e-32
Azurocidin,Second,group,2,369,568248.2494729147,3721624.7505270927,28.170976134255355,4.113040140336826e-12,5.532895609011977e-11
B7,Second,group,2,369,406590.39658444514,3883282.6034155595,19.31765875186357,1.0500661973106544e-8,1.270773570623764e-7
B7-2,Second,group,2,369,743449.3814041838,3546423.6185958227,38.67739041377742,5.628197853649023e-16,8.541903705042915e-15
B7-H1,Second,group,2,369,131836.50627240213,4158036.493727598,5.849836922776104,0.0031542232676123275,0.029635889945848388
B7-H2,Second,group,2,369,893993.3381825914,3395879.661817415,48.571147190302426,1.8823464566427685e-19,3.185605572650228e-18
BAFF,Second,group,2,369,1466840.570946678,2823032.4290533415,95.86573733777979,2.958551720785325e-34,9.015619890940651e-33
BAFF Receptor,Second,group,2,369,222099.4582015616,4067773.5417984393,10.07365567849956,5.4995257691739344e-5,5.859124524428922e-4
BARK1,Second,group,2,369,520852.5355787501,3769020.4644212537,25.496622722380327,4.247751657590913e-11,5.541304890194426e-10
BASI,Second,group,2,369,1642109.6911237873,2647763.308876235,114.4245926351042,2.1637478813147367e-39,9.333617547136148e-38
BCAM,Second,group,2,369,949215.0023192214,3340657.9976807935,52.42385423754185,9.141317124802289e-21,1.613139589688848e-19
BCAR3,Second,group,2,369,1432529.3738140617,2857343.626185958,92.49908448060543,2.748386427469274e-33,7.903689706569429e-32
BCL2-like 1 protein,Second,group,2,369,1428926.5195551529,2860946.4804448676,92.15025330251233,3.46774805464499e-33,9.841182700733446e-32
BCMA,Second,group,2,369,132831.249631037,4157041.750368965,5.895385956792745,0.003018011999869453,0.028438690927394636
BDNF,Second,group,2,369,1216873.720061161,3072999.2799388557,73.05995898435467,1.858982437590815e-27,4.1382303489237686e-26
BFL1,Second,group,2,369,997096.7647058945,3292776.2352941176,55.869072157527114,6.3713438486873925e-22,1.1623723623776375e-20
BGH3,Second,group,2,369,121126.16155387042,4168746.8384461296,5.360790106174705,0.005070146220996081,0.04715783893401723
BGN,Second,group,2,369,899710.431161724,3390162.568838288,48.96419306706592,1.379394405467879e-19,2.340552005291025e-18
BLC,Second,group,2,369,32611.77508960478,4257261.224910395,1.413320016358339,0.2446481322397216,1
BMP RII,Second,group,2,369,885888.0371073266,3403984.9628926837,48.01617651900734,2.9222675042551733e-19,4.91552624657414e-18
BMP-1,Second,group,2,369,1122137.1188593856,3167735.381140632,65.35719481562508,5.037119190672673e-25,1.0185136503572156e-23
BMP-14,Second,group,2,369,1016779.6270820312,3273093.3729179846,57.314540046070185,2.1077812316211968e-22,3.8966562322336204e-21
BMP-6,Second,group,2,369,614898.0934535214,3674974.90654649,30.870604868642936,4.012679124306885e-13,5.583622960208817e-12
BMP-7,Second,group,2,369,1632626.5292009478,2657245.9707990726,113.35781404797606,4.1847569346310976e-39,1.75068542704737e-37
BMP10,Second,group,2,369,199266.57901117625,4090606.4209888247,8.987587668890146,1.544655219344312e-4,0.0016068516248823133
BMPER,Second,group,2,369,956760.7556926091,3333112.2443074,52.96022050465529,6.02303574696646e-21,1.0686954938868723e-19
BMPR1A,Second,group,2,369,666786.7999156755,3623086.2000843356,33.95507525644256,2.910822531557886e-14,4.1947298035435346e-13
BMX,Second,group,2,369,1505673.7050390244,2784199.294960995,99.77619026140574,2.2972622688448206e-35,7.558131216901324e-34
BNP,Second,group,2,369,4582.182637571357,4285290.817362429,0.19728245588528387,0.8210452496492916,1
BNP-32,Second,group,2,369,1722162.4227809617,2567710.5772190606,123.74407373716247,7.50328819931965e-42,4.2712314767573325e-40
BOC,Second,group,2,369,1654202.1233396828,2635670.8766603423,115.79605574383804,9.29873767026115e-40,4.197700023475253e-38
BPI,Second,group,2,369,589725.8543116208,3700147.145688383,29.40543060490959,1.4138596949282596e-12,1.9354677659161207e-11
BPSA,Second,group,2,369,1820.8612692393363,4288052.138730762,0.0783453403330344,0.9246604306067818,1
BRF-1,Second,group,2,369,1474711.963577927,2815161.036422096,96.64966009402103,1.7674617406546355e-34,5.5070349718487876e-33
BSP,Second,group,2,369,1815391.292641805,2474481.707358211,135.35751446309905,8.162917040168918e-45,8.295983412096719e-43
BSSP4,Second,group,2,369,1437506.732711385,2852366.2672886355,92.98244591756438,1.9924068292681945e-33,5.746703851225203e-32
BST1,Second,group,2,369,80185.47907442413,4209687.520925575,3.5143275636711575,0.030768112882698276,0.2756118006024172
BTG,Second,group,2,369,107790.40965633746,4182082.5903436644,4.7553653358051,0.0091398142441922,0.0837263718339957
BTK,Second,group,2,369,537259.5828062459,3752613.4171937597,26.414762728711487,1.8992965551474202e-11,2.502913801982249e-10
Bcl-2,Second,group,2,369,1220620.601992427,3069252.39800759,73.37438303014592,1.484284326204252e-27,3.3347188034904593e-26
Bone proteoglycan II,Second,group,2,369,206559.96204933804,4083313.037950664,9.333184265791608,1.1113230103849657e-4,0.0011635537129226826
C1-Esterase Inhibitor,Second,group,2,369,169275.31688804785,4120597.683111955,7.579312121114031,5.94512758432246e-4,0.005957820547406926
C1QBP,Second,group,2,369,897037.1623445204,3392835.8376554917,48.78024295066681,1.5953167778626628e-19,2.704564264988664e-18
C1q,Second,group,2,369,19073.293748681433,4270799.7062513195,0.8239727776230777,0.4394908788297068,1
C1r,Second,group,2,369,1357646.4767025313,2932226.52329749,85.42511056408036,3.2504518129806123e-31,8.390382329103863e-30
C1s,Second,group,2,369,193446.70820156205,4096426.291798438,8.712696169987463,2.0079408944091454e-4,0.002076550568826235
C2,Second,group,2,369,72128.79174572974,4217744.20825427,3.1551847196051837,0.043783004016735363,0.3902146227041622
C3,Second,group,2,369,388115.47543748934,3901757.5245625135,18.352576952163574,2.5207090763797734e-8,3.018530509404628e-7
C34 gp41 HIV Fragment,Second,group,2,369,344447.6359371743,3945425.3640628313,16.107411233593066,1.9647791367547944e-7,2.283774009730813e-6
C3a,Second,group,2,369,1850429.6679317174,2439443.3320683097,139.95171326400043,5.8768162432273154e-46,8.148354877743897e-44
C3adesArg,Second,group,2,369,857177.1314041805,3432695.868595826,46.071422228489936,1.3763205265343692e-18,2.266009057194145e-17
C3b,Second,group,2,369,181047.69997891877,4108825.300021084,8.129647333981103,3.5068158259141775e-4,0.0035658485103695426
C3d,Second,group,2,369,64421.82584861759,4225451.174151382,2.812913078200941,0.06131777382297667,0.5420132493327431
C4,Second,group,2,369,1745855.4501370657,2544017.5498629576,126.61482251474257,1.356627733279835e-42,8.467518642146383e-41
C4b,Second,group,2,369,1701601.111743643,2588271.8882563775,121.29537338837902,3.268341256883514e-41,1.7429377326115834e-39
C5,Second,group,2,369,1659100.8802445913,2630772.11975543,116.35523658871072,6.59717118851073e-40,3.03503090648655e-38
C5a,Second,group,2,369,589114.9390680995,3700758.0609319033,29.37011943728476,1.4575877118197826e-12,1.992517816501011e-11
"C5b, 6 Complex",Second,group,2,369,40581.48619017564,4249291.513809825,1.7620076612193791,0.17314132570578186,1
C6,Second,group,2,369,597671.5929264254,3692201.407073582,29.865762112453446,9.509440048931801e-13,1.3063773513803483e-11
C7,Second,group,2,369,247508.2808349114,4042364.7191650877,11.296674344484405,1.730814360580363e-5,1.8748578436492662e-4
C8,Second,group,2,369,376862.90348935826,3913010.0965106483,17.769237486964247,4.288203438249223e-8,5.100480432234003e-7
C9,Second,group,2,369,988389.1678789924,3301483.8321210206,55.235103591744476,1.0371568660129614e-21,1.8762926799582924e-20
CAD15,Second,group,2,369,1502664.8124077814,2787208.187592241,99.46930377265207,2.8038687031711023e-35,9.132028806600512e-34
CAMK1,Second,group,2,369,1764449.519357495,2525422.9806425255,128.90550961828689,3.5047550479363983e-43,2.395494562302041e-41
CAMK1D,Second,group,2,369,800223.5894476189,3489648.910552393,42.30833990394605,2.865769112123261e-17,4.530005091237155e-16
CAMK2A,Second,group,2,369,1874600.5540797175,2415272.445920303,143.19867011769833,9.359488115678162e-47,1.8282679080279924e-44
CAMK2B,Second,group,2,369,1882320.000000026,2407552.999999999,144.24938516410853,5.184981559310242e-47,1.5484233755602773e-44
CAMK2D,Second,group,2,369,1882320.0000000256,2407552.9999999995,144.24938516410845,5.184981559310684e-47,1.5484233755602773e-44
CAPG,Second,group,2,369,183779.9763862542,4106093.023613746,8.257826953326598,3.101789778814754e-4,0.003170613140918482
CATC,Second,group,2,369,622432.1821631971,3667440.8178368104,31.313044521559835,2.747870615783966e-13,3.840165076705425e-12
CATE,Second,group,2,369,1286996.5218216516,3002876.478178369,79.07446743202013,2.6282371860142563e-29,6.290708495832068e-28
CATZ,Second,group,2,369,178334.81509592943,4111538.1849040706,8.002545982913366,3.9609577879383504e-4,0.0040122231022542395
CBG,Second,group,2,369,1151929.1465844577,3137943.853415559,67.72935956565915,8.811204838804395e-26,1.8176134748616362e-24
CBPE,Second,group,2,369,116310.92705039075,4173562.0729496083,5.141738799066424,0.006273653378595217,0.05801815861360918
CBX5,Second,group,2,369,366217.6337760957,3923655.366223909,17.220460801254234,7.078875780740936e-8,8.348151463865608e-7
CCL28,Second,group,2,369,613734.5218216381,3676138.4781783684,30.802435748340724,4.2540281205558565e-13,5.9109843535362884e-12
CD109,Second,group,2,369,18243.930845456198,4271629.069154543,0.7879909951200142,0.45552119390826185,1
CD22,Second,group,2,369,881596.0910816053,3408276.908918407,47.72337552120243,3.6871059748265257e-19,6.18597443435082e-18
CD226,Second,group,2,369,1428311.573318595,2861561.4266814254,92.09080148347225,3.608017688831442e-33,1.0209404283351285e-31
CD23,Second,group,2,369,911791.9249947406,3378081.0750052724,49.799163023719636,7.138867887254929e-20,1.2209260016879526e-18
CD27,Second,group,2,369,1289873.3496205122,2999999.6503795055,79.32722024646883,2.2022359738410648e-29,5.310358385341284e-28
CD30,Second,group,2,369,250160.2350832848,4039712.76491672,11.425209181627926,1.533438909407475e-5,1.6657038356274726e-4
CD30 Ligand,Second,group,2,369,1669621.8623761558,2620251.1376238666,117.56324773042431,3.1497066326738015e-40,1.505913168040615e-38
CD36 ANTIGEN,Second,group,2,369,1437756.973434546,2852116.026565467,93.00679184433764,1.9604152335479877e-33,5.662844745051323e-32
CD39,Second,group,2,369,570200.1514336998,3719672.8485663086,28.282575436725864,3.733593918385059e-12,5.03642239028995e-11
"CD40 ligand, soluble",Second,group,2,369,886885.481762608,3402987.518237402,48.08432899276531,2.7684545998849685e-19,4.664883328547481e-18
CD48,Second,group,2,369,1489371.0358423148,2800501.9641577057,98.12132240212661,6.745619655759847e-35,2.1430707043918338e-33
CD5L,Second,group,2,369,142640.79801813094,4147232.201981867,6.345732756841722,0.00195172059328904,0.018764508140286545
CD70,Second,group,2,369,1093300.446974501,3196572.553025512,63.10319228508546,2.681045250994917e-24,5.246242138575179e-23
CD97,Second,group,2,369,358119.1579696443,3931753.8420303613,16.804964730772472,1.0355658160075356e-7,1.2138729480044823e-6
CDC37,Second,group,2,369,554397.5104364394,3735475.489563567,27.38241516007743,8.162413767568074e-12,1.0904577699089198e-10
CDK1/cyclin B,Second,group,2,369,16908.527935906313,4272964.472064094,0.7300840960813683,0.48256319663019476,1
CDK2/cyclin A,Second,group,2,369,248417.57115749875,4041455.428842504,11.340726796456435,1.66044541954381e-5,1.7996368531409196e-4
CDK5/p35,Second,group,2,369,798379.9662660868,3491493.0337339244,42.18857158038322,3.159107325999138e-17,4.981523543534253e-16
CDK8/cyclin C,Second,group,2,369,141419.58675943036,4148453.4132405696,6.289552071101401,0.0020606716632248253,0.019753298699759156
CDON,Second,group,2,369,1635004.3690175242,2654868.630982501,113.62456980483323,3.547658825146029e-39,1.5003238787290188e-37
CFC1,Second,group,2,369,1145244.59440229,3144628.405597723,67.1931943663339,1.3047991153482547e-25,2.6773699004546685e-24
CG073,Second,group,2,369,38793.49963103607,4251079.000368965,1.6836668246590905,0.1871151572444052,1
CHK1,Second,group,2,369,803241.3013388277,3486631.6986611853,42.504638546686635,2.442993935686904e-17,3.8754642947478687e-16
CHL1,Second,group,2,369,161153.65744254785,4128719.342557452,7.201470318331849,8.549406453898031e-4,0.008467120740359371
CHST2,Second,group,2,369,1212301.474646858,3077571.5253531523,72.67731073989552,2.445717600846858e-27,5.407140476012313e-26
CHST6,Second,group,2,369,1150456.3715475556,3139416.6284524556,67.61103277176534,9.608016835248224e-26,1.9798792863717525e-24
CK-BB,Second,group,2,369,350311.34640523326,3939561.6535947705,16.405998711249953,1.4932740732529413e-7,1.7419755791117178e-6
CK-MB,Second,group,2,369,1212094.0839131507,3077778.916086865,72.65998129791096,2.47631410072181e-27,5.46855664507639e-26
CK-MM,Second,group,2,369,1220821.2709782994,3069051.7290217164,73.39124406589708,1.46648684716543e-27,3.298551248274767e-26
CK094,Second,group,2,369,157231.28083491698,4132641.219165086,7.01952329650888,0.0010186435692107884,0.010032091462938816
CK2-A1:B,Second,group,2,369,1618621.0306241037,2671251.9693759205,111.79611042829359,1.1038053835777217e-38,4.482501780840126e-37
CK2-A2:B,Second,group,2,369,278870.7852097843,4011002.2147902204,12.82763187750974,4.11303187438678e-6,4.5674784430634655e-5
CKAP2,Second,group,2,369,1574498.0061142943,2715374.493885726,106.98151683394006,2.26775955327739e-37,8.400818031436792e-36
CLC1B,Second,group,2,369,1423713.2675522026,2866159.732447817,91.64705472958624,4.852032285914526e-33,1.3610480167582211e-31
CLC4K,Second,group,2,369,159301.33586337697,4130571.164136623,7.115504199995163,9.287014424329793e-4,0.009164897657197621
CLC7A,Second,group,2,369,1110243.4714843049,3179629.5285157063,64.42257459612794,1.0057033960605875e-24,2.010511428881744e-23
CLF-1/CLC Complex,Second,group,2,369,917745.2241724795,3372127.7758275373,50.21280482714493,5.1557735673804995e-20,8.848855234453124e-19
CLM6,Second,group,2,369,720771.4079696471,3569101.5920303604,37.259327408147556,1.824402231436296e-15,2.7262601981271035e-14
CNDP1,Second,group,2,369,222681.37381404126,4067191.6261859597,10.101494408125077,5.3562618568261e-5,5.709626695605912e-4
CNTF,Second,group,2,369,1150255.1238140543,3139617.876185958,67.59487259688517,9.72232280743929e-26,2.0013092536416873e-24
CNTFR alpha,Second,group,2,369,321316.51829011645,3968556.481709889,14.938151415444617,5.777102407372888e-7,6.61991662276459e-6
CNTN2,Second,group,2,369,1209990.8733396716,3079882.1266603414,72.48437016427069,2.8089390278205084e-27,6.196058359174047e-26
CO8A1,Second,group,2,369,1590035.3773982958,2699837.6226017247,108.65895218071852,7.86678348600284e-38,3.023859990631686e-36
COLEC12,Second,group,2,369,1598773.6662977259,2691099.3337022974,109.61087082063165,4.3255032465664967e-38,1.6860216965247442e-36
COMMD7,Second,group,2,369,166051.17436221987,4123821.325637779,7.429138958897889,6.868019932586286e-4,0.006840306583064894
CONA1,Second,group,2,369,1158692.6069998047,3131180.3930002083,68.274183905012,5.917579273920325e-26,1.2298526120064186e-24
COX-2,Second,group,2,369,245151.75627240166,4044721.2437275993,11.182599815104652,1.9272926453616224e-5,2.0865232770837404e-4
CPNE1,Second,group,2,369,1749283.0725806686,2540589.9274193556,127.03456130717026,1.0578649186113172e-42,6.710650922571278e-41
CRDL1,Second,group,2,369,1172322.7695551482,3117550.2304448686,69.37933152469533,2.6459704875576405e-26,5.58888719462203e-25
CRIS3,Second,group,2,369,738230.1319839857,3551642.8680160264,38.3494243122281,7.382535778999405e-16,1.1152142040466991e-14
CRK,Second,group,2,369,70710.31166982837,4219162.688330172,3.0920951541327275,0.04658529481720066,0.41404931808924483
CRP,Second,group,2,369,780291.9768606485,3509581.0231393636,41.02024394980691,8.195955327996815e-17,1.2737758295874168e-15
CRTAM,Second,group,2,369,653436.0080645257,3636436.9919354846,33.15304067010323,5.73767649728907e-14,8.195443505511935e-13
CS084,Second,group,2,369,118548.12381404359,4171324.8761859583,5.243448902423965,0.005682736757227965,0.05272926502103796
CSF-1,Second,group,2,369,1799171.966266103,2490701.033733922,133.2746175796374,2.7248153688184907e-44,2.426255014882622e-42
CSK,Second,group,2,369,1407962.8985874043,2881910.101412608,90.13784110130523,1.3336470055841753e-32,3.666840779901298e-31
CSK21,Second,group,2,369,1194071.0989352874,3095801.9010647265,71.16286015516417,7.2719384432897e-27,1.5771863803165024e-25
CTACK,Second,group,2,369,1563701.881351485,2726171.1186485346,105.82717832194288,4.715751975978697e-37,1.7142160531730167e-35
CTAP-III,Second,group,2,369,884472.4868227001,3405400.513177313,47.919524645438216,3.155252119829498e-19,5.302832904250145e-18
CTGF,Second,group,2,369,977019.0552920206,3312853.9447079897,54.412303925842636,1.955798384320383e-21,3.515249757953421e-20
CTLA-4,Second,group,2,369,674808.8263230082,3615064.1736769974,34.43983909418676,1.9337741830819318e-14,2.807567523550138e-13
"CXCL16, soluble",Second,group,2,369,411207.96041535353,3878665.039584651,19.56030436305917,8.431047889767064e-9,1.0228629147919445e-7
CYTD,Second,group,2,369,523117.97939069057,3766755.0206093197,25.62292123313341,3.8017410348925364e-11,4.979551018171752e-10
CYTF,Second,group,2,369,634649.9169829302,3655223.083017081,32.03440857751976,1.4846154235762833e-13,2.0958834553377372e-12
CYTN,Second,group,2,369,112485.38815095648,4177387.6118490435,4.968070009827336,0.007429038156612804,0.06847469107094113
CYTT,Second,group,2,369,1170790.220588251,3119082.779411764,69.25458892093603,2.897109554119883e-26,6.112698149575221e-25
CaMKK alpha,Second,group,2,369,40213.33675943501,4249659.663240565,1.7458717215152586,0.1759310507808658,1
Cadherin E,Second,group,2,369,39070.937855787575,4250802.062144212,1.6958183253436676,0.18487557296929671,1
Cadherin-12,Second,group,2,369,803235.7790428093,3486637.2209572,42.50427900632381,2.443707931196431e-17,3.8754642947478687e-16
Cadherin-2,Second,group,2,369,241478.5275142328,4048394.472485768,11.005051170080257,2.2786760026602392e-5,2.4628167907910815e-4
Cadherin-5,Second,group,2,369,581406.7233818327,3708466.2766181757,28.92558067476061,2.139716956897805e-12,2.914723238555844e-11
Cadherin-6,Second,group,2,369,1878368.7822580934,2411504.2177419337,143.71073364786673,7.016854367862045e-47,1.5655937173788152e-44
Calcineurin,Second,group,2,369,306486.8937381399,3983386.106261861,14.195669309032208,1.1496622697489057e-6,1.3050586446825536e-5
Calcineurin B a,Second,group,2,369,1859192.851992434,2430680.1480075885,141.12143939373348,3.0254040183332955e-46,4.51857131163075e-44
Calpain I,Second,group,2,369,803434.8328062529,3486438.1671937574,42.51723952760285,2.4181022469298803e-17,3.841132727661741e-16
Calpastatin,Second,group,2,369,195571.70488087693,4094301.295119125,8.812976122088727,1.8246289665142486e-4,0.0018910048696654724
Carbonic Anhydrase IV,Second,group,2,369,513105.1233396642,3776767.8766603414,25.065849516777668,6.204343774549075e-11,8.061226343926138e-10
Carbonic Anhydrase X,Second,group,2,369,155071.46025722008,4134801.539742779,6.919481900753317,0.0011217296144053783,0.011008236666316241
Carbonic anhydrase 6,Second,group,2,369,1739009.5975121413,2550863.4024878773,125.779871406703,2.22736116397395e-42,1.330341507548421e-40
Carbonic anhydrase 9,Second,group,2,369,1581750.9701138758,2708122.0298861484,107.76215058458018,1.3844910183529322e-37,5.188194421661187e-36
Carbonic anhydrase I,Second,group,2,369,501699.79865064844,3788173.201349357,24.434894586676563,1.082193334770942e-10,1.3948764511078514e-9
Carbonic anhydrase III,Second,group,2,369,151476.51612903224,4138396.483870967,6.753199538693074,0.0013168111110122335,0.012831871673855579
Carbonic anhydrase VII,Second,group,2,369,880425.7955408064,3409447.204459203,47.64366465766826,3.9282047269216315e-19,6.584782189226145e-18
Carbonic anhydrase XIII,Second,group,2,369,218518.70551339118,4071354.2944866116,9.902528311480324,6.468866235031744e-5,6.85797165759923e-4
Cardiotrophin-1,Second,group,2,369,602738.3563672854,3687134.643632721,30.16033790406961,7.381109668151935e-13,1.0168725512817955e-11
Caspase-10,Second,group,2,369,431047.07758803014,3858825.9224119745,20.609425616505174,3.273284510259668e-9,4.0290988405083855e-8
Caspase-2,Second,group,2,369,1013104.6221800651,3276768.377819945,57.04333698330537,2.59263533995469e-22,4.783894089072322e-21
Caspase-3,Second,group,2,369,251727.4805502873,4038145.5194497136,11.501249753836753,1.4274939529321862e-5,1.5532282705955146e-4
Catalase,Second,group,2,369,85904.22011385113,4203968.779886148,3.7700871345278557,0.02394286690105232,0.21546754611123925
Cathepsin A,Second,group,2,369,839622.4311617203,3450250.568838288,44.898286503723774,3.5273135317045625e-18,5.753776160793176e-17
Cathepsin B,Second,group,2,369,900177.7609108277,3389695.2390891844,48.99638025649597,1.344752141372007e-19,2.2837674228201815e-18
Cathepsin D,Second,group,2,369,189380.2111005718,4100492.788899431,8.521085329705832,2.4113118390899397e-4,0.002484439008101409
Cathepsin G,Second,group,2,369,1004047.8012334062,3285825.198766603,56.37756366257687,4.314235039836603e-22,7.930411867632658e-21
Cathepsin H,Second,group,2,369,132644.89990512375,4157228.1000948763,5.8868513931041715,0.003043075927140981,0.02864705533879202
Cathepsin S,Second,group,2,369,139178.03837233502,4150694.961627664,6.186517755963026,0.0022766307036046146,0.021769698293541494
Cathepsin V,Second,group,2,369,1095786.2407758944,3194086.7592241205,63.295889142429715,2.322573180076575e-24,4.577085611298073e-23
Chitotriosidase-1,Second,group,2,369,322119.4714842937,3967753.5285157072,14.978511659489264,5.565399701938674e-7,6.381095756100074e-6
Chk2,Second,group,2,369,576016.3643263802,3713856.6356736254,28.61581090594274,2.7973001941248083e-12,3.794506500648024e-11
Chymase,Second,group,2,369,83413.20493358746,4206459.7950664135,3.6585958406869565,0.026707956132496824,0.23979538693071514
Ck-b-8-1,Second,group,2,369,609495.9146110136,3680377.085388994,30.554476793196994,5.261800471602647e-13,7.285212454617426e-12
Clusterin,Second,group,2,369,1882320.0000000247,2407552.9999999986,144.24938516410845,5.184981559310684e-47,1.5484233755602773e-44
Coactosin-like protein,Second,group,2,369,208317.80502846278,4081555.194971537,9.416664284021623,1.0264517045398951e-4,0.0010775997167531922
Coagulation Factor IX,Second,group,2,369,482529.27182163624,3807343.7281783684,23.382877146657542,2.7464817289214e-10,3.5005208627078245e-9
Coagulation Factor IXab,Second,group,2,369,998125.631878572,3291747.368121441,55.944201813607286,6.014373456838768e-22,1.1003500493836961e-20
Coagulation Factor V,Second,group,2,369,1861056.808770846,2428816.191229181,141.37133244506666,2.6261196095964384e-46,4.0781232698335883e-44
Coagulation Factor VII,Second,group,2,369,1744064.8657495542,2545807.6342504728,126.39602592186037,1.5446545685767748e-42,9.488556546843057e-41
Coagulation Factor X,Second,group,2,369,441840.69744887576,3848032.302551128,21.18475165223342,1.9522863719576324e-9,2.42615393508393e-8
Coagulation Factor XI,Second,group,2,369,1212545.0934535204,3077327.40654649,72.69768217260857,2.4102358628350192e-27,5.334771351792809e-26
Coagulation Factor Xa,Second,group,2,369,904809.1958676069,3385063.804132406,49.31584935970198,1.0449299554907357e-19,1.782381955869389e-18
Cofilin-1,Second,group,2,369,79377.90322580747,4210495.0967741925,3.4782662866373357,0.03187651329748099,0.2854088220485758
Collectin Kidney 1,Second,group,2,369,224613.04959941003,4065259.950400591,10.193962540330919,4.906784795717502e-5,5.236247563633656e-4
Contactin-4,Second,group,2,369,1063275.1950769708,3226597.804923044,60.79910957367678,1.5046087075627888e-23,2.8803248767759715e-22
Contactin-5,Second,group,2,369,127733.18764494732,4162139.8123550517,5.662177193215924,0.003783783972396272,0.035465173910459835
Corticotropin-lipotropin,Second,group,2,369,38055.16234450787,4251817.837655492,1.6513354336067398,0.19320775109789343,1
Cripto,Second,group,2,369,838537.1231288323,3451335.876871177,44.82614985520408,3.738048138361676e-18,6.092408114436847e-17
Cyclin B1,Second,group,2,369,177657.7852097815,4112215.2147902194,7.970852608422348,4.0831314567997453e-4,0.004130230096641145
Cyclophilin A,Second,group,2,369,1778839.206462184,2511033.793537844,130.7014801779595,1.2212330605249112e-43,9.152814237395655e-42
Cyclophilin F,Second,group,2,369,1793956.2730339686,2495916.726966053,132.6105670108236,4.008238831200476e-44,3.36819689124107e-42
Cystatin C,Second,group,2,369,156483.30529201217,4133389.6947079906,6.984865197525464,0.0010532311755284134,0.010367466830421966
Cystatin M,Second,group,2,369,334158.14041746035,3955714.8595825415,15.58559681258921,3.1769492089376634e-7,3.6664024940741993e-6
Cystatin-S,Second,group,2,369,1735757.0946658477,2554115.9053341774,125.38474988430416,2.817686601482059e-42,1.65742775216135e-40
Cytidylate kinase,Second,group,2,369,993475.656810048,3296397.343189965,55.60502560776723,7.803683970895007e-22,1.4157017048428452e-20
Cytochrome P450 3A4,Second,group,2,369,215773.22058823798,4074099.779411765,9.771522877203038,7.325599649849311e-5,7.753534230432272e-4
Cytochrome c,Second,group,2,369,1156455.6968690795,3133417.30313093,68.09373135814003,6.750974717760505e-26,1.4000594983935214e-24
D-dimer,Second,group,2,369,748660.9411764797,3541212.0588235306,39.005837931363445,4.2907538417346527e-16,6.537625387938906e-15
DAF,Second,group,2,369,354316.0894476101,3935556.9105523927,16.610436588479818,1.2377844727930776e-7,1.4474141096117341e-6
DAN,Second,group,2,369,313143.91461101035,3976729.0853889943,14.52828467948804,8.444029549255864e-7,9.619134857498916e-6
DAPK2,Second,group,2,369,133491.2528462992,4156381.7471537,5.925619360398811,0.002930882004413286,0.02768486229148354
DBNL,Second,group,2,369,513734.4145583012,3776138.5854417034,25.10077353925279,6.016498246554629e-11,7.822396871251157e-10
DC-SIGN,Second,group,2,369,533710.8150959369,3756162.1849040687,26.21549351115552,2.261162160219989e-11,2.9777626963270075e-10
DC-SIGNR,Second,group,2,369,147890.81593927974,4141982.184060721,6.587632280457221,0.0015449680021896502,0.014994961429627498
DEAD-box protein 19B,Second,group,2,369,1445926.7189542637,2843946.281045751,93.80397985188596,1.1547764764802825e-33,3.386068958935022e-32
DERM,Second,group,2,369,1518606.6485874117,2771266.351412607,101.10285015424768,9.730659020385819e-36,3.2622673542313855e-34
DHH,Second,group,2,369,282184.638625348,4007688.3613746576,12.990796971179368,3.5312969780109414e-6,3.9417631055271825e-5
DKK1,Second,group,2,369,900885.8733396665,3388986.626660342,49.04517542902274,1.2938957705929234e-19,2.201250706310544e-18
DKK3,Second,group,2,369,416975.48998524575,3872897.510014758,19.864191526716823,6.406848821053134e-9,7.816820803987756e-8
DLC8,Second,group,2,369,1182476.829011187,3107396.170988827,70.20893473108049,1.4493699028043966e-26,3.0950752677126257e-25
DLL1,Second,group,2,369,110350.67151591973,4179522.328484081,4.871298032297314,0.008163352868131737,0.07502923446140863
DLL4,Second,group,2,369,710444.1185431257,3579428.8814568846,36.61951227757214,3.109111893637178e-15,4.607028680809518e-14
DLRB1,Second,group,2,369,124661.64373814128,4165211.3562618596,5.521946259728073,0.0043354709137788895,0.04051871276695845
DMP1,Second,group,2,369,1645153.9934640755,2644719.006535948,114.76868092375781,1.7499520500251834e-39,7.616354495099747e-38
DPP2,Second,group,2,369,1317133.9397006272,2972739.0602993877,81.7465667001031,4.087232776176281e-30,1.01456173557891e-28
DR3,Second,group,2,369,101852.20219270652,4188020.7978072935,4.487019576023373,0.011874922386905337,0.10827070828184447
DR6,Second,group,2,369,146346.74409656553,4143526.2559034363,6.516424083797477,0.0016549476048392004,0.016006365722471858
DRAK2,Second,group,2,369,803169.3930529281,3486703.606947081,42.49995689998272,2.4523074517877415e-17,3.8859274544941363e-16
DRG-1,Second,group,2,369,1450765.4752793778,2839107.524720641,94.27829973272418,8.434344063581032e-34,2.488177045103851e-32
DRR1,Second,group,2,369,1312477.141313529,2977395.858686486,81.33014354334946,5.455702730574817e-30,1.3490775065139022e-28
DSC3,Second,group,2,369,1791174.0307822316,2498698.9692177945,132.2574718885702,4.922924673333284e-44,3.99835314149914e-42
DUS3,Second,group,2,369,6718.903489353135,4283154.096510647,0.2894216892162596,0.7488662213111407,1
DYRK3,Second,group,2,369,1088805.3814041866,3201067.6185958264,62.75549810384575,3.474570941055679e-24,6.778505642762815e-23
DcR3,Second,group,2,369,634124.4215159253,3655748.578484084,32.003282845616944,1.524518492879687e-13,2.1506519017280334e-12
Desmoglein-1,Second,group,2,369,336983.70503900805,3952889.2949609947,15.728619989169337,2.7845493422592286e-7,3.2212083854582414e-6
Desmoglein-2,Second,group,2,369,58906.13815096114,4230966.861849039,2.568723141476618,0.0780031768493101,0.6888750602602601
Discoidin domain receptor 2,Second,group,2,369,791566.5620915154,3498306.4379084976,41.747066272787315,4.526628889497847e-17,7.097576882652005e-16
Dkk-4,Second,group,2,369,1018881.2201138632,3270991.779886148,57.469904469631786,1.8722365679369336e-22,3.4711221849391925e-21
DnaJ homolog,Second,group,2,369,72366.42594349291,4217506.574056507,3.1657580971432897,0.04333022373393214,0.38635662347043626
Dtk,Second,group,2,369,605379.346405237,3684493.6535947714,30.314203229199105,6.467078864165584e-13,8.92850396583626e-12
Dynactin subunit 2,Second,group,2,369,1721814.2730339617,2568058.726966055,123.70228532509918,7.69334423339768e-42,4.366615162776099e-40
ECM1,Second,group,2,369,315725.24667932047,3974147.7533206823,14.657559715453841,7.490683639011217e-7,8.548167063994015e-6
EDA,Second,group,2,369,451727.50769555755,3838145.492304449,21.71458203888728,1.2145241983203301e-09,1.5161132325892057e-8
EDAR,Second,group,2,369,919279.0681003751,3370593.9318996426,50.31961473001582,4.740660733767824e-20,8.14359734403863e-19
EF-1-beta,Second,group,2,369,29010.190227704123,4260862.809772296,1.256172830708306,0.2859564362518247,1
EG-VEGF,Second,group,2,369,930910.7955408068,3358962.204459206,51.13276998153396,2.505219619150503e-20,4.349705563448141e-19
EGFRvIII,Second,group,2,369,2462.944602572359,4287410.055397428,0.10598782792015395,0.8994629673483039,1
EMAP-2,Second,group,2,369,1672119.1849567997,2617753.8150432226,117.85141438880328,2.6415906271226154e-40,1.2723785183967687e-38
EMR2,Second,group,2,369,440954.84440228296,3848918.155597719,21.137411995601912,2.0369832668286193e-9,2.529789250635966e-8
ENA-78,Second,group,2,369,1697239.157969663,2592633.8420303604,120.7808906791767,4.4591332029474074e-41,2.333094853168882e-39
ENPP7,Second,group,2,369,522224.5587708256,3767648.44122918,25.573094888275563,3.9717814067414164e-11,5.191761627420126e-10
ENTP3,Second,group,2,369,96939.31688804552,4192933.6831119545,4.265582362507127,0.014742512232670152,0.13397572254686846
ENTP5,Second,group,2,369,1440741.3211575127,2849131.678842506,93.29746874372347,1.6160765361782678e-33,4.682124758102358e-32
EP15R,Second,group,2,369,580751.8145161346,3709121.185483871,28.887896733481575,2.2105758962500507e-12,3.009135638097985e-11
EPHA3,Second,group,2,369,676834.4760700059,3613038.5239300034,34.562587696708256,1.7437931380888998e-14,2.5336368428235284e-13
EPHAA,Second,group,2,369,995969.3930529342,3293903.6069470798,55.78680342397118,6.786722995146021e-22,1.2358301272447453e-20
EPHB2,Second,group,2,369,238836.927682905,4051036.0723170997,10.877566225247548,2.570094289318858e-5,2.774860475260036e-4
EPI,Second,group,2,369,1001170.832806252,3288702.1671937592,56.16684310770871,5.07025913788669e-22,9.30251434075425e-21
EPO-R,Second,group,2,369,714535.7120493436,3575337.287950664,36.8725600567515,2.517628036587734e-15,3.744871448219869e-14
ER,Second,group,2,369,22026.285684165545,4267846.714315834,0.9522014216436089,0.3868366781049931,1
ERAB,Second,group,2,369,1434684.8724963316,2855188.127503691,92.70820245634795,2.391163134878186e-33,6.886604934094777e-32
ERBB1,Second,group,2,369,1445020.494887224,2844852.5051127984,93.7153264809143,1.2246907907572669e-33,3.574873399251083e-32
ERBB2,Second,group,2,369,217902.42594349943,4071970.5740565034,9.873106117887625,6.65205912940974e-5,7.048334247641029e-4
ERBB3,Second,group,2,369,825463.2456778521,3464409.75432216,43.9607262499935,7.509289054126894e-18,1.2076675897460966e-16
ERBB4,Second,group,2,369,359676.84166139876,3930196.158338605,16.884749415301528,9.625571845480749e-8,1.1296577709649982e-6
ERK-1,Second,group,2,369,316270.1117436243,3973602.8882563775,14.684868432412367,7.303567635826952e-7,8.344446529333239e-6
ERP29,Second,group,2,369,1636611.3927893979,2653261.6072106264,113.80513747646955,3.1726716557777147e-39,1.3505670360967193e-37
ES1,Second,group,2,369,47680.996679317206,4242192.003320683,2.07372600779216,0.12717914870486735,1
ESAM,Second,group,2,369,1001400.69997893,3288472.300021083,56.18366593658947,5.005291551014164e-22,9.19200499637309e-21
ESPN,Second,group,2,369,100124.46721484466,4189748.532785157,4.409086620971698,0.012813856690951241,0.1166671319589749
ETHE1,Second,group,2,369,281449.9810246723,4008423.0189753324,12.954601161911846,3.6527605415050895e-6,4.0726612748638066e-5
Elafin,Second,group,2,369,209373.2349251532,4080499.7650748477,9.466821239476825,9.786245270135323e-5,0.0010301750773057312
Elastase,Second,group,2,369,1372677.1862218175,2917195.8137781993,86.81588656536485,1.2593646928172496e-31,3.290171674088496e-30
Endocan,Second,group,2,369,13619.885937170126,4276253.11406283,0.5876333529332256,0.5561598490499491,1
Endoglin,Second,group,2,369,1754676.8923150147,2535196.1076850086,127.69737443614906,7.147174822385573e-43,4.609181065152205e-41
Endostatin,Second,group,2,369,151914.84819734562,4137958.1518026562,6.773458905136595,0.0012913265467887046,0.012602513043149917
Endothelin-converting enzyme 1,Second,group,2,369,1354000.1566519262,2935872.8433480924,85.0898667046464,4.08811214347342e-31,1.0482932289740877e-29
Enterokinase,Second,group,2,369,1207267.3993780487,3082605.60062197,72.25732514737146,3.306479928128815e-27,7.285273185732291e-26
Eotaxin,Second,group,2,369,218600.40796963824,4071272.5920303627,9.906429588956756,6.444959439231136e-5,6.836360532384028e-4
Eotaxin-2,Second,group,2,369,1097319.0208728747,3192553.9791271347,63.414858660086935,2.125732585519559e-24,4.20583138091896e-23
EphA1,Second,group,2,369,445953.1381509644,3843919.861849042,21.40480471652563,1.6027457733445686e-9,1.9981674826680607e-8
EphA5,Second,group,2,369,1834560.8904174808,2455312.1095825443,137.85476924136276,1.943967093431425e-45,2.329323209535494e-43
EphB4,Second,group,2,369,1532764.0382142328,2757108.9617857877,102.56938299143563,3.782263315971142e-36,1.3087140314859879e-34
EphB6,Second,group,2,369,185828.94839763874,4104044.0516023603,8.354062614405448,2.828904105095516e-4,0.0028993063764438535
Ephrin-A4,Second,group,2,369,152487.86253426038,4137385.1374657387,6.799949654869184,0.0012587499714636421,0.012315545848717538
Ephrin-A5,Second,group,2,369,969968.2515285821,3319904.248471431,53.904910808623704,2.895186239745758e-21,5.1844546897943244e-20
Ephrin-B3,Second,group,2,369,362194.28462998336,3927678.7153700185,17.013826831794844,8.552349363311534e-8,1.0079702026190903e-6
Epithelial cell kinase,Second,group,2,369,301896.80502846604,3987976.1949715368,13.966974175519002,1.4218327347789468e-6,1.608374150948026e-5
Epo,Second,group,2,369,1708605.7727704225,2581267.2272296017,122.12519562125243,1.9823676070843523e-41,1.0900975073577609e-39
Esterase D,Second,group,2,369,1237717.4098671884,3052155.5901328265,74.81887976443505,5.295806558613291e-28,1.2037328202807814e-26
F229A,Second,group,2,369,89844.53347037826,4200028.466529623,3.9467152561900085,0.02013904415526595,0.18182611257804165
FABP,Second,group,2,369,343925.85199241154,3945947.1480075903,16.080884338412805,2.0133065484434246e-7,2.338779700412283e-6
FABPE,Second,group,2,369,1842211.7750896313,2447661.2249103948,138.8623838319291,1.0929945861176225e-45,1.4432997470442338e-43
FAK1,Second,group,2,369,329344.6646110085,3960528.3353889943,15.342420373003833,3.976062620489468e-7,4.577744028972888e-6
FAM107B,Second,group,2,369,926347.142315004,3363525.857685009,50.813061944096376,3.2183768629926204e-20,5.568008633115002e-19
FCAR,Second,group,2,369,834348.60636729,3455524.393632721,44.54817860884319,4.675498195133609e-18,7.569454278248735e-17
FCG2A/B,Second,group,2,369,875829.8201560262,3414042.679843984,47.33116043709543,5.036531781451244e-19,8.42083617787883e-18
FCG3B,Second,group,2,369,1400100.127398285,2889772.872601729,89.39058012279474,2.2047338259476598e-32,5.960567088689777e-31
FCGR1,Second,group,2,369,1578419.6878031017,2711453.3121969244,107.40307830110333,1.7369800628095913e-37,6.459221684867146e-36
FCN1,Second,group,2,369,1174997.6024141014,3114875.3975859163,69.59734498959911,2.2584312994011177e-26,4.785940222069494e-25
FCN2,Second,group,2,369,1075258.5513388342,3214614.4486611835,61.71352922420853,7.573250823296318e-24,1.4598516654522461e-22
FCRL3,Second,group,2,369,589428.4369070265,3700444.563092981,29.38823829276586,1.4349827522768233e-12,1.96299930179527e-11
FER,Second,group,2,369,1869931.8543116488,2419941.145688381,142.56645362437487,1.3365585880341342e-46,2.316465506035982e-44
FETUB,Second,group,2,369,1495790.1176470756,2794082.882352941,98.77061215645972,4.4172269938539906e-35,1.4149234775156466e-33
FGF-10,Second,group,2,369,883547.1286633029,3406325.8713367064,47.85638585259884,3.3174494468562166e-19,5.570604670595554e-18
FGF-12,Second,group,2,369,1724251.2452561911,2565621.754743833,123.99503323572756,6.457164201534824e-42,3.697413236589541e-40
FGF-16,Second,group,2,369,183294.10162344715,4106578.8983765547,8.23502058194842,3.1702483261521886e-4,0.003235479323531809
FGF-17,Second,group,2,369,1126346.9017499634,3163526.0982500524,65.68967567165694,3.9412046320449195e-25,7.985816652275929e-24
FGF-18,Second,group,2,369,816691.2350832853,3473181.7649167194,43.38371645126933,1.197368133999129e-17,1.912966115737571e-16
FGF-19,Second,group,2,369,391444.3348619072,3898428.6651380947,18.525792309056797,2.1534330445249134e-8,2.589904213137919e-7
FGF-20,Second,group,2,369,766962.7828378752,3522910.217162135,40.16697125695597,1.6494619792878904e-16,2.5492271161014336e-15
FGF-4,Second,group,2,369,552396.9032258112,3737476.0967741944,27.268998116971677,9.009918940810742e-12,1.2012001238118052e-10
FGF-5,Second,group,2,369,171746.1338815135,4118126.3661184865,7.694557884829011,5.322307436378569e-4,0.00534747416184039
FGF-6,Second,group,2,369,310974.799915669,3978898.2000843347,14.419783492632419,9.337775745334943e-7,1.0624787981006624e-5
FGF-8,Second,group,2,369,47488.18785578851,4242384.812144212,2.0652465646945055,0.12825007882794254,1
FGF-8A,Second,group,2,369,481141.12044065306,3808731.8795593516,23.307111009234582,2.937552828965691e-10,3.736689498997974e-9
FGF-8B,Second,group,2,369,963241.1238140548,3326631.37618596,53.42280741290002,4.206049520446731e-21,7.490378143494915e-20
FGF-8F,Second,group,2,369,8331.694760699756,4281541.3052393,0.35902904439297223,0.6985977485640569,1
FGF23,Second,group,2,369,1543287.8075058148,2746585.192494202,103.66931317584606,1.8677722160926675e-36,6.544402555299606e-35
FGF7,Second,group,2,369,415909.45730550773,3873963.542694497,19.80795483157637,6.740573590715932e-9,8.208511234427275e-8
FGF9,Second,group,2,369,30306.03520978242,4259566.964790217,1.3126835526766358,0.27035054863885843,1
FGFR-2,Second,group,2,369,287967.52904280415,4001905.4709571996,13.276177934230269,2.7053974868384105e-6,3.025082483734404e-5
FGFR-3,Second,group,2,369,1693110.3772401633,2596762.6227598563,120.29550250873983,5.980700791731232e-41,3.095826884597407e-39
FGFR4,Second,group,2,369,1702927.5749525838,2586945.4250474386,121.45217078670694,2.973393731042839e-41,1.594408901662062e-39
FGR,Second,group,2,369,1550225.7980181514,2739647.201981868,104.39908449797613,1.1712855996206128e-36,4.164146696624739e-35
FLRT1,Second,group,2,369,1306596.9259962263,2983276.074003796,80.80617645378435,7.851313348626822e-30,1.929172572067566e-28
FN1.2,Second,group,2,369,65558.33633776195,4224314.663662239,2.8633077830028326,0.05834878332002181,0.5162392734364349
FN1.3,Second,group,2,369,1790758.5806451836,2499114.4193548397,132.20481446156822,5.076268447740154e-44,4.0717872138022836e-42
FN1.4,Second,group,2,369,1459128.6740986896,2830744.325901328,95.10192704722289,4.8940768311205735e-34,1.4705985196009763e-32
FSH,Second,group,2,369,706410.461100576,3583462.5388994305,36.37061324299058,3.82719845008031e-15,5.653813471934601e-14
FST,Second,group,2,369,469475.02893738355,3820397.9710626192,22.672544456109367,5.164632874934917e-10,6.518369562324726e-9
FSTL3,Second,group,2,369,1217560.236190192,3072312.763809824,73.11751141460142,1.7839087272322847e-27,3.9777719759840234e-26
FUT5,Second,group,2,369,211369.19444444636,4078503.8055555555,9.561745736728147,8.941544772727147e-5,9.438145881193272e-4
FYN,Second,group,2,369,1759442.2939068307,2530430.70609319,128.28531618911495,5.0510019106439924e-43,3.3463069230225377e-41
Factor B,Second,group,2,369,671525.9810246737,3618347.0189753366,34.241199876439154,2.28631724404633e-14,3.3119788368874734e-13
Factor D,Second,group,2,369,454885.9978916347,3834987.00210837,21.884420094479108,1.0433753423219372e-9,1.3058239528806034e-8
Factor H,Second,group,2,369,1640227.4482922368,2649645.55170778,114.2122439791497,2.466876242402446e-39,1.0617607824580705e-37
Factor I,Second,group,2,369,228411.27303394256,4061461.7269660565,10.376037670122948,4.129505446470569e-5,4.4262450329084354e-4
"Fas ligand, soluble",Second,group,2,369,909453.9447607123,3380419.0552393007,49.63711601030282,8.11085307263085e-20,1.385938829202779e-18
Ferritin,Second,group,2,369,1376836.2287581852,2913036.7712418325,87.20325356469611,9.679046177116328e-32,2.5424006031104128e-30
Fibrinogen,Second,group,2,369,1718650.3527303576,2571222.64726966,123.32303871680065,9.655472261836778e-42,5.416930720344537e-40
Fibrinogen g-chain dimer,Second,group,2,369,1370655.249472923,2919217.750527092,86.62796513966573,1.4310977784511616e-31,3.7338101458479975e-30
Fibronectin,Second,group,2,369,1642156.960415375,2647716.039584652,114.42992929263099,2.1566326046966935e-39,9.323644053325249e-38
Ficolin-3,Second,group,2,369,220254.59440227784,4069618.405597722,9.98545038309353,5.979395486913905e-5,6.359899749960748e-4
Flt-3,Second,group,2,369,1882320.0000000242,2407552.999999998,144.24938516410842,5.184981559310684e-47,1.5484233755602773e-44
Flt3 ligand,Second,group,2,369,643431.5720535628,3646441.4279464474,32.55588424760124,9.52525998860755e-14,1.3506077883151198e-12
Fractalkine/CX3CL-1,Second,group,2,369,931399.9549336,3358473.045066414,51.16708973969181,2.438799855951841e-20,4.238174626246179e-19
Fucosyltransferase 3,Second,group,2,369,1644587.809403352,2645285.1905966704,114.70462690129739,1.8204470499763935e-39,7.905446206033644e-38
G-CSF,Second,group,2,369,385625.3936854354,3904247.6063145665,18.22320003984666,2.8355889090816894e-8,3.3914124384049995e-7
G-CSF-R,Second,group,2,369,259707.3120915061,4030165.687908496,11.889337260907869,9.910075548161838e-6,1.0886700497010934e-4
GA733-1 protein,Second,group,2,369,633877.1849567844,3655995.815043221,31.988641820462295,1.543659419820829e-13,2.1760727307130893e-12
"GAPDH, liver",Second,group,2,369,1079557.0567151755,3210315.9432848413,62.04320088201281,5.916519415986626e-24,1.1461842383478283e-22
GAS1,Second,group,2,369,1747275.7327113887,2542597.2672886355,126.78860975455282,1.2238112638969688e-42,7.712933537861971e-41
GCKR,Second,group,2,369,1161238.101623455,3128634.898376555,68.47984399224745,5.093051165351483e-26,1.063043288913123e-24
GCP-2,Second,group,2,369,134031.6888045529,4155841.3111954452,5.950382782379785,0.002861403169889537,0.02708430176416088
GDF-11,Second,group,2,369,257267.42973856535,4032605.5702614374,11.77051411544027,1.1080816744794684e-5,1.214532304607056e-4
GDF-9,Second,group,2,369,423507.85241408926,3866365.1475859154,20.209472149620126,4.692245352416465e-9,5.7538118646200886e-8
GDF2,Second,group,2,369,1791790.793168902,2498082.2068311195,132.33567751920316,4.703732837168691e-44,3.836379389297238e-42
GFAP,Second,group,2,369,1470069.829222029,2819803.1707779886,96.18681413732581,2.3953517070808923e-34,7.36878337862727e-33
GFRa-1,Second,group,2,369,1457380.728652767,2832492.271347248,94.92938327014113,5.484449374360215e-34,1.635339409805171e-32
GFRa-2,Second,group,2,369,1526937.9758064686,2762935.024193548,101.96405419216204,5.5832957549742064e-36,1.9148292896677865e-34
GFRa-3,Second,group,2,369,1445274.2964368719,2844598.7035631477,93.74014948350812,1.2046964448123945e-33,3.521805836047294e-32
GHC2,Second,group,2,369,1458573.804817651,2831299.1951823733,95.04713152419858,5.074291697634869e-34,1.5153673719281384e-32
GIB,Second,group,2,369,782428.0660447078,3507444.9339553034,41.157589328838824,7.32513494227558e-17,1.1420947564842654e-15
GIIE,Second,group,2,369,1446013.3577904496,2843859.642209571,93.81245844645578,1.1483039747266108e-33,3.372184035817714e-32
GITR,Second,group,2,369,17017.514495045878,4272855.485504954,0.734808709301555,0.480297622451353,1
GM-CSF,Second,group,2,369,813511.1238140524,3476361.876185957,43.17525266050983,1.4176213246505115e-17,2.2592735017929067e-16
GNS,Second,group,2,369,146774.61126924027,4143098.3887307607,6.536150783392515,0.0016237147824122783,0.015719952414468243
GNT2C,Second,group,2,369,109529.87708201632,4180342.6229179846,4.834116278135626,0.00846452448944728,0.0777236956188465
GOT1,Second,group,2,369,1658166.7628083755,2631706.2371916506,116.2484487875864,7.043747756297114e-40,3.2247332672362133e-38
GP114,Second,group,2,369,48996.9276829008,4240876.072317098,2.131619270014657,0.12010373182516987,1
GP1BA,Second,group,2,369,945361.9734345484,3344511.026565461,52.15090717694195,1.130764906242666e-20,1.984600306176285e-19
GPC2,Second,group,2,369,1577418.3177841306,2712454.6822158983,107.2953150293433,1.8594362358689708e-37,6.901372367540975e-36
GPC5,Second,group,2,369,1794865.808823553,2495007.1911764694,132.72616724274738,3.747564427311701e-44,3.2074705472845475e-42
GPNMB,Second,group,2,369,140943.31525405636,4148929.6847459427,6.267650608777608,0.0021047835938653114,0.02016619063515897
GPVI,Second,group,2,369,257086.63293274585,4032786.367067257,11.761714967952964,1.1172853397937069e-5,1.2232387327871331e-4
GRB2-related adapter protein 2,Second,group,2,369,1097303.1290322766,3192569.870967741,63.41362459988606,2.1276857522310974e-24,4.20583138091896e-23
GREM1,Second,group,2,369,1655702.257695573,2634170.7423044494,115.9670713970473,8.371538061294482e-40,3.805688523203387e-38
GRN,Second,group,2,369,938021.114326389,3351851.885673623,51.63262026371963,1.6945363109607398e-20,2.9606882490063013e-19
GSK-3 alpha/beta,Second,group,2,369,147776.29058612464,4142096.7094138744,6.582348874466063,0.001552869537411486,0.015056594588948239
GSTA3,Second,group,2,369,120376.09535104549,4169496.9046489545,5.32663534718172,0.005241265778812282,0.04872608831199857
GV,Second,group,2,369,1237652.3818785786,3052220.618121443,74.81335493930938,5.316664496028022e-28,1.2070603939944228e-26
GX,Second,group,2,369,1581980.334229411,2707892.6657706094,107.78690579386932,1.3630239254963226e-37,5.1176289626554927e-36
Galectin-2,Second,group,2,369,1763688.4849251811,2526184.5150748477,128.81106804625264,3.705159152804354e-43,2.523584591506915e-41
Galectin-3,Second,group,2,369,718115.1427893825,3571757.857210626,37.094408171362225,2.0928221021711858e-15,3.122560604251896e-14
Galectin-4,Second,group,2,369,1176324.793643285,3113548.2063567373,69.70565735391074,2.0876554486171864e-26,4.433722288110426e-25
Galectin-8,Second,group,2,369,1767568.858739221,2522304.141260806,129.2930733858181,2.7901770482919542e-43,1.948241658613888e-41
Gelsolin,Second,group,2,369,585233.3339658496,3704639.666034155,29.14603304247614,1.7686162614795142e-12,2.4125958319453283e-11
Glucagon,Second,group,2,369,1792802.8668037327,2497070.1331962897,132.46409242895197,4.3648895842439476e-44,3.6043714786835474e-42
Glucocorticoid receptor,Second,group,2,369,1783620.990143396,2506252.00985663,131.30286634674118,8.59143879233298e-44,6.591757753661131e-42
Glutamate carboxypeptidase,Second,group,2,369,56178.11174362339,4233694.388256378,2.448183705807642,0.08785362952023379,0.7744586827332203
Glutathione S-transferase Pi,Second,group,2,369,110612.75627240166,4179260.2437275993,4.8831736580384835,0.008069448943004381,0.0742364647986984
Glypican 3,Second,group,2,369,291470.8617436234,3998402.1382563813,13.449466094760858,2.301736478455495e-6,2.5826488238310875e-5
Granulysin,Second,group,2,369,279139.3666455834,4010733.6333544166,12.84084605315377,4.062529006858618e-6,4.513977909452254e-5
Granzyme B,Second,group,2,369,1548966.0894476287,2740906.910552392,104.2663077694571,1.274962563387787e-36,4.516195501179897e-35
Granzyme H,Second,group,2,369,186552.33565253904,4103320.66434746,8.388061461281627,2.738379106437082e-4,0.002810980954781439
Gro-a,Second,group,2,369,1652667.0426418092,2637205.957358212,115.62125761040699,1.0353294667234415e-39,4.652117629402641e-38
Gro-b/g,Second,group,2,369,332106.7367172702,3957766.2632827326,15.481887723585137,3.495851104453929e-7,4.029644178065841e-6
Growth hormone receptor,Second,group,2,369,258380.39052287675,4031492.609477124,11.82469786485696,1.0530629634618922e-5,1.1555330336573541e-4
H6ST1,Second,group,2,369,1839166.0839131586,2450706.9160868656,138.46051531277854,1.3748668467404793e-45,1.7218083154392377e-43
HAI-1,Second,group,2,369,1552256.5254058777,2737616.474594139,104.61338598564758,1.021521359181147e-36,3.6517705482731743e-35
HB-EGF,Second,group,2,369,167400.6584440223,4122472.341555977,7.4919657244479625,6.465567852309265e-4,0.0064527215923707755
HCC-1,Second,group,2,369,255275.54316888237,4034597.4568311214,11.673615080214487,1.2137815171341608e-5,1.3273884123021285e-4
HCC-4,Second,group,2,369,367257.2129981024,3922615.7870018985,17.27392114789271,6.741112956957313e-8,7.959497500397419e-7
HCG,Second,group,2,369,1202052.3097196012,3087820.6902804137,71.82368193896845,4.516574190870555e-27,9.86196023391138e-26
HCK,Second,group,2,369,860326.3715475579,3429546.128452455,46.28315514803986,1.1619105791804065e-18,1.9211464319080778e-17
HDAC8,Second,group,2,369,866071.6188593833,3423800.381140627,46.67042347437401,8.52759967642392e-19,1.4129502462470696e-17
HDGR2,Second,group,2,369,333929.4145582989,3955943.585441703,15.574028207261971,3.2110216237276797e-7,3.7035223826894775e-6
HGF,Second,group,2,369,38504.17457305454,4251368.825426945,1.670995978104802,0.18947951762918144,1
HGFA,Second,group,2,369,691372.4733818346,3598500.526618174,35.447603910406016,8.287651240356843e-15,1.211251582596724e-13
HINT1,Second,group,2,369,579865.1983976415,3710007.8016023613,28.83690138283745,2.310236893543131e-12,3.142594900488465e-11
HIPK3,Second,group,2,369,1804140.525405882,2485732.4745941386,133.90979533778432,1.885106709744916e-44,1.726060196795103e-42
HIV-2 Rev,Second,group,2,369,1550083.0552920285,2739789.944707991,104.3840328904705,1.182599080466133e-36,4.196682076826309e-35
HMG-1,Second,group,2,369,1404811.528410303,2885061.471589711,89.83785251857552,1.6315947598958677e-32,4.448239555324588e-31
HMGR,Second,group,2,369,459571.7214842946,3830301.278515708,22.136896407979158,8.326802891076161e-10,1.044825660349487e-8
HNRPQ,Second,group,2,369,491071.1421041605,3798801.857895846,23.850316259559364,1.8147094250844764e-10,2.3236127615739244e-9
HO-2,Second,group,2,369,1708751.8650643285,2581121.1349356966,122.14255070683569,1.9617745124653235e-41,1.0818381287726621e-39
HPG-,Second,group,2,369,1326053.0946658407,2963819.905334176,82.54779432634322,2.3477979967544665e-30,5.888106091844635e-29
HPLN1,Second,group,2,369,924069.1081594052,3365803.891840608,50.65379800312028,3.646589012568557e-20,6.297618777071295e-19
HPT,Second,group,2,369,875873.4646848124,3413999.0353152007,47.33412416428177,5.024666459723433e-19,8.408240176641916e-18
HPV E7 Type 16,Second,group,2,369,150558.87333966186,4139314.126660338,6.710800698177361,0.0013717938319959637,0.013354251508614577
HPV E7 Type18,Second,group,2,369,781535.2539004949,3508337.7460995163,41.10016331949563,7.677313311269778e-17,1.1941270564206682e-15
HRG,Second,group,2,369,254684.52561669983,4035187.974383301,11.64488377606808,1.2470294577923661e-5,1.3629804002459573e-4
HSP 40,Second,group,2,369,91526.78979548812,4198346.210204512,4.022224912329221,0.018704179591418783,0.1690286201805951
HSP 60,Second,group,2,369,368864.63946869597,3921008.3605313096,17.356638834800307,6.250142946624118e-8,7.393281266367143e-7
HSP 70,Second,group,2,369,788556.4646848049,3501316.5353152016,41.55256066308471,5.305060515825541e-17,8.29801891245818e-16
HSP 90a/b,Second,group,2,369,1337207.7429896905,2952665.257010328,83.55665377097466,1.1709117319042633e-30,2.9556545753544424e-29
HSP70 protein 8,Second,group,2,369,1785804.4545646464,2504068.545435377,131.57823593438857,7.315229872222616e-44,5.725747030159465e-42
HTRA2,Second,group,2,369,439708.1385199288,3850164.861480075,21.07082539986105,2.1624066155436997e-9,2.6804114416119543e-8
HVEM,Second,group,2,369,1069549.2604364478,3220323.739563567,61.2770188680682,1.0506683230837477e-23,2.0212979336113177e-22
"Haptoglobin, Mixed Type",Second,group,2,369,816199.2532679848,3473673.7467320254,43.351440926084265,1.2290712453797757e-17,1.960389372735477e-16
Hat1,Second,group,2,369,491934.43690702505,3797938.5630929805,23.897675568356505,1.740186234844069e-10,2.2296616065747223e-9
Hemoglobin,Second,group,2,369,1367465.8292220305,2922407.17077799,86.33206488618734,1.750513355432536e-31,4.554937901723047e-30
Hemopexin,Second,group,2,369,657901.3569997968,3631971.6430002106,33.420635483319344,4.5738671579791045e-14,6.552395617841393e-13
Heparin cofactor II,Second,group,2,369,466148.5405861307,3823724.459413875,22.492312574040554,6.064254085231004e-10,7.638896225909336e-9
Histone H1.2,Second,group,2,369,1409964.362903242,2879908.6370967757,90.32870751687895,1.1732045762905437e-32,3.2348708666998765e-31
Histone H2A.z,Second,group,2,369,1460948.129032278,2828924.8709677407,95.28175617977698,4.3466287807979575e-34,1.31423607069113e-32
I-309,Second,group,2,369,18803.94686907064,4271069.053130929,0.8122856723190472,0.4446344452853622,1
I-TAC,Second,group,2,369,168221.5601939708,4121651.43980603,7.53020441176565,6.232315766441506e-4,0.006232750945496278
ICOS,Second,group,2,369,118154.53868859354,4171718.4613114065,5.225547359011541,0.005782525969106077,0.05357836098977216
IDE,Second,group,2,369,543497.9249947332,3746375.0750052715,26.7659711464921,1.3972634944051116e-11,1.8463429663212135e-10
IDS,Second,group,2,369,80452.45377398282,4209420.546226019,3.526252024072016,0.030410187215436604,0.2726572515462309
IDUA,Second,group,2,369,264314.33185747545,4025558.1681425264,12.114095037460565,8.024679102380958e-6,8.84051631333609e-5
IF4A3,Second,group,2,369,1864842.5505482052,2425030.449451823,141.8800537757863,1.9693566665448313e-46,3.2124270604856e-44
IF4G2,Second,group,2,369,226463.6152751427,4063409.3847248573,10.282630437221629,4.511423268249021e-5,4.8196389702919096e-4
IFN-aA,Second,group,2,369,128755.00231920974,4161117.997680793,5.7088738990661305,0.003616200302503725,0.0339107966209109
IFN-g,Second,group,2,369,994203.6923887981,3295669.307611217,55.65806642738932,7.492055053460084e-22,1.3629891543739987e-20
IFN-g R1,Second,group,2,369,1688562.142104174,2601310.8578958483,119.76258595645841,8.259856490723532e-41,4.219342349762138e-39
IFN-lambda 1,Second,group,2,369,231351.42151592113,4058521.5784840826,10.517213336002682,3.6130315224286115e-5,3.8812306966958833e-4
IFN-lambda 2,Second,group,2,369,933384.865275153,3356488.134724859,51.30645505987532,2.1867827971658574e-20,3.803621675504024e-19
IFNL4,Second,group,2,369,18453.83349146135,4271418.666508539,0.79709636188804,0.45140991255406826,1
IGF-I,Second,group,2,369,145744.4215159202,4144128.5784840817,6.488661068408152,0.0016999302034075706,0.016425061826451336
IGF-I sR,Second,group,2,369,1131570.688804565,3158302.311195448,66.10348583300089,2.905420514370042e-25,5.905565442787009e-24
IGF-II receptor,Second,group,2,369,442379.84292642446,3847493.157073582,21.21357405662161,1.9024626713439863e-9,2.3657513715372488e-8
IGFBP-1,Second,group,2,369,1874967.758802467,2414905.241197557,143.2484991947373,9.10057960123121e-47,1.8282679080279924e-44
IGFBP-2,Second,group,2,369,690089.5733185834,3599783.426681424,35.36921841841304,8.851004078206547e-15,1.2918043997162184e-13
IGFBP-3,Second,group,2,369,1489951.6963947043,2799921.3036053143,98.17993371129876,6.492416887034435e-35,2.0660100184401184e-33
IGFBP-4,Second,group,2,369,1603083.2806240977,2686789.719375923,110.08262505330937,3.218216525493044e-38,1.2645737752099964e-36
IGFBP-5,Second,group,2,369,1535344.7637044284,2754528.23629559,102.8383391285988,3.182111377678112e-36,1.1030195471786874e-34
IGFBP-6,Second,group,2,369,1880732.0080645443,2409140.991935481,144.03268909933576,5.855726480935452e-47,1.5655937173788152e-44
IGFBP-7,Second,group,2,369,1492373.9447607207,2797499.0552393,98.42469554821707,5.534229934019451e-35,1.766889863655197e-33
IL-1 R AcP,Second,group,2,369,251905.21357790288,4037967.786422097,11.509876839880464,1.415948680368232e-5,1.5415301715837745e-4
IL-1 R4,Second,group,2,369,93861.95219270326,4196011.047807297,4.127141225856245,0.01687946341505798,0.1528946626587795
IL-1 sR9,Second,group,2,369,943609.7448872104,3346263.2551128,52.026987914261305,1.2454921004699168e-20,2.1839828111217405e-19
IL-1 sRI,Second,group,2,369,243854.31604470033,4046018.1839553006,11.119851484766402,2.0447759150278223e-5,2.212478921436606e-4
IL-10,Second,group,2,369,1430429.170567173,2859443.3294328474,92.29565043416655,3.147361585117665e-33,9.010996175675255e-32
IL-10 Rb,Second,group,2,369,395259.7456778446,3894612.754322159,18.724691690240896,1.7975087822925574e-8,2.1672100420108693e-7
IL-11,Second,group,2,369,807356.0306240846,3482516.969375923,42.7728533586549,1.9647383178037614e-17,3.1235244562933665e-16
IL-11 RA,Second,group,2,369,474816.9504533056,3815056.0495467,22.96263179909083,3.989532070601009e-10,5.05827724432766e-9
IL-12,Second,group,2,369,66432.00484925229,4223440.995150749,2.90206608989208,0.056164026615921694,0.497817295540337
IL-12 RB2,Second,group,2,369,1179718.6803710903,3110154.3196289255,69.98305362366555,1.7071407402403257e-26,3.641529176032892e-25
IL-12 Rb1,Second,group,2,369,1665872.72954883,2624000.2704511904,117.1316642238419,4.100499075371269e-40,1.936648286370272e-38
IL-13,Second,group,2,369,1878907.5684166434,2410965.4315833845,143.78407995058032,6.733457949288896e-47,1.5655937173788152e-44
IL-13 Ra1,Second,group,2,369,1793598.2888467498,2496274.711153278,132.5650910189051,4.1157147278665976e-44,3.428824077550912e-42
IL-15 Ra,Second,group,2,369,837381.7131035286,3452491.286896479,44.7494036129724,3.976168444547432e-18,6.469180817207235e-17
IL-16,Second,group,2,369,896895.0910816053,3392977.408918406,48.77048219348624,1.607680105253927e-19,2.7231457046365896e-18
IL-17,Second,group,2,369,443101.1969744959,3846771.8030255116,21.252149861734942,1.8377732312581232e-9,2.286773666813398e-8
IL-17 RC,Second,group,2,369,1801209.4665823542,2488663.5334176673,133.5347836788796,2.342948052467772e-44,2.1252241663089997e-42
IL-17 RD,Second,group,2,369,17432.64368543122,4272440.356314569,0.7528069421047409,0.47176453465520246,1
IL-17 sR,Second,group,2,369,1063293.866803723,3226579.13319629,60.80052908262341,1.5030031383716002e-23,2.880091606755795e-22
IL-17B,Second,group,2,369,1653908.4741724832,2635964.5258275354,115.76260245347022,9.491847685288531e-40,4.2749333672464725e-38
IL-17B R,Second,group,2,369,1839739.4629981243,2450133.537001897,138.53609437896165,1.3167746989904972e-45,1.6706131743547854e-43
IL-17D,Second,group,2,369,104370.02240143297,4185502.977598567,4.600706112533378,0.010627817398077928,0.09708251287713847
IL-17E,Second,group,2,369,662134.6329327449,3627738.367067258,33.67493115961704,3.688382671084396e-14,5.30344493408482e-13
IL-17F,Second,group,2,369,158222.51133249048,4131650.4886675086,7.065470184594237,9.745439724227278e-4,0.009603730020325775
IL-18 BPa,Second,group,2,369,294201.09213578235,3995671.9078642214,13.584724359429654,2.0291938470590473e-6,2.280799235234644e-5
IL-18 Ra,Second,group,2,369,202932.26417878876,4086940.7358212103,9.161131800327736,1.3091681933109434e-4,0.0013655415896338537
IL-18 Rb,Second,group,2,369,1468450.5545013915,2821422.44549863,96.02572196792227,2.6629884415971244e-34,8.166226677942243e-33
IL-19,Second,group,2,369,511601.64368543634,3778271.3563145692,24.982457414608284,6.677088022631889e-11,8.652291599236235e-10
IL-1F7,Second,group,2,369,122489.84292641701,4167383.157073583,5.422917732333894,0.004773148279642429,0.04448069000686928
IL-1Rrp2,Second,group,2,369,1205397.47417248,3084475.525827536,72.10166918901255,3.6979141690430555e-27,8.120082115816585e-26
IL-1a,Second,group,2,369,1094150.3748682397,3195722.625131777,63.16904432682609,2.5526805842601994e-24,5.010211310136907e-23
IL-1b,Second,group,2,369,1331158.8182585053,2958714.1817415114,83.0086270192323,1.7080778679340415e-30,4.2948324378949163e-29
IL-2,Second,group,2,369,1445826.0934535312,2844046.9065464893,93.7941331516559,1.162339432489347e-33,3.403104635680816e-32
IL-2 sRa,Second,group,2,369,1086453.9700611606,3203419.029938858,62.57400471274282,3.978677954102929e-24,7.746392326835733e-23
IL-2 sRg,Second,group,2,369,1225.6650326801464,4288646.83496732,0.05272879936993231,0.9486443950379015,1
IL-20,Second,group,2,369,300411.09767025104,3989461.90232975,13.893063495052791,1.5229797275891278e-6,1.7197847962744582e-5
IL-20 Ra,Second,group,2,369,1467687.5218216493,2822185.4781783693,95.94987638830865,2.7992145808358115e-34,8.57043357491383e-33
IL-22,Second,group,2,369,838194.3241092223,3451678.675890786,44.803374624157705,3.807176646377512e-18,6.199870694233173e-17
IL-22BP,Second,group,2,369,1741852.4849251779,2548020.5150748463,126.12605807816867,1.8131782413712855e-42,1.0998827223229101e-40
IL-23,Second,group,2,369,500009.1123761395,3789863.887623867,24.341687186881224,1.175055081506e-10,1.5105570672740867e-9
IL-23 R,Second,group,2,369,1648812.955355282,2641060.0446447404,115.18329198152308,1.3554810099258743e-39,5.979937164224959e-38
IL-27,Second,group,2,369,90905.1143263774,4198967.885673625,3.9943133764944143,0.019222184538005154,0.17362896892844049
IL-3,Second,group,2,369,717024.9068100424,3572848.093189965,37.026789792324664,2.214045197298942e-15,3.300892322171538e-14
IL-3 Ra,Second,group,2,369,5878.922201138921,4283994.077798861,0.2531892263183136,0.7764557229071737,1
IL-34,Second,group,2,369,159864.52904280042,4130008.4709572005,7.141633199013924,9.056295251199335e-4,0.008941758141744874
IL-4,Second,group,2,369,1488409.2718216479,2801463.728178368,98.02429633085352,7.186789125042969e-35,2.2794986497711277e-33
IL-4 sR,Second,group,2,369,436131.1465844456,3853741.853415558,20.880017293715017,2.5665221848135755e-9,3.171207771094154e-8
IL-5,Second,group,2,369,578214.2932743081,3711658.706725701,28.742011466679212,2.5078652791785873e-12,3.406652487489828e-11
IL-5 Ra,Second,group,2,369,710290.2964368602,3579582.7035631454,36.6100103126976,3.133860525776145e-15,4.64015867360106e-14
IL-6,Second,group,2,369,1240718.9914084035,3049154.0085916086,75.07415278790207,4.41665741960354e-28,1.008627135638678e-26
IL-6 sRa,Second,group,2,369,654337.1609213641,3635535.8390786434,33.20699108293955,5.481218060845922e-14,7.834894801437257e-13
IL-7,Second,group,2,369,1770460.0455408231,2519412.954459203,129.6531709198891,2.2580484993729735e-43,1.5991221263639565e-41
IL-7 Ra,Second,group,2,369,1522501.3329643924,2767371.667035632,101.50479578799329,7.506779182798964e-36,2.5386194787139804e-34
IL-8,Second,group,2,369,1692326.2153173368,2597546.7846826892,120.20348914107836,6.323317865429328e-41,3.264472604548742e-39
IL22RA1,Second,group,2,369,1593800.322211701,2696072.6777883177,109.06833553511004,6.081084245736054e-38,2.360841741340717e-36
IL24,Second,group,2,369,1626809.9800232137,2663063.0199768087,112.70722437387033,6.264380027069054e-39,2.5927528061496735e-37
ILT-2,Second,group,2,369,852047.7874762868,3437825.2125237198,45.72740237540226,1.8128479378671054e-18,2.9771434412561546e-17
ILT-4,Second,group,2,369,292.8197343451902,4289580.180265655,0.012594528768860034,0.987484874863501,1
IMB1,Second,group,2,369,238835.6171199684,4051037.3828800335,10.87750301808042,2.5702476980540618e-5,2.774860475260036e-4
IMDH1,Second,group,2,369,667038.0307822097,3622834.969217795,33.9702243477818,2.873818736272127e-14,4.1444811764483075e-13
IMDH2,Second,group,2,369,1675367.890839152,2614505.1091608675,118.22710721687277,2.1006973821559826e-40,1.0271381188766043e-38
ING1,Second,group,2,369,755289.0230339542,3534583.9769660514,39.424957974651896,3.0368186071726537e-16,4.652625497023645e-15
IP-10,Second,group,2,369,1498389.0061142938,2791483.9938857285,99.03433880817875,3.720363644721466e-35,1.2036216775519288e-33
IR,Second,group,2,369,360472.7514231517,3929400.248576851,16.925540395549945,9.272528860016143e-8,1.0902020138163157e-6
ISM1,Second,group,2,369,188832.82584862178,4101040.174151381,8.495321891422341,2.471434282493259e-4,0.002543684465782406
ITI heavy chain H4,Second,group,2,369,1696634.6601307425,2593238.339869281,120.7097280575842,4.655118450471304e-41,2.4290902777174747e-39
IgD,Second,group,2,369,850399.8372338191,3439473.1627661847,45.61709382359428,1.9804408687447253e-18,3.246878497229428e-17
IgE,Second,group,2,369,160409.07020873157,4129463.9297912675,7.16690445943838,8.838632897188915e-4,0.008740185622603662
IgG,Second,group,2,369,505315.2001370527,3784557.799862952,24.634490832366815,9.073930937809023e-11,1.1726850708782919e-9
IgM,Second,group,2,369,1392785.2153173266,2897087.78468269,88.69902858473162,3.5150138110591823e-32,9.398234444293283e-31
Inhibin bA chain,Second,group,2,369,47453.0872865282,4242419.912713473,2.063702977191772,0.12844600291601385,1
Insulin,Second,group,2,369,107809.50643053045,4182063.4935694705,4.756229542429938,0.0091321172845852,0.08369536048081602
Integrin a1b1,Second,group,2,369,1878641.9397006384,2411231.0602993895,143.7479151548965,6.871724107704417e-47,1.5655937173788152e-44
Integrin aVb5,Second,group,2,369,155761.11237613577,4134111.887623865,6.9514144789909285,0.00108773340759897,0.010690825152347452
JAG1,Second,group,2,369,357869.2387202219,3932003.761279782,16.79216973139177,1.0477816378239604e-7,1.227450915922959e-6
JAG2,Second,group,2,369,1460948.129032279,2828924.870967736,95.28175617977719,4.346628780797278e-34,1.31423607069113e-32
JAK2,Second,group,2,369,1829826.9199346667,2460046.0800653594,137.23444835593344,2.7735108250278264e-45,3.2046192933171427e-43
JAM-B,Second,group,2,369,412295.1231288281,3877577.8768711793,19.61751707709053,8.006068040145033e-9,9.725195963636333e-8
JAM-C,Second,group,2,369,574762.3306451715,3715110.6693548397,28.543873774411548,2.9770805179114406e-12,4.032740249133828e-11
JAML1,Second,group,2,369,1162633.5981973591,3127239.401802654,68.59273349643901,4.690617982387631e-26,9.81155736627779e-25
JNK2,Second,group,2,369,384003.68037107727,3905869.3196289283,18.139029555447244,3.0613921997898856e-8,3.6569705713995157e-7
K-ras,Second,group,2,369,670678.712049345,3619194.2879506643,34.18999161914873,2.387244170896389e-14,3.4530286776031787e-13
KI2L4,Second,group,2,369,88116.9549335856,4201756.045066414,3.8692341989573005,0.021726535890499173,0.1959765372648612
KI3L2,Second,group,2,369,152712.49335863115,4137160.506641369,6.810336456474795,0.0012462036151479738,0.012198941595236391
KI3S1,Second,group,2,369,1550451.0236664726,2739421.976333544,104.42283676548654,1.1536532317896296e-36,4.116539118812589e-35
KIAP,Second,group,2,369,14557.33185747452,4275315.6681425255,0.6282174080659046,0.5341116933957124,1
KIF23,Second,group,2,369,135767.54058612278,4154105.459413877,6.029965171292004,0.0026491326630695413,0.025121277689811483
KIRR3,Second,group,2,369,1524732.0681003844,2765140.9318996416,101.73552578069136,6.469015657196366e-36,2.2068956333457484e-34
KLRF1,Second,group,2,369,124125.63593716873,4165747.3640628303,5.497496086289841,0.004439631713343927,0.04145226970104268
KPCI,Second,group,2,369,1357475.9055450298,2932397.094454985,85.40940960781009,3.2855244255909745e-31,8.469652332069706e-30
KPCT,Second,group,2,369,1878535.6451613163,2411337.354838709,143.7334456071767,6.927840782147112e-47,1.5655937173788152e-44
KREM2,Second,group,2,369,622669.769397011,3667203.2306029955,31.327026409403135,2.715221323762944e-13,3.800009077638449e-12
KYNU,Second,group,2,369,138589.90348935453,4151283.0965106473,6.159502158568416,0.0023369287328949802,0.022302337270382853
Kallikrein 11,Second,group,2,369,478266.5190807553,3811606.480919251,23.150389005823687,3.376277685014281e-10,4.291953230270374e-9
Kallikrein 4,Second,group,2,369,893279.8202087372,3396593.179791272,48.52218623327741,1.9567420360466039e-19,3.30862499519682e-18
Kallikrein 6,Second,group,2,369,166770.51955513563,4123102.4804448662,7.462623353131561,6.650488848487826e-4,0.006627053497733329
Kallikrein 7,Second,group,2,369,209406.3358633793,4080466.6641366226,9.468394707488262,9.771609478490384e-5,0.0010291925323009544
Kallistatin,Second,group,2,369,1450172.6662977291,2839699.833702297,94.22011923813095,8.765475464534929e-34,2.58193867756687e-32
Karyopherin-a2,Second,group,2,369,967426.6860636882,3322446.3139363267,53.72253054324934,3.3342452734280592e-21,5.959688743064482e-20
Keratin 18,Second,group,2,369,1454099.7478916482,2835773.2521083695,94.60608434984867,6.790375267295778e-34,2.012372322392969e-32
"Kininogen, HMW",Second,group,2,369,12410.19966266118,4277462.800337339,0.5352897137014058,0.5859535876198223,1
"Kininogen, HMW, Two Chain",Second,group,2,369,126724.50521821808,4163148.494781784,5.616103110918882,0.00395678639249977,0.037050934210135916
Kininostatin,Second,group,2,369,252523.55787476618,4037349.4421252375,11.539896928854724,1.3765008090256976e-5,1.5011093433605266e-4
Ku70,Second,group,2,369,1790815.7874763063,2499057.212523719,132.21206426711313,5.054874501784479e-44,4.0714508334947846e-42
L-VEGF165,Second,group,2,369,46333.71204933617,4243539.287950664,2.0144905686099803,0.1348526988733075,1
LAG-1,Second,group,2,369,208624.75142315123,4081248.2485768497,9.431248552693036,1.0123074997663901e-4,0.0010644778211316914
LAG-3,Second,group,2,369,1785981.2711364347,2503891.7288635885,131.60055633644532,7.220542853553959e-44,5.674515100555825e-42
LBP,Second,group,2,369,184378.7234345344,4105494.2765654656,8.285938837583751,3.019446980505952e-4,0.0030896973236402376
LCK,Second,group,2,369,376302.59440228064,3913570.405597722,17.74027843421844,4.402994042885119e-8,5.227405618889329e-7
LCMT1,Second,group,2,369,1166711.7270187791,3123161.272981234,68.92321427560752,3.686977491571971e-26,7.745587680880007e-25
LD78-beta,Second,group,2,369,905560.8087708335,3384312.1912291804,49.367776900492416,1.0029837319521685e-19,1.7123371686950998e-18
LDH-H 1,Second,group,2,369,121469.79364326457,4168403.2063567364,5.37644172545633,0.004993617487576206,0.046468304610815026
LEAP-1,Second,group,2,369,167935.57410921296,4121937.425890786,7.516881073577641,6.312610512995214e-4,0.0063098004999136625
LG3BP,Second,group,2,369,1877694.529200951,2412178.4707990712,143.61899205692424,7.38827099478102e-47,1.6297312901297095e-44
LGMN,Second,group,2,369,1449447.346405249,2840425.6535947695,94.14892978217006,9.188483928776837e-34,2.70243827965696e-32
LIF sR,Second,group,2,369,118250.29643685324,4171622.703563146,5.229902424772144,0.005758088367974058,0.05337741132505303
LIGHT,Second,group,2,369,1738497.4179317108,2551375.582068308,125.71758382526261,2.311412911638593e-42,1.3679163821674486e-40
LIMP II,Second,group,2,369,1093877.8663293435,3195995.133670675,63.147926669703146,2.5931573725593777e-24,5.0845150684265317e-23
LIN7B,Second,group,2,369,1868401.239985269,2421471.760014759,142.35971464527054,1.5019399479418281e-46,2.535190435584669e-44
LKHA4,Second,group,2,369,1678186.1547543998,2611686.8452456263,118.55377918521731,1.721650269081579e-40,8.525399265781472e-39
LRIG3,Second,group,2,369,866064.4790744367,3423808.5209255745,46.66992777564473,8.530974064976143e-19,1.4129502462470696e-17
LRP8,Second,group,2,369,1085143.8220535647,3204729.1779464474,62.4729966409125,4.290450607460809e-24,8.345036197806089e-23
LRRT1,Second,group,2,369,1308754.5469639623,2981118.4530360536,80.9981950462036,6.870212177156806e-30,1.694537862036299e-28
LRRT3,Second,group,2,369,1053197.4402277176,3236675.559772298,60.03534309619962,2.6748428738811776e-23,5.08046237462224e-22
LSAMP,Second,group,2,369,21126.216318786144,4268746.783681215,0.913098646590307,0.40218359480636134,1
LY86,Second,group,2,369,1637528.5170251126,2652344.4829749097,113.90828504005876,2.976621352435367e-39,1.2702075977378945e-37
LY9,Second,group,2,369,1690554.9249947555,2599318.0750052715,119.99585070438133,7.170772347405993e-41,3.682391799049976e-39
LYN,Second,group,2,369,756493.7156335749,3533379.2843664354,39.50130436093876,2.8517036427760614e-16,4.375923533363921e-15
LYNB,Second,group,2,369,1423886.5190807707,2865986.48091925,91.66374807397567,4.798218902034179e-33,1.3479006084489507e-31
LYVE1,Second,group,2,369,1874518.2058296702,2415354.794170356,143.18749767541658,9.418548459059382e-47,1.8282679080279924e-44
Lactoferrin,Second,group,2,369,223391.7935905573,4066481.2064094455,10.13549155286761,5.18638401210326e-5,5.5315792813678e-4
Lamin-B1,Second,group,2,369,434226.6043116222,3855646.3956883815,20.778567397955257,2.811477727455229e-9,3.465053534057749e-8
Laminin,Second,group,2,369,300656.36854312057,3989216.631456884,13.905261388611876,1.5058016464804963e-6,1.7013766479466415e-5
Layilin,Second,group,2,369,366515.9680054849,3923357.031994518,17.235799736185328,6.98025995443247e-8,8.2368575227899405e-07
Leptin,Second,group,2,369,739550.8159392877,3550322.18406072,38.4323220448505,6.892940752984845e-16,1.0428785830376467e-14
Lipocalin 2,Second,group,2,369,377893.8233185746,3911979.1766814273,17.822541290064436,4.084719978967772e-8,4.864414167042446e-7
Livin B,Second,group,2,369,1876804.3643263998,2413068.6356736245,143.4979511561042,7.908729222355946e-47,1.7057683679966712e-44
Luteinizing hormone,Second,group,2,369,27076.095351043157,4262796.904648957,1.1718924696645494,0.31093033724630664,1
Lymphotactin,Second,group,2,369,729756.2091503353,3560116.790849673,37.81898979670919,1.1459217657989374e-15,1.725670641799613e-14
Lymphotoxin a1/b2,Second,group,2,369,1343103.362903248,2946769.6370967734,84.09295634652669,8.097912354180112e-31,2.057479765882232e-29
Lymphotoxin a2/b1,Second,group,2,369,4383.52182163205,4285489.478178368,0.18872051377311805,0.8280977626331609,1
Lymphotoxin b R,Second,group,2,369,212545.8663293291,4077327.1336706737,9.617749827803882,8.477972870374692e-5,8.958570704354683e-4
Lysozyme,Second,group,2,369,227992.75484925415,4061880.2451507486,10.355958504661983,4.2087626495155144e-05,4.5087079070914223e-4
M-CSF R,Second,group,2,369,1777488.4407021054,2512384.5592979114,130.53201433509187,1.3486213480477032e-43,9.991819919255718e-42
M2-PK,Second,group,2,369,1800857.9447607202,2489015.0552393002,133.48986785313306,2.404804548703632e-44,2.1711867714756444e-42
MAPK14,Second,group,2,369,389959.8937381422,3899913.1062618596,18.448513706411877,2.3101298867685412e-8,2.7714927122031175e-7
MAPK2,Second,group,2,369,1302170.8334914749,2987702.166508539,80.41314207029426,1.0321288482061824e-29,2.5264842138354236e-28
MAPK5,Second,group,2,369,643935.345351052,3645937.6546489564,32.58587569806049,9.285517227914756e-14,1.3175765665604583e-12
MAPKAPK3,Second,group,2,369,1766546.2534261188,2523326.746573898,129.16590536665714,3.0068433783256966e-43,2.0920037716535835e-41
MASP3,Second,group,2,369,852715.6485874048,3437157.3514126083,45.772136995624614,1.7490154624703433e-18,2.877183102908736e-17
MATK,Second,group,2,369,1190157.3671199824,3099715.6328800325,70.84005768284463,9.180866737156599e-27,1.977947463309939e-25
MATN2,Second,group,2,369,65974.92220113799,4223898.077798861,2.881786662914265,0.05729669372021812,0.5076250483167373
MATN3,Second,group,2,369,435703.6323529477,3854169.367647059,20.857236021829188,2.6195907140290848e-9,3.234720493713071e-8
MBD4,Second,group,2,369,1408652.3930529393,2881220.6069470793,90.20356368811746,1.2760515125640755e-32,3.5134594788453543e-31
MBL,Second,group,2,369,313476.75927683385,3976396.240723168,14.544944363003776,8.314630582512279e-7,9.48285832252544e-6
MCP-1,Second,group,2,369,340620.2129981066,3949252.7870018953,15.91299232730541,2.3496700934506965e-7,2.7213771530462043e-6
MCP-2,Second,group,2,369,1677332.5540797166,2612540.445920304,118.45476180511086,1.8286449014453626e-40,9.031006556407282e-39
MCP-3,Second,group,2,369,703350.9593084608,3586522.0406915485,36.18219838609699,4.4798472063259515e-15,6.607895587567618e-14
MCP-4,Second,group,2,369,569562.5650959392,3720310.4349040673,28.246108785518732,3.85354530694172e-12,5.194620640382326e-11
MDC,Second,group,2,369,696180.1185431248,3593692.8814568836,35.74184998778605,6.4760277009492845e-15,9.49459779533452e-14
MDHC,Second,group,2,369,1495000.643685453,2794872.3563145683,98.69059606131121,4.653574433296321e-35,1.4881744129336995e-33
MDM2,Second,group,2,369,359767.08565254323,3930105.9143474586,16.889373657990905,9.584879535114584e-8,1.1255626280823894e-6
MED-1,Second,group,2,369,398035.65174995037,3891837.3482500534,18.869642067874885,1.575942721844948e-8,1.9036206688634917e-7
MEK1,Second,group,2,369,652034.6239194679,3637838.3760805377,33.069195405749525,6.160401376720911e-14,8.792775005889432e-13
MEPE,Second,group,2,369,1473816.9934640755,2816056.0065359487,96.56030798500055,1.8742146057593285e-34,5.820967307413436e-33
METAP1,Second,group,2,369,1837388.2352941465,2452484.7647058805,138.22639564997465,1.5716918171356152e-45,1.8949483432833847e-43
MFGM,Second,group,2,369,266473.8410288887,4023399.158971115,12.21962368814596,7.268293936610888e-6,8.016331603647336e-5
MFRP,Second,group,2,369,1356458.09261018,2933414.907389837,85.31575859115895,3.5027687610162773e-31,8.993847757697123e-30
MIA,Second,group,2,369,58685.43226860743,4231187.5677313935,2.5589653212569248,0.07875750990174463,0.6952205590576231
MICA,Second,group,2,369,1659855.3639574307,2630017.63604259,116.44154413768605,6.257121683588422e-40,2.891886007715052e-38
MICB,Second,group,2,369,1384751.7647059015,2905121.2352941153,87.94355894148194,5.858788638623191e-32,1.5536479241769169e-30
MIF,Second,group,2,369,605395.0856525493,3684477.914347459,30.315120866364914,6.461983907779657e-13,8.927819626396821e-12
MIP-1a,Second,group,2,369,770320.5594033385,3519552.440596669,40.38131143339966,1.383357612465123e-16,2.1413752918490463e-15
MIP-3a,Second,group,2,369,798476.8813514761,3491396.1186485332,42.19486406096261,3.142969858748766e-17,4.96010607398641e-16
MIP-3b,Second,group,2,369,336515.71073160553,3953357.289268399,15.704917134234266,2.846039146241512e-7,3.288421258456741e-6
MIP-5,Second,group,2,369,140547.17546911212,4149325.824530887,6.249437853433185,0.002142188294729077,0.0205043284843178
MIS,Second,group,2,369,1646948.7415665402,2642924.2584334803,114.97190729148342,1.543945681278484e-39,6.78056068434167e-38
MK01,Second,group,2,369,117273.37044064887,4172599.629559351,5.185481178932256,0.00601230000335628,0.0556807689395552
MK08,Second,group,2,369,1382792.3823002465,2907080.6176997684,87.7599310390861,6.634865727312432e-32,1.7522685194475355e-30
MK11,Second,group,2,369,901681.0092768432,3388191.99072317,49.09997623129672,1.2390813407655425e-19,2.1098463319807397e-18
MK12,Second,group,2,369,758775.1813198482,3531097.818680161,39.646033087193935,2.531338987254363e-16,3.893559471832756e-15
MK13,Second,group,2,369,161438.11664558388,4128434.883354416,7.214679015818505,8.441413739106804e-4,0.008368706922957625
MMEL2,Second,group,2,369,1743124.9017499727,2546748.0982500506,126.28125435485974,1.6535485359793068e-42,1.0093590623344268e-40
MMP-1,Second,group,2,369,1187646.9262597663,3102226.0737402486,70.6334266705264,1.0659873676390998e-26,2.2915016132083443e-25
MMP-10,Second,group,2,369,210268.05529200705,4079604.944707992,9.509365913407605,9.39816137406933e-5,9.909345456381143e-4
MMP-12,Second,group,2,369,984827.5039004982,3305045.496099516,54.97675438479678,1.2654348256985737e-21,2.2850051204389435e-20
MMP-13,Second,group,2,369,148636.6974488697,4141236.3025511303,6.622049232598186,0.001494476149224055,0.01451942320331544
MMP-14,Second,group,2,369,301377.64621547563,3988495.353784527,13.941140905177345,1.4563940222992502e-6,1.6465103006919776e-5
MMP-16,Second,group,2,369,306156.52540586237,3983716.4745941395,14.179191540767565,1.1673887082583693e-6,1.3244066055324375e-5
MMP-17,Second,group,2,369,424298.01307190163,3865574.986928105,20.251316732048647,4.518596798582634e-9,5.544379774744522e-8
MMP-2,Second,group,2,369,1875320.3704406712,2414552.629559351,143.29636227869145,8.858668107013479e-47,1.8282679080279924e-44
MMP-3,Second,group,2,369,423174.2314990577,3866698.768500949,20.19180970278807,4.767541056563236e-9,5.838765519540762e-8
MMP-7,Second,group,2,369,354136.43263757415,3935736.5673624286,16.601256385769595,1.2482533259931562e-7,1.457899449391521e-6
MMP-8,Second,group,2,369,54377.28083491512,4235495.719165086,2.3686975455188275,0.09502443392413804,0.8365319962098494
MMP-9,Second,group,2,369,598824.0624077665,3691048.937592239,29.93269430513259,8.977189748725211e-13,1.235006520551828e-11
MO2R1,Second,group,2,369,505000.77445710124,3784872.2255429043,24.617117127110003,9.214086170746451e-11,1.1900059925043102e-9
MOZ,Second,group,2,369,603223.9966793256,3686649.003320683,30.18861499618997,7.203892483428256e-13,9.931627608870298e-12
MP2K2,Second,group,2,369,552346.1609213627,3737526.839078643,27.266123048125923,9.032515905566053e-12,1.2033862439202093e-10
MP2K4,Second,group,2,369,167869.4665823304,4122003.5334176687,7.513801561145261,6.331317079885115e-4,0.006325241663673204
MPIF-1,Second,group,2,369,741301.1612903299,3548571.8387096776,38.54228418489559,6.293485063984636e-16,9.536695926759698e-15
MRC2,Second,group,2,369,124542.19586759526,4165330.8041324047,5.516497060635599,0.004358470350736834,0.040714059990415254
MRCKB,Second,group,2,369,1850962.3443495939,2438910.655650432,140.02257595673382,5.644735682455049e-46,7.882875543797752e-44
MSP,Second,group,2,369,1136837.1672464819,3153035.832753531,66.52206587002385,2.1354278974935897e-25,4.358732880473943e-24
MSP R,Second,group,2,369,511255.52904280555,3778617.4709572,24.963269193931602,6.790894113221624e-11,8.793893170071115e-10
Macrophage mannose receptor,Second,group,2,369,819450.060352108,3470422.939647905,43.56487343594579,1.0340832141608288e-17,1.6561845468398863e-16
Macrophage scavenger receptor,Second,group,2,369,1798357.9403331475,2491515.0596668767,133.1707944947473,2.8941464232736277e-44,2.542049981464034e-42
Mammaglobin 2,Second,group,2,369,739057.4573055138,3550815.5426944955,38.40134730552492,7.0719372487307295e-16,1.0691268441193958e-14
Marapsin,Second,group,2,369,1665894.1902277297,2623978.8097722963,117.13413117222849,4.0943162522757054e-40,1.936648286370272e-38
Mesothelin,Second,group,2,369,410439.5741092153,3879433.4258907875,19.519886826196057,8.744876463979914e-9,1.0596123865949033e-7
Met,Second,group,2,369,142056.41076322878,4147816.5892367703,6.318844438258645,0.0020031229477345267,0.019229327212935538
Midkine,Second,group,2,369,144654.795329961,4145218.20467004,6.438457137988527,0.001784417207613603,0.017199909813518103
Mn SOD,Second,group,2,369,836671.3930529319,3453201.6069470793,44.70224724432998,4.129986007626368e-18,6.708671622537514e-17
Moesin,Second,group,2,369,1665057.6259751422,2624815.374024879,117.03799628442054,4.342332978978305e-40,2.0458875825930868e-38
Myeloperoxidase,Second,group,2,369,712567.0023192163,3577305.997680792,36.75073141999258,2.7867654903693574e-15,4.135695347585025e-14
Myoglobin,Second,group,2,369,692884.4326375802,3596988.56736243,35.54005675235519,7.66933656164694e-15,1.1218705133384811e-13
"Myokinase, human",Second,group,2,369,227428.9112903229,4062444.088709677,10.328913633465465,4.3179381092472156e-5,4.6205639977029e-4
N-terminal pro-BNP,Second,group,2,369,6534.718954248354,4283338.281045752,0.281475701415875,0.7548311418159762,1
NACA,Second,group,2,369,172378.47907442506,4117494.520925576,7.724073275046449,5.173634187878305e-4,0.005200789826644607
NADPH-P450 Oxidoreductase,Second,group,2,369,469352.9259962081,3820520.0740037947,22.6659232693288,5.195176985308929e-10,6.5526592883800825e-9
NAGK,Second,group,2,369,1214656.1857474353,3075216.8142525814,72.8742328774205,2.1236152249966086e-27,4.7165045434905647e-26
NANOG,Second,group,2,369,204853.009276832,4085019.990723171,9.252189780565697,1.2004084461248243e-4,0.0012541202844557674
NAP-2,Second,group,2,369,736084.4326375825,3553788.5673624277,38.2148727329686,8.252761443745035e-16,1.24473414773116e-14
NCAM-120,Second,group,2,369,388242.60199241387,3901630.39800759,18.35918648372726,2.5056014075682216e-8,3.002291310492979e-7
NCAM-L1,Second,group,2,369,1182775.7613325017,3107097.2386675095,70.23344015439694,1.4238708452888496e-26,3.043971686957205e-25
NCAM1,Second,group,2,369,192311.96357790753,4097561.036422096,8.659189445804007,2.1132155497266677e-4,0.0021830962170387405
NCC27,Second,group,2,369,610452.3965844451,3679420.6034155623,30.610381173948547,5.015423624018706e-13,6.949048542537704e-12
NCK1,Second,group,2,369,1241695.3312249794,3048177.6687750337,75.15729511366503,4.163253114308543e-28,9.518773323654912e-27
NDP kinase B,Second,group,2,369,1563872.8663293496,2726000.133670672,105.84538873416757,4.661495029566673e-37,1.697672352226653e-35
NET4,Second,group,2,369,1693791.0731604677,2596081.926839553,120.37542026978572,5.698300435587797e-41,2.957533008418404e-39
NG36,Second,group,2,369,338750.086917568,3951122.9130824376,15.818133834650283,2.5641376900703674e-7,2.96800165826795e-6
NID2,Second,group,2,369,1104351.731024682,3185521.268975332,63.962183005481506,1.4151602641158543e-24,2.8145674929629364e-23
NKG2D,Second,group,2,369,1511121.7310246876,2778751.268975334,100.33354279919529,1.6005400824649076e-35,5.319974701324523e-34
NKp30,Second,group,2,369,801960.6797385686,3487912.320261438,42.42129154229295,2.6142513180917137e-17,4.135791462868618e-16
NKp44,Second,group,2,369,109638.53173097083,4180234.46826903,4.839036962618115,0.008424034363038301,0.07738851126705354
NKp46,Second,group,2,369,437621.6810035859,3852251.318996416,20.95948406766883,2.3897237949223525e-9,2.9584041911020316e-8
NLGNX,Second,group,2,369,707767.4014337021,3582105.598566308,36.454281419504284,3.568893842439297e-15,5.276242688477935e-14
NMT1,Second,group,2,369,309093.6982922191,3980779.301707782,14.32578473025347,1.0188640642495712e-6,1.1586134962506178e-5
NOTC2,Second,group,2,369,1785330.7897955151,2504542.210204511,131.51845849320927,7.575011139893045e-44,5.876538323409841e-42
NPS-PLA2,Second,group,2,369,1505512.77841031,2784360.2215897124,99.7597600565177,2.3218908653028202e-35,7.626234960536013e-34
NR1D1,Second,group,2,369,1865967.7105735028,2423905.2894265233,142.03155713326697,1.807750356313739e-46,2.973803771932822e-44
NRP1,Second,group,2,369,1467397.86574955,2822475.1342504723,95.92109526332018,2.852723427093724e-34,8.72050836107096e-33
NRX1A,Second,group,2,369,108463.10779042961,4181409.3922095723,4.78581299038018,0.008872528735216092,0.08139310393561427
NRX1B,Second,group,2,369,1037471.6582331979,3252401.3417668133,58.85298302086014,6.541298496405671e-23,1.224450042558389e-21
NRX3A,Second,group,2,369,89663.23998524249,4200209.760014758,3.9385813381899077,0.020300066544693858,0.18319470239868318
NRX3B,Second,group,2,369,1660069.5284103113,2629803.47158971,116.46605204553752,6.163813675735206e-40,2.8623918045154196e-38
NSF1C,Second,group,2,369,1378896.5012123291,2910976.4987876867,87.39555423399176,8.49457603891138e-32,2.2342985615584582e-30
NUDC3,Second,group,2,369,1169713.0415349104,3120159.9584651017,69.1669847174615,3.087679491850446e-26,6.507713762433518e-25
NXPH1,Second,group,2,369,136553.07020873064,4153319.929791271,6.0660006643834326,0.0025582938230391916,0.024307366828060686
Nectin-like protein 1,Second,group,2,369,697728.7004533061,3592144.2995467004,35.836796770630784,5.980989761589751e-15,8.775443497279309e-14
Nectin-like protein 2,Second,group,2,369,1509875.5147059038,2779997.4852941176,100.20585771636658,1.7385775243334225e-35,5.768913861242171e-34
Neurotrophin-3,Second,group,2,369,50539.976860635914,4239333.023139364,2.1995501839301452,0.11230439320655128,0.9850792956659224
Neurotrophin-5,Second,group,2,369,1339536.9420725438,2950336.057927471,83.76827620986218,1.0122576409703385e-30,2.5585016603235277e-29
Nidogen,Second,group,2,369,1090013.256430543,3199859.743569471,62.84883148881336,3.2408626536764094e-24,6.328927216933656e-23
Noggin,Second,group,2,369,395496.61711997166,3894376.382880032,18.737050219237275,1.77745434463049e-8,2.1443628254216688e-7
Nogo Receptor,Second,group,2,369,657956.672201144,3631916.3277988625,33.423954481539994,4.5610327677840495e-14,6.538835133919504e-13
Notch 1,Second,group,2,369,925914.6511174473,3363958.348882565,50.782808648007055,3.2956358831149606e-20,5.696594760049531e-19
Notch-3,Second,group,2,369,1762838.703774001,2527034.2962260167,128.70570903293097,3.94236021105486e-43,2.6479776776323086e-41
NovH,Second,group,2,369,547326.4360636808,3742546.5639363276,26.982089795975384,1.1570507040039922e-11,1.531010384915261e-10
Nr-CAM,Second,group,2,369,5665.0872865282,4284207.912713473,0.2439677591889916,0.7836391756562286,1
Nucleoside diphosphate kinase A,Second,group,2,369,949757.6462154915,3340115.3537845253,52.46234550798166,8.871399488233393e-21,1.56693255426139e-19
OBCAM,Second,group,2,369,1879218.2661290602,2410654.233870966,143.82642074059058,6.575129493279404e-47,1.5655937173788152e-44
OCAD1,Second,group,2,369,1607859.318416637,2682013.1815833854,110.6072282883918,2.3176537761306642e-38,9.21901659288836e-37
OLR1,Second,group,2,369,238602.63293274213,4051270.367067258,10.866267068706867,2.5976650292428365e-5,2.80290155102819e-4
OMD,Second,group,2,369,37169.280834914185,4252703.719165086,1.6125582139985088,0.2007786934186567,1
ON,Second,group,2,369,1608521.5545013896,2681351.445498629,110.68009279563802,2.2144550811412142e-38,8.826606660283067e-37
OPG,Second,group,2,369,178487.18764495198,4111385.81235505,8.009680342217857,3.9339665311880287e-4,0.003987656510766479
OSM,Second,group,2,369,394771.7290744311,3895101.2709255754,18.699227298119773,1.839550598819879e-8,2.216522055591361e-7
OX2G,Second,group,2,369,161296.31166983116,4128576.6883301698,7.208094156807377,8.495078222652002e-4,0.008417610102605557
OX40 Ligand,Second,group,2,369,230538.57922201324,4059334.4207779886,10.478163033019968,3.749022762565005e-5,4.022864177608252e-4
Olfactomedin-4,Second,group,2,369,1626272.6803710926,2663600.319628927,112.64727193390146,6.501940003971196e-39,2.673971773973023e-37
Oxidized PARK7,Second,group,2,369,205505.64373814408,4084367.3562618596,9.283149129952232,1.1655385662580314e-4,0.0012190023306511936
P-Cadherin,Second,group,2,369,858493.0489669084,3431379.951033101,46.15984525021976,1.282321826810359e-18,2.116633046233497e-17
P-Selectin,Second,group,2,369,1826776.3071895665,2463096.6928104577,136.83597142583278,3.486031184993007e-45,3.9342203495750516e-43
PA2G4,Second,group,2,369,1842097.528410317,2447775.471589711,138.84729132079113,1.1024475462851191e-45,1.4459460169089812e-43
PACA,Second,group,2,369,12943.116171199828,4276929.8838288,0.5583455886465398,0.572637476427275,1
PACAP-27,Second,group,2,369,1009100.9230972142,3280772.0769028044,56.74856891832529,3.2477661925909468e-22,5.98704117599278e-21
PACAP-38,Second,group,2,369,1523688.4084440456,2766184.591555977,101.62753137157645,6.935460744141871e-36,2.361871804571534e-34
PAFAH,Second,group,2,369,1618586.7442547139,2671286.2557453103,111.79230742220652,1.1064224037110159e-38,4.483749148250716e-37
PAFAH beta subunit,Second,group,2,369,516333.4925152934,3773539.507484714,25.24513899486649,5.298756649319326e-11,6.898460637888684e-10
PAI-1,Second,group,2,369,1037171.5594033445,3252701.4405966704,58.83053093087285,6.653604304685235e-23,1.2442724216098139e-21
PAK3,Second,group,2,369,512831.5435905615,3777041.456409445,25.050670183113215,6.287816652687044e-11,8.164216941535447e-10
PAK6,Second,group,2,369,888542.1100569353,3401330.889943074,48.19760987977511,2.5305833842476744e-19,4.271482891833082e-18
PAK7,Second,group,2,369,967148.2603837373,3322724.7396162776,53.70256883253182,3.3861956393984512e-21,6.046977623081518e-20
PAL4D,Second,group,2,369,39550.97195867635,4250321.028041325,1.7168478047265372,0.18106321927036814,1
PAPP-A,Second,group,2,369,196533.58296437142,4093339.4170356286,8.858401994718074,1.747221493510663e-4,0.0018117487844765614
PARC,Second,group,2,369,1186142.793168895,3103730.206831119,70.50978363325537,1.1657162881105036e-26,2.5003461965650665e-25
PARK7,Second,group,2,369,1747365.6466898825,2542507.353310141,126.7996182565839,1.2158523811498404e-42,7.687733744496713e-41
PBEF,Second,group,2,369,912963.0748998639,3376909.9251001473,49.88042057829822,6.696457441250067e-20,1.1462726174941136e-18
PBP,Second,group,2,369,186857.81451613223,4103015.1854838715,8.402422418565996,2.701022061734603e-4,0.002774100475462055
PCI,Second,group,2,369,1807647.2998102703,2482225.700189753,134.35963006486466,1.452832724383493e-44,1.3756805972494342e-42
PCNA,Second,group,2,369,1662119.5032679965,2627753.496732024,116.70084303353451,5.337828030277263e-40,2.496734375176121e-38
PCSK7,Second,group,2,369,1881518.2792009576,2408354.7207990703,144.13994729040527,5.51347442026048e-47,1.5655937173788152e-44
PCSK9,Second,group,2,369,248550.2508960585,4041322.7491039443,11.347156398357562,1.650418205583638e-5,1.78976839254937e-4
PD-L2,Second,group,2,369,149533.98002319178,4140339.01997681,6.66346866311286,0.0014359056381673314,0.013957373339219705
PDE11,Second,group,2,369,1626723.495677861,2663149.5043221577,112.69757272938251,6.302026577692388e-39,2.602784620838358e-37
PDE3A,Second,group,2,369,739630.0567151704,3550242.943284841,38.43729785367548,6.864614259362497e-16,1.039403015373326e-14
PDE4D,Second,group,2,369,296778.5578747657,3993094.442125236,13.71258424299922,1.8014390334028864e-6,2.028327910510539e-5
PDE5A,Second,group,2,369,990649.8005481847,3299223.1994518237,55.3993704431724,9.14028800807255e-22,1.6550874842841368e-20
PDE7A,Second,group,2,369,557416.732711372,3732456.2672886383,27.553809025592813,7.031192431545729e-12,9.425757918565e-11
PDE9A,Second,group,2,369,769811.2016129112,3520061.798387097,40.348770797904955,1.4207898259989446e-16,2.1975662276785593e-15
PDGF Rb,Second,group,2,369,874696.4326375793,3415176.567362429,47.254216184280544,5.354637540420497e-19,8.944988979696311e-18
PDGF-AA,Second,group,2,369,919412.7398271239,3370460.2601728863,50.32892762527429,4.7060995136495016e-20,8.091387941841204e-19
PDGF-BB,Second,group,2,369,1522131.6700927871,2767741.3299072315,101.46659664237197,7.694072226724018e-36,2.5974325200708834e-34
PDGF-CC,Second,group,2,369,678268.1669829297,3611604.833017077,34.649548495539634,1.6206651876182167e-14,2.3565024586410573e-13
PDK1,Second,group,2,369,1684362.0137571404,2605510.9862428857,119.27210945531701,1.1123548558808656e-40,5.622998790924467e-39
PDPK1,Second,group,2,369,1837533.7980181621,2452339.2019818667,138.24555161878368,1.554574145086418e-45,1.8860244445215947e-43
PECAM-1,Second,group,2,369,107710.81003584294,4182162.189964157,4.75176321456422,0.00917196644946178,0.08398127348927803
PERL,Second,group,2,369,1795117.267552204,2494755.7324478175,132.75814203197118,3.6785196990383985e-44,3.1735579091191356e-42
PESC,Second,group,2,369,828964.5867594453,3460908.413240565,44.19185600866885,6.231267079081239e-18,1.0046290648596823e-16
PF-4,Second,group,2,369,1587172.3184166318,2702700.681583385,108.34839934117727,9.565852591370383e-38,3.626682883910441e-36
PFD5,Second,group,2,369,625110.2165823365,3664762.783417668,31.47075043473469,2.40139951531105e-13,3.3656620414182564e-12
PGCB,Second,group,2,369,572241.638625348,3717631.3613746567,28.3994221221916,3.3739474350054833e-12,4.557612561955966e-11
PGP9.5,Second,group,2,369,2082.7936432641,4287790.206356737,0.08962085565952603,0.9142976573530488,1
PGRP-S,Second,group,2,369,1566155.4558296613,2723717.5441703564,106.08871034334375,3.993956067062912e-37,1.4600395551401808e-35
PH,Second,group,2,369,1550225.798018144,2739647.201981869,104.3990844979756,1.171285599621029e-36,4.164146696624739e-35
PHI,Second,group,2,369,419352.4098671777,3870520.590132827,19.989693329041074,5.72074642315998e-9,6.992911936730227e-8
PIGR,Second,group,2,369,176328.39368543215,4113544.606314569,7.908650992874251,4.3340371997812954e-4,0.004379654023648093
PIK3CA/PIK3R1,Second,group,2,369,83181.51829011366,4206691.481709887,3.648232866910388,0.026980739436707007,0.24213255672190784
PIM1,Second,group,2,369,1882320.0000000233,2407553,144.24938516410825,5.1849815593112e-47,1.5484233755602773e-44
PK3CG,Second,group,2,369,227540.98102466948,4062332.0189753324,10.334288483303423,4.29601637311732e-5,4.599641495252608e-4
PKB a/b/g,Second,group,2,369,113223.21631878708,4176649.783681215,5.001540587011935,0.007190828068483518,0.06634207164080937
PKC-A,Second,group,2,369,1565757.4607316237,2724115.539268395,106.04625513885823,4.10308765807677e-37,1.4971145200847338e-35
PKC-B-II,Second,group,2,369,1807425.519555163,2482447.480444865,134.3311433513866,1.4769794658876535e-44,1.3917559816960398e-42
PKC-D,Second,group,2,369,142890.70235083485,4146982.297649167,6.357233451098604,0.0019301416319165063,0.018566236396655098
PKC-G,Second,group,2,369,1496764.409867189,2793108.590132828,98.86942261967829,4.141947338230815e-35,1.333346791506952e-33
PKC-Z,Second,group,2,369,703599.5910288929,3586273.4089711145,36.19749799892524,4.4229117046620374e-15,6.528875336796507e-14
PLCG1,Second,group,2,369,623586.7936432692,3666286.2063567364,31.381009815246383,2.5927820716864587e-13,3.6312708570580032e-12
PLK-1,Second,group,2,369,219785.3905228777,4070087.609477124,9.96302990064638,6.107942963116971e-5,6.489515663587448e-4
PLPP,Second,group,2,369,51589.123814041726,4238283.876185957,2.2457658858509837,0.10729128322429847,0.9419580380597694
PLXC1,Second,group,2,369,139313.04153489228,4150559.958465107,6.192720119791449,0.0022630094622339706,0.02165011374058633
PP13G,Second,group,2,369,3837.625975121744,4286035.374024878,0.16519742153809205,0.847788988470348,1
PPAC,Second,group,2,369,620996.3339658533,3668876.666034155,31.228584126963217,2.9536632314858075e-13,4.124791834711301e-12
PPIB,Second,group,2,369,650777.2254374949,3639095.7745625125,32.99401981462065,6.56598351345654e-14,9.35103734780124e-13
PPID,Second,group,2,369,949798.0230339523,3340074.976966055,52.465210050147064,8.851635365562973e-21,1.5648655674448637e-19
PPIE,Second,group,2,369,1670210.1946026003,2619662.8053974276,117.63108605782182,3.021877629618398e-40,1.448363961063015e-38
PPase,Second,group,2,369,1304580.0455408152,2985292.9544592053,80.62693413145546,8.893958011810267e-30,2.179845697350109e-28
PRKACA,Second,group,2,369,1427216.5790111907,2862656.420988826,91.98500277466323,3.8718989635745474e-33,1.0940146517023864e-31
PRL,Second,group,2,369,1637524.986717286,2652348.0132827326,113.90788785496144,2.977352416853969e-39,1.2702075977378945e-37
PSA,Second,group,2,369,207328.9966793186,4082544.0033206833,9.369696898850444,1.0733664795160554e-4,0.001125634690973105
PSA1,Second,group,2,369,1402322.195076976,2887550.8049230445,89.60134815657293,1.9130186115082922e-32,5.18635251606644e-31
PSA2,Second,group,2,369,361529.84213578375,3928343.157864221,16.97974265321492,8.823469084413021e-8,1.0392930437730938e-6
PSA6,Second,group,2,369,782494.2350832918,3507378.7649167194,41.161846509695486,7.299682793195451e-17,1.1390412899731707e-15
PSD7,Second,group,2,369,1042540.0624077702,3247332.937592241,59.23280587818381,4.905683668123163e-23,9.254224373518192e-22
PSMA,Second,group,2,369,257167.07742989995,4032705.922570103,11.765630000507862,1.1131808707008822e-5,1.219432811756581e-4
PSME1,Second,group,2,369,425584.0092768343,3864288.9907231713,20.31945589475219,4.2495452933658715e-9,5.217547986555843e-8
PSME3,Second,group,2,369,236143.57495256327,4053729.4250474377,10.747754724216225,2.9053899831398773e-5,3.1279843220221096e-4
PTH,Second,group,2,369,1674801.32474175,2615071.175258276,118.1615427290749,2.1863481121317427e-40,1.0663311576123721e-38
PTHrP,Second,group,2,369,1787088.2661290555,2502784.733870967,131.74036929290685,6.654829612992455e-44,5.29423205975554e-42
PTK6,Second,group,2,369,325884.9378030831,3963988.0621969206,15.168000024537395,4.671087893116317e-7,5.365215790334058e-6
PTN,Second,group,2,369,1821766.5039005117,2468106.4960995144,136.18371836905217,5.071545667228151e-45,5.499752793484113e-43
PTP-1B,Second,group,2,369,542000.5329960003,3747872.4670040044,26.681563798700942,1.5041740046475198e-11,1.9862623182148578e-10
PTP-1C,Second,group,2,369,1704478.4537739996,2585394.5462260162,121.6356997350188,2.661959999340248e-41,1.4433589780249423e-39
PUR8,Second,group,2,369,1749669.3439279152,2540203.656072107,127.0819342311571,1.0286004917754077e-42,6.567937380038503e-41
PYY,Second,group,2,369,1458972.9053869084,2830900.094613114,95.08654210585,4.944015986664788e-34,1.4810193064694307e-32
Parathyroid Hormone1-34,Second,group,2,369,2437.9091819524765,4287435.0908180475,0.10490986674842245,0.9004325218420461,1
Periostin,Second,group,2,369,376721.0533944806,3913151.946605524,17.761905313074806,4.316979785679973e-8,5.131563292042172e-7
Peroxiredoxin-1,Second,group,2,369,119511.174994729,4170361.82500527,5.287265880461016,0.005445729574961788,0.05057846497320859
Peroxiredoxin-5,Second,group,2,369,1301908.3913135333,2987964.6086864863,80.38987392924312,1.0489917133783947e-29,2.564527819068387e-28
Peroxiredoxin-6,Second,group,2,369,1674259.3464052505,2615613.65359477,118.09880598659159,2.2715908302972495e-40,1.1023026406493773e-38
Persephin,Second,group,2,369,388842.11764706485,3901030.882352939,18.39036215540341,2.4355601224276042e-8,2.9201681875581384e-7
Phosphoglycerate mutase 1,Second,group,2,369,1108323.9795488273,3181549.020451193,64.27239464559919,1.1241568776429885e-24,2.242693586346433e-23
PlGF,Second,group,2,369,81665.11432637274,4208207.885673627,3.5804347129595033,0.028835831768220507,0.2586610797600627
Plasmin,Second,group,2,369,752725.7037739884,3537147.296226021,39.26268281065858,3.4714188351524837e-16,5.31008230872931e-15
Plasminogen,Second,group,2,369,1138323.9711680496,3151549.028831966,66.64049036176458,1.9574569291082378e-25,3.9996728408525934e-24
Prekallikrein,Second,group,2,369,271310.89352730475,4018562.106472698,12.456410658718235,5.821608832218018e-6,6.450075206428807e-5
Prolactin Receptor,Second,group,2,369,812649.8292220207,3477223.1707779886,43.118858390074756,1.4839180685974228e-17,2.362991050501248e-16
Properdin,Second,group,2,369,95968.49947290448,4193904.5005270946,4.221886347322774,0.015385859266391095,0.13975684662152585
Protease nexin I,Second,group,2,369,1763342.116803736,2526530.8831962883,128.76811548755316,3.800077614253182e-43,2.5791838056019814e-41
Protein C,Second,group,2,369,1874967.7588024647,2414905.241197554,143.24849919473732,9.100579601230692e-47,1.8282679080279924e-44
Protein S,Second,group,2,369,426763.06810036255,3863109.931899641,20.38196879005161,4.016895657553447e-9,4.9412793992401685e-8
Protein disulfide isomerase A3,Second,group,2,369,1706849.9226755458,2583023.0773244766,121.91676237745014,2.247348959296368e-41,1.2288475828881488e-39
Protein disulfide-isomerase,Second,group,2,369,201170.83728653053,4088702.1627134723,9.077701921612405,1.4174965547523945e-4,0.00147694735904515
Proteinase-3,Second,group,2,369,163044.12760911044,4126828.8723908914,7.289287361812263,7.856672023283044e-4,0.007804946383376207
Prothrombin,Second,group,2,369,1859189.4423888042,2430683.0576112163,141.12101166239333,3.0261373336295284e-46,4.51857131163075e-44
RAC1,Second,group,2,369,1236538.2730339603,3053334.7269660537,74.71873599703834,5.686979507854821e-28,1.2896259341587957e-26
RAD51,Second,group,2,369,121865.38293274259,4168007.6170672574,5.394463066483449,0.004906939203496233,0.04568361652122513
RAN,Second,group,2,369,1047734.2989669121,3242138.701033101,59.6232906685326,3.651153677628687e-23,6.928039236530988e-22
RANK,Second,group,2,369,1394323.259593105,2895549.7404069155,88.84414513935299,3.1869605114714637e-32,8.544644047112862e-31
RANTES,Second,group,2,369,1772999.7367172902,2516873.263282732,129.97017219599005,1.8746503066414494e-43,1.3578172841781002e-41
RAP,Second,group,2,369,1816396.8819839996,2473476.1180160237,135.48755222866353,7.573145710238837e-45,7.73710643811226e-43
RASA1,Second,group,2,369,592931.0533944829,3696941.9466055245,29.590883744259934,1.204944626287627e-12,1.6529758508943703e-11
RBM39,Second,group,2,369,1700936.924098691,2588936.0759013286,121.21692204661802,3.4267828097273254e-41,1.822424623229175e-39
RBP,Second,group,2,369,1867667.8657495505,2422205.1342504756,142.26075089937416,1.588241353687182e-46,2.6350356633641994e-44
RELT,Second,group,2,369,819737.5711575081,3470135.428842503,43.58376927352611,1.0183966948068545e-17,1.632407936141744e-16
RET,Second,group,2,369,94040.96626607422,4195832.033733925,4.135188953369568,0.01674711867809515,0.15176669998269315
RGM-C,Second,group,2,369,164875.72343453672,4124997.276565467,7.374446316968191,7.238825375744774e-4,0.0072022250906328775
RGMA,Second,group,2,369,921015.4705882501,3368857.5294117657,50.44064726394145,4.3107185618386195e-20,7.42474620392925e-19
RGMB,Second,group,2,369,51737.85288846772,4238135.147111533,2.252319363724879,0.10659886404216151,0.9363024558237562
ROBO2,Second,group,2,369,188497.79991566343,4101375.2000843356,8.479556828579053,2.508965183834569e-4,0.0025795770490642297
ROBO3,Second,group,2,369,724509.2135779127,3565363.7864220957,37.49181231216436,1.5037022135079902e-15,2.2557108170254173e-14
ROR1,Second,group,2,369,38222.11680371128,4251650.883196289,1.6586452519316972,0.1918130518363554,1
RPS6KA3,Second,group,2,369,1416771.1566519295,2873101.843348092,90.97981646820853,7.581672636797017e-33,2.1145192747902368e-31
RS3,Second,group,2,369,330310.89990512887,3959561.6000948767,15.391189022298835,3.8010334012378493e-7,4.378825516972874e-6
RS7,Second,group,2,369,1582879.5996205206,2706993.4003795055,107.88400373973704,1.2820044575357466e-37,4.832125059407102e-36
RSK-like protein kinase,Second,group,2,369,133102.10905544925,4156770.8909445517,5.907792314035901,0.0029819472306288454,0.028126159990242684
RSPO2,Second,group,2,369,689156.3962154873,3600716.603784523,35.31223617213236,9.284561002307164e-15,1.3540639569528852e-13
RTN4,Second,group,2,369,692998.7628083611,3596874.2371916464,35.54705094108915,7.624491973080777e-15,1.1161517562358089e-13
RUXF,Second,group,2,369,484623.15475437464,3805249.8452456263,23.497267114772214,2.481406098955693e-10,3.170997728588776e-9
Rab GDP dissociation inhibitor beta,Second,group,2,369,1655089.5351043856,2634783.464895635,115.8971973580587,8.738585635282357e-40,3.963266140685849e-38
Rb,Second,group,2,369,205955.6329327426,4083917.3670672593,9.304501257178643,1.1420845343593747e-4,0.0011951163724987577
Renin,Second,group,2,369,31023.782258065417,4258849.2177419355,1.3439987033980756,0.2620743237215711,1
SAA,Second,group,2,369,230832.70187645173,4059040.298123551,10.49229137140954,3.699237121014095e-5,3.9716375107637684e-4
SAP,Second,group,2,369,1540343.2064621756,2749529.793537845,103.3606990766946,2.276051213869343e-36,7.931999794385919e-35
SARP-2,Second,group,2,369,147754.04174572974,4142118.9582542693,6.581322501074753,0.0015544092247401263,0.015063998894110335
SBDS,Second,group,2,369,700044.6044697524,3589828.395530255,35.978942527026085,5.3100330536219044e-15,7.814627627115077e-14
SCF sR,Second,group,2,369,259990.1836917568,4029882.8163082423,11.903122516865782,9.782565048384273e-6,1.0752709295757943e-4
SCGF-alpha,Second,group,2,369,1079145.1290322724,3210727.8709677425,62.01157005761532,6.058248355102843e-24,1.1724707026894063e-22
SCGF-beta,Second,group,2,369,1239413.4109213739,3050459.589078643,74.9630564304775,4.779639342806536e-28,1.0889586574863474e-26
SDF-1,Second,group,2,369,57849.44444444403,4232023.555555556,2.5220139632702976,0.08168113756617369,0.720700720366189
SE6L2,Second,group,2,369,49906.59819734376,4239966.401802656,2.171660455492092,0.11544291821347882,1
SEPR,Second,group,2,369,900744.4933586451,3389128.506641367,49.03542568510098,1.303900392327599e-19,2.2163287063403427e-18
SET,Second,group,2,369,1817390.4388045832,2472481.561195444,135.61619274415298,7.031860016183627e-45,7.299354726387072e-43
SGTA,Second,group,2,369,993903.914611022,3295969.085388994,55.63622336709248,7.6188443388584585e-22,1.383462064005821e-20
SH21A,Second,group,2,369,375303.5391629832,3914569.4608370233,17.688663764511304,4.6153046339865615e-8,5.476119693910951e-7
SHBG,Second,group,2,369,434502.1117436257,3855370.888256377,20.793236744326435,2.7746544087611177e-9,3.421842607237676e-8
SHC1,Second,group,2,369,888300.6367278183,3401572.363272189,48.181090970125595,2.563946697090856e-19,4.3240382603443335e-18
SHP-2,Second,group,2,369,819369.6999789258,3470503.3000210836,43.55959253667715,1.0385104677176523e-17,1.6619040148073686e-16
SIG14,Second,group,2,369,1217817.9270503987,3072055.0729496097,73.13912094846226,1.756514147046273e-27,3.931464031981015e-26
SIRT2,Second,group,2,369,1831064.070208753,2458808.929791271,137.3963291170386,2.5276906330254505e-45,2.9557771707369524e-43
SKP1,Second,group,2,369,1177845.9734345535,3112027.026565465,69.8299147930307,1.90766280755909e-26,4.0647991878722633e-25
SLAF5,Second,group,2,369,26870.937644951046,4263002.06235505,1.1629569779646425,0.31370347698650314,1
SLAF6,Second,group,2,369,1739739.5303078485,2550133.4696921776,125.86868379894769,2.1128021218588467e-42,1.2697322824431455e-40
SLAF7,Second,group,2,369,138471.36711996747,4151401.6328800307,6.154058193572112,0.002349272547164081,0.02240912244364913
SLIK5,Second,group,2,369,1623700.3614273886,2666172.6385726337,112.36058473832847,7.76939123884677e-39,3.168370042253458e-37
SLPI,Second,group,2,369,104201.9411764699,4185671.05882353,4.593112520519555,0.010706851244639515,0.09775846375464771
SMAC,Second,group,2,369,252370.19924099045,4037502.8007590105,11.532450640333796,1.3861813396070972e-5,1.5108174357488053e-4
SNAA,Second,group,2,369,408434.76133249607,3881438.2386675104,19.414507930368398,9.6194705284476e-9,1.1648593916701054e-7
SOD,Second,group,2,369,965052.9249947439,3324820.07500527,53.55245115369078,3.803864368945787e-21,6.786595853041433e-20
SORC2,Second,group,2,369,1587308.7405123543,2702564.259487666,108.36318196557794,9.47717844064754e-38,3.600095463957317e-36
SP-D,Second,group,2,369,4927.417246468365,4284945.582753532,0.21216336693573942,0.8089311479671788,1
SPARCL1,Second,group,2,369,1828910.481762622,2460962.518237402,137.1146376202762,2.9708043465380284e-45,3.412268566713946e-43
SPHK2,Second,group,2,369,927577.4994729194,3362295.5005270927,50.899169518540255,3.008302108746063e-20,5.209207953938532e-19
SPINT2,Second,group,2,369,1272092.696869087,3017780.30313093,77.77275977606637,6.551903777433341e-29,1.5434627705300374e-27
SPTA2,Second,group,2,369,1721699.6963947075,2568173.303605313,123.68853516968176,7.756933182056956e-42,4.389871319073887e-40
SRCN1,Second,group,2,369,836636.2995994212,3453236.70040059,44.69991798077058,4.137736943260345e-18,6.715642312293534e-17
SREC-I,Second,group,2,369,1332722.820156041,2957150.1798439804,83.15010918105033,1.5493176419892915e-30,3.900694586634245e-29
SREC-II,Second,group,2,369,67293.63467214629,4222579.365327854,2.94030603639039,0.0540890912682194,0.47986406303412343
SSRP1,Second,group,2,369,1405138.1319839917,2884734.868016023,89.86891246936128,1.5978682543749194e-32,4.362417503700134e-31
ST4S6,Second,group,2,369,3755.149905123748,4286117.850094876,0.16164398220641443,0.8508042385362369,1
STAB2,Second,group,2,369,129395.56973434705,4160477.430265655,5.73815938582382,0.0035149296129704517,0.032977065087748204
STK16,Second,group,2,369,1305936.2129981178,2983936.787001898,80.74743149644326,8.178738634429604e-30,2.0070847251463995e-28
STRATIFIN,Second,group,2,369,1366562.078220555,2923310.9217794635,86.24833627967861,1.853279328212881e-31,4.815885349399168e-30
STX1a,Second,group,2,369,1804298.085863403,2485574.914136621,133.9299793172519,1.8631886632850573e-44,1.7140766437986495e-42
Secretin,Second,group,2,369,1522548.6171199903,2767324.382880034,101.50968263658592,7.483151697408722e-36,2.5350456642895363e-34
Semaphorin 3A,Second,group,2,369,1411032.6968690911,2878840.3031309303,90.43069609982017,1.0955800456263461e-32,3.0294435263187305e-31
Semaphorin 3E,Second,group,2,369,145707.59434956685,4144165.405650432,6.486963845806186,0.0017027196412563615,0.016443828845067673
Semaphorin-6A,Second,group,2,369,253970.84782838263,4035902.15217162,11.61019758596567,1.2883909157271973e-5,1.4058130334559566e-4
Sialoadhesin,Second,group,2,369,567468.453984824,3722404.5460151806,28.12642432222439,4.275140021052545e-12,5.7469710540907307e-11
Siglec-3,Second,group,2,369,445504.10035842936,3844368.899641577,21.380754204882255,1.6376624169939112e-9,2.0403881310554056e-8
Siglec-6,Second,group,2,369,386468.9175627255,3903404.0824372782,18.26700843275264,2.724768808281839e-8,3.2608788854081385e-7
Siglec-7,Second,group,2,369,1468914.2564305444,2820958.7435694705,96.07183406323408,2.5834451152835134e-34,7.934837199432628e-33
Siglec-9,Second,group,2,369,144333.304079697,4145539.695920302,6.4236496466094986,0.0018101335086345171,0.01742049812855932
Soggy-1,Second,group,2,369,1880061.3629032513,2409811.637096773,143.94125919050836,6.164291144397206e-47,1.5655937173788152e-44
Somatostatin-28,Second,group,2,369,1043070.2989669098,3246802.7010331033,59.27260997354725,4.7600880286677666e-23,8.997055512364219e-22
Sonic Hedgehog,Second,group,2,369,1028686.6582331997,3261186.3417668114,58.19743754390969,1.0759760924518784e-22,2.002507598645754e-21
Sorting nexin 4,Second,group,2,369,1281794.7214843044,3008078.278515707,78.61867418907308,3.616986151513466e-29,8.614797963146867e-28
Sphingosine kinase 1,Second,group,2,369,417678.31166983396,3872194.6883301707,19.901284595872458,6.19587012309727e-9,7.568926149717362e-8
Spondin-1,Second,group,2,369,213107.59962049592,4076765.400379506,9.644497111931276,8.26517628284048e-5,8.738468064597428e-4
Stanniocalcin-1,Second,group,2,369,1546585.5424836818,2743287.4575163405,104.015724566677,1.4964418414760727e-36,5.261197569114557e-35
Stress-induced-phosphoprotein 1,Second,group,2,369,1300888.5518132192,2988984.4481868003,80.29949368091826,1.1171618969954619e-29,2.724324942248315e-28
Survivin,Second,group,2,369,241796.99667932,4048076.0033206837,11.020431891777518,2.2458413326607425e-5,2.4286810092593198e-4
TACI,Second,group,2,369,462198.2515285751,3827674.7484714314,22.278689546721964,7.336926888775655e-10,9.224073500375663e-9
TAFI,Second,group,2,369,1570403.4499789365,2719469.550021083,106.54262943259192,2.994585126971965e-37,1.1030162420573199e-35
TAJ,Second,group,2,369,1812739.6221800796,2477133.3778199446,135.01512001205404,9.946364520498386e-45,9.874468871728665e-43
TAK1-TAB1,Second,group,2,369,97561.0346299829,4192311.965370017,4.293576202801298,0.014344636089962974,0.13042099680464167
TARC,Second,group,2,369,251935.29896690138,4037937.7010331014,11.511337247105354,1.414003589851858e-5,1.5402764374962012e-4
TBK1,Second,group,2,369,415824.04959941516,3874048.9504005904,19.80345063609974,6.7680470611698755e-9,8.236800399612316e-8
TBP,Second,group,2,369,1387896.5254058763,2901976.4745941386,88.23879558610031,4.797598779528019e-32,1.2792293217789726e-30
TCCR,Second,group,2,369,131894.47606999613,4157978.523930002,5.852490746372107,0.003146120248199076,0.029574071689622783
TCP2L,Second,group,2,369,2249.140839131549,4287623.859160868,0.09678239007210487,0.9077765558048119,1
TCPTP,Second,group,2,369,1477833.2399852634,2812039.760014758,96.96172744579192,1.4403250238430622e-34,4.5021998106441464e-33
TCTP,Second,group,2,369,444735.21531731635,3845137.7846826892,21.339585684786105,1.6992155788932743e-9,2.1157201654245274e-8
TEC,Second,group,2,369,525195.5431688852,3764677.4568311195,25.738879047615075,3.433807102483964e-11,4.500665077007728e-10
TECK,Second,group,2,369,146201.90159181925,4143671.09840818,6.509747082497208,0.0016656554027753556,0.016101906810512347
TF,Second,group,2,369,1037855.4880877216,3252017.5119122905,58.881705541488834,6.400401802954656e-23,1.1992323709684983e-21
TFF3,Second,group,2,369,171166.24525616737,4118706.7547438345,7.667497136908216,5.462388405079753e-4,0.005482541999211835
TFPI,Second,group,2,369,1060643.3776091174,3229229.622390892,60.599191154451276,1.7488552135723917e-23,3.338018679058426e-22
TGF-b R II,Second,group,2,369,1660927.0403226013,2628945.9596774173,116.56422141789538,5.803871118458761e-40,2.70819722481164e-38
TGF-b R III,Second,group,2,369,493945.7940649437,3795927.205935062,24.0080997503041,1.5781551966486824e-10,2.0247277781363848e-9
TGF-b1,Second,group,2,369,1727909.6974488944,2561963.302551126,124.4355603618015,4.9625237775337416e-42,2.88411114862554e-40
TGF-b2,Second,group,2,369,555523.1920725345,3734349.807927472,27.446284951614054,7.720913367001771e-12,1.0328972626835801e-10
TGF-b3,Second,group,2,369,290045.8657495277,3999827.134250474,13.37894374798168,2.4581433301341388e-6,2.7549592162690458e-5
TGM3,Second,group,2,369,52922.72385620978,4236950.27614379,2.304544994650613,0.1012390247756656,0.890433476607733
TIG2,Second,group,2,369,1676430.1995045552,2613442.800495467,118.35015931856317,1.9489471541635704e-40,9.577647018454788e-39
TIMD3,Second,group,2,369,753041.1100569344,3536831.889943075,39.282637436222785,3.414772447589746e-16,5.227552156215072e-15
TIMP-1,Second,group,2,369,1877465.9259962267,2412407.074003792,143.58789902377785,7.51858577896693e-47,1.639842023725849e-44
TIMP-2,Second,group,2,369,1420871.0436432827,2869001.956356732,91.37348511434399,5.8256244550338214e-33,1.6294418774923519e-31
TIMP-3,Second,group,2,369,485978.399378038,3803894.6006219676,23.571372001366015,2.3235675894577504e-10,2.971251390324404e-9
TLR2,Second,group,2,369,1255815.7613852168,3034057.238614801,76.36573398376434,1.7676130374311462e-28,4.099374522115486e-27
TLR4:MD-2 complex,Second,group,2,369,195190.11411554087,4094682.885884462,8.794960942754052,1.8562741693475943e-4,0.0019227746790515176
TMA,Second,group,2,369,1456217.6897006305,2833655.310299388,94.81469491833852,5.915984946848863e-34,1.7559218029374312e-32
TNF sR-I,Second,group,2,369,1871595.6878031031,2418277.312196921,142.79148328359864,1.1772736075666626e-46,2.096557459954523e-44
TNF sR-II,Second,group,2,369,280847.6220219275,4009025.3779780744,12.924933463299471,3.7554440637397494e-6,4.184745070705944e-5
TNF-a,Second,group,2,369,1613076.440702112,2676796.5592979123,111.18237666429138,1.618216437885935e-38,6.516965616534865e-37
TNF-b,Second,group,2,369,1263848.8220535694,3026024.1779464474,77.0582434100466,1.0838229312628597e-28,2.537813272645162e-27
TNFSF15,Second,group,2,369,293992.7613851987,3995880.2386148022,13.574396937975393,2.0488076879314442e-6,2.3015123858219005e-5
TNFSF18,Second,group,2,369,412049.03225806775,3877823.967741935,19.60456356039335,8.100361568129225e-9,9.83358328177864e-8
TNR4,Second,group,2,369,312401.35273033613,3977471.647269663,14.491127703779531,8.739976555346658e-7,9.950427593252424e-6
TPSB2,Second,group,2,369,184052.31841661409,4105820.681583386,8.270612718227559,3.0640625968101525e-4,0.0031336990416578783
TPSG1,Second,group,2,369,833848.4899852499,3456024.5100147584,44.51503337330835,4.802018675547687e-18,7.761339783318492e-17
TRAIL R1,Second,group,2,369,179860.3818785604,4110012.6181214415,8.07399965398692,3.6988253871698533e-4,0.003753226026275914
TRY3,Second,group,2,369,996864.3168880544,3293008.683111955,55.85210491824055,6.454866935197144e-22,1.1765043724621983e-20
TS,Second,group,2,369,721310.7442546953,3568562.2557453094,37.29284310529607,1.7742361711888393e-15,2.65743277414005e-14
TSG-6,Second,group,2,369,116603.52097828547,4173269.4790217136,5.155034854240174,0.006193025589448292,0.05729981900172028
TSH,Second,group,2,369,482311.815939283,3807561.1840607235,23.37100462451257,2.775575494176427e-10,3.5352809812469847e-9
TSLP,Second,group,2,369,377876.45820156345,3911996.5417984403,17.821643192490477,4.088066678542796e-8,4.865414769921225e-7
TSLP R,Second,group,2,369,1202236.234450784,3087636.765549232,71.83895065995998,4.4672088375326915e-27,9.765155187498985e-26
TSP2,Second,group,2,369,254623.91234450694,4035249.087655493,11.64193605080675,1.2504919483515925e-5,1.3659956974074013e-4
TSP4,Second,group,2,369,1882320.0000000256,2407552.9999999977,144.24938516410856,5.184981559310242e-47,1.5484233755602773e-44
TWEAK,Second,group,2,369,530255.8214210486,3759617.178578958,26.02185126975125,2.6791718282171594e-11,3.52108032088349e-10
TWEAKR,Second,group,2,369,1874600.5540797235,2415272.4459203053,143.19867011769867,9.359488115676035e-47,1.8282679080279924e-44
TXD12,Second,group,2,369,1196893.311669847,3092979.6883301698,71.39614166761832,6.1456912636606006e-27,1.3359036601185125e-25
TYK2,Second,group,2,369,782389.9549335958,3507483.0450664135,41.155137410654305,7.339834551276474e-17,1.1434681903352686e-15
Tenascin,Second,group,2,369,593827.4172464735,3696045.582753533,29.642805000351732,1.1522241909328164e-12,1.5817703809400403e-11
Testican-1,Second,group,2,369,628734.1269238913,3661138.8730761125,31.68452507238349,2.000742022510418e-13,2.8122457868565616e-12
Testican-2,Second,group,2,369,368036.6215475458,3921836.378452457,17.31402081142314,6.49843878540739e-8,7.682308424720303e-7
Thrombin,Second,group,2,369,1880776.3316993746,2409096.6683006533,144.03873359025746,5.835883020692477e-47,1.5655937173788152e-44
Thrombopoietin Receptor,Second,group,2,369,1398716.3247417393,2891156.6752582784,89.25948708462751,2.4083351388731488e-32,6.492923489863978e-31
Thrombospondin-1,Second,group,2,369,182739.53552603722,4107133.464473962,8.208996516959333,3.2502234041243767e-4,0.0033136156191908004
Thymidine kinase,Second,group,2,369,978341.5939279045,3311531.4060721067,54.50771922281084,1.8168945423238954e-21,3.2686177527920366e-20
Thyroglobulin,Second,group,2,369,512696.8661712068,3777176.1338288006,25.04319853167722,6.329317869820548e-11,8.212609501887289e-10
Thyroxine-Binding Globulin,Second,group,2,369,1547672.924098696,2742199.5759013263,104.13015048416167,1.390873016436824e-36,4.907788952951837e-35
Topoisomerase I,Second,group,2,369,1519396.966318809,2770476.0336812143,101.18432243333254,9.231835382840606e-36,3.1003881822859977e-34
TrATPase,Second,group,2,369,153141.07742989622,4136731.922570103,6.830157069559791,0.0012226098322469928,0.011980067582007144
Transferrin,Second,group,2,369,1744611.2072528144,2545261.792747206,126.46273505356204,1.4847052757442847e-42,9.207712991454907e-41
Transketolase,Second,group,2,369,1522849.7750896187,2767023.2249103943,101.54081143035339,7.334391784001004e-36,2.493353503086313e-34
Triosephosphate isomerase,Second,group,2,369,1091493.7855787566,3198379.2144212527,62.96332921727058,2.975625563766129e-24,5.816810185114673e-23
TrkA,Second,group,2,369,452423.0782205416,3837449.421779464,21.75196302469652,1.174580062997186e-9,1.4671937556484714e-8
TrkB,Second,group,2,369,27099.833913135342,4262773.166086865,1.1729264406445747,0.31061103839376053,1
TrkC,Second,group,2,369,583523.2905861316,3706349.709413873,29.047460588970377,1.925801234994431e-12,2.6251693863437943e-11
Tropomyosin 1 alpha chain,Second,group,2,369,1275026.971958694,3014846.0280413246,78.0280233678171,5.475445822698064e-29,1.2930148958369606e-27
Tropomyosin 2,Second,group,2,369,521513.80502846884,3768359.1949715386,25.53347280592216,4.1124407566771994e-11,5.372008666813504e-10
Trypsin,Second,group,2,369,938147.3033944895,3351725.6966055245,51.641510417030595,1.6828066655375506e-20,2.942843074891123e-19
Trypsin 2,Second,group,2,369,476928.2641787967,3812944.735821208,23.077508549841742,3.602184260340175e-10,4.573137909128289e-9
UB2L3,Second,group,2,369,169770.08396584587,4120102.916034155,7.602378175991879,5.814864221633638e-4,0.005833302097366278
UBC9,Second,group,2,369,302352.0579801821,3987520.4420198197,13.989634788953474,1.3921955197184755e-6,1.576686226244364e-5
UBE2N,Second,group,2,369,1756717.625975146,2533155.374024879,127.94888356075673,6.1604021659484934e-43,4.0399241689213964e-41
UFC1,Second,group,2,369,1298748.292483679,2991124.7075163396,80.11001994036044,1.2748840241880417e-29,3.0972749429477453e-28
UFM1,Second,group,2,369,1668703.76138522,2621169.2386148004,117.45744587567155,3.3600112697273588e-40,1.6025152987518083e-38
ULBP-1,Second,group,2,369,1851172.145741113,2438700.8542589075,140.0504946282252,5.555850541604315e-46,7.814970217858701e-44
ULBP-2,Second,group,2,369,1857020.349146137,2432852.650853889,140.83066407544595,3.567532308768267e-46,5.171491060333405e-44
ULBP-3,Second,group,2,369,656438.2637571236,3633434.736242884,33.3328842968086,4.9266909084111577e-14,7.04743904268024e-13
UNC5H3,Second,group,2,369,35850.09345350973,4254022.906546489,1.554844058783458,0.2126029288105371,1
UNC5H4,Second,group,2,369,1879125.2855260652,2410747.714473961,143.8137276240084,6.622197014458982e-47,1.5655937173788152e-44
UPK3L,Second,group,2,369,115269.41092135943,4174603.5890786424,5.094425341517182,0.006569220999697506,0.060693709208148684
URB,Second,group,2,369,298025.7784102913,3991847.2215897115,13.774514169608237,1.7005458232695015e-6,1.915838608544805e-5
Ubiquitin,Second,group,2,369,136848.38562091533,4153024.6143790847,6.079551529658768,0.0025249506207008156,0.024002308365034145
Ubiquitin+1,Second,group,2,369,478232.6700927741,3811640.3299072315,23.14854498201415,3.381814067231022e-10,4.296177651090543e-9
VCAM-1,Second,group,2,369,138218.74762808625,4151654.2523719156,6.142457292249836,0.0023757959237511415,0.02265099158164422
VEGF,Second,group,2,369,492533.55260384455,3797339.447396163,23.930554988367074,1.6902651511969696e-10,2.1671292897376047e-9
VEGF sR2,Second,group,2,369,1144257.8282205486,3145615.1717794645,67.11423927525878,1.3825574989945611e-25,2.83392976482662e-24
VEGF sR3,Second,group,2,369,1246014.2314990647,3043858.7685009483,75.52572021099205,3.204952080931078e-28,7.371144982081398e-27
VEGF-C,Second,group,2,369,257400.99156651925,4032471.5084334817,11.77701636445578,1.1013295115235205e-5,1.2078134734591899e-4
VEGF121,Second,group,2,369,573398.9390681079,3716474.0609318996,28.46571845345766,3.185596398038028e-12,4.3091807394100664e-11
VWC2L,Second,group,2,369,113826.46658233367,4176046.533417668,5.0289150076240645,0.007001723518474919,0.0646588692284039
Vasoactive Intestinal Peptide,Second,group,2,369,298823.7476280872,3991049.2523719165,13.814157117859684,1.6389635877867194e-6,1.849680498281596e-5
WFKN1,Second,group,2,369,360203.0436432669,3929669.956356735,16.91171581589936,9.390696776868504e-8,1.1034270696328034e-6
WFKN2,Second,group,2,369,155428.33122496493,4134444.668775037,6.936004568541579,0.0011040078716165519,0.01083980226590136
WIF-1,Second,group,2,369,42285.787897954695,4247587.212102046,1.8367434210519062,0.16078920932815455,1
WISP-1,Second,group,2,369,1124092.5711575071,3165780.428842504,65.5115173146703,4.494769597001375e-25,9.097973906164538e-24
WNT7A,Second,group,2,369,133593.28552603628,4156279.7144739637,5.930294126672667,0.0029176373461184952,0.027573171976949657
XEDAR,Second,group,2,369,343830.7871073182,3946042.2128926856,16.076052104571186,2.022275371574631e-7,2.3477934094828692e-06
XPNPEP1,Second,group,2,369,185502.74425469153,4104370.2557453075,8.338735100002733,2.8706931999630445e-4,0.00294058288860746
XTP3A,Second,group,2,369,1054331.9308454702,3235541.069154544,60.121085494927435,2.5073088607762309e-23,4.766920980500593e-22
YES,Second,group,2,369,1762616.2352941432,2527256.76470588,128.678138269665,4.006914120390717e-43,2.6749508414441694e-41
ZAP70,Second,group,2,369,112694.38815095834,4177178.6118490417,4.977549811940677,0.007360776253628725,0.06787774030464847
a1-Antichymotrypsin,Second,group,2,369,1746320.6266076532,2543552.3733923673,126.67172061387319,1.3116198437591061e-42,8.213006077765404e-41
a1-Antitrypsin,Second,group,2,369,1569209.7263862784,2720663.273613744,106.41493099354116,3.247141429058798e-37,1.193776819626631e-35
a2-Antiplasmin,Second,group,2,369,1794853.8652751585,2495019.1347248573,132.72464869484256,3.7508757218159246e-44,3.2074705472845475e-42
a2-HS-Glycoprotein,Second,group,2,369,425604.2201138558,3864268.779886148,20.320527138208003,4.245446602649514e-9,5.2158147168086985e-8
a2-Macroglobulin,Second,group,2,369,1878791.1290322836,2411081.8709677416,143.768225990321,6.793723516372655e-47,1.5655937173788152e-44
alpha-1-antichymotrypsin complex,Second,group,2,369,65570.8159392802,4224302.184060722,2.8638612991383714,0.058316988606077105,0.5161932455219513
amyloid precursor protein,Second,group,2,369,1786083.4525089846,2503789.5474910387,131.61345661743846,7.166380528153604e-44,5.6548438552865565e-42
annexin I,Second,group,2,369,165956.24963103374,4123916.750368967,7.42472021390496,6.897255643273086e-4,0.00686590154216984
annexin II,Second,group,2,369,163137.58486189926,4126735.4151381007,7.29363077085308,7.823913110811756e-4,0.007776382869486269
annexin VI,Second,group,2,369,1386142.6125342785,2903730.387465738,88.07405574447189,5.363361923530117e-32,1.42421510320958e-30
b-ECGF,Second,group,2,369,833558.8657495319,3456314.1342504746,44.49584290003761,4.876839369886107e-18,7.875712302933984e-17
b-Endorphin,Second,group,2,369,1878877.0193970324,2410995.9806029918,143.77992035974046,6.7492175714897505e-47,1.5655937173788152e-44
b-NGF,Second,group,2,369,647962.2846299885,3641910.71537002,32.825912236040814,7.57280068562661e-14,1.0777003293899448e-12
b2-Microglobulin,Second,group,2,369,781563.7252793666,3508309.2747206427,41.10199415800515,7.665826766476812e-17,1.1932966097742127e-15
bFGF,Second,group,2,369,873115.0000000112,3416758,47.146949681540825,5.832104212139456e-19,9.717514778161285e-18
bFGF-R,Second,group,2,369,309.33586337789893,4289563.664136622,0.013304958560327035,0.9867836345291536,1
cGMP-stimulated PDE,Second,group,2,369,1008404.1313514812,3281468.868648533,56.69734185562238,3.37754321567237e-22,6.2203692117182075e-21
cIAP-2,Second,group,2,369,1097276.9985241545,3192596.0014758613,63.411595495991286,2.1309011705021714e-24,4.207902318129067e-23
calgranulin B,Second,group,2,369,952681.5996205029,3337191.4003795083,52.66996526180491,7.547750854135424e-21,1.3380098059254164e-19
calreticulin,Second,group,2,369,629806.5317309774,3660066.46826903,31.747867453161287,1.8954708405368493e-13,2.666207101269078e-12
carbonic anhydrase II,Second,group,2,369,1636029.2260700194,2653843.773930001,113.73969906409428,3.3037287193616584e-39,1.4032790388477817e-37
complement factor H-related 5,Second,group,2,369,66859.58675943408,4223013.413240566,2.921040629053973,0.055124634208286435,0.48882771214463544
contactin-1,Second,group,2,369,1785394.2466793428,2504478.7533206814,131.5264655671689,7.539682994839291e-44,5.876538323409841e-42
discoidin domain receptor 1,Second,group,2,369,308906.85241408413,3980966.1475859196,14.31645288040432,1.0277254088525914e-6,1.1680060357003351e-5
dopa decarboxylase,Second,group,2,369,102052.12486822717,4187820.875131772,4.4960416406529,0.011770791494779588,0.10737171813180582
eIF-5,Second,group,2,369,1603526.3026038613,2686346.697396162,110.1312064884165,3.121778306047073e-38,1.2291673012294262e-36
eIF-5A-1,Second,group,2,369,140636.174573055,4149236.825426944,6.253529335737239,0.0021337275671504587,0.020433420807520232
"gp130, soluble",Second,group,2,369,280122.99140839465,4009750.008591609,12.889255391011751,3.882781839790874e-6,4.321677634700009e-5
gpIIbIIIa,Second,group,2,369,1038802.5939279073,3251070.406072104,58.95260780010563,6.06551729213142e-23,1.1386838626620725e-21
granzyme A,Second,group,2,369,298713.63672781363,3991159.363272191,13.80868588797641,1.6473274852400302e-6,1.8580394628604156e-5
hnRNP A/B,Second,group,2,369,1497377.8612692612,2792495.138730761,98.93167281564064,3.977445581958481e-35,1.2825184299827469e-33
hnRNP A2/B1,Second,group,2,369,952155.4322686181,3337717.567731393,52.63257710956134,7.7705194830767e-21,1.3762437478184973e-19
hnRNP K,Second,group,2,369,1238769.4868227025,3051103.5131773134,74.90829771317115,4.969440426994491e-28,1.1308742544483884e-26
iC3b,Second,group,2,369,1617230.8159393007,2672642.184060719,111.64198758827276,1.215018185724872e-38,4.903357532598491e-37
kallikrein 12,Second,group,2,369,132651.5701560201,4157221.429843979,5.887156868308607,0.0030421752201311466,0.02864705533879202
kallikrein 13,Second,group,2,369,1364287.763071911,2925585.236928106,86.03785974496739,2.139218472833556e-31,5.544076087867133e-30
kallikrein 14,Second,group,2,369,1444283.9249947486,2845589.075005269,93.64331150344948,1.2846055426978436e-33,3.7385209361714644e-32
kallikrein 5,Second,group,2,369,834955.4754374959,3454917.5245625135,44.5884117704734,4.526416016009226e-18,7.334212825067156e-17
kallikrein 8,Second,group,2,369,657766.2104153573,3632106.78958465,33.41252690301854,4.6053755374251866e-14,6.592668213197258e-13
p27Kip1,Second,group,2,369,1496574.0579802003,2793298.9420198184,98.85011215365573,4.1943542585887535e-35,1.3479818026577446e-33
p60-Src,Second,group,2,369,168642.90111743845,4121230.0988825643,7.549836944218148,6.115865343414852e-4,0.006122601099161422
pTEN,Second,group,2,369,816885.3984819837,3472987.6015180275,43.39645668589458,1.1850813501479366e-17,1.8948958137603535e-16
paraoxonase 1,Second,group,2,369,638475.249472917,3651397.7505270895,32.26125762682212,1.2238091686146846e-13,1.7327348376619943e-12
phosphoglycerate kinase 1,Second,group,2,369,1754940.1821632148,2534932.817836813,127.72980069957696,7.01152427650279e-43,4.551946124236033e-41
prostatic binding protein,Second,group,2,369,112076.58976386394,4177796.410236137,4.949530513446951,0.0075643819794120664,0.06965602771872147
resistin,Second,group,2,369,290326.13851992646,3999546.8614800735,13.392810338795252,2.4265675499963125e-6,2.7211418219410296e-5
sCD163,Second,group,2,369,1015001.8202087427,3274871.179791271,57.183267843973276,2.3298905488346584e-22,4.303171580999754e-21
sCD4,Second,group,2,369,1046520.6190175093,3243352.380982501,59.53193841683039,3.91218878728523e-23,7.401645872910503e-22
sE-Selectin,Second,group,2,369,736355.5659392886,3553517.43406072,38.231865872837396,8.13740274410355e-16,1.2282893942784274e-14
sFRP-3,Second,group,2,369,552305.6722011431,3737567.3277988625,27.263829005355298,9.050587087715683e-12,1.204966816715081e-10
sICAM-1,Second,group,2,369,482687.8446658291,3807185.1553341765,23.391535664103674,2.7254574421445327e-10,3.4760067567620837e-9
sICAM-2,Second,group,2,369,960069.0137044182,3329803.986295594,53.19614420472998,5.014713256467494e-21,8.914137443590104e-20
sICAM-3,Second,group,2,369,1383200.2808349319,2906672.719165085,87.7981377577827,6.465297544344643e-32,1.7098118246275563e-30
sICAM-5,Second,group,2,369,133919.15348934894,4155953.84651065,5.945225748724292,0.0028757344417440866,0.027203656469109255
sL-Selectin,Second,group,2,369,219887.4516129042,4069985.548387096,9.96790635747051,6.0797494642618024e-5,6.463098420019459e-4
sLeptin R,Second,group,2,369,457889.7609108188,3831983.239089186,22.046197912944436,9.029340849517332e-10,1.1307854425679342e-8
sRAGE,Second,group,2,369,1756924.5279359343,2532947.9720640946,127.97443097105091,6.068169655619611e-43,3.992928724385891e-41
sRANKL,Second,group,2,369,249558.231499054,4040314.768500949,11.396016486274577,1.576181678778213e-5,1.711175762112738e-4
sTie-1,Second,group,2,369,1081814.017552196,3208058.982447816,62.21665104364298,5.196539764539281e-24,1.00871879840042e-22
sTie-2,Second,group,2,369,197871.051233395,4092001.948766605,8.92160106706822,1.644987773936364e-4,0.0017075637533876915
suPAR,Second,group,2,369,1589956.653225826,2699916.3467741907,108.65040425072814,7.909218701566273e-38,3.034163133884925e-36
tPA,Second,group,2,369,797634.141946035,3492238.858053976,42.14015855463254,3.286084305535351e-17,5.169153167668202e-16
tau,Second,group,2,369,29903.991408390924,4259969.008591609,1.2951470782347778,0.2750995009899946,1
"transcription factor MLR1, isoform CRA_b",Second,group,2,369,269569.7305502854,4020303.2694497174,12.371110325051491,6.305987127082289e-6,6.974800957886045e-5
uPA,Second,group,2,369,358187.1257115798,3931685.874288424,16.80844472493545,1.0322681857854963e-7,1.2107386433218954e-6
vWF,Second,group,2,369,1782219.1969745117,2507653.8030255116,131.12633069408272,9.525111594713414e-44,7.222473659911425e-42
14-3-3,Third,group,2,323,601697.8667493742,2285439.6332506207,42.51882397865454,4.056199640709364e-17,6.370253438738949e-16
17-beta-HSD 1,Third,group,2,323,122800.76687344722,2764336.7331265514,7.174351667219192,8.942141891271984e-4,0.008833541660834119
3HIDH,Third,group,2,323,733904.0873449049,2153233.4126550867,55.0453608092826,2.6836031410114495e-21,4.8100068445673046e-20
4-1BB,Third,group,2,323,1348784.51129031,1538352.9887096775,141.59864489624906,6.983094359744157e-45,7.287705693469906e-43
4-1BB ligand,Third,group,2,323,464755.7836228232,2422381.7163771717,30.9852318268568,4.894187708348472e-13,6.785915474535104e-12
40S ribosomal protein SA,Third,group,2,323,508755.0707195974,2378382.4292803975,34.54614485445659,2.5351084901678375e-14,3.661450274924759e-13
41,Third,group,2,323,1392532.9119106554,1494604.5880893306,150.47061079952286,6.614594364601143e-47,1.5655937173788152e-44
4EBP2,Third,group,2,323,476495.82183622196,2410641.678163772,31.922651932728183,2.233205610598815e-13,3.132192747503488e-12
6-Phosphogluconate dehydrogenase,Third,group,2,323,8877.105459056795,2878260.3945409427,0.4980968832273868,0.6081520500862806,1
6Ckine,Third,group,2,323,550568.6667493745,2336568.83325062,38.0544490770783,1.4452552611680642e-15,2.171390357017175e-14
ABL1,Third,group,2,323,83063.19416873343,2804074.305831265,4.7840051279503,0.00896419132125944,0.08219513602061097
ABL2,Third,group,2,323,282514.82642679615,2604622.6735732015,17.51737206730773,5.988139245511785e-8,7.087676746452445e-7
ACE2,Third,group,2,323,423784.94057071535,2463352.5594292814,27.783789064293444,7.345909262105294e-12,9.83407275077111e-11
ACTH,Third,group,2,323,876538.0328784031,2010599.46712159,70.4073061913834,4.183910793322093e-26,8.780040980042386e-25
ADAM 9,Third,group,2,323,1124512.0861042093,1762625.4138957819,103.03306673902736,2.45102887107655e-35,8.023236481122101e-34
ADAM12,Third,group,2,323,332937.4975186074,2554200.00248139,21.05136864655017,2.5478302035410787e-9,3.150117031442307e-8
ADAMTS-4,Third,group,2,323,128487.28846153524,2758649.7115384634,7.522048558664428,6.41224698973602e-4,0.006402798598861288
ADAMTS-5,Third,group,2,323,147726.26910669776,2739411.230893301,8.70909492947937,2.070841830600827e-4,0.0021404604153185468
AGR2,Third,group,2,323,1188719.5787841089,1698417.921215881,113.03355291741049,6.119289723242235e-38,2.3709322787693353e-36
AIF1,Third,group,2,323,1359209.461042167,1527928.03895782,143.66666646685565,2.3287476781616448e-45,2.7563505272915128e-43
AIP,Third,group,2,323,87023.72282878449,2800113.777171215,5.019200059451489,0.007134705254159341,0.06585558670540584
AK1A1,Third,group,2,323,1261157.695905693,1625979.804094293,125.26414373407428,5.36537668026974e-41,2.792204643527895e-39
ALCAM,Third,group,2,323,575613.6719602928,2311523.828039703,40.21659084536618,2.5356626953937803e-16,3.897121897826887e-15
ALK-1,Third,group,2,323,1140662.0571960171,1746475.4428039698,105.4792513666245,5.5430020882386904e-36,1.9043749223498823e-34
ALT,Third,group,2,323,1370387.5941687215,1516749.9058312655,145.91568168712286,7.11395645282687e-46,9.72475609057717e-44
AMHR2,Third,group,2,323,170072.2244416857,2717065.275558313,10.108945300067658,5.5165254570421713e-5,5.874011838549226e-4
AMNLS,Third,group,2,323,576140.6054590521,2310996.8945409423,40.26258451555374,2.4439984014824517e-16,3.765184237273633e-15
AMPK a1b1g1,Third,group,2,323,1137611.2183622704,1749526.2816377175,105.01369067375421,7.3478456314606e-36,2.493560182513656e-34
AMPK a2b2g1,Third,group,2,323,1194626.7604218232,1692510.7395781646,113.99172678585792,3.4860243914424886e-38,1.3615383931723912e-36
AMPM2,Third,group,2,323,287625.7604218335,2599511.7395781633,17.869340461476067,4.360406116509967e-8,5.180011780742651e-7
AN32B,Third,group,2,323,1346014.7679900615,1541122.7320099254,141.05390863120104,9.337186781440391e-45,9.342652080852635e-43
ANGL3,Third,group,2,323,91360.69590570685,2795776.804094292,5.277514416445536,0.005554657568291145,0.05156548626378412
ANGL4,Third,group,2,323,421418.8090570681,2465718.6909429287,27.60215020176922,8.577952309888196e-12,1.1451834956312269e-10
ANR63,Third,group,2,323,927.3449131515808,2886210.155086849,0.05189026281056575,0.9494409622625695,1
AREG,Third,group,2,323,966943.5122828668,1920193.9877171211,81.32583386501486,2.4816385039473154e-29,5.969264782296859e-28
ARGI1,Third,group,2,323,161702.29975185916,2725435.200248139,9.58192710197168,9.065577630573174e-5,9.563866773424417e-4
ARI3A,Third,group,2,323,1197885.5147642544,1689251.985235732,114.52318086660723,2.553616688554443e-38,1.0116155287822988e-36
ARMEL,Third,group,2,323,77159.94416873297,2809977.555831266,4.434672781421551,0.012589672167580328,0.1146797747041676
ARP19,Third,group,2,323,211567.13411910366,2675570.365880893,12.770395649447211,4.5946124123831864e-06,5.0993512936727426e-5
ARSB,Third,group,2,323,1026808.5416873351,1860328.958312655,89.1399226687921,1.4902118905281493e-31,3.8828231569761114e-30
ART,Third,group,2,323,842364.0937965175,2044773.4062034737,66.5314800825418,6.3635852442365125e-25,1.2774127645206143e-23
ARTS1,Third,group,2,323,7675.640322580934,2879461.859677419,0.4305026329592338,0.6505547193126963,1
ASAH2,Third,group,2,323,785304.7861042116,2101832.713895783,60.341016731419444,5.421316522297954e-23,1.0217000131469221e-21
ASAHL,Third,group,2,323,800685.3405707113,2086452.1594292803,61.97634674621104,1.655638836847964e-23,3.1632080467654025e-22
ASGR1,Third,group,2,323,645720.2029776629,2241417.297022332,46.52583564846718,1.753569977896405e-18,2.882232847722302e-17
ASM3A,Third,group,2,323,1246538.7122828627,1640598.7877171228,122.70885699837167,2.2771380537604858e-40,1.1023026406493773e-38
ATP synthase beta chain,Third,group,2,323,99920.28151364438,2787217.2184863547,5.789690648229098,0.003385250407632194,0.03177577298511362
ATS1,Third,group,2,323,1332341.3112903123,1554796.1887096765,138.3931368856502,3.888382260568496e-44,3.2960161444044956e-42
ATS13,Third,group,2,323,923899.3782878316,1963238.1217121587,76.00186036697248,8.905124594016743e-28,2.0076717505821834e-26
ATS15,Third,group,2,323,141565.92667493643,2745571.5733250626,8.327190367255223,2.9764341119756406e-4,0.00304729009255182
AURKB,Third,group,2,323,66932.99516128981,2820204.50483871,3.8329414409493396,0.02263712096647664,0.20390589264927514
Activated Protein C,Third,group,2,323,653079.6570719546,2234057.842928039,47.21111628823571,1.0309835626790625e-18,1.7061200572376115e-17
Activin A,Third,group,2,323,71113.90744416742,2816023.5925558326,4.078409031299808,0.017814131135925546,0.16121045655950836
Activin AB,Third,group,2,323,1323062.1766749206,1564075.3233250622,136.6139714286584,1.016521882844876e-43,7.677847262844885e-42
Activin RIB,Third,group,2,323,132256.99267989956,2754880.5073200986,7.753332408083988,5.14162857442738e-4,0.005171294259966568
Adiponectin,Third,group,2,323,906620.6631513569,1980516.8368486343,73.92981184240979,3.666384336072889e-27,8.059964791917968e-26
Afamin,Third,group,2,323,1256286.5057071825,1630850.9942928026,124.40760767337343,8.697824391180467e-41,4.419805231113205e-39
Aflatoxin B1 aldehyde reductase,Third,group,2,323,952042.6183622738,1935094.881637717,79.45599170588514,8.648078922080324e-29,2.0303165553375583e-27
Aggrecan,Third,group,2,323,213637.971960295,2673499.528039702,12.905381919736502,4.054544055644625e-6,4.507685873588075e-5
Albumin,Third,group,2,323,1402631.9999999853,1484505.5000000002,152.59294627065887,2.212923722672904e-47,1.3224259277090574e-44
"Alkaline phosphatase, bone",Third,group,2,323,89823.6074441676,2797313.892555831,5.185872290141474,0.006070271709534497,0.056190844580277545
"Alkaline phosphatase, liver",Third,group,2,323,72822.31029776623,2814315.189702233,4.178921805248684,0.016151045031634618,0.14650171682731722
Aminoacylase-1,Third,group,2,323,316032.42878411524,2571105.0712158824,19.851089642360677,7.3935957856324056e-9,8.992463342022076e-8
Angiogenin,Third,group,2,323,683835.7191066933,2203301.7808933,50.1245310984838,1.0988859706947567e-19,1.872771381996896e-18
Angiopoietin-1,Third,group,2,323,1402368.2538461399,1484769.246153847,152.53715254598168,2.2773331857504366e-47,1.3224259277090574e-44
Angiopoietin-2,Third,group,2,323,1119878.9260545787,1767258.5739454087,102.33954964159156,3.7451541117183266e-35,1.2096259104278294e-33
Angiopoietin-4,Third,group,2,323,1091488.472580635,1795649.0274193557,98.16806381985984,4.912119186016871e-34,1.4737386542202448e-32
Angiostatin,Third,group,2,323,575730.6042183558,2311406.895781638,40.22679552914532,2.5150308497422656e-16,3.871543020028665e-15
Angiotensinogen,Third,group,2,323,1047557.3683622712,1839580.1316377162,91.96691792919675,2.4354302281733566e-32,6.556865677259658e-31
Antithrombin III,Third,group,2,323,191734.11029776465,2695402.889702233,11.48810032496098,1.5144048626548408e-5,1.6459490984231792e-4
Apo A-I,Third,group,2,323,1345388.4691066844,1541749.0308933002,140.93100330008693,9.970431565759056e-45,9.874468871728665e-43
Apo B,Third,group,2,323,1352831.7225806315,1534305.777419355,142.39816235604033,4.563300975536425e-45,5.004511677960834e-43
Apo D,Third,group,2,323,903880.8580645074,1983256.6419354843,73.60457315043072,4.583520050398716e-27,9.996891724319177e-26
Apo E,Third,group,2,323,975354.7991315024,1911782.7008684846,82.39419678197713,1.2213107026447771e-29,2.9708390994526067e-28
Apo E2,Third,group,2,323,136483.57518610219,2750653.924813896,8.013402628993695,4.012456626514054e-4,0.004060856168466992
Apo E3,Third,group,2,323,916776.0477667423,1970361.4522332503,75.1432340226283,1.5983328319797326e-27,3.586798443037217e-26
Apo E4,Third,group,2,323,939342.8944168643,1947794.6055831264,77.88494588365842,2.4872767277862193e-28,5.754637945111495e-27
Artemin,Third,group,2,323,134844.21104217973,2752293.2889578193,7.912434394503869,4.4177366933697263e-4,0.0044593997241735885
Arylsulfatase A,Third,group,2,323,1085756.079900733,1801381.420099255,97.34174281330532,8.21904073421556e-34,2.4283519046947819e-32
Aurora kinase A,Third,group,2,323,1239747.278411899,1647390.221588089,121.53719430877149,4.4374769378119434e-40,2.085652338861177e-38
Azurocidin,Third,group,2,323,1267658.99267989,1619478.5073200988,126.41534073618726,2.80929243124312e-41,1.5105865263197144e-39
B7,Third,group,2,323,102818.24491315009,2784319.2550868485,5.963808397020834,0.002861722016968124,0.02708430176416088
B7-2,Third,group,2,323,1136749.6686104096,1750387.8313895788,104.88251128599234,7.955932253947517e-36,2.6811706239311312e-34
B7-H1,Third,group,2,323,1057871.6258064406,1829265.8741935492,93.39608308336234,9.822282476519475e-33,2.7237687896184266e-31
B7-H2,Third,group,2,323,1400326.513151349,1486810.9868486347,152.1059057770915,2.8432135682927353e-47,1.3224259277090574e-44
BAFF,Third,group,2,323,1210647.3361042095,1676490.163895783,116.6243315895673,7.503554557481815e-39,3.066403446954844e-37
BAFF Receptor,Third,group,2,323,895207.7767989996,1991929.7232009924,72.58090196109305,9.273783010538637e-27,1.995750523752764e-25
BARK1,Third,group,2,323,774687.1384615311,2112450.3615384605,59.22599420060239,1.2232797005680875e-22,2.2744748019117993e-21
BASI,Third,group,2,323,750662.0110421772,2136475.4889578167,56.743882815360145,7.598313225095283e-22,1.381025823012242e-20
BCAM,Third,group,2,323,660387.7529776618,2226749.7470223317,47.89609710229498,6.073470888806359e-19,1.0102339459335278e-17
BCAR3,Third,group,2,323,14257.91612903215,2872879.5838709674,0.8015140863426157,0.4495394291111304,1
BCL2-like 1 protein,Third,group,2,323,904783.4244416778,1982354.0755583125,73.71161632978047,4.258653416884058e-27,9.31975588381297e-26
BCMA,Third,group,2,323,409740.4186104182,2477397.081389577,26.7107271993983,1.8399112053785597e-11,2.426302321849226e-10
BDNF,Third,group,2,323,1212157.1147642569,1674980.385235733,116.87502478238048,6.487459517922951e-39,2.673681143769372e-37
BFL1,Third,group,2,323,937684.49999999,1949452.9999999998,77.68130175490171,2.853751698946384e-28,6.579000978991124e-27
BGH3,Third,group,2,323,996409.0129032168,1890728.4870967758,85.11008147497854,2.0422765388104206e-30,5.12850654213726e-29
BGN,Third,group,2,323,1268991.5911910534,1618145.908808933,126.65244886859841,2.459570173210376e-41,1.3373554785358123e-39
BLC,Third,group,2,323,29571.311910669785,2857566.18808933,1.6712707805261429,0.18962962162914085,1
BMP RII,Third,group,2,323,1316762.5218362182,1570374.9781637716,135.41806908131443,1.9455737670591823e-43,1.3987490261910305e-41
BMP-1,Third,group,2,323,706587.5315136411,2180549.9684863524,52.33261699509055,2.0555116974292632e-20,3.578499366590115e-19
BMP-14,Third,group,2,323,1051156.4411910553,1835981.058808933,92.46378901233655,1.7750790356496927e-32,4.82915957047858e-31
BMP-6,Third,group,2,323,32216.050744416192,2854921.4492555833,1.8224291938329376,0.16329067282144816,1
BMP-7,Third,group,2,323,897684.7997518505,1989452.7002481392,72.87235084394888,7.585484108942637e-27,1.6396940686585509e-25
BMP10,Third,group,2,323,1249961.3921836128,1637176.107816377,123.303023953178,1.6252148082138619e-40,8.068445556225818e-39
BMPER,Third,group,2,323,518508.2903225748,2368629.20967742,35.35339703866108,1.305516898969315e-14,1.8996890862981576e-13
BMPR1A,Third,group,2,323,149162.0557071953,2737975.4442928038,8.79835209878378,1.9027253619788534e-4,0.0019687888108182792
BMX,Third,group,2,323,1123776.8497518527,1763360.650248139,102.92276920741372,2.6217961532672225e-35,8.567780593581302e-34
BNP,Third,group,2,323,5235.114267989993,2881902.3857320095,0.2933725161775847,0.7459427862221177,1
BNP-32,Third,group,2,323,1384562.264764259,1502575.2352357316,148.81571352688192,1.5615453014850128e-46,2.6130785091584744e-44
BOC,Third,group,2,323,1387822.4497518486,1499315.0502481398,149.49047940112987,1.0995308106809614e-46,2.0135267225514983e-44
BPI,Third,group,2,323,403577.17679900397,2483560.323200993,26.243660540136737,2.7483379118172955e-11,3.6095374671707833e-10
BPSA,Third,group,2,323,3848.3411910668947,2883289.158808933,0.21555489863321367,0.8062098783666833,1
BRF-1,Third,group,2,323,38734.89131513517,2848402.6086848644,2.196208123219857,0.11288234169887722,0.989701555941235
BSP,Third,group,2,323,1398342.1167493649,1488795.3832506211,151.6879044600088,3.526619736788368e-47,1.338566211380156e-44
BSSP4,Third,group,2,323,1296701.8071960192,1590435.6928039705,131.67293893722294,1.5113196538894805e-42,9.342918093705663e-41
BST1,Third,group,2,323,824180.6328784055,2062956.867121589,64.52154881724795,2.6586601703743464e-24,5.207688926409454e-23
BTG,Third,group,2,323,138876.51066997368,2748260.9893300245,8.160999468492408,3.486315209799578e-4,0.003548720677458464
BTK,Third,group,2,323,1346578.7513647503,1540558.7486352357,141.16467063528975,8.801236887990806e-45,8.898121695278953e-43
Bcl-2,Third,group,2,323,969495.7965260474,1917641.7034739456,81.64902278424191,2.001933778552397e-29,4.839383302177211e-28
Bone proteoglycan II,Third,group,2,323,507162.8590570665,2379974.6409429284,34.41498927285434,2.8244585303855715e-14,4.076324768737502e-13
C1-Esterase Inhibitor,Third,group,2,323,1285402.228411901,1601735.2715880896,129.60472530688426,4.7414192343771615e-42,2.7638850904648666e-40
C1QBP,Third,group,2,323,73237.05322580598,2813900.4467741936,4.203341347604117,0.0157711591469709,0.1431896979043792
C1q,Third,group,2,323,265772.27605458815,2621365.2239454077,16.373995577088603,1.6853909253243352e-7,1.9649082352114033e-6
C1r,Third,group,2,323,1388879.1669975063,1498258.3330024816,149.70982008195895,9.811972418476745e-47,1.8857790403285253e-44
C1s,Third,group,2,323,1070008.3926798904,1817128.6073200994,95.09858285300842,3.351977646796146e-33,9.554541725391802e-32
C2,Third,group,2,323,180814.0879652598,2706323.412034739,10.79009074692756,2.9095421117567865e-5,3.130718169068992e-4
C3,Third,group,2,323,860719.5066997434,2026417.9933002482,68.59700258860288,1.4833471852054192e-25,3.037318490003986e-24
C34 gp41 HIV Fragment,Third,group,2,323,782312.3379652537,2104825.1620347397,60.02562343907556,6.821695206131643e-23,1.274478821735327e-21
C3a,Third,group,2,323,206006.51129032252,2681130.9887096747,12.4089616335376,6.424897270407939e-6,7.09823357171153e-5
C3adesArg,Third,group,2,323,208240.0249379631,2678897.475062034,12.55395711875919,5.615817385000107e-6,6.229178669225185e-5
C3b,Third,group,2,323,336282.6636476391,2550854.836352358,21.290764729189686,2.0618246045318095e-9,2.5590031982348637e-8
C3d,Third,group,2,323,1059301.3776674857,1827836.1223325054,93.59546537191038,8.65706697138997e-33,2.404083019610327e-31
C4,Third,group,2,323,318220.7054590513,2568916.794540947,20.005569678569678,6.44369697462739e-9,7.856839924222155e-8
C4b,Third,group,2,323,1067361.3776674839,1819776.1223325068,94.72531284362124,4.2403809844597735e-33,1.1963886920195606e-31
C5,Third,group,2,323,232310.5526054562,2654826.9473945405,14.132052668292246,1.3072331586699952e-6,1.4821943538610184e-5
C5a,Third,group,2,323,157265.51910670055,2729871.980893297,9.303872677363067,1.1789146220028045e-4,0.0012323279821120567
"C5b, 6 Complex",Third,group,2,323,1517.6378411911428,2885619.862158809,0.08493790695251344,0.9185898293741267,1
C6,Third,group,2,323,181602.16054590372,2705535.3394540944,10.840275675009744,2.775859961644963e-5,2.991849197852013e-4
C7,Third,group,2,323,45277.6183622824,2841859.881637717,2.5730808942257313,0.07786346928659522,0.6879542418344711
C8,Third,group,2,323,32264.07990074437,2854873.420099254,1.8251768597814257,0.16284761694524133,1
C9,Third,group,2,323,962656.4725806352,1924481.027419355,80.78490673937677,3.55758966168123e-29,8.483739192916522e-28
CAD15,Third,group,2,323,220957.546029774,2666179.953970223,13.384184226076076,2.60406349183463e-6,2.9134525495050468e-5
CAMK1,Third,group,2,323,1264040.824937953,1623096.175062035,125.77356558657225,4.028220081748016e-41,2.113330036268206e-39
CAMK1D,Third,group,2,323,966684.2169975108,1920453.2830024809,81.29304806676534,2.5363495652265363e-29,6.085782774281899e-28
CAMK2A,Third,group,2,323,1364459.8590570572,1522677.6409429288,144.71892231979913,1.3356455535211909e-45,1.6835513266393829e-43
CAMK2B,Third,group,2,323,1188618.1861042064,1698518.8138957825,113.01719797588753,6.178450107106113e-38,2.3890854661116248e-36
CAMK2D,Third,group,2,323,1364916.3187344782,1522221.1812655097,144.81074642014823,1.2725133016117323e-45,1.6250794642001414e-43
CAPG,Third,group,2,323,1052687.481513635,1834450.018486352,92.67574834485298,1.5513298508995323e-32,4.241326051422359e-31
CATC,Third,group,2,323,1022482.4199751769,1864655.0800248147,88.55842165929879,2.1685184776849204e-31,5.605044301381585e-30
CATE,Third,group,2,323,1154748.1297766634,1732389.370223324,107.65006191124937,1.4988351955427745e-36,5.261197569114557e-35
CATZ,Third,group,2,323,569236.0944168689,2317901.405583126,39.66157880006834,3.9567610659878456e-16,6.038215015384402e-15
CBG,Third,group,2,323,483543.1707195984,2403594.329280397,32.48976797785793,1.391819911442891e-13,1.966310833488158e-12
CBPE,Third,group,2,323,825757.5941687266,2061379.9058312674,64.6944559229469,2.349779725888331e-24,4.6260049897826227e-23
CBX5,Third,group,2,323,650106.5266749323,2237030.9733250616,46.93372837030684,1.2780019921916289e-18,2.1112979386355864e-17
CCL28,Third,group,2,323,75872.63784118975,2811264.8621588093,4.358689633371138,0.013556229895458754,0.12331058828230011
CD109,Third,group,2,323,121326.00074441545,2765811.499255583,7.0844123417293074,9.746536406855213e-4,0.009603730020325775
CD22,Third,group,2,323,546728.042183619,2340409.4578163764,37.72697914792909,1.8842427567864386e-15,2.8135158210918016e-14
CD226,Third,group,2,323,1092075.413151353,1795062.086848635,98.25296880598401,4.659497504123218e-34,1.4022815767057844e-32
CD23,Third,group,2,323,1201865.0174937847,1685272.4825062023,115.17496567474623,1.7447367203605457e-38,6.997459593156501e-37
CD27,Third,group,2,323,1348257.4570719483,1538880.0429280405,141.49483601256992,7.380298469341274e-45,7.620297659960131e-43
CD30,Third,group,2,323,529998.1042183568,2357139.3957816376,36.312953737248556,5.952844057013572e-15,8.747371021691898e-14
CD30 Ligand,Third,group,2,323,1359352.454218351,1527785.0457816378,143.69522856793384,2.29381356908282e-45,2.7316582971301644e-43
CD36 ANTIGEN,Third,group,2,323,1213942.4169975072,1673195.0830024807,117.17205144620112,5.461055462165925e-39,2.2699462106258256e-37
CD39,Third,group,2,323,380840.5862282845,2506296.913771712,24.540490130240908,1.1974457403184052e-10,1.5383219556618512e-9
"CD40 ligand, soluble",Third,group,2,323,550378.6884615333,2336758.811538461,38.03822531774997,1.4643572763433196e-15,2.1983881992799208e-14
CD48,Third,group,2,323,1397708.9018610297,1489428.5981389568,151.55475591955616,3.777318832905451e-47,1.3456692236452215e-44
CD5L,Third,group,2,323,113193.69032257888,2773943.8096774193,6.590177105722395,0.0015659431468622728,0.015168203016731153
CD70,Third,group,2,323,1213491.1475185994,1673646.352481389,117.09691239949875,5.7041478455800373e-39,2.3659239458963674e-37
CD97,Third,group,2,323,623130.6042183563,2264006.895781637,44.450214691824335,8.85645335963325e-18,1.4231437342740666e-16
CDC37,Third,group,2,323,1168897.6183622722,1718239.8816377171,109.86647870469444,3.985996237944988e-37,1.459879043520639e-35
CDK1/cyclin B,Third,group,2,323,116886.45669975085,2770251.0433002478,6.814242630704354,0.0012628245054059468,0.012342968373615981
CDK2/cyclin A,Third,group,2,323,491437.97518609976,2395699.524813895,33.12904317527909,8.181406473937543e-14,1.1626075266451247e-12
CDK5/p35,Third,group,2,323,116907.84168734262,2770229.6583126555,6.81554194463646,0.0012612511153948219,0.01233380028081992
CDK8/cyclin C,Third,group,2,323,931935.2169975084,1955202.2830024804,76.97798782946013,4.591587062748814e-28,1.0473434546368419e-26
CDON,Third,group,2,323,1402631.999999986,1484505.500000001,152.5929462706589,2.2129237226728095e-47,1.3224259277090574e-44
CFC1,Third,group,2,323,933954.9018610327,1953182.5981389575,77.22458555297135,3.8857391975789973e-28,8.89474814528565e-27
CG073,Third,group,2,323,64556.416997517925,2822580.583002481,3.6937338150355936,0.02593591558614058,0.23297143598893136
CHK1,Third,group,2,323,134613.5013647629,2752523.998635236,7.898234667958729,4.4779466219124737e-4,0.004517828119179366
CHL1,Third,group,2,323,1114475.5782878313,1772661.9217121594,101.53532587851839,6.13181964015353e-35,1.954465186136714e-33
CHST2,Third,group,2,323,1342802.002977655,1544335.4970223338,140.42448930237538,1.3070165480041536e-44,1.255988249084078e-42
CHST6,Third,group,2,323,1258494.6766749285,1628642.8233250622,124.79525121907884,6.988415692738414e-41,3.5982657873767833e-39
CK-BB,Third,group,2,323,1182320.3990074333,1704817.100992556,112.00306726658899,1.1232270746811872e-37,4.241898805345374e-36
CK-MB,Third,group,2,323,1017250.0153846066,1869886.9846153846,87.85872025223266,3.4095459748097296e-31,8.766080585505648e-30
CK-MM,Third,group,2,323,104982.5668734475,2782154.933126552,6.0940835279106125,0.002523979152629983,0.024002308365034145
CK094,Third,group,2,323,214074.3900744398,2673062.609925558,12.933858664083012,3.949033351682971e-6,4.392899116759462e-5
CK2-A1:B,Third,group,2,323,1400050.0602977523,1487087.4397022333,152.0476057435881,2.929878486141663e-47,1.3224259277090574e-44
CK2-A2:B,Third,group,2,323,1389977.346029765,1497160.1539702225,149.9380949917211,8.716215919593834e-47,1.8282679080279924e-44
CKAP2,Third,group,2,323,201523.1990074427,2685614.3009925555,12.118641395256784,8.41495843365642e-6,9.259963050857722e-5
CLC1B,Third,group,2,323,466453.2749379603,2420684.2250620355,31.120211022381508,4.3703235022854565e-13,6.068233361697944e-12
CLC4K,Third,group,2,323,886001.9564516074,2001135.543548386,71.50405999646111,1.9528085410085234e-26,4.151879570098419e-25
CLC7A,Third,group,2,323,163867.20297766523,2723270.2970223324,9.717931161599973,7.973701386727332e-5,8.434896506194753e-4
CLF-1/CLC Complex,Third,group,2,323,17266.844416872133,2869870.6555831274,0.9716798099941673,0.3795502116114012,1
CLM6,Third,group,2,323,1247521.7476426694,1639615.7523573204,122.8792550660881,2.0670464177145697e-40,1.0132366790791596e-38
CNDP1,Third,group,2,323,70678.92605458992,2816458.5739454087,4.05283665927533,0.018264082828823858,0.1651283658644399
CNTF,Third,group,2,323,1272741.3776674834,1614396.1223325068,127.32174566693068,1.6909705790514275e-41,9.432192746370038e-40
CNTFR alpha,Third,group,2,323,843152.806451604,2043984.6935483895,66.61947062115334,5.979194914267432e-25,1.2039862764509761e-23
CNTN2,Third,group,2,323,1350882.4219602847,1536255.0780397023,142.01255655081243,5.6018567770201354e-45,6.007714496649801e-43
CO8A1,Third,group,2,323,1323806.5167493648,1563330.9832506222,136.75591077359744,9.413042039773818e-44,7.165486421234041e-42
COLEC12,Third,group,2,323,973542.0249379543,1913595.475062035,82.16315259753769,1.4233143714112294e-29,3.453557625675347e-28
COMMD7,Third,group,2,323,1214901.254218352,1672235.7457816359,117.33187324288004,4.9780906950948665e-39,2.0736370672149616e-37
CONA1,Third,group,2,323,1402631.9999999863,1484505.5000000007,152.59294627065893,2.2129237226727463e-47,1.3224259277090574e-44
COX-2,Third,group,2,323,110948.19900744222,2776189.3009925564,6.454219146113611,0.0017845543384778823,0.017199909813518103
CPNE1,Third,group,2,323,54374.99119106727,2832762.508808932,3.099999046884334,0.046392286349075114,0.4127118032772765
CRDL1,Third,group,2,323,144501.0477667451,2742636.452233252,8.508936426964913,2.504236620804698e-4,0.0025760798552821413
CRIS3,Third,group,2,323,555554.3276674883,2331583.172332505,38.48115948981646,1.023590624614759e-15,1.5426460655062835e-14
CRK,Third,group,2,323,1254856.8696029673,1632280.6303970225,124.15719494973486,1.0020018965065536e-40,5.0783850786829957e-39
CRP,Third,group,2,323,417561.047766746,2469576.4522332503,27.306750982884807,1.1041644376293512e-11,1.4640251528820735e-10
CRTAM,Third,group,2,323,270650.49491314916,2616487.0050868476,16.70562660678024,1.2475414609531133e-7,1.457899449391521e-6
CS084,Third,group,2,323,132731.68734491197,2754405.812655086,7.782501549958636,5.000507159114058e-4,0.0050319658517608765
CSF-1,Third,group,2,323,367657.0606699721,2519480.439330024,23.567007852614967,2.794016780493943e-10,3.5564362305310935e-9
CSK,Third,group,2,323,1180560.7449131394,1706576.7550868485,111.7210578048505,1.3268592510637353e-37,4.9914993006269116e-36
CSK21,Third,group,2,323,915428.9787841097,1971708.521215881,74.98155963867573,1.7848518729002916e-27,3.9777719759840234e-26
CTACK,Third,group,2,323,509208.9911910612,2377928.5088089337,34.58356791329598,2.4581543309971338e-14,3.552949156175754e-13
CTAP-III,Third,group,2,323,1389944.3977667408,1497193.1022332509,149.931241270411,8.747249507440841e-47,1.8282679080279924e-44
CTGF,Third,group,2,323,214766.69590570498,2672370.8040942936,12.979045174281701,3.7872501758757625e-6,4.217765856336097e-5
CTLA-4,Third,group,2,323,435858.9602977615,2451278.539702233,28.71612546187395,3.3221486710132136e-12,4.4907665948438026e-11
"CXCL16, soluble",Third,group,2,323,661215.5941687268,2225921.905831266,47.97397347072257,5.719480940902702e-19,9.546249082503874e-18
CYTD,Third,group,2,323,174997.00545905437,2712140.4945409438,10.420557651243985,4.1154899919471224e-5,4.4136595899529603e-4
CYTF,Third,group,2,323,383715.597518608,2503421.9024813883,24.75414509149678,9.948386609897788e-11,1.2831340027541e-9
CYTN,Third,group,2,323,938730.3491315064,1948407.1508684861,77.8096874245004,2.6168444912457634e-28,6.047202173204224e-27
CYTT,Third,group,2,323,1091132.4328784023,1796005.0671215889,98.11658727237437,5.071944921967076e-34,1.5153673719281384e-32
CaMKK alpha,Third,group,2,323,1208926.7251860918,1678210.774813896,116.33918042219995,8.855529807834202e-39,3.603728211911386e-37
Cadherin E,Third,group,2,323,138887.97878411785,2748249.5212158808,8.161707443402507,3.483966508512797e-4,0.003548190547948497
Cadherin-12,Third,group,2,323,727981.3038461469,2159156.1961538456,54.45135501571449,4.181959355935428e-21,7.454315796224174e-20
Cadherin-2,Third,group,2,323,1093287.3990074364,1793850.1009925562,98.42846670521979,4.177987150132997e-34,1.2671936425409143e-32
Cadherin-5,Third,group,2,323,1217522.4652605352,1669615.0347394536,117.76959002424226,3.86406115122587e-39,1.6305796524232151e-37
Cadherin-6,Third,group,2,323,1380520.7653846012,1506616.7346153848,147.98329162760143,2.4096506060318563e-46,3.802811717679613e-44
Calcineurin,Third,group,2,323,1211299.1977667373,1675838.3022332496,116.73251540953278,7.046770060001958e-39,2.8919103074405097e-37
Calcineurin B a,Third,group,2,323,1343420.46513646,1543717.0348635246,140.5454498587685,1.22514354258348e-44,1.1950601322408666e-42
Calpain I,Third,group,2,323,576451.3258064459,2310686.174193547,40.28971573789451,2.391497589290938e-16,3.6872287108217146e-15
Calpastatin,Third,group,2,323,26374.416997517925,2860763.0830024816,1.488927332153863,0.22715884568489156,1
Carbonic Anhydrase IV,Third,group,2,323,773221.1749379584,2113916.325062035,59.07292463376746,1.368303665191503e-22,2.5416869512139507e-21
Carbonic Anhydrase X,Third,group,2,323,1172607.3518610343,1714530.1481389578,110.4536350854582,2.8115242909878575e-37,1.0375569776176174e-35
Carbonic anhydrase 6,Third,group,2,323,110856.79168734467,2776280.7083126544,6.448689357636077,0.0017940687562844752,0.017283030327145506
Carbonic anhydrase 9,Third,group,2,323,1401644.129032242,1485493.370967742,152.38407068167436,2.4639106008419035e-47,1.3224259277090574e-44
Carbonic anhydrase I,Third,group,2,323,709159.6493796455,2177977.8506203475,52.58514605288189,1.6987816801554954e-20,2.9654365842080437e-19
Carbonic anhydrase III,Third,group,2,323,533733.1574441628,2353404.342555832,36.62689975052059,4.6078345509780784e-15,6.791519647439921e-14
Carbonic anhydrase VII,Third,group,2,323,283242.84379652375,2603894.6562034735,17.567423153682327,5.723803831110376e-8,6.783076311805895e-7
Carbonic anhydrase XIII,Third,group,2,323,805503.4545905632,2081634.0454094294,62.49360121835884,1.1397555134222277e-23,2.1905147779086256e-22
Cardiotrophin-1,Third,group,2,323,66886.14652605401,2820251.353473945,3.8301950110410674,0.02269793294615815,0.20435883191322837
Caspase-10,Third,group,2,323,96844.25570719503,2790293.2442928036,5.605270101521542,0.004045333782448864,0.03784357179141527
Caspase-2,Third,group,2,323,832325.3913151277,2054812.108684863,65.4174413948855,1.403462308455919e-24,2.7941646725543053e-23
Caspase-3,Third,group,2,323,627178.6760545857,2259958.8239454078,44.819115777510454,6.6334428929188e-18,1.0685818841112671e-16
Catalase,Third,group,2,323,100726.36228287732,2786411.1377171217,5.838085876304789,0.0032307499959153578,0.030340220678868424
Cathepsin A,Third,group,2,323,468929.81997517915,2418207.6800248143,31.31747804440614,3.704415954549844e-13,5.158374058289127e-12
Cathepsin B,Third,group,2,323,117229.32183622662,2769908.178163772,6.835076926304957,0.0012378318067001494,0.012123104457539844
Cathepsin D,Third,group,2,323,153157.64776674798,2733979.852233249,9.047235697119373,1.5029568040617205e-4,0.001564312523575512
Cathepsin G,Third,group,2,323,102213.89032257907,2784923.60967742,5.927467177100992,0.0029638063409940635,0.027968642686082595
Cathepsin H,Third,group,2,323,643677.4696029732,2243460.030397021,46.3364222818285,2.0314929602373535e-18,3.327766387792679e-17
Cathepsin S,Third,group,2,323,1387222.0228287678,1499915.4771712155,149.36598768176606,1.1729783407526423e-46,2.096557459954523e-44
Cathepsin V,Third,group,2,323,261689.34007444046,2625448.159925557,16.097376846785835,2.167009116639831e-7,2.5113184453619604e-6
Chitotriosidase-1,Third,group,2,323,525154.4477667422,2361983.0522332517,35.90730392165127,8.292843679168572e-15,1.211251582596724e-13
Chk2,Third,group,2,323,947366.2674937889,1939771.2325062032,78.87510116467182,1.2770621484268423e-28,2.9795080694348634e-27
Chymase,Third,group,2,323,1159105.6651364646,1728031.8348635237,108.3287709999413,9.979524083211677e-37,3.5807040290752507e-35
Ck-b-8-1,Third,group,2,323,202481.48461538274,2684656.0153846154,12.180614416890002,7.943658131233976e-6,8.75622774452664e-5
Clusterin,Third,group,2,323,754876.9846153781,2132260.515384615,57.17529923560634,5.52340316653765e-22,1.0114786932038168e-20
Coactosin-like protein,Third,group,2,323,94242.3444168726,2792895.1555831265,5.449591830505762,0.004702482179309853,0.043843204851673354
Coagulation Factor IX,Third,group,2,323,796777.1147642606,2090360.3852357343,61.558525957195954,2.2398676035654347e-23,4.262633915500873e-22
Coagulation Factor IXab,Third,group,2,323,874057.1147642578,2013080.3852357343,70.1215038752154,5.1059247312022887e-26,1.0645855986033855e-24
Coagulation Factor V,Third,group,2,323,883146.5136476341,2003990.986352357,71.1720576217277,2.458497823383758e-26,5.20422844277091e-25
Coagulation Factor VII,Third,group,2,323,948663.9554590492,1938473.5445409424,79.03601740560175,1.1462367312897294e-28,2.6807239132354817e-27
Coagulation Factor X,Third,group,2,323,115192.20297766617,2771945.2970223324,6.711366490845726,0.001393881409820374,0.01355567501484896
Coagulation Factor XI,Third,group,2,323,726616.6905707126,2160520.8094292795,54.31495730798758,4.631207473811076e-21,8.239964607417434e-20
Coagulation Factor Xa,Third,group,2,323,418863.936228286,2468273.563771711,27.40641341128295,1.0139594649504338e-11,1.347181893310488e-10
Cofilin-1,Third,group,2,323,27163.424937964883,2859974.075062035,1.5338926201231993,0.2172613821268225,1
Collectin Kidney 1,Third,group,2,323,90866.19615384517,2796271.3038461544,5.248021055275036,0.005715600550861161,0.05300886440497687
Contactin-4,Third,group,2,323,916452.8282878315,1970684.6717121582,75.10442126689611,1.641239102617822e-27,3.678830877295809e-26
Contactin-5,Third,group,2,323,340918.11612903094,2546219.3838709663,21.623539630404707,1.5370178306515023e-9,1.9174549649497356e-8
Corticotropin-lipotropin,Third,group,2,323,36691.71476426767,2850445.785235732,2.0788720013979054,0.1267414846978079,1
Cripto,Third,group,2,323,633512.3493796461,2253625.1506203483,45.398962820702316,4.215949655882187e-18,6.836866901488475e-17
Cyclin B1,Third,group,2,323,1206216.4944168644,1680921.0055831259,115.89120678561835,1.1491947380784588e-38,4.6473807084770885e-37
Cyclophilin A,Third,group,2,323,1337837.1364764178,1549300.363523573,139.4569462628633,2.194861151959893e-44,2.0002455264783577e-42
Cyclophilin F,Third,group,2,323,1402631.9999999837,1484505.5000000005,152.59294627065867,2.212923722673061e-47,1.3224259277090574e-44
Cystatin C,Third,group,2,323,267944.0532258032,2619193.446774196,16.52148475297321,1.4742373516534345e-7,1.7208024695845422e-6
Cystatin M,Third,group,2,323,418848.0119106644,2468289.4880893324,27.405194670230724,1.0150164906117098e-11,1.347663868807589e-10
Cystatin-S,Third,group,2,323,1402183.0403225666,1484954.4596774199,152.49798371681197,2.323674403166682e-47,1.3224259277090574e-44
Cytidylate kinase,Third,group,2,323,168749.59913151152,2718387.4008684866,10.025451210902515,5.967589345177152e-5,6.350822216255007e-4
Cytochrome P450 3A4,Third,group,2,323,123447.25669975253,2763690.2433002465,7.213808423480444,8.610660691676687e-4,0.008523436730537787
Cytochrome c,Third,group,2,323,152176.33796525747,2734961.1620347407,8.9860429912302,1.5926372777966497e-4,0.0016541063727255358
D-dimer,Third,group,2,323,568415.5861042133,2318721.91389578,39.590395297379565,4.18951366253037e-16,6.388384787937495e-15
DAF,Third,group,2,323,1401988.079900732,1485149.4200992559,152.45676417450036,2.3734669922819964e-47,1.3224259277090574e-44
DAN,Third,group,2,323,1218590.5744416742,1668546.9255583128,117.94836258889052,3.4846537002011713e-39,1.4768963136667928e-37
DAPK2,Third,group,2,323,1229554.755459045,1657582.7445409438,119.79679063420105,1.2015767904789333e-39,5.349594961603209e-38
DBNL,Third,group,2,323,109365.76191066997,2777771.738089329,6.358539222780874,0.0019565799441659242,0.018801915109786148
DC-SIGN,Third,group,2,323,1071971.5538461432,1815165.946153846,95.37607639289575,2.81508893070844e-33,8.083534247176838e-32
DC-SIGNR,Third,group,2,323,6021.938461538404,2881115.561538461,0.33755781077352304,0.7137621254285695,1
DEAD-box protein 19B,Third,group,2,323,1296026.6290322442,1591110.8709677418,131.54853279419956,1.6185477452995575e-42,9.911105803667612e-41
DERM,Third,group,2,323,1363506.504218351,1523630.9957816377,144.52731733663353,1.4777178725979434e-45,1.8387504293569006e-43
DHH,Third,group,2,323,1002042.8045905593,1885094.695409429,85.84710006105398,1.261278939567628e-30,3.1796277483548777e-29
DKK1,Third,group,2,323,1053253.4449131412,1833884.0550868486,92.75419069250631,1.4759162189255982e-32,4.046544372649389e-31
DKK3,Third,group,2,323,131267.9491315107,2755869.5508684884,7.692589722927216,5.448500301372993e-4,0.005471431730413223
DLC8,Third,group,2,323,225339.8299007425,2661797.6700992556,13.672106989113443,1.9965170674472313e-6,2.2453709277240585e-5
DLL1,Third,group,2,323,864628.2606699658,2022509.239330024,69.04169404163304,1.0859804952811586e-25,2.2330882703419713e-24
DLL4,Third,group,2,323,1234541.147518597,1652596.3524813894,120.6455496678816,7.386531209518874e-40,3.3737078103881965e-38
DLRB1,Third,group,2,323,604751.2362282821,2282386.263771713,42.791759747742844,3.268517968341679e-17,5.145690484668808e-16
DMP1,Third,group,2,323,1244569.794168723,1642567.705831264,122.36818065075042,2.7638450652716715e-40,1.3279697680840704e-38
DPP2,Third,group,2,323,1049387.0260545795,1837750.4739454093,92.21926867142732,2.0738662115885814e-32,5.6145821385885145e-31
DR3,Third,group,2,323,82169.46910669794,2804968.0308933016,4.731023353769022,0.00943761766652287,0.08637291370328909
DR6,Third,group,2,323,1232277.6990074299,1654859.8009925561,120.25964270226123,9.213800643971134e-40,4.169052638967524e-38
DRAK2,Third,group,2,323,914735.3605458967,1972402.1394540935,74.89839813753693,1.88917226126866e-27,4.200617873686548e-26
DRG-1,Third,group,2,323,1401666.1797766604,1485471.3202233256,152.38873006306062,2.4580108623285987e-47,1.3224259277090574e-44
DRR1,Third,group,2,323,737075.5410669907,2150061.9589330023,55.364776530157805,2.1151271543860003e-21,3.7981021975434663e-20
DSC3,Third,group,2,323,1354781.4416873339,1532356.058312655,142.78483231464605,3.716155345011875e-45,4.145724819087965e-43
DUS3,Third,group,2,323,173664.86054590438,2713472.639454094,10.336155438002177,4.455163422528085e-5,4.762156400565866e-4
DYRK3,Third,group,2,323,26825.69776674919,2860311.8022332503,1.5146426295019366,0.22144431513447926,1
DcR3,Third,group,2,323,896780.7066997439,1990356.7933002478,72.76589032655957,8.163004702821719e-27,1.762569352858173e-25
Desmoglein-1,Third,group,2,323,70745.91426798794,2816391.585732011,4.056774353453569,0.01819406046997885,0.16457193505246112
Desmoglein-2,Third,group,2,323,36476.421960296575,2850661.0780397034,2.0665179006965237,0.12829688795244507,1
Discoidin domain receptor 2,Third,group,2,323,495042.73622828256,2392094.7637717123,33.42233891052384,6.41523261063228e-14,9.143051373711622e-13
Dkk-4,Third,group,2,323,1319788.7151364607,1567348.7848635234,135.99135020422275,1.4248091504881564e-43,1.047631692924253e-41
DnaJ homolog,Third,group,2,323,288967.9336228254,2598169.566377173,17.961999818649065,4.011472581613836e-8,4.783054033536923e-7
Dtk,Third,group,2,323,146746.2290322571,2740391.2709677424,8.648223426992697,2.1939913611665696e-4,0.002262930175124321
Dynactin subunit 2,Third,group,2,323,369012.9405707163,2518124.5594292805,23.666656869300265,2.561375115164757e-10,3.2688864224880625e-09
ECM1,Third,group,2,323,1352735.6196029624,1534401.8803970218,142.37912854313683,4.609694925542154e-45,5.0269902330611365e-43
EDA,Third,group,2,323,985273.4378411823,1901864.0621588083,83.66615857430511,5.27216150860107e-30,1.3053545967406667e-28
EDAR,Third,group,2,323,840862.5751860938,2046274.924813895,66.36415480921013,7.164520543411534e-25,1.435222435658599e-23
EF-1-beta,Third,group,2,323,605602.21042183,2281535.2895781635,42.867957129520796,3.077480108186992e-17,4.860704629097284e-16
EG-VEGF,Third,group,2,323,1309714.0571960171,1577423.4428039698,134.0913381261589,4.010079058106581e-43,2.6749508414441694e-41
EGFRvIII,Third,group,2,323,5032.863647642545,2882104.136352357,0.2820187753947624,0.7544450564538459,1
EMAP-2,Third,group,2,323,102049.9669975196,2785087.5330024795,5.917612812812352,0.002992113926158476,0.028208347061362753
EMR2,Third,group,2,323,937959.8766749301,1949177.623325061,77.71509290394673,2.7893808842568585e-28,6.4382477391774444e-27
ENA-78,Third,group,2,323,1093770.9361042066,1793366.5638957822,98.4985500103785,3.9999864033812465e-34,1.2151041843342683e-32
ENPP7,Third,group,2,323,109182.53151364485,2777954.968486354,6.347467485789181,0.0019775341894650448,0.018993873737197967
ENTP3,Third,group,2,323,873963.8977667405,2013173.6022332502,70.11077898734301,5.144250930480227e-26,1.0714257800696388e-24
ENTP5,Third,group,2,323,459507.9151364709,2427629.5848635235,30.569131615980048,6.9416872317404e-13,9.576940826140104e-12
EP15R,Third,group,2,323,1397485.113647626,1489652.3863523582,151.50772617948644,3.8700916021732906e-47,1.3456692236452215e-44
EPHA3,Third,group,2,323,1183494.3007444069,1703643.1992555833,112.1915255810248,1.0049743313579024e-37,3.8027122495987495e-36
EPHAA,Third,group,2,323,350928.08449131064,2536209.415508686,22.346295735196385,8.135782309054008e-10,1.0215172138659437e-8
EPHB2,Third,group,2,323,900345.3900744333,1986792.1099255602,73.18620794325025,6.111120869720701e-27,1.3298782359643888e-25
EPI,Third,group,2,323,433467.4994106642,2453669.5005893297,28.53073779415209,3.888754747957631e-12,5.2384455372608086e-11
EPO-R,Third,group,2,323,815656.1260545834,2071481.3739454092,63.59143075803815,5.174766306598244e-24,1.0054977728854091e-22
ER,Third,group,2,323,299465.79416873213,2587671.705831265,18.690054711833646,2.0861046315728042e-8,2.5104847025811357e-7
ERAB,Third,group,2,323,1152312.5758064394,1734824.9241935485,107.27219697932907,1.8805805320535663e-36,6.577408455606582e-35
ERBB1,Third,group,2,323,216715.38225806132,2670422.117741937,13.106367716977985,3.3663593187526994e-6,3.759815701637647e-5
ERBB2,Third,group,2,323,892477.2532257976,1994660.2467741927,72.26046472278406,1.157008492566232e-26,2.48441404485505e-25
ERBB3,Third,group,2,323,898038.8437965175,1989098.6562034732,72.91406729415714,7.370556801148039e-27,1.5950111151002308e-25
ERBB4,Third,group,2,323,693938.3647642606,2193199.1352357315,51.09934802950867,5.2313241053813155e-20,8.970591081266793e-19
ERK-1,Third,group,2,323,335927.32878411654,2551210.1712158807,21.265305465907087,2.108731863068382e-9,2.6155491043616158e-8
ERP29,Third,group,2,323,1067199.464516117,1819938.03548387,94.70251742583599,4.3017495691320286e-33,1.2119417912036326e-31
ES1,Third,group,2,323,36440.1744416873,2850697.3255583122,2.0644381006601247,0.12856062101568685,1
ESAM,Third,group,2,323,352894.6016128985,2534242.8983870987,22.488956444054978,7.177850953287786e-10,9.029929704347371e-9
ESPN,Third,group,2,323,89122.37667493755,2798015.123325062,5.144097940363514,0.0063210360097645905,0.05842851239043794
ETHE1,Third,group,2,323,1248740.9490074322,1638396.5509925566,123.09087390505408,1.8330593218734791e-40,9.031006556407282e-39
Elafin,Third,group,2,323,27260.251861042343,2859877.248138957,1.5394124619940421,0.21607667862777286,1
Elastase,Third,group,2,323,1399844.0322580521,1487293.4677419357,152.004171411383,2.9961686756824585e-47,1.3224259277090574e-44
Endocan,Third,group,2,323,1161314.447766738,1725823.0522332494,108.67410947584214,8.11709966275073e-37,2.9232635580303236e-35
Endoglin,Third,group,2,323,1376849.3361042049,1510288.163895782,147.23095439432524,3.569971238035849e-46,5.171491060333405e-44
Endostatin,Third,group,2,323,511430.3604218303,2375707.1395781636,34.76691290442118,2.113770258403834e-14,3.0643125889016685e-13
Endothelin-converting enzyme 1,Third,group,2,323,870092.9142679814,2017044.5857320093,69.66628633213016,7.01547252661665e-26,1.4518105543767285e-24
Enterokinase,Third,group,2,323,104351.60806451505,2782785.891935484,6.056083851531145,0.002618125916674319,0.024863685156181092
Eotaxin,Third,group,2,323,91815.91426798888,2795321.5857320107,5.304674149109439,0.005410484415485573,0.05027517256096625
Eotaxin-2,Third,group,2,323,875486.1296525963,2011651.3703473944,70.28604062466218,4.552687435504585e-26,9.533315372499679e-25
EphA1,Third,group,2,323,352357.74491314776,2534779.7550868485,22.44998828370539,7.427644151000655e-10,9.332080249652872e-9
EphA5,Third,group,2,323,1380441.1421836107,1506696.3578163777,147.96693660676067,2.4303047223320657e-46,3.8044764933811723e-44
EphB4,Third,group,2,323,927872.0426798931,1959265.4573201,76.48342613959554,6.420501857916634e-28,1.452571596052382e-26
EphB6,Third,group,2,323,1022608.9287841071,1864528.5712158817,88.5753881963504,2.1448867519648166e-31,5.551354517124533e-30
Ephrin-A4,Third,group,2,323,1294691.3776674806,1592446.1223325063,131.30281430622813,1.85336398171424e-42,1.1207572211590758e-40
Ephrin-A5,Third,group,2,323,1109369.3475185975,1777768.1524813904,100.77981730867404,9.757445859384022e-35,3.0697771257678586e-33
Ephrin-B3,Third,group,2,323,34209.2861042181,2852928.213895782,1.9365365307551499,0.14587312055317989,1
Epithelial cell kinase,Third,group,2,323,1332492.7225806294,1554644.7774193557,138.42234433385516,3.827703518916057e-44,3.258811977712979e-42
Epo,Third,group,2,323,958855.3258064424,1928282.1741935483,80.30730003636755,4.8927574792618485e-29,1.1582323653474645e-27
Esterase D,Third,group,2,323,1057540.3183622737,1829597.1816377165,93.34992594524358,1.0113801203032802e-32,2.800607544338045e-31
F229A,Third,group,2,323,78826.5131513644,2808310.986848635,4.533145343789345,0.011439409791172393,0.1043979540135952
FABP,Third,group,2,323,1392989.9776674786,1494147.0223325065,150.56609425363067,6.295634476087477e-47,1.5655937173788152e-44
FABPE,Third,group,2,323,1354813.1251860883,1532324.3748138954,142.7911239381853,3.70376682543505e-45,4.145724819087965e-43
FAK1,Third,group,2,323,389932.5916873403,2497204.908312657,25.2178398928651,6.658156866208361e-11,8.633523630759642e-10
FAM107B,Third,group,2,323,7748.715260545723,2879388.784739454,0.4346122070109302,0.6478938147438763,1
FCAR,Third,group,2,323,1307209.816873438,1579927.68312655,133.622815575509,5.180995185198382e-43,3.420753009763537e-41
FCG2A/B,Third,group,2,323,1185530.215136463,1701607.284863524,112.51898804599614,8.284890388509262e-38,3.172010871323438e-36
FCG3B,Third,group,2,323,994708.2532257938,1892429.2467741931,84.88844862749794,2.3614440238449153e-30,5.91468761697177e-29
FCGR1,Third,group,2,323,1324408.50384614,1562728.996153846,136.87080350948744,8.845385313570481e-44,6.75987863485858e-42
FCN1,Third,group,2,323,570327.0651364699,2316810.4348635236,39.75630445784214,3.6670751974723536e-16,5.604952729822231e-15
FCN2,Third,group,2,323,1129927.2606699602,1757210.239330025,103.84827524552459,1.4911989905392423e-35,4.973572760915908e-34
FCRL3,Third,group,2,323,1318082.0110421705,1569055.4889578156,135.66776081622285,1.6985949378040363e-43,1.2395499960246124e-41
FER,Third,group,2,323,1092434.8373449047,1794702.662655087,98.30498940152783,4.511218640897226e-34,1.3597650309933028e-32
FETUB,Third,group,2,323,1158864.665136466,1728272.8348635237,108.29114457169516,1.0206833356602454e-36,3.6517705482731743e-35
FGF-10,Third,group,2,323,221349.73151364457,2665787.768486352,13.409912845294315,2.542925754096793e-6,2.8466917752478764e-5
FGF-12,Third,group,2,323,129781.59975185944,2757355.900248139,7.6013866610542005,5.944225532876478e-4,0.005957820547406926
FGF-16,Third,group,2,323,1014446.2070719476,1872691.2929280393,87.48535493319831,4.343040292685888e-31,1.1121939092419613e-29
FGF-17,Third,group,2,323,168048.2244416857,2719089.2755583124,9.981205284905407,6.221482555654631e-5,6.606532196289229e-4
FGF-18,Third,group,2,323,345352.6105459016,2541784.8894540947,21.94302390991943,1.1598962162323762e-9,1.449784777569813e-8
FGF-19,Third,group,2,323,6322.424937964883,2880815.075062035,0.3544384491459734,0.7018398180688495,1
FGF-20,Third,group,2,323,144201.5460297768,2742935.453970221,8.490374664157805,2.548787246193156e-4,0.0026191326039505945
FGF-4,Third,group,2,323,1246556.6080645053,1640580.891935484,122.7119572049328,2.273130032121745e-40,1.1023026406493773e-38
FGF-5,Third,group,2,323,1162526.3460297645,1724611.1539702234,108.86396301658651,7.2465493225407156e-37,2.624353428993094e-35
FGF-6,Third,group,2,323,215902.1266749357,2671235.3733250625,13.053208940775361,3.5360414897354856e-6,3.944790678623889e-5
FGF-8,Third,group,2,323,43059.26228287816,2844078.2377171214,2.4451053302481234,0.08832071123279141,0.7782227455595653
FGF-8A,Third,group,2,323,869978.7679900667,2017158.7320099254,69.65320517458635,7.079881960025023e-26,1.4635793865690513e-24
FGF-8B,Third,group,2,323,476655.51066997135,2410481.9893300245,31.93546573421872,2.2094406882281842e-13,3.1011018274038196e-12
FGF-8F,Third,group,2,323,8793.877667493653,2878343.622332506,0.4934126809186656,0.6109986809602962,1
FGF23,Third,group,2,323,485328.7619106639,2401808.7380893305,32.6339869638933,1.2344084486326925e-13,1.7464680040076693e-12
FGF7,Third,group,2,323,1178724.1042183505,1708413.3957816374,111.42732976766894,1.5785862698313634e-37,5.88147773472638e-36
FGF9,Third,group,2,323,116483.61861041887,2770653.8813895797,6.789770650149819,0.0012928302622914217,0.012610848039577413
FGFR-2,Third,group,2,323,122848.11364763929,2764288.88635236,7.177242021283,8.917429682384609e-4,0.008813614876159065
FGFR-3,Third,group,2,323,1378557.4846153734,1508580.0153846154,147.58052704855768,2.973668335116295e-46,4.518282303894318e-44
FGFR4,Third,group,2,323,1330771.901861028,1556365.598138958,138.09073035766704,4.576474256130737e-44,3.748336199592592e-42
FGR,Third,group,2,323,265064.34751860844,2622073.1524813892,16.325971715832633,1.7605152196535893e-7,2.050029183394157e-6
FLRT1,Third,group,2,323,1331545.5018610265,1555591.9981389577,138.23971761736095,4.223374599725682e-44,3.503479702309645e-42
FN1.2,Third,group,2,323,105859.19106699666,2781278.308933002,6.146907090315136,0.002398735975876058,0.022847260237116244
FN1.3,Third,group,2,323,262420.196153841,2624717.3038461553,16.146829076313136,2.0717305990573985e-7,2.4037715959352177e-6
FN1.4,Third,group,2,323,55994.77183622634,2831142.728163773,3.1941715836473485,0.04229888344020708,0.37750742822558747
FSH,Third,group,2,323,264243.1444168724,2622894.355583125,16.270296107232,1.8518377512886003e-7,2.1537855361356173e-6
FST,Third,group,2,323,772725.9900744357,2114411.5099255587,59.021267530564565,1.421053807044946e-22,2.637149176601284e-21
FSTL3,Third,group,2,323,1050725.6413151268,1836411.3586848648,92.40423735666558,1.843598421420698e-32,5.005139026347097e-31
FUT5,Third,group,2,323,6723.8959057070315,2880413.6040942925,0.3769976600680357,0.6862190953659204,1
FYN,Third,group,2,323,1402631.9999999867,1484505.5000000007,152.59294627065898,2.2129237226727463e-47,1.3224259277090574e-44
Factor B,Third,group,2,323,1310000.8497518473,1577136.6502481387,134.14508958474636,3.894034820530467e-43,2.633745420097268e-41
Factor D,Third,group,2,323,101346.59106699843,2785790.908933,5.875342045533932,0.0031166600513280016,0.02931133512093267
Factor H,Third,group,2,323,1241195.8218362117,1645941.6781637724,121.78628677182265,3.849784623055234e-40,1.831606305154721e-38
Factor I,Third,group,2,323,812907.7718362196,2074229.7281637734,63.293184630889506,6.410412097771473e-24,1.2393903089835964e-22
"Fas ligand, soluble",Third,group,2,323,1269390.0179900613,1617747.4820099252,126.72341646960274,2.3636723543925986e-41,1.2888225827971396e-39
Ferritin,Third,group,2,323,318695.32518609846,2568442.174813901,20.039109901815937,6.254253434127024e-9,7.63544249777174e-8
Fibrinogen,Third,group,2,323,94926.24379652459,2792211.256203474,5.490482977990528,0.0045201219027463675,0.042183505949659215
Fibrinogen g-chain dimer,Third,group,2,323,915503.1290322491,1971634.3709677416,74.99045335983712,1.774044141161741e-27,3.962784947038619e-26
Fibronectin,Third,group,2,323,717174.8691066927,2169962.6308933008,53.37591519400964,9.36576244346085e-21,1.6512456194161921e-19
Ficolin-3,Third,group,2,323,718706.5767990006,2168430.9232009924,53.52769641455622,8.356358734539922e-21,1.4786531325025353e-19
Flt-3,Third,group,2,323,1402631.9999999867,1484505.5000000002,152.59294627065904,2.2129237226725893e-47,1.3224259277090574e-44
Flt3 ligand,Third,group,2,323,1311863.3361042063,1575274.1638957816,134.4946382265723,3.2175272153388417e-43,2.2226535249480472e-41
Fractalkine/CX3CL-1,Third,group,2,323,1126347.9186104147,1760789.581389577,103.30887391554552,2.0713750232633598e-35,6.838128672093954e-34
Fucosyltransferase 3,Third,group,2,323,363593.08362282394,2523544.4163771714,23.268971460936502,3.624706884813022e-10,4.598723744909097e-9
G-CSF,Third,group,2,323,707358.0186104155,2179779.4813895775,52.408200453725186,1.9414778606404588e-20,3.3830086725563816e-19
G-CSF-R,Third,group,2,323,562920.8282878338,2324216.6717121596,39.1149908160301,6.14011949567087e-16,9.311565725026189e-15
GA733-1 protein,Third,group,2,323,530487.6725806403,2356649.827419354,36.3540472262654,5.756460069479783e-15,8.465203926818966e-14
"GAPDH, liver",Third,group,2,323,38945.03734491253,2848192.4626550865,2.2082859967054977,0.1115452858542232,0.9788631007058562
GAS1,Third,group,2,323,1348168.1102977511,1538969.389702233,141.47724527205446,7.449824205386054e-45,7.651385437776862e-43
GCKR,Third,group,2,323,301167.3990074401,2585970.1009925567,18.808622312003124,1.8758542994099525e-8,2.2588631729164742e-7
GCP-2,Third,group,2,323,353794.69652605057,2533342.8034739457,22.554327590646103,6.777642876627898e-10,8.531986650928914e-9
GDF-11,Third,group,2,323,736841.8667493714,2150295.63325062,55.34120966433356,2.152578049638785e-21,3.8617797957956254e-20
GDF-9,Third,group,2,323,119500.73622828675,2767636.7637717123,6.97323043019825,0.0010842318313380407,0.010661808173698552
GDF2,Third,group,2,323,146913.0026054578,2740224.497394541,8.658578865834171,2.172532692928148e-4,0.0022419885200330044
GFAP,Third,group,2,323,1029983.4174937832,1857154.0825062038,89.56840118552216,1.1309563785257623e-31,2.962671541542801e-30
GFRa-1,Third,group,2,323,1389389.799007433,1497747.7009925563,149.81592186120514,9.286409408368968e-47,1.8282679080279924e-44
GFRa-2,Third,group,2,323,1298467.8766749266,1588669.6233250618,131.99884922838538,1.2630746206190672e-42,7.93462468131906e-41
GFRa-3,Third,group,2,323,1375565.8373448986,1511571.6626550865,146.968806190099,4.0949230580323425e-46,5.844706361466404e-44
GHC2,Third,group,2,323,108953.5910669961,2778183.908933003,6.333635761384077,0.002004029512446317,0.019229327212935538
GIB,Third,group,2,323,1264862.2042183527,1622275.295781638,125.91897719976122,3.7120991168170715e-41,1.9527608391694883e-39
GIIE,Third,group,2,323,976541.5410669891,1910595.9589330025,82.54568850359904,1.1047754884473332e-29,2.6975081210999023e-28
GITR,Third,group,2,323,649128.5416873363,2238008.9583126595,46.842645152566455,1.371475325625655e-18,2.2618687228419294e-17
GM-CSF,Third,group,2,323,304034.06315136235,2583103.436848635,19.00872435013615,1.5682100364949254e-8,1.8954596666049568e-7
GNS,Third,group,2,323,244146.32518610265,2642991.174813896,14.918563441791282,6.352747883554856e-7,7.2752475793596215e-6
GNT2C,Third,group,2,323,129440.9266749369,2757696.5733250617,7.580496658048457,6.064016958559038e-4,0.0060738280645601574
GOT1,Third,group,2,323,1150159.4459056968,1736978.0540942925,106.9390313112652,2.297674423309741e-36,7.993006210839777e-35
GP114,Third,group,2,323,361133.5937965233,2526003.906203473,23.089067778124214,4.242265542868804e-10,5.371697576246435e-9
GP1BA,Third,group,2,323,882757.8064516038,2004379.693548386,71.12693578009073,2.5367229755107606e-26,5.363968523273461e-25
GPC2,Third,group,2,323,1200927.4145161193,1686210.08548387,115.02112288024775,1.9087133266668942e-38,7.639322185813535e-37
GPC5,Third,group,2,323,1378539.5260545777,1508597.9739454093,147.57684771083396,2.979390800681716e-46,4.518282303894318e-44
GPNMB,Third,group,2,323,361340.40707195876,2525797.0929280384,23.104182004767218,4.1865387120481795e-10,5.3045946820858e-9
GPVI,Third,group,2,323,1246485.7619106553,1640651.7380893303,122.69968444552981,2.2890382423941857e-40,1.1053068328374722e-38
GRB2-related adapter protein 2,Third,group,2,323,57938.20707195951,2829199.29292804,3.3073034004746775,0.03785871105342134,0.3386584757962627
GREM1,Third,group,2,323,1169695.734491302,1717441.765508685,109.99258601609336,3.697857847971823e-37,1.356907989328781e-35
GRN,Third,group,2,323,13888.319602977019,2873249.1803970225,0.7806366503760243,0.45897660456489947,1
GSK-3 alpha/beta,Third,group,2,323,136697.6557071954,2750439.8442928027,8.026596706894509,3.9623362498274813e-4,0.0040122231022542395
GSTA3,Third,group,2,323,85130.41364764236,2802007.0863523567,4.906683452393431,0.007957643957114348,0.07324260522371681
GV,Third,group,2,323,1197173.3106699653,1689964.1893300249,114.40685601145735,2.7335091637116423e-38,1.0806744942210115e-36
GX,Third,group,2,323,905191.8766749285,1981945.6233250622,73.76009026813968,4.119259732474202e-27,9.02487746625396e-26
Galectin-2,Third,group,2,323,1401319.3168734347,1485818.1831265504,152.31545302456706,2.5524632156108124e-47,1.3224259277090574e-44
Galectin-3,Third,group,2,323,106340.01104218373,2780797.4889578153,6.175894451684468,0.002332684660427886,0.0222727844610264
Galectin-4,Third,group,2,323,1127493.857196017,1759643.6428039696,103.48132627979052,1.8646487514452235e-35,6.176682504136031e-34
Galectin-8,Third,group,2,323,1321509.0937965137,1565628.4062034742,136.31824627254477,1.1932399809735344e-43,8.977676457747165e-42
Gelsolin,Third,group,2,323,749837.5916873366,2137299.9083126555,56.65969973914858,8.086803940898328e-22,1.465693975313458e-20
Glucagon,Third,group,2,323,1401760.161290307,1485377.338709677,152.40859016002014,2.4330228729067295e-47,1.3224259277090574e-44
Glucocorticoid receptor,Third,group,2,323,492040.94602977065,2395096.5539702238,33.17804146646352,7.855478700403424e-14,1.1171098045182053e-12
Glutamate carboxypeptidase,Third,group,2,323,473412.37580644805,2413725.124193548,31.67556153200592,2.7452724148874944e-13,3.8392981494687434e-12
Glutathione S-transferase Pi,Third,group,2,323,853193.8299007369,2033943.6700992556,67.74563403825479,2.6992288996255196e-25,5.4922108259302535e-24
Glypican 3,Third,group,2,323,552463.0297766714,2334674.4702233244,38.21636825471338,1.2678181460259208e-15,1.9062795137452126e-14
Granulysin,Third,group,2,323,124117.03734491114,2763020.4626550875,7.254706145730557,8.280114228293095e-4,0.008212991284263869
Granzyme B,Third,group,2,323,1006482.5910669875,1880654.9089330032,86.43102872580707,8.618378217874941e-31,2.184000025184403e-29
Granzyme H,Third,group,2,323,660403.5006513577,2226733.4993486353,47.89758872644305,6.066487777455448e-19,1.0099378201948765e-17
Gro-a,Third,group,2,323,1220425.753846146,1666711.7461538462,118.25605699424844,2.9172530094818342e-39,1.25006257716634e-37
Gro-b/g,Third,group,2,323,1305099.7066997366,1582037.793300249,133.22918297186695,6.427260724773085e-43,4.200735411025334e-41
Growth hormone receptor,Third,group,2,323,402285.94590570265,2484851.5540942927,26.146101225532444,2.9890038654451196e-11,3.920311899037202e-10
H6ST1,Third,group,2,323,1401922.2815136355,1485215.2184863524,152.4428551810807,2.3905099830876743e-47,1.3224259277090574e-44
HAI-1,Third,group,2,323,370925.46910669515,2516212.0308933,23.807398790420738,2.2655953794865002e-10,2.8990294619831624e-9
HB-EGF,Third,group,2,323,446750.96538461,2440386.534615385,29.565103677719524,1.6183449778997525e-12,2.2107156514834617e-11
HCC-1,Third,group,2,323,958365.1828784011,1928772.3171215872,80.24585155071203,5.097763523133393e-29,1.2052923157156245e-27
HCC-4,Third,group,2,323,111484.50297766738,2775652.9970223317,6.4866707942990125,0.0017297331466322396,0.01669640215318915
HCG,Third,group,2,323,382092.34007443767,2505045.15992556,24.633453284273486,1.1046300192321481e-10,1.4219075469575023e-9
HCK,Third,group,2,323,470969.81997518055,2416167.680024814,31.48027620550347,3.2324058661920015e-13,4.510810843244881e-12
HDAC8,Third,group,2,323,1012396.7642679829,1874740.7357320096,87.21316729987113,5.182154803259834e-31,1.325331333929939e-29
HDGR2,Third,group,2,323,1039686.3797766641,1847451.1202233247,90.88703267755952,4.8532926090732003e-32,1.2923043530909288e-30
HGF,Third,group,2,323,102708.41364764096,2784429.0863523586,5.9572028195639035,0.002880010699679667,0.027230838303394733
HGFA,Third,group,2,323,432672.4815136427,2454465.0184863526,28.469179734957315,4.0976488266450116e-12,5.5160136878656477e-11
HINT1,Third,group,2,323,495444.5782878371,2391692.921712159,33.45508893182042,6.243512938288815e-14,8.904852912084326e-13
HIPK3,Third,group,2,323,305194.3965260517,2581943.103473945,19.089845540221344,1.458447565996134e-8,1.7638905874928887e-7
HIV-2 Rev,Third,group,2,323,843541.529652595,2043595.9703473947,66.66286243250704,5.798324990433591e-25,1.1687782626207576e-23
HMG-1,Third,group,2,323,105902.79416873353,2781234.7058312655,6.149535392461085,0.0023926702660144327,0.02280067388994049
HMGR,Third,group,2,323,134996.22282878263,2752141.2771712164,7.921791721847009,4.3785055128986607e-4,0.004422098143175805
HNRPQ,Third,group,2,323,60112.16054590512,2827025.3394540944,3.4340385254694383,0.033438802733956545,0.29925886656351464
HO-2,Third,group,2,323,870154.0674937856,2016983.4325062037,69.6732950977346,6.981205447261434e-26,1.446261041058235e-24
HPG-,Third,group,2,323,1160757.286476417,1726380.2135235737,108.58691515197997,8.55146686396044e-37,3.0739918863497093e-35
HPLN1,Third,group,2,323,159746.20905707078,2727391.2909429274,9.459226788759587,1.0179279721143187e-4,0.0010692295218583281
HPT,Third,group,2,323,784696.3362282799,2102441.1637717118,60.276815582092404,5.680753103260693e-23,1.0685185756977422e-21
HPV E7 Type 16,Third,group,2,323,716273.099751851,2170864.4002481424,53.286656502682185,1.0015773599673518e-20,1.7610483715347967e-19
HPV E7 Type18,Third,group,2,323,72971.39516129019,2814166.104838709,4.187698906004628,0.01601345435731785,0.14532157669080076
HRG,Third,group,2,323,465378.54900743905,2421758.950992558,31.034730204629835,4.695118075075047e-13,6.5145536281070394e-12
HSP 40,Third,group,2,323,1155873.1570719471,1731264.3429280398,107.82496366291682,1.3495548930549109e-36,4.771710302786627e-35
HSP 60,Third,group,2,323,1316836.997642664,1570300.5023573202,135.43215123476895,1.93072876646797e-43,1.3932365102547648e-41
HSP 70,Third,group,2,323,160112.91426798794,2727024.5857320097,9.48221581483798,9.960613620318725e-5,0.0010479621152214582
HSP 90a/b,Third,group,2,323,1070298.9602977552,1816838.5397022327,95.13959458192522,3.266569323040018e-33,9.324784974942601e-32
HSP70 protein 8,Third,group,2,323,1365548.7861042062,1521588.7138957817,144.938068310971,1.1899108357952392e-45,1.5296544398015061e-43
HTRA2,Third,group,2,323,935474.3999999918,1951663.0999999994,77.41044835043442,3.426789377912383e-28,7.872026774584486e-27
HVEM,Third,group,2,323,829843.0590570648,2057294.4409429268,65.14364272344521,1.7056152226741073e-24,3.3853070693623686e-23
"Haptoglobin, Mixed Type",Third,group,2,323,937437.1364764182,1949700.3635235725,77.6509562050513,2.9128318038331288e-28,6.70723762180483e-27
Hat1,Third,group,2,323,167866.1911910656,2719271.3088089325,9.969726003262142,6.289110927803578e-5,6.674694746316719e-4
Hemoglobin,Third,group,2,323,903081.3797766666,1984056.1202233245,73.50983742209627,4.891783919776859e-27,1.0657256548753878e-25
Hemopexin,Third,group,2,323,140509.13225806225,2746628.367741936,8.26184755323591,3.167291397146994e-4,0.003234161953391828
Heparin cofactor II,Third,group,2,323,104204.01364764199,2782933.486352357,6.0471974219377405,0.0026406477101525647,0.025053055227292433
Histone H1.2,Third,group,2,323,201793.01315136347,2685344.4868486356,12.136085996992671,8.27951788914678e-6,9.116089828813355e-5
Histone H2A.z,Third,group,2,323,1217159.6570719485,1669977.8429280394,117.70891778567751,4.0020589295957754e-39,1.6815019030678433e-37
I-309,Third,group,2,323,952040.0315136393,1935097.4684863524,79.45566959462803,8.649946193782341e-29,2.0303165553375583e-27
I-TAC,Third,group,2,323,781883.2110421751,2105254.288957816,59.9804685094939,7.050023134001931e-23,1.3158702318966769e-21
ICOS,Third,group,2,323,54929.926674938295,2832207.5733250612,3.1322503482990163,0.04494737707179021,0.40022454465800406
IDE,Third,group,2,323,417880.1744416859,2469257.3255583104,27.33115235653822,1.0813583494364372e-11,1.434766312827299e-10
IDS,Third,group,2,323,190875.7364764274,2696261.763523571,11.433026220962295,1.594320080656639e-5,1.7299001448016046e-4
IDUA,Third,group,2,323,138678.1490074424,2748459.350992556,8.14875470383575,3.5271901225964483e-4,0.00358468799871155
IF4A3,Third,group,2,323,133544.8258064501,2753592.674193549,7.832490829115898,4.767658386563474e-4,0.004800140613021069
IF4G2,Third,group,2,323,1402310.0199751726,1484827.4800248144,152.52483623363813,2.2918036820420214e-47,1.3224259277090574e-44
IFN-aA,Third,group,2,323,598337.5687344843,2288799.931265509,42.21929406350091,5.142434887223993e-17,8.050131519480201e-16
IFN-g,Third,group,2,323,1228134.0844913037,1659003.4155086847,119.55590494340802,1.3798749014456712e-39,6.073751024645673e-38
IFN-g R1,Third,group,2,323,1369995.8218362166,1517141.6781637722,145.8362975660504,7.416951857101761e-46,9.998131107014263e-44
IFN-lambda 1,Third,group,2,323,1186182.432878398,1700955.067121588,112.6240584556062,7.78749619012435e-38,2.9993225328113212e-36
IFN-lambda 2,Third,group,2,323,950482.3965260452,1936655.1034739446,79.26187102887084,9.850265615543325e-29,2.3092633566189005e-27
IFNL4,Third,group,2,323,39921.92667493783,2847215.5733250617,2.264454865450531,0.10553355560920397,0.9273650279970924
IGF-I,Third,group,2,323,18621.042183622252,2868516.4578163773,1.048381055810383,0.35169431093491,1
IGF-I sR,Third,group,2,323,553503.4328784072,2333634.067121588,38.30540771978081,1.1797611416169643e-15,1.7752529240963236e-14
IGF-II receptor,Third,group,2,323,128983.36054590344,2758154.139454095,7.552446917374358,6.228694970455979e-4,0.006232340788383574
IGFBP-1,Third,group,2,323,441082.5513647613,2446054.948635234,29.12233516469208,2.3539471471963013e-12,3.1998112391500514e-11
IGFBP-2,Third,group,2,323,124309.9629032244,2762827.5370967747,7.266490122639721,8.187263948899124e-4,0.008125045484024639
IGFBP-3,Third,group,2,323,1365548.7861042018,1521588.713895782,144.9380683109705,1.1899108357955435e-45,1.5296544398015061e-43
IGFBP-4,Third,group,2,323,929089.457196021,1958048.0428039702,76.63139210940159,5.807295757906484e-28,1.315373179058934e-26
IGFBP-5,Third,group,2,323,1401022.4993796423,1486115.0006203465,152.25277556270058,2.636146031537297e-47,1.3224259277090574e-44
IGFBP-6,Third,group,2,323,1325877.826798993,1561259.6732009922,137.1516043766225,7.598702379780896e-44,5.876538323409841e-42
IGFBP-7,Third,group,2,323,105401.60905707162,2781735.8909429274,6.119329990363314,0.002463320091697497,0.02345089827559052
IL-1 R AcP,Third,group,2,323,1059630.5218362191,1827506.9781637716,93.64140948369806,8.408907404587668e-33,2.3385141768163757e-31
IL-1 R4,Third,group,2,323,104246.81687344704,2782890.6831265516,6.0497744403480365,0.002634096512140265,0.0250031214487073
IL-1 sR9,Third,group,2,323,851664.3518610336,2035473.1481389576,67.57337622032196,3.04763146838274e-25,6.1881440730480605e-24
IL-1 sRI,Third,group,2,323,843794.2796525974,2043343.2203473956,66.69108488818941,5.683650272155515e-25,1.1468540019424796e-23
IL-10,Third,group,2,323,1164788.5776674834,1722348.9223325064,109.21907451745862,5.862295460282569e-37,2.127011218898107e-35
IL-10 Rb,Third,group,2,323,1321027.115260529,1566110.3847394541,136.22659117356451,1.2540551077231676e-43,9.326785170719418e-42
IL-11,Third,group,2,323,804387.2244416806,2082750.2755583124,62.373553983809934,1.2428304069266383e-23,2.3862534757643584e-22
IL-11 RA,Third,group,2,323,1256315.8026054436,1630821.6973945429,124.41274386092067,8.672626477804213e-41,4.418567826206838e-39
IL-12,Third,group,2,323,512674.42196029285,2374463.0780397016,34.869743780114874,1.9423140085107594e-14,2.817858548258173e-13
IL-12 RB2,Third,group,2,323,298736.2784119081,2588401.2215880887,18.63926989414815,2.183266471941564e-8,2.622534731451181e-7
IL-12 Rb1,Third,group,2,323,242676.30570719577,2644461.194292803,14.820494797312815,6.949627351164872e-7,7.949421679627461e-6
IL-13,Third,group,2,323,1402631.9999999863,1484505.4999999998,152.59294627065904,2.2129237226725893e-47,1.3224259277090574e-44
IL-13 Ra1,Third,group,2,323,333356.12518610246,2553781.3748138943,21.08129331214928,2.4812697825000073e-9,3.069777527731376e-8
IL-15 Ra,Third,group,2,323,1256866.4168734353,1630271.0831265508,124.50930917315611,8.212318125889178e-41,4.206127313970974e-39
IL-16,Third,group,2,323,1144325.1018610278,1742812.3981389564,106.04038859713287,3.948957505771019e-36,1.3639611621976088e-34
IL-17,Third,group,2,323,595205.3344913106,2291932.1655086842,41.940884187997774,6.413397447872722e-17,1.0023569783699173e-15
IL-17 RC,Third,group,2,323,86216.50384615175,2800920.996153848,4.971209609365468,0.007474682000380906,0.06886269969875272
IL-17 RD,Third,group,2,323,323081.87605458824,2564055.6239454094,20.34968449807971,4.7455431166045795e-9,5.8154939176592755e-8
IL-17 sR,Third,group,2,323,1070370.6115384507,1816766.8884615386,95.14971615860081,3.245829835581131e-33,9.279227727429548e-32
IL-17B,Third,group,2,323,4622.52282878384,2882514.9771712166,0.2589882247832106,0.7719922373173933,1
IL-17B R,Third,group,2,323,1380937.515384599,1506199.9846153841,148.06892246222034,2.3043590235578793e-46,3.696754694803399e-44
IL-17D,Third,group,2,323,180381.89441687288,2706755.6055831253,10.76258081381124,2.9855525354887646e-5,3.210726931502342e-4
IL-17E,Third,group,2,323,72792.50136476569,2814344.998635233,4.17716696997366,0.016178696363339098,0.14668399058170833
IL-17F,Third,group,2,323,1211078.7629032126,1676058.7370967744,116.69592233244965,7.198057546743537e-39,2.947764824970391e-37
IL-18 BPa,Third,group,2,323,1100417.4647642574,1786720.0352357333,99.46573444897884,2.1959877413362234e-34,6.77696317021948e-33
IL-18 Ra,Third,group,2,323,1195063.1612903124,1692074.3387096783,114.06277852754575,3.3438239341512796e-38,1.3112758492229276e-36
IL-18 Rb,Third,group,2,323,1284535.8815136333,1602601.6184863513,129.44735764112707,5.174098107098377e-42,2.9891743111110468e-40
IL-19,Third,group,2,323,1101665.6493796413,1785471.8506203485,99.64816992941977,1.9616191749352755e-34,6.0729963031589056e-33
IL-1F7,Third,group,2,323,993157.7653846054,1893979.734615384,84.68674515262734,2.6953763321238525e-30,6.716419476595474e-29
IL-1Rrp2,Third,group,2,323,532747.1475186059,2354390.352481389,36.543924941577835,4.930339176912592e-15,7.261347924535681e-14
IL-1a,Third,group,2,323,1319950.7296525917,1567186.7703473943,136.0221046223101,1.4012195957843688e-43,1.034204238206874e-41
IL-1b,Third,group,2,323,57406.741191065405,2829730.758808934,3.2763501168780493,0.03902475043221102,0.3489282806010042
IL-2,Third,group,2,323,959092.4244416768,1928045.0755583125,80.33703594947211,4.796550585767e-29,1.1368442950422782e-27
IL-2 sRa,Third,group,2,323,574593.3647642634,2312544.135235731,40.12759237564528,2.7229760912489317e-16,4.1816975042716445e-15
IL-2 sRg,Third,group,2,323,863548.4590570612,2023589.0409429276,68.91867534167415,1.183745801989835e-25,2.431546071872756e-24
IL-20,Third,group,2,323,874178.9142679807,2012958.585732011,70.13551876077914,5.056274153545412e-26,1.0565030594713644e-24
IL-20 Ra,Third,group,2,323,1215133.417493786,1672004.082506202,117.37055487992117,4.8678068282182043e-39,2.0320586667837727e-37
IL-22,Third,group,2,323,1051148.6873449024,1835988.8126550869,92.4627164588793,1.7762901534940666e-32,4.82915957047858e-31
IL-22BP,Third,group,2,323,1333506.0725806335,1553631.4274193554,138.61796750564966,3.4451299221940497e-44,2.9854750476419555e-42
IL-23,Third,group,2,323,961671.4161290231,1925466.0838709676,80.6609552906802,3.8640922478852784e-29,9.192067112717297e-28
IL-23 R,Third,group,2,323,1120476.1136476323,1766661.386352357,102.428735779252,3.546211565378932e-35,1.1491948707858507e-33
IL-27,Third,group,2,323,76126.31873448798,2811011.1812655116,4.373657620986372,0.013360094405030045,0.1215834691502547
IL-3,Third,group,2,323,540452.1167493733,2346685.383250621,37.19417075591089,2.903789946521281e-15,4.3060732197646256e-14
IL-3 Ra,Third,group,2,323,1035379.4459056978,1851758.0540942925,90.30001524446214,7.069018174914213e-32,1.8643916250795172e-30
IL-34,Third,group,2,323,943579.1490074336,1943558.3509925557,78.406718525779,1.7499021719149863e-28,4.063154646701531e-27
IL-4,Third,group,2,323,1228726.6836228156,1658410.8163771708,119.65633451341037,1.3025116454290568e-39,5.759343135968093e-38
IL-4 sR,Third,group,2,323,231836.14652605122,2655300.853473946,14.100676243512023,1.3455019513316664e-6,1.524694481633935e-5
IL-5,Third,group,2,323,36101.59057071991,2851035.9094292796,2.0450134836563305,0.1310502895179121,1
IL-5 Ra,Third,group,2,323,1202506.336104202,1684631.1638957816,115.28029247168965,1.6407185399722717e-38,6.593906950496686e-37
IL-6,Third,group,2,323,1345004.407071947,1542133.09292804,140.8556840769744,1.0379677451055584e-44,1.022759427317059e-42
IL-6 sRa,Third,group,2,323,138831.5104218335,2748305.9895781646,8.15822147102606,3.4955465956981675e-4,0.003556252464935562
IL-7,Third,group,2,323,1397494.8444168598,1489642.6555831258,151.50977083492123,3.8660109613994305e-47,1.3456692236452215e-44
IL-7 Ra,Third,group,2,323,1395170.091066983,1491967.408933002,151.02204535986343,4.973209958939078e-47,1.5484233755602773e-44
IL-8,Third,group,2,323,618834.9647642621,2268302.5352357323,44.06019270222343,1.2028513217546363e-17,1.9201459220442402e-16
IL22RA1,Third,group,2,323,576669.3900744361,2310468.109925559,40.30876085107362,2.3553232176226895e-16,3.634341485458207e-15
IL24,Third,group,2,323,110818.35744416667,2776319.1425558324,6.446364343674515,0.0017980843442194307,0.01731312208008442
ILT-2,Third,group,2,323,634318.6191066946,2252818.8808933,45.4730106599205,3.979218228531246e-18,6.469180817207235e-17
ILT-4,Third,group,2,323,56198.0218362282,2830939.478163771,3.2059959587824878,0.04181127580152187,0.3733272912861105
IMB1,Third,group,2,323,1350676.7207195868,1536460.7792803973,141.97192231511215,5.72430511103703e-45,6.105303324733798e-43
IMDH1,Third,group,2,323,358905.1719602933,2528232.328039703,22.926368209416047,4.891547630295194e-10,6.181742783223205e-9
IMDH2,Third,group,2,323,1311623.9411910514,1575513.5588089337,134.44966266268966,3.297466546214335e-43,2.269797688200784e-41
ING1,Third,group,2,323,1272841.2090570596,1614296.2909429274,127.33960699534478,1.6741665999475524e-41,9.365372549877795e-40
IP-10,Third,group,2,323,529954.5416873395,2357182.958312656,36.30929800365247,5.97063787450043e-15,8.766881490953864e-14
IR,Third,group,2,323,585523.437841184,2301614.062158809,41.08509622271613,1.2669313824930808e-16,1.9645464481567285e-15
ISM1,Third,group,2,323,145057.53647642583,2742079.963523573,8.543438722640074,2.4234976660767368e-4,0.0024956697257413197
ITI heavy chain H4,Third,group,2,323,1365686.1797766623,1521451.3202233256,144.9657410015303,1.1726836994396578e-45,1.5277436225458396e-43
IgD,Third,group,2,323,335206.4944168753,2551931.005583123,21.213680436456464,2.2071707605975036e-9,2.7341528973317962e-8
IgE,Third,group,2,323,140839.44416873064,2746298.055831268,8.282265715825668,3.1063657560788166e-4,0.0031736194456148782
IgG,Third,group,2,323,19383.39267989993,2867754.1073201,1.0915921660833037,0.33691667864756036,1
IgM,Third,group,2,323,975851.8864764143,1911285.6135235727,82.4576288079705,1.1710808832417183e-29,2.852229252345173e-28
Inhibin bA chain,Third,group,2,323,54636.940570719074,2832500.5594292805,3.1152212389850504,0.04570457439325458,0.4067802538349384
Insulin,Third,group,2,323,717071.7152605406,2170065.7847394524,53.36570109024672,9.43794074089064e-21,1.662461173103684e-19
Integrin a1b1,Third,group,2,323,1399378.6284118972,1487757.8715880897,151.90620248393023,3.151285363329026e-47,1.3224259277090574e-44
Integrin aVb5,Third,group,2,323,1010570.5465260462,1876566.9534739454,86.97112722880658,6.064574330956745e-31,1.5489685163794367e-29
JAG1,Third,group,2,323,641593.341066991,2245544.158933003,46.14352568847012,2.360164989602456e-18,3.862900610739925e-17
JAG2,Third,group,2,323,1111921.1315136359,1775216.368486354,101.15683131773275,7.737272673317997e-35,2.4500970493180092e-33
JAK2,Third,group,2,323,1402631.9999999886,1484505.5000000002,152.59294627065924,2.2129237226724323e-47,1.3224259277090574e-44
JAM-B,Third,group,2,323,30211.542183622718,2856925.9578163773,1.7078370719780016,0.1828900405271254,1
JAM-C,Third,group,2,323,915614.0571960222,1971523.4428039694,75.00375954284843,1.7579971734501102e-27,3.931464031981015e-26
JAML1,Third,group,2,323,1234466.928784107,1652670.0712158803,120.63291546869854,7.440144029577114e-40,3.3902178272706126e-38
JNK2,Third,group,2,323,261861.8828784083,2625275.61712159,16.109049201939182,2.1441300569130548e-7,2.486288554474917e-6
K-ras,Third,group,2,323,875804.075186095,2011333.4248138962,70.32268066426711,4.4379399231169783e-26,9.30307006125635e-25
KI2L4,Third,group,2,323,981677.4416873369,1905460.0583126547,83.20347946463801,7.15285945475906e-30,1.7620139147206364e-28
KI3L2,Third,group,2,323,528198.4328784067,2358939.0671215877,36.1620391551495,6.733714924840858e-15,9.864945892558562e-14
KI3S1,Third,group,2,323,1267667.8944168587,1619469.6055831255,126.41692332015441,2.806799688344266e-41,1.5105865263197144e-39
KIAP,Third,group,2,323,106460.92183622764,2780676.5781637714,6.183185420256429,0.0023163612936949805,0.022127811091280664
KIF23,Third,group,2,323,692229.7426798949,2194907.7573200976,50.93385044084985,5.932423241025065e-20,1.0163846026595853e-18
KIRR3,Third,group,2,323,1110943.260545893,1776194.2394540948,101.01222748774642,8.456931539483581e-35,2.6692764729840078e-33
KLRF1,Third,group,2,323,1090099.510421827,1797037.9895781628,97.9673618221345,5.565461445160141e-34,1.6544127055189153e-32
KPCI,Third,group,2,323,239672.8566997489,2647464.643300249,14.620465831323914,8.347880850414157e-7,9.515189748346582e-6
KPCT,Third,group,2,323,235226.71042183414,2651910.789578163,14.325185403076514,1.0946316084419256e-6,1.2433167409927103e-5
KREM2,Third,group,2,323,598575.6477667443,2288561.8522332516,42.240486976568086,5.056763800852079e-17,7.922408308534652e-16
KYNU,Third,group,2,323,1295193.4105458935,1591944.0894540949,131.3951521217627,1.7613490305416237e-42,1.0717922221505863e-40
Kallikrein 11,Third,group,2,323,226130.64267989807,2661006.857320099,13.724165607593715,1.9029700704957649e-6,2.1414045341985055e-5
Kallikrein 4,Third,group,2,323,140230.51228287723,2746906.9877171214,8.244628534913065,3.2196048033046007e-4,0.0032841246899246693
Kallikrein 6,Third,group,2,323,777213.546029768,2109923.953970223,59.4902898977083,1.0083066005905325e-22,1.878368301589366e-21
Kallikrein 7,Third,group,2,323,1028778.8828783999,1858358.617121589,89.40566586776876,1.2558055297803843e-31,3.2852947924666335e-30
Kallistatin,Third,group,2,323,636980.8622828717,2250156.1377171213,45.71789820907815,3.2874553193599872e-18,5.367028034107129e-17
Karyopherin-a2,Third,group,2,323,828487.4421836145,2058650.0578163776,64.99439834596122,1.89706571434915e-24,3.757613944876069e-23
Keratin 18,Third,group,2,323,1161575.577667484,1725561.9223325057,108.71499502012674,7.921138159221576e-37,2.8633152216467176e-35
"Kininogen, HMW",Third,group,2,323,137457.39751860872,2749680.1024813894,8.073437226105671,3.7894360993032545e-4,0.0038431604290651363
"Kininogen, HMW, Two Chain",Third,group,2,323,67575.19913151301,2819562.300868486,3.870598871455258,0.02181964816863429,0.19672500869027534
Kininostatin,Third,group,2,323,192633.6606699736,2694503.8393300246,11.545849645527383,1.4349318082544156e-5,1.5604465658237615e-4
Ku70,Third,group,2,323,102240.58362282766,2784896.916377171,5.929071973179776,0.002959221995709277,0.027938963837552296
L-VEGF165,Third,group,2,323,83691.72282878356,2803445.7771712155,4.8212857715717705,0.008645456138329429,0.07934752769010965
LAG-1,Third,group,2,323,138501.35744416714,2748636.142555831,8.13784293996587,3.564021445573168e-4,0.003620224315690894
LAG-3,Third,group,2,323,1368091.0179900606,1519046.4820099254,145.45091412413484,9.083028712813539e-46,1.2159579157877011e-43
LBP,Third,group,2,323,404267.118610417,2482870.3813895797,26.295830883866838,2.6277417601424658e-11,3.458171458546615e-10
LCK,Third,group,2,323,777712.5668734415,2109424.933126551,59.54256896162591,9.705146308267171e-23,1.809702627182596e-21
LCMT1,Third,group,2,323,1308613.5590570606,1578523.9409429287,133.88526097454755,4.488160972125342e-43,2.983605732685849e-41
LD78-beta,Third,group,2,323,128052.51228287676,2759084.987717122,7.4954127276795885,6.577549151457199e-4,0.0065577372244142
LDH-H 1,Third,group,2,323,1393529.3251860898,1493608.1748138962,150.67873208821678,5.939202106946466e-47,1.5655937173788152e-44
LEAP-1,Third,group,2,323,569621.3758064476,2317516.1241935473,39.69502142072623,3.8519481347830124e-16,5.8828901609138106e-15
LG3BP,Third,group,2,323,1349099.7796525934,1538037.7203473945,141.66077433047718,6.755730535803107e-45,7.127059017583089e-43
LGMN,Third,group,2,323,602345.5451612845,2284791.95483871,42.57665794801638,3.8747144604264374e-17,6.0901586381998265e-16
LIF sR,Third,group,2,323,134557.028411909,2752580.47158809,7.894759231502401,4.492808581181105e-4,0.0045304677291028
LIGHT,Third,group,2,323,1357914.1744416773,1529223.3255583134,143.40818342688056,2.670278435860644e-45,3.1038157808595768e-43
LIMP II,Third,group,2,323,1235177.6977667348,1651959.8022332503,120.75426891117638,6.9409549794346404e-40,3.1851854235010685e-38
LIN7B,Third,group,2,323,56201.574937964324,2830935.9250620357,3.2062026809322215,0.041802801590739895,0.3733272912861105
LKHA4,Third,group,2,323,1144140.0844913046,1742997.4155086852,106.0119894620836,4.0172419660789946e-36,1.3850819047575846e-34
LRIG3,Third,group,2,323,1371903.2219602824,1515234.2780397027,146.22317720611926,6.053262288595305e-46,8.333476962488359e-44
LRP8,Third,group,2,323,1272033.7526054434,1615103.7473945408,127.19520425680457,1.8149830649191684e-41,1.0037402047157694e-39
LRRT1,Third,group,2,323,1123121.3168734417,1764016.18312655,102.82450603915373,2.7839935661611026e-35,9.082535855574175e-34
LRRT3,Third,group,2,323,1370037.5997518487,1517099.9002481382,145.84476099677673,7.384039481647437e-46,9.998131107014263e-44
LSAMP,Third,group,2,323,1192318.9384615256,1694818.5615384632,113.61659172928897,4.34412852319463e-38,1.6898882234393484e-36
LY86,Third,group,2,323,1304831.262282865,1582306.237717122,133.17918101790113,6.605811957905777e-43,4.302945071740078e-41
LY9,Third,group,2,323,1106206.0057071869,1780931.4942928038,100.31394834344952,1.3002565577494067e-34,4.0709261384930386e-33
LYN,Third,group,2,323,878774.274937955,2008363.2250620353,70.66552684865854,3.4956588008198573e-26,7.351622436019192e-25
LYNB,Third,group,2,323,604951.0879652547,2282186.4120347397,42.80964963737652,3.2226199508865045e-17,5.07755040181347e-16
LYVE1,Third,group,2,323,1399413.9975185976,1487723.5024813884,151.9135512898042,3.1393745254436506e-47,1.3224259277090574e-44
Lactoferrin,Third,group,2,323,272787.0975186089,2614350.402481389,16.851266841445884,1.0933444317797166e-7,1.2792825352626124e-6
Lamin-B1,Third,group,2,323,393693.63784118695,2493443.862158809,25.499480247493196,5.219615910040734e-11,6.799987859056837e-10
Laminin,Third,group,2,323,429362.97841190686,2457774.5215880885,28.213377754733017,5.093813974204938e-12,6.842756610562033e-11
Layilin,Third,group,2,323,1281813.647642666,1605323.85235732,128.95398258133693,6.805708426710211e-42,3.885530133012284e-40
Leptin,Third,group,2,323,819053.7619106609,2068083.7380893307,63.96123141066836,3.969678148038454e-24,7.736629825819397e-23
Lipocalin 2,Third,group,2,323,1090123.8667493719,1797013.6332506202,97.97087858568854,5.553292415082709e-34,1.6533271825700602e-32
Livin B,Third,group,2,323,1321197.3410669821,1565940.158933002,136.25895559617402,1.2322323639225441e-43,9.199730869790388e-42
Luteinizing hormone,Third,group,2,323,1150969.6183622715,1736167.8816377164,107.06429679494236,2.1309162493674924e-36,7.439563397198095e-35
Lymphotactin,Third,group,2,323,119695.80260545574,2767441.697394543,6.985105463641924,0.0010719598737673332,0.010546474407460118
Lymphotoxin a1/b2,Third,group,2,323,1048498.5361042079,1838638.9638957814,92.09666329600734,2.2422402953621664e-32,6.053535897309676e-31
Lymphotoxin a2/b1,Third,group,2,323,243102.59106699517,2644034.908933001,14.848922124543169,6.771023451810366e-7,7.749689985267145e-6
Lymphotoxin b R,Third,group,2,323,826392.512903217,2060744.9870967737,64.76414678649517,2.235736832603464e-24,4.4104351702430775e-23
Lysozyme,Third,group,2,323,9874.008064515889,2877263.4919354836,0.5542253279509768,0.5750625160139267,1
M-CSF R,Third,group,2,323,1267980.5296525932,1619156.9703473942,126.4725158147934,2.7206333020805803e-41,1.4710635025345575e-39
M2-PK,Third,group,2,323,379474.86426798534,2507662.6357320095,24.439168852308526,1.307570384725116e-10,1.6786847455609846e-9
MAPK14,Third,group,2,323,1121018.3106699625,1766119.1893300253,102.50976166669584,3.374702328396082e-35,1.0954439133636471e-33
MAPK2,Third,group,2,323,118211.26228287816,2768926.237717121,6.894773359663331,0.0011689418517920683,0.011465763335859714
MAPK5,Third,group,2,323,640640.2566997455,2246497.2433002484,46.055432191412145,2.5275817348443114e-18,4.133427731503358e-17
MAPKAPK3,Third,group,2,323,421386.93796525616,2465750.56203474,27.599705959401927,8.595877349813309e-12,1.1467878321925522e-10
MASP3,Third,group,2,323,66997.08449131344,2820140.4155086866,3.836698728136004,0.022554191844804804,0.20325321820402276
MATK,Third,group,2,323,1378966.7916873316,1508170.7083126563,147.66440936030688,2.8461644667777892e-46,4.384754744724816e-44
MATN2,Third,group,2,323,783396.511910663,2103740.98808933,60.13978783028768,6.277046532551468e-23,1.1772558516627e-21
MATN3,Third,group,2,323,993947.6669975058,1893189.8330024807,84.78946243099058,2.5197727789262356e-30,6.303119169444161e-29
MBD4,Third,group,2,323,1184759.7873448965,1702377.7126550868,112.39497805559401,8.91324505488954e-38,3.392513076010713e-36
MBL,Third,group,2,323,18255.757444167975,2868881.742555832,1.027684335502285,0.35900162188816404,1
MCP-1,Third,group,2,323,158815.76476426655,2728321.735235732,9.400924267171499,1.0755747608589903e-4,0.0011273414613240677
MCP-2,Third,group,2,323,1251905.1465260386,1635232.3534739455,123.64156123405411,1.341493478563469e-40,6.694140509297549e-39
MCP-3,Third,group,2,323,115471.45719602983,2771666.042803969,6.728314324005945,0.0013713853248916307,0.013354251508614577
MCP-4,Third,group,2,323,758359.5937965191,2128777.906203475,57.533044683164476,4.241858467847895e-22,7.804760375922489e-21
MDC,Third,group,2,323,923155.6228287735,1963981.8771712163,75.91191895394947,9.466868468206264e-28,2.1318416202987277e-26
MDHC,Third,group,2,323,1312035.5147642542,1575101.4852357318,134.52703690563453,3.1611528410141855e-43,2.1915093228460837e-41
MDM2,Third,group,2,323,1356045.7910669849,1531091.708933003,143.03610553148195,3.252359450349234e-45,3.713688525979901e-43
MED-1,Third,group,2,323,1054092.1605458935,1833045.3394540944,92.87052549330849,1.37080893906605e-32,3.76368591252559e-31
MEK1,Third,group,2,323,1172945.7647642589,1714191.7352357318,110.50732372325766,2.723306785475406e-37,1.0069157271833951e-35
MEPE,Third,group,2,323,1272132.3610421694,1615005.1389578166,127.21283131079662,1.7971743497681476e-41,9.967311396517368e-40
METAP1,Third,group,2,323,840184.1538461472,2046953.3461538453,66.28863383775166,7.558523957449779e-25,1.5125896318066174e-23
MFGM,Third,group,2,323,1354034.4174937806,1533103.0825062045,142.63656561682023,4.0204818343177556e-45,4.45960008408269e-43
MFRP,Third,group,2,323,1069797.416997507,1817340.0830024818,95.06876806439834,3.415475310210851e-33,9.707028529559504e-32
MIA,Third,group,2,323,381755.00260545546,2505382.4973945417,24.60839132743092,1.1289151212720746e-10,1.4522049405544816e-9
MICA,Third,group,2,323,1341908.7916873302,1545228.7083126549,140.24996344661102,1.434947565989252e-44,1.3654057391639312e-42
MICB,Third,group,2,323,1216818.747518597,1670318.75248139,117.65193166412882,4.136186521134147e-39,1.7341033749510213e-37
MIF,Third,group,2,323,913085.347518601,1974052.1524813897,74.70080435255586,2.1623273617840248e-27,4.7969948288860746e-26
MIP-1a,Third,group,2,323,993330.0652605328,1893807.4347394542,84.70914338851281,2.6560634617694472e-30,6.626965504795304e-29
MIP-3a,Third,group,2,323,425114.5426798966,2462022.9573201,27.886010745218645,6.732522856743518e-12,9.03160977325429e-11
MIP-3b,Third,group,2,323,510009.0284119067,2377128.4715880873,34.649561045178345,2.3281317495071332e-14,3.370036736585536e-13
MIP-5,Third,group,2,323,543787.1977667441,2343350.3022332503,37.476954408239244,2.307885308692253e-15,3.4355200752184475e-14
MIS,Third,group,2,323,142722.81960297748,2744414.680397021,8.39878008615898,2.780583742440901e-4,0.0028527959323906603
MK01,Third,group,2,323,34575.9911910668,2852561.5088089327,1.9575467733520875,0.14287601779008105,1
MK08,Third,group,2,323,93596.51476426749,2793540.9852357316,5.410995297480361,0.004881397094358642,0.045467626434973686
MK11,Third,group,2,323,288846.7042183606,2598290.795781637,17.95362659445207,4.0418145680056146e-8,4.816273710568266e-7
MK12,Third,group,2,323,1392010.731513633,1495126.7684863522,150.36165352523673,6.998480112324719e-47,1.5655937173788152e-44
MK13,Third,group,2,323,784976.7718362203,2102160.7281637723,60.30640138648479,5.559680171661235e-23,1.046759721787155e-21
MMEL2,Third,group,2,323,1236301.9142679775,1650835.5857320104,120.94648363528235,6.218293731744943e-40,2.880799741149907e-38
MMP-1,Third,group,2,323,108694.69057071768,2778442.8094292814,6.317996709378626,0.0020344173899725423,0.019511264249042325
MMP-10,Third,group,2,323,113845.42211538507,2773291.577884614,6.629679986862046,0.0015076296180495834,0.014639887052215307
MMP-12,Third,group,2,323,1342079.2864764158,1545058.213523573,140.28326108932998,1.4096028762071684e-44,1.347896665021336e-42
MMP-13,Third,group,2,323,959603.9653846053,1927533.5346153853,80.4012161793788,4.5953404044441405e-29,1.0904863745587608e-27
MMP-14,Third,group,2,323,1044343.7207195901,1842793.7792803964,91.52489703002766,3.22847245135635e-32,8.644003574691475e-31
MMP-16,Third,group,2,323,438100.82493796106,2449036.6750620347,28.89025058217575,2.865781828486723e-12,3.884686407977786e-11
MMP-17,Third,group,2,323,350193.0249379636,2536944.475062033,22.293027728207655,8.525588278899098e-10,1.0683874980819893e-8
MMP-2,Third,group,2,323,355793.61364763835,2531343.886352358,22.699669102207153,5.966429009077228e-10,7.520550229101106e-9
MMP-3,Third,group,2,323,394897.36426798487,2492240.1357320105,25.589799078710186,4.8280362244289017e-11,6.294071637590623e-10
MMP-7,Third,group,2,323,1387951.7976426673,1499185.7023573196,149.5173112756016,1.0843168242417902e-46,2.0135267225514983e-44
MMP-8,Third,group,2,323,53450.56526054442,2833686.934739454,3.0463020398446465,0.04890245019189486,0.4342464945255385
MMP-9,Third,group,2,323,61662.35905707115,2825475.1409429284,3.5245296776504684,0.030604107054098294,0.27426925045743056
MO2R1,Third,group,2,323,1194678.2476426668,1692459.2523573202,114.0001076690951,3.4689395417392063e-38,1.3575971381526226e-36
MOZ,Third,group,2,323,24568.140074441675,2862569.3599255583,1.3860815662910306,0.2515364610389924,1
MP2K2,Third,group,2,323,1029983.4174937869,1857154.0825062029,89.56840118552253,1.1309563785254889e-31,2.962671541542801e-30
MP2K4,Third,group,2,323,165942.3361042156,2721195.163895782,9.84849879067961,7.050078984232801e-5,7.465989538785103e-4
MPIF-1,Third,group,2,323,152302.438461537,2734835.0615384616,8.99390393134036,1.580821860100818e-4,0.001642713856263933
MRC2,Third,group,2,323,1339973.2169975063,1547164.2830024825,139.87246016637138,1.7564572101078002e-44,1.6235816677127226e-42
MRCKB,Third,group,2,323,1343858.7102977538,1543278.7897022332,140.63122176062728,1.1702335455464537e-44,1.147263594348805e-42
MSP,Third,group,2,323,422513.7619106653,2464623.73808933,27.686162189394302,7.984178670878063e-12,1.0673810549186284e-10
MSP R,Third,group,2,323,1097168.7976426724,1789968.70235732,98.99210002160123,2.9447071625674073e-34,8.987540419242053e-33
Macrophage mannose receptor,Third,group,2,323,154852.1426798976,2732285.3573201005,9.153004819135216,1.3597585706226947e-4,0.0014175486988833705
Macrophage scavenger receptor,Third,group,2,323,696382.016873443,2190755.4831265504,51.3364894399602,4.3693819302802665e-20,7.519115709909452e-19
Mammaglobin 2,Third,group,2,323,387978.7344913115,2499158.7655086843,25.071862774429675,7.554578039637424e-11,9.769793382577972e-10
Marapsin,Third,group,2,323,77415.44590570591,2809722.054094293,4.449762030928602,0.01240613977517905,0.11306102695383881
Mesothelin,Third,group,2,323,906007.4691066903,1981130.0308932995,73.8569422395531,3.8543437750202405e-27,8.454015431536144e-26
Met,Third,group,2,323,952042.6183622768,1935094.8816377176,79.45599170588537,8.648078922078971e-29,2.0303165553375583e-27
Midkine,Third,group,2,323,147235.9266749369,2739901.573325062,8.678633710606366,2.1315734186058583e-4,0.0022008898422349607
Mn SOD,Third,group,2,323,133567.99516128842,2753569.50483871,7.83391564318316,4.76118399922578e-4,0.004796109724229891
Moesin,Third,group,2,323,1080882.3102977537,1806255.1897022342,96.64331712833129,1.2715396303447521e-33,3.706052188724799e-32
Myeloperoxidase,Third,group,2,323,156097.34106699564,2731040.1589330034,9.230812846109536,1.2632517677539453e-4,0.0013183563941535571
Myoglobin,Third,group,2,323,1292753.611042171,1594383.8889578169,130.94695049871666,2.2555729355120575e-42,1.3430373953820975e-40
"Myokinase, human",Third,group,2,323,809527.2315136385,2077610.2684863522,62.927417077459175,8.33879686693e-24,1.6058268748328102e-22
N-terminal pro-BNP,Third,group,2,323,1727.5112903225236,2885409.9887096775,0.09669096401508269,0.9078627839038365,1
NACA,Third,group,2,323,1398770.876426787,1488366.6235732012,151.7781257420247,3.366328163927533e-47,1.333571268103691e-44
NADPH-P450 Oxidoreductase,Third,group,2,323,1316608.7405707075,1570528.7594292804,135.38899579237147,1.976586325567229e-43,1.4158014575629153e-41
NAGK,Third,group,2,323,162478.3461538446,2724659.1538461535,9.630655220417177,8.65807273865273e-5,9.14390241438931e-4
NANOG,Third,group,2,323,298845.0707195997,2588292.4292803966,18.646841591478783,2.168496427276322e-8,2.606405862232774e-7
NAP-2,Third,group,2,323,1394486.0106699623,1492651.4893300252,150.87881687927296,5.355358892364773e-47,1.5586426310781988e-44
NCAM-120,Third,group,2,323,280696.828287838,2606440.6717121596,17.39250705396148,6.702406438487389e-8,7.918611863849369e-7
NCAM-L1,Third,group,2,323,732289.044168727,2154848.4558312683,54.883061643249924,3.0290492775478338e-21,5.419166067215677e-20
NCAM1,Third,group,2,323,200650.8026054576,2686486.697394541,12.062261336417235,8.868131466059192e-6,9.753113369613996e-5
NCC27,Third,group,2,323,1401878.3225806316,1485259.1774193554,152.43356347418697,2.401963867096327e-47,1.3224259277090574e-44
NCK1,Third,group,2,323,944818.3282878306,1942319.1717121596,78.55977649851324,1.5786300761317195e-28,3.674262510501943e-27
NDP kinase B,Third,group,2,323,1386261.9554590422,1500875.5445409429,149.16713555694025,1.3006785809238488e-46,2.2745886576983906e-44
NET4,Third,group,2,323,250596.42990074167,2636541.070099256,15.350158542171386,4.2813656341692385e-7,4.923406967381892e-6
NG36,Third,group,2,323,600375.3529776619,2286762.147022332,42.400832824764045,4.453429840953636e-17,6.988448590650466e-16
NID2,Third,group,2,323,622564.5913151307,2264572.9086848637,44.39873899038385,9.221310256236725e-18,1.4805469806762755e-16
NKG2D,Third,group,2,323,1264964.3797766666,1622173.1202233245,125.93708081280919,3.674530840372601e-41,1.9382506468008102e-39
NKp30,Third,group,2,323,113359.66054590512,2773777.839454094,6.60023485578311,0.0015508841031032234,0.01504485876873483
NKp44,Third,group,2,323,1340915.7861042062,1546221.7138957826,140.05617532701754,1.5918219259179578e-44,1.4855490875580045e-42
NKp46,Third,group,2,323,578721.4913151297,2308416.0086848633,40.488161793957104,2.0404571570115798e-16,3.1509975261852313e-15
NLGNX,Third,group,2,323,55752.049751860555,2831385.450248139,3.180053084660863,0.0428885958591885,0.38259456511774353
NMT1,Third,group,2,323,1095795.575806442,1791341.9241935473,98.79240981445336,3.3329602451603656e-34,1.0140638810246226e-32
NOTC2,Third,group,2,323,1395292.779776664,1491844.7202233248,151.04774704715817,4.90759669108638e-47,1.5484233755602773e-44
NPS-PLA2,Third,group,2,323,1161443.5749379531,1725693.9250620338,108.69432558600258,8.019603019709787e-37,2.893519773170686e-35
NR1D1,Third,group,2,323,1387851.5122828644,1499285.9877171216,149.49650771762694,1.0960940834430321e-46,2.0135267225514983e-44
NRP1,Third,group,2,323,12672.511290322524,2874464.9887096775,0.7119970434239985,0.4914317704618946,1
NRX1A,Third,group,2,323,81265.75260545826,2805871.747394541,4.677483587041532,0.009941599840102306,0.09089963589942054
NRX1B,Third,group,2,323,670530.2631513579,2216607.2368486356,48.85422897603717,2.905605046247005e-19,4.891737380090964e-18
NRX3A,Third,group,2,323,80280.2070719595,2806857.2929280396,4.619135242389345,0.010521743217754568,0.09615880238166134
NRX3B,Third,group,2,323,1397456.4571960177,1489681.0428039702,151.5017049638697,3.882133692104952e-47,1.3456692236452215e-44
NSF1C,Third,group,2,323,1402631.9999999856,1484505.5000000005,152.59294627065887,2.212923722672904e-47,1.3224259277090574e-44
NUDC3,Third,group,2,323,1395029.8045905593,1492107.6954094286,150.99266234905025,5.04930333993079e-47,1.5484233755602773e-44
NXPH1,Third,group,2,323,1225713.5410669865,1661423.4589330014,119.14646793867196,1.74618702779351e-39,7.616354495099747e-38
Nectin-like protein 1,Third,group,2,323,65526.674441686366,2821610.825558313,3.7505377518667458,0.024535092899873368,0.22059259206063456
Nectin-like protein 2,Third,group,2,323,1340215.3102977537,1546922.1897022342,139.9196249520155,1.7126229110055091e-44,1.5906378883533617e-42
Neurotrophin-3,Third,group,2,323,424202.85905706696,2462934.6409429284,27.81590733219291,7.147353102630059e-12,9.574866164406824e-11
Neurotrophin-5,Third,group,2,323,622106.6403225753,2265030.85967742,44.35710974216247,9.527410996274333e-18,1.5284294230948003e-16
Nidogen,Third,group,2,323,458481.03734490834,2428656.4626550865,30.487921478303534,7.432366278309199e-13,1.0232078209093763e-11
Noggin,Third,group,2,323,382181.3251861008,2504956.1748138955,24.64006541836641,1.0983109414399604e-10,1.41471160874296e-9
Nogo Receptor,Third,group,2,323,985669.9652605345,1901467.5347394538,83.71728492928939,5.097575963606863e-30,1.2637402086288422e-28
Notch 1,Third,group,2,323,850675.0844913048,2036461.9155086868,67.46211412013008,3.296380821324893e-25,6.686229823996431e-24
Notch-3,Third,group,2,323,829186.7728287745,2057950.7271712176,65.07136543347654,1.795775378782853e-24,3.5606163396244284e-23
NovH,Third,group,2,323,118111.96228287462,2769025.5377171244,6.888734556204336,0.001175731601388906,0.011526537314985624
Nr-CAM,Third,group,2,323,40902.69057071861,2846234.809429281,2.320885299163223,0.09982198100189354,0.878368061045671
Nucleoside diphosphate kinase A,Third,group,2,323,445631.1334057045,2441505.866594292,29.47747495909684,1.7427950796682487e-12,2.3790446240142082e-11
OBCAM,Third,group,2,323,1336279.3990074324,1550858.1009925564,139.15465431787825,2.5816189438284764e-44,2.3200334554357672e-42
OCAD1,Third,group,2,323,884580.8057071893,2002556.6942928033,71.33870443161739,2.190041975500922e-26,4.646085570203357e-25
OLR1,Third,group,2,323,658641.863647636,2228495.636352358,47.73204813324322,6.892991438053432e-19,1.1455676889521078e-17
OMD,Third,group,2,323,585459.0532257995,2301678.446774194,41.07942933057434,1.2726679290431346e-16,1.9716048989510286e-15
ON,Third,group,2,323,1388107.4696029623,1499030.0303970228,149.54960994444107,1.0662837561525385e-46,2.009515812623353e-44
OPG,Third,group,2,323,891006.9405707081,1996130.5594292798,72.08828111088665,1.3032218155005453e-26,2.7921966589956017e-25
OSM,Third,group,2,323,478982.7921836185,2408154.7078163773,32.122405045894084,1.8903054572976465e-13,2.660869536479862e-12
OX2G,Third,group,2,323,585521.5451612864,2301615.95483871,41.08492963161369,1.2670996494916215e-16,1.9645464481567285e-15
OX40 Ligand,Third,group,2,323,242665.02841190808,2644472.471588089,14.819742882401071,6.954415310280361e-7,7.950213585333312e-6
Olfactomedin-4,Third,group,2,323,812424.6687344834,2074712.8312655087,63.24084086402803,6.656099795859305e-24,1.284333183190793e-22
Oxidized PARK7,Third,group,2,323,126380.46153846057,2760757.038461538,7.393060763447452,7.253645795506023e-4,0.007213273358213496
P-Cadherin,Third,group,2,323,369025.5441687312,2518111.955831266,23.66758366133726,2.559305504669654e-10,3.2683939829825416e-9
P-Selectin,Third,group,2,323,1398542.3951612758,1488595.1048387103,151.73004135534796,3.4508230763332054e-47,1.338566211380156e-44
PA2G4,Third,group,2,323,1399316.0322580484,1487821.4677419362,151.89291464698297,3.1729376575978047e-47,1.3224259277090574e-44
PACA,Third,group,2,323,19694.094913151115,2867443.4050868484,1.1092098009088944,0.33107245483802106,1
PACAP-27,Third,group,2,323,139131.9604218346,2748005.539578164,8.17677085599163,3.4343693277711116e-4,0.003499515136236592
PACAP-38,Third,group,2,323,544002.92977667,2343134.570223323,37.49527418331702,2.2738241481087916e-15,3.387414312349581e-14
PAFAH,Third,group,2,323,1278490.2580645026,1608647.2419354848,128.35391830777647,9.504432529042416e-42,5.347649768178656e-40
PAFAH beta subunit,Third,group,2,323,332027.6477667461,2555109.85223325,20.986363880778626,2.6986750118304344e-9,3.330256806520849e-8
PAI-1,Third,group,2,323,940005.5687344803,1947131.931265508,77.96641661150893,2.354277558827218e-28,5.453426996734441e-27
PAK3,Third,group,2,323,697485.7976426724,2189651.70235732,51.443778112300755,4.0278454187613725e-20,6.943689043122739e-19
PAK6,Third,group,2,323,886047.8516128953,2001089.6483870973,71.50940396439525,1.9455887685903734e-26,4.141065231053752e-25
PAK7,Third,group,2,323,1185030.0861042065,1702107.413895781,112.43847323818049,8.687574842489999e-38,3.313115956718133e-36
PAL4D,Third,group,2,323,49593.065136475954,2837544.434863523,2.8226095496989414,0.06091796150962261,0.5387244631690671
PAPP-A,Third,group,2,323,1315321.9796525924,1571815.520347396,135.1459487223695,2.2560980592016923e-43,1.5991221263639565e-41
PARC,Third,group,2,323,469017.41054589953,2418120.089454095,31.324462392710597,3.682808966075106e-13,5.1319679426936255e-12
PARK7,Third,group,2,323,1380769.5191066875,1506367.9808933004,148.0343980781448,2.3462415267505998e-46,3.7330924556210406e-44
PBEF,Third,group,2,323,1007091.8244416786,1880045.675558312,86.51137137879948,8.179008516736264e-31,2.0753678502017153e-29
PBP,Third,group,2,323,231162.5341191045,2655974.9658808927,14.056137478635243,1.401768500223619e-6,1.5866021250117555e-5
PCI,Third,group,2,323,1402631.9999999867,1484505.5000000002,152.59294627065904,2.2129237226725893e-47,1.3224259277090574e-44
PCNA,Third,group,2,323,1252371.4790322478,1634766.0209677424,123.7229005677376,1.2811020615153684e-40,6.409259620143693e-39
PCSK7,Third,group,2,323,1402310.0199751724,1484827.4800248146,152.52483623363807,2.2918036820421517e-47,1.3224259277090574e-44
PCSK9,Third,group,2,323,1224447.9465260422,1662689.5534739452,118.93281157074075,1.9747295775871913e-39,8.55628962168793e-38
PD-L2,Third,group,2,323,454829.3976426744,2432308.10235732,30.199688784534157,9.473396038379056e-13,1.3023474267266e-11
PDE11,Third,group,2,323,1402631.9999999865,1484505.5000000005,152.59294627065898,2.2129237226727463e-47,1.3224259277090574e-44
PDE3A,Third,group,2,323,437100.6282878369,2450036.871712158,28.8125261638018,3.0611326719713806e-12,4.143705299758711e-11
PDE4D,Third,group,2,323,142682.67444168404,2744454.8255583146,8.39629485161746,2.787160349461277e-4,0.0028580327467802136
PDE5A,Third,group,2,323,290354.34416873194,2596783.155831265,18.05781375235368,3.6801639598837347e-8,4.3907172886723754e-7
PDE7A,Third,group,2,323,541513.7151364712,2345623.784863523,37.2840971168906,2.699159767701676e-15,4.008748992734235e-14
PDE9A,Third,group,2,323,487061.54218361713,2400075.957816379,32.77414567088138,1.0985992440964921e-13,1.5565912619754775e-12
PDGF Rb,Third,group,2,323,1069358.1042183526,1817779.3957816376,95.00676167418163,3.5514358265037636e-33,1.0063968284538288e-31
PDGF-AA,Third,group,2,323,1346176.357444155,1540961.142555832,141.08563527217817,9.18039797640937e-45,9.233366174238223e-43
PDGF-BB,Third,group,2,323,1400700.7191066886,1486436.7808933011,152.1848551135712,2.7299490111205583e-47,1.3224259277090574e-44
PDGF-CC,Third,group,2,323,1017520.0199751772,1869617.480024814,87.89470839982205,3.3310004274148314e-31,8.575495078346991e-30
PDK1,Third,group,2,323,745283.057196022,2141854.44280397,56.19579525655639,1.1404636915945787e-21,2.061261262105717e-20
PDPK1,Third,group,2,323,1401988.079900733,1485149.4200992559,152.45676417450045,2.3734669922819964e-47,1.3224259277090574e-44
PECAM-1,Third,group,2,323,710427.1282878341,2176710.3717121594,52.70980591149461,1.5463521474698953e-20,2.7090966602088394e-19
PERL,Third,group,2,323,1386901.9604218232,1500235.5395781642,149.29966708501277,1.2141016525358976e-46,2.1424871436726024e-44
PESC,Third,group,2,323,275856.9911910631,2611280.5088089337,17.060941529287255,9.043751009090783e-8,1.0645934768091447e-6
PF-4,Third,group,2,323,1401818.9758064372,1485318.5241935488,152.42102007423605,2.4175137523490534e-47,1.3224259277090574e-44
PFD5,Third,group,2,323,146502.88449131278,2740634.615508686,8.633115743141655,2.225680825451917e-4,0.0022943962478599554
PGCB,Third,group,2,323,402298.2290322529,2484839.270967743,26.14702880295563,2.986618608271563e-11,3.919831983178401e-10
PGP9.5,Third,group,2,323,467222.36799006956,2419915.132009926,31.181429229596112,4.1516985972297274e-13,5.7729295616892635e-12
PGRP-S,Third,group,2,323,1350310.2557071869,1536827.2442928038,141.89955774571234,5.949078481300137e-45,6.310364823407977e-43
PH,Third,group,2,323,179389.7147642658,2707747.7852357323,10.69945993212463,3.16759589833367e-5,3.4046140373593956e-4
PHI,Third,group,2,323,1303108.1426798883,1584029.3573200987,132.8586266853349,7.87526201043493e-43,5.061904277394026e-41
PIGR,Third,group,2,323,221363.40806451393,2665774.091935485,13.410810207275505,2.540819656814122e-6,2.845975371038151e-5
PIK3CA/PIK3R1,Third,group,2,323,315575.46910669655,2571562.0308933,19.818864040012016,7.608871416421233e-9,9.248497601825002e-8
PIM1,Third,group,2,323,614389.1836228226,2272748.316377171,43.65809114898022,1.6502363335753528e-17,2.6256822823325303e-16
PK3CG,Third,group,2,323,103467.04776674695,2783670.452233252,6.002839955758332,0.0027560166290781117,0.026109330441185446
PKB a/b/g,Third,group,2,323,767560.8437965168,2119576.6562034795,58.48388446359507,2.10735699240124e-22,3.8966562322336204e-21
PKC-A,Third,group,2,323,462434.3976426753,2424703.10235732,30.800948432277902,5.712980300666339e-13,7.898624686042693e-12
PKC-B-II,Third,group,2,323,491065.050744412,2396072.4492555833,33.09875113328138,8.389675763959567e-14,1.1913312167668686e-12
PKC-D,Third,group,2,323,123398.7699751854,2763738.7300248137,7.210848527209919,8.635092413613818e-4,0.00854326437928729
PKC-G,Third,group,2,323,948404.3379652535,1938733.1620347395,79.00380701211934,1.1712976380034692e-28,2.736037863404354e-27
PKC-Z,Third,group,2,323,397073.75545905344,2490063.744540943,25.753321234135466,4.192702701659365e-11,5.47317027048613e-10
PLCG1,Third,group,2,323,228457.07642679755,2658680.4235732006,13.87749257706601,1.6522860025733728e-6,1.862549982443673e-5
PLK-1,Third,group,2,323,320878.25570719456,2566259.2442928026,20.193532049406308,5.451789185683776e-9,6.668343859538337e-8
PLPP,Third,group,2,323,825273.2315136397,2061864.2684863524,64.64131947312758,2.4406509942436717e-24,4.8000348204976543e-23
PLXC1,Third,group,2,323,1392669.1961538321,1494468.303846154,150.49906016741963,6.517895606499132e-47,1.5655937173788152e-44
PP13G,Third,group,2,323,2179.360421836376,2884957.6395781636,0.122000650303496,0.8851885617801347,1
PPAC,Third,group,2,323,1240629.5187344798,1646507.981265509,121.68885274495916,4.069716650183629e-40,1.9315089480849871e-38
PPIB,Third,group,2,323,657771.3921836154,2229366.107816377,47.650352028408776,7.341742933637239e-19,1.2180613743921277e-17
PPID,Third,group,2,323,1230395.6686104103,1656741.8313895776,119.93956856507687,1.1070323312559988e-39,4.951382013921723e-38
PPIE,Third,group,2,323,1381340.8602977525,1505796.639702233,148.15184405126695,2.206811516375684e-46,3.5697668736625295e-44
PPase,Third,group,2,323,248181.19168734318,2638956.308312655,15.188300894278097,4.963685528547382e-7,5.69455458190427e-6
PRKACA,Third,group,2,323,1178802.5290322464,1708334.9709677424,111.43985908739123,1.566926165263403e-37,5.849261647116632e-36
PRL,Third,group,2,323,701773.7513647578,2185363.7486352357,51.861600118601416,2.9348581348383606e-20,5.086569115134469e-19
PSA,Third,group,2,323,505881.97518609976,2381255.524813894,34.30960606335615,3.0808678925277083e-14,4.4364852653719813e-13
PSA1,Third,group,2,323,1239710.8174937833,1647426.6825062037,121.53093011742698,4.453366478402836e-40,2.0880647128830498e-38
PSA2,Third,group,2,323,149345.06315136282,2737792.4368486353,8.80973567401179,1.8822957395537277e-4,0.0019486886096459516
PSA6,Third,group,2,323,1118558.1341190964,1768579.3658808933,102.1425117499646,4.225415360642238e-35,1.3557196523856907e-33
PSD7,Third,group,2,323,944290.9784119022,1942846.5215880894,78.49461669718806,1.649380196637691e-28,3.834335936066036e-27
PSMA,Third,group,2,323,194689.9554590541,2692447.5445409426,11.678009426920186,1.268484015417047e-5,1.3848703008888176e-4
PSME1,Third,group,2,323,1319080.5364764112,1568056.963523574,135.85699473712884,1.5326408546809105e-43,1.1226655176903868e-41
PSME3,Third,group,2,323,411523.946153841,2475613.5538461558,26.846321470728007,1.637889252248013e-11,2.1613630361360476e-10
PTH,Third,group,2,323,1315281.6297766604,1571855.8702233247,135.13833375750343,2.2654707893569067e-43,1.5991221263639565e-41
PTHrP,Third,group,2,323,1387656.719106687,1499480.7808933,149.45610706808847,1.1193345806808316e-46,2.0306356332080695e-44
PTK6,Third,group,2,323,502709.46476426115,2384428.0352357365,34.049079007495216,3.819930103934032e-14,5.488528539713994e-13
PTN,Third,group,2,323,1363315.4719602836,1523822.028039702,144.4889525614925,1.5079429800737924e-45,1.852608670821284e-43
PTP-1B,Third,group,2,323,1107328.7960297654,1779808.7039702244,100.47911337880441,1.1743462690867927e-34,3.688616942736137e-33
PTP-1C,Third,group,2,323,1135841.792679891,1751295.7073200988,104.74441794784451,8.65088428180056e-36,2.9103186947359733e-34
PUR8,Third,group,2,323,1283125.9225806373,1604011.5774193548,129.1916089721563,5.963689143973249e-42,3.4351124342159e-40
PYY,Third,group,2,323,855307.861538454,2031829.6384615372,67.98415429309881,2.281925646099392e-25,4.65286444811881e-24
Parathyroid Hormone1-34,Third,group,2,323,34027.933622828685,2853109.566377171,1.9261479982575425,0.14737833280758886,1
Periostin,Third,group,2,323,784219.8828784036,2102917.617121589,60.22656810408912,5.892489964735705e-23,1.1072721826322304e-21
Peroxiredoxin-1,Third,group,2,323,1300363.1799007305,1586774.3200992555,132.34941534775504,1.0416045201425638e-42,6.629165721519186e-41
Peroxiredoxin-5,Third,group,2,323,449638.9142679861,2437498.5857320093,29.791477656374564,1.3366574199785411e-12,1.8310749562169042e-11
Peroxiredoxin-6,Third,group,2,323,1400200.9112903092,1486936.5887096778,152.07941541718088,2.8822679513631697e-47,1.3224259277090574e-44
Persephin,Third,group,2,323,282728.4949131482,2604408.505086849,17.532062208862584,5.909307177848026e-8,6.998637057061717e-7
Phosphoglycerate mutase 1,Third,group,2,323,912006.819975175,1975130.6800248134,74.57182601413511,2.3617358853513204e-27,5.233389778417614e-26
PlGF,Third,group,2,323,1198850.8444168654,1688286.6555831267,114.68100558222456,2.3284305974180132e-38,9.242943492965e-37
Plasmin,Third,group,2,323,346977.67444168637,2540159.8255583113,22.060381342349505,1.0460740489637221e-9,1.3083579292992925e-8
Plasminogen,Third,group,2,323,111005.20545905549,2776132.2945409436,6.457667999788855,0.0017786460489159163,0.017160005196999846
Prekallikrein,Third,group,2,323,206078.94590570498,2681058.5540942936,12.413660161560509,6.396925136926194e-6,7.071354603229205e-5
Prolactin Receptor,Third,group,2,323,53406.46228287881,2833730.5377171207,3.043741648644343,0.04902549705080183,0.4351400746835547
Properdin,Third,group,2,323,205631.6526054563,2681505.8473945414,12.384650187523881,6.57161072618275e-6,7.256192882608626e-5
Protease nexin I,Third,group,2,323,1334857.81153845,1552279.6884615393,138.8793129008343,2.9933320909155664e-44,2.6173258030762406e-42
Protein C,Third,group,2,323,1313734.8444168598,1573402.6555831267,134.84671366255583,2.6554883762424987e-43,1.8608891132779964e-41
Protein S,Third,group,2,323,709145.0944168651,2177992.405583126,52.583715376941726,1.700616108134114e-20,2.9659715678084534e-19
Protein disulfide isomerase A3,Third,group,2,323,1401344.3196029628,1485793.1803970227,152.32073386916724,2.5455358609276185e-47,1.3224259277090574e-44
Protein disulfide-isomerase,Third,group,2,323,1292723.533622815,1594413.966377171,130.9414337071213,2.2624552530881445e-42,1.3430373953820975e-40
Proteinase-3,Third,group,2,323,97711.71290322253,2789425.787096776,5.657236592157077,0.0038472111586205157,0.03604226969968584
Prothrombin,Third,group,2,323,1185402.0054590427,1701735.4945409428,112.4983433064482,8.386316393941131e-38,3.204522980451347e-36
RAC1,Third,group,2,323,1155532.5119106579,1731604.4880893296,107.7720125797826,1.393097837595884e-36,4.907788952951837e-35
RAD51,Third,group,2,323,1064853.5147642568,1822283.9852357316,94.37269055085333,5.2966029476860344e-33,1.4836109934090656e-31
RAN,Third,group,2,323,1355784.438461523,1531353.0615384611,142.98413103478597,3.343258446269109e-45,3.795156587738072e-43
RANK,Third,group,2,323,481442.27965260204,2405695.2203473933,32.32035692063575,1.6027350515145009e-13,2.25771114512979e-12
RANTES,Third,group,2,323,1398188.6687344762,1488948.831265509,151.65562795646667,3.5858105639418444e-47,1.338566211380156e-44
RAP,Third,group,2,323,1300498.821960286,1586638.6780397024,132.37453659334693,1.0273228612790261e-42,6.567937380038503e-41
RASA1,Third,group,2,323,630496.2191066928,2256641.2808933007,45.12243051116347,5.2324166488766654e-18,8.442917605148669e-17
RBM39,Third,group,2,323,657847.6179900668,2229289.882009926,47.65750347801684,7.301313169115859e-19,1.2123899425061587e-17
RBP,Third,group,2,323,1401798.794168719,1485338.705831266,152.41675475732603,2.422824454229152e-47,1.3224259277090574e-44
RELT,Third,group,2,323,1252371.4790322427,1634766.0209677434,123.72290056773701,1.2811020615157872e-40,6.409259620143693e-39
RET,Third,group,2,323,868613.1574441607,2018524.342555831,69.4968210042044,7.897571195353257e-26,1.6308783052425919e-24
RGM-C,Third,group,2,323,7613.5421836231835,2879523.957816376,0.42701053391741,0.6528244558104412,1
RGMA,Third,group,2,323,27422.16451612953,2859715.33548387,1.5486435011216166,0.21410996050828085,1
RGMB,Third,group,2,323,786710.3728287751,2100427.1271712156,60.4894707215855,4.8661374991040735e-23,9.188552924596639e-22
ROBO2,Third,group,2,323,1132060.2879652514,1755077.2120347403,104.1707653958014,1.2255885441824303e-35,4.1017818475433666e-34
ROBO3,Third,group,2,323,1060406.2451612824,1826731.2548387093,93.74975554828839,7.851659917947423e-33,2.1866766222893157e-31
ROR1,Third,group,2,323,1220446.0007444064,1666691.499255583,118.25945545906724,2.911535310102253e-39,1.25006257716634e-37
RPS6KA3,Third,group,2,323,969299.9806451509,1917837.5193548407,81.6241966769179,2.035220135711067e-29,4.913729007814596e-28
RS3,Third,group,2,323,801680.0284119018,2085457.4715880898,62.082936886710456,1.5329218801341648e-23,2.931634611204363e-22
RS7,Third,group,2,323,1398929.22282877,1488208.277171216,151.81145875380307,3.3089793417471978e-47,1.333571268103691e-44
RSK-like protein kinase,Third,group,2,323,594134.7513647592,2293002.7486352343,41.845899400913694,6.915807358850807e-17,1.0800096059156504e-15
RSPO2,Third,group,2,323,404080.20297766523,2483057.297022331,26.2816942883884,2.6598837754606876e-11,3.498099532102202e-10
RTN4,Third,group,2,323,71244.05322580552,2815893.4467741936,4.086061782326471,0.017681660012893955,0.16008628044795734
RUXF,Third,group,2,323,923944.6674937883,1963192.8325062038,76.00733933495312,8.87200915584838e-28,2.0025316533492163e-26
Rab GDP dissociation inhibitor beta,Third,group,2,323,1366406.3460297633,1520731.1539702236,145.11087269283868,1.086359405039173e-45,1.4432997470442338e-43
Rb,Third,group,2,323,824707.3336228204,2062430.1663771712,64.57926990761833,2.5512511992868638e-24,5.010211310136907e-23
Renin,Third,group,2,323,1007.311290322803,2886130.188709677,0.05636640163480065,0.94520204748491,1
SAA,Third,group,2,323,54030.951612902805,2833106.5483870963,3.08001077137447,0.047311160523544275,0.42030835141985645
SAP,Third,group,2,323,249729.45707195625,2637408.042928041,15.292024086020934,4.514837920018146e-7,5.188817235583912e-6
SARP-2,Third,group,2,323,966875.3776674857,1920262.1223325063,81.3172179346151,2.495900193740561e-29,5.996139297187492e-28
SBDS,Third,group,2,323,204604.48449131334,2682533.015508685,12.318068055196363,6.990910026469108e-6,7.714783319070791e-5
SCF sR,Third,group,2,323,548337.0993796499,2338800.4006203464,37.8640441169433,1.6861617817496567e-15,2.527466060559678e-14
SCGF-alpha,Third,group,2,323,116430.10186103964,2770707.3981389594,6.786520100674612,0.0012968694575229453,0.012643894451347584
SCGF-beta,Third,group,2,323,96915.61861041933,2790221.8813895797,5.609543997192013,0.004028659064757582,0.037705753421940595
SDF-1,Third,group,2,323,55278.623449129984,2831858.8765508696,3.152522098102555,0.04406243328792058,0.3925248045531846
SE6L2,Third,group,2,323,961139.4645161212,1925998.035483871,80.59407157201822,4.0403789714646504e-29,9.599661183671272e-28
SEPR,Third,group,2,323,1252674.282878398,1634463.2171215895,123.77574151906501,1.2433429244068718e-40,6.252583238056411e-39
SET,Third,group,2,323,1343322.62828783,1543814.871712158,140.52630820163128,1.237747441911627e-44,1.201317769997844e-42
SGTA,Third,group,2,323,1333598.8751860913,1553538.6248138957,138.63589543411223,3.4120541408197554e-44,2.9700715391124306e-42
SH21A,Third,group,2,323,241579.1344913114,2645558.365508686,14.747370811773797,7.431141883906347e-7,8.485207976082824e-6
SHBG,Third,group,2,323,483908.8759615347,2403228.124038462,32.51929464626101,1.3580265275116137e-13,1.919966166710676e-12
SHC1,Third,group,2,323,1388502.671960283,1498634.828039702,149.63163629054873,1.0218310973871187e-46,1.9446202466174298e-44
SHP-2,Third,group,2,323,1291455.0879652463,1595682.4120347397,130.70896510066095,2.572509389064983e-42,1.517808323192346e-40
SIG14,Third,group,2,323,1040343.0284118995,1846794.4715880894,90.97677173791978,4.5824987141206265e-32,1.2235558572907618e-30
SIRT2,Third,group,2,323,1377637.529032245,1509499.9709677428,147.3921597998242,3.2813388277666795e-46,4.825396510141047e-44
SKP1,Third,group,2,323,1141461.094416862,1745676.405583126,105.6014540602926,5.148115909379024e-36,1.7718423259082625e-34
SLAF5,Third,group,2,323,156269.28796525905,2730868.2120347396,9.241562773029301,1.2504716102879404e-4,0.0013057207505943681
SLAF6,Third,group,2,323,1009079.4949131405,1878058.0050868487,86.77385788248644,6.894578707511038e-31,1.7540382322548802e-29
SLAF7,Third,group,2,323,741160.8602977581,2145976.6397022335,55.77762438024332,1.5557502244361378e-21,2.801411911548757e-20
SLIK5,Third,group,2,323,1335678.2799007338,1551459.220099256,139.03816446439896,2.748355269203875e-44,2.4360411276339095e-42
SLPI,Third,group,2,323,151076.59168734355,2736060.9083126555,8.917516961474702,1.699473488937095e-4,0.0017631792497312332
SMAC,Third,group,2,323,33268.14937965339,2853869.350620346,1.8826391347053553,0.15385410197917115,1
SNAA,Third,group,2,323,1400891.2413151232,1486246.2586848638,152.2250664385787,2.6740162105585716e-47,1.3224259277090574e-44
SOD,Third,group,2,323,419813.01997518167,2467324.4800248137,27.47907835993666,9.528975406680068e-12,1.2677883997308685e-10
SORC2,Third,group,2,323,1101943.5038461406,1785193.9961538464,99.68881603599957,1.912929269282489e-34,5.9317172142723556e-33
SP-D,Third,group,2,323,1129498.347518603,1757639.1524813895,103.78352283898948,1.5511488004307588e-35,5.164648461426634e-34
SPARCL1,Third,group,2,323,925947.4260545801,1961190.0739454096,76.24988077110633,7.523732471022544e-28,1.700184451453439e-26
SPHK2,Third,group,2,323,6264.590570719447,2880872.9094292806,0.3511891738992475,0.7041190105411481,1
SPINT2,Third,group,2,323,1005879.7926798875,1881257.7073200995,86.35158590218641,9.076181322132324e-31,2.297014089382545e-29
SPTA2,Third,group,2,323,1309951.516129017,1577185.983870968,134.13584194782197,3.913756172277279e-43,2.6378927681623796e-41
SRCN1,Third,group,2,323,8951.694913151674,2878185.8050868483,0.5022951353310464,0.6056120766834527,1
SREC-I,Third,group,2,323,172453.05260545714,2714684.447394541,10.259449499742741,4.788282657793064e-5,5.112599344127775e-4
SREC-II,Third,group,2,323,56368.149007443804,2830769.3509925553,3.2158946688857646,0.041407429395731984,0.37006184400354936
SSRP1,Third,group,2,323,1188490.5142679769,1698646.98573201,112.99653174939328,6.25402941467028e-38,2.4135027275009075e-36
ST4S6,Third,group,2,323,830062.2997518531,2057075.2002481385,65.16779814065798,1.6765101045880515e-24,3.330945071582703e-23
STAB2,Third,group,2,323,391651.3152605416,2495486.1847394546,25.34643862241272,5.95749811569177e-11,7.750878872872982e-10
STK16,Third,group,2,323,723657.1018610345,2163480.398138958,54.019727680957985,5.777071887680549e-21,1.0259908065968866e-19
STRATIFIN,Third,group,2,323,907354.8610421764,1979782.638957817,74.0171204529053,3.453282322962006e-27,7.600100931434718e-26
STX1a,Third,group,2,323,1272628.0057071834,1614509.4942928045,127.30146440652375,1.710257099506488e-41,9.512437896544757e-40
Secretin,Third,group,2,323,1314876.5900744265,1572260.9099255577,135.0619149509188,2.361726570620589e-43,1.6610258567895033e-41
Semaphorin 3A,Third,group,2,323,32631.888461537194,2854505.6115384623,1.8462216242405334,0.1594940554856129,1
Semaphorin 3E,Third,group,2,323,1063447.9266749278,1823689.5733250624,94.17547957181193,5.998970981259737e-33,1.6755130548666345e-31
Semaphorin-6A,Third,group,2,323,842804.9728287763,2044332.5271712167,66.58065715962053,6.145786574238039e-25,1.2349694301870418e-23
Sialoadhesin,Third,group,2,323,116815.28784119012,2770322.212158809,6.809918681499107,0.00126807478058192,0.012388047381482822
Siglec-3,Third,group,2,323,1226851.3975185952,1660286.1024813903,119.3387696271908,1.5633189528077133e-39,6.850144397807977e-38
Siglec-6,Third,group,2,323,523326.8169975118,2363810.6830024817,35.75467424393962,9.396228734195415e-15,1.3693208310260153e-13
Siglec-7,Third,group,2,323,1385722.583622813,1501414.9163771712,149.05553076233383,1.3783872802233721e-46,2.367819935800838e-44
Siglec-9,Third,group,2,323,206997.2605459015,2680140.239454097,12.473249379283327,6.05261896015163e-6,6.702198362468555e-5
Soggy-1,Third,group,2,323,1393009.3764267876,1494128.1235732012,150.57009552494662,6.282611474621809e-47,1.5655937173788152e-44
Somatostatin-28,Third,group,2,323,1092444.5460297703,1794692.9539702232,98.30639485908137,4.507279098522684e-34,1.3597650309933028e-32
Sonic Hedgehog,Third,group,2,323,796969.8636476332,2090167.6363523575,61.579095734020306,2.2067578625740718e-23,4.2037449451366657e-22
Sorting nexin 4,Third,group,2,323,1226180.4744416752,1660957.0255583127,119.22532827468281,1.6687255722284488e-39,7.295546176954213e-38
Sphingosine kinase 1,Third,group,2,323,649108.7362282816,2238028.763771713,46.84080142213965,1.3734368426431725e-18,2.2631808634682835e-17
Spondin-1,Third,group,2,323,1294193.1104218243,1592944.3895781636,131.21122664456246,1.949410218534986e-42,1.1751768456505965e-40
Stanniocalcin-1,Third,group,2,323,1076777.2884615296,1810360.211538461,96.05797287091036,1.8346398960814184e-33,5.307428751090253e-32
Stress-induced-phosphoprotein 1,Third,group,2,323,1401084.0615384497,1486053.4384615377,152.26577327711362,2.618568396281214e-47,1.3224259277090574e-44
Survivin,Third,group,2,323,626634.6636476363,2260502.8363523576,44.76946303787712,6.8963701800186854e-18,1.1100156884780411e-16
TACI,Third,group,2,323,65659.30570719484,2821478.194292805,3.7583058033768793,0.024349538269645976,0.2190257365148319
TAFI,Third,group,2,323,358615.69010545686,2528521.30989454,22.905258391690943,4.982817126686869e-10,6.292988534500849e-9
TAJ,Third,group,2,323,1401988.0799007313,1485149.420099256,152.45676417450028,2.3734669922820975e-47,1.3224259277090574e-44
TAK1-TAB1,Third,group,2,323,182145.35744416714,2704992.1425558305,10.874883798900294,2.6872882315220705e-5,2.897994818220973e-4
TARC,Third,group,2,323,1045244.4384615261,1841893.0615384618,91.64863060537213,2.983365707783073e-32,8.009843959057165e-31
TBK1,Third,group,2,323,590355.1152605396,2296782.384739454,41.51126887251564,9.023178151847277e-17,1.401216938270271e-15
TBP,Third,group,2,323,963790.1251860925,1923347.3748138954,80.92771345197845,3.2346493776574625e-29,7.723115427770284e-28
TCCR,Third,group,2,323,1325245.4297766623,1561891.5702233247,137.03072670936345,8.112101842520084e-44,6.248686163233221e-42
TCP2L,Third,group,2,323,11965.715136476327,2875171.7848635237,0.6721208815120087,0.5113371334744174,1
TCPTP,Third,group,2,323,1071373.9490074322,1815763.5509925561,95.291533234114155,2.9687932208881068e-33,8.512304298798809e-32
TCTP,Third,group,2,323,1266379.8636476288,1620757.6363523572,126.18811313416435,3.1913418513722877e-41,1.706563929661711e-39
TEC,Third,group,2,323,1265416.512282869,1621720.9877171216,126.01721768512432,3.5127733952350644e-41,1.8579752740579613e-39
TECK,Third,group,2,323,159750.67196029425,2727386.828039704,9.4595065343668,1.0176590029044687e-4,0.0010692295218583281
TF,Third,group,2,323,1270531.1074441536,1616606.3925558324,126.92686036446202,2.1090996447852222e-41,1.1565108086115149e-39
TFF3,Third,group,2,323,500155.9207195984,2386981.579280398,33.83988460462539,4.540758181974319e-14,6.518557917791275e-13
TFPI,Third,group,2,323,173851.83734491188,2713285.6626550867,10.347996938784705,4.405857504657319e-5,4.7120476883066555e-4
TGF-b R II,Third,group,2,323,1253492.980645149,1633644.5193548389,123.91870690089856,1.1467003098529968e-40,5.7815603033942946e-39
TGF-b R III,Third,group,2,323,753338.3225806388,2133799.177419355,57.01761458354079,6.205849334630287e-22,1.1343121143122315e-20
TGF-b1,Third,group,2,323,1279171.1475185954,1607966.3524813906,128.47665624685018,8.876310294756034e-42,5.008756195455802e-40
TGF-b2,Third,group,2,323,158485.59999999776,2728651.900000001,9.380245387841386,1.0968009737626092e-4,0.0011489688842222963
TGF-b3,Third,group,2,323,880233.791066987,2006903.7089330023,70.83436869669173,3.108418381269834e-26,6.54431818911264e-25
TGM3,Third,group,2,323,257355.58362282533,2629781.916377172,15.804704753747803,2.82840187426105e-7,3.2699889093902695e-6
TIG2,Third,group,2,323,500146.89900744054,2386990.6009925553,33.83914631088804,4.543530688210933e-14,6.518557917791275e-13
TIMD3,Third,group,2,323,1341245.4151364602,1545892.0848635253,140.12047585046093,1.537943927051239e-44,1.4422017411062885e-42
TIMP-1,Third,group,2,323,522516.99057071377,2364620.5094292806,35.687119197632946,9.930668551524248e-15,1.44611954904501e-13
TIMP-2,Third,group,2,323,313690.283622826,2573447.2163771708,19.686038432296098,8.56484007392335e-9,1.0384456839059095e-7
TIMP-3,Third,group,2,323,1335579.3152605325,1551558.1847394553,139.01899492786129,2.776813643318557e-44,2.450078013961349e-42
TLR2,Third,group,2,323,293645.0944168712,2593492.405583126,18.285645504969914,2.998667692930293e-8,3.5842490206209074e-7
TLR4:MD-2 complex,Third,group,2,323,415503.66364763724,2471633.8363523595,27.149588540236753,1.2631103509754118e-11,1.6702100708391592e-10
TMA,Third,group,2,323,134173.77965260297,2752963.7203473956,7.871177252986453,4.594971322150379e-4,0.004631081051472355
TNF sR-I,Third,group,2,323,1402372.2580645,1484765.2419354846,152.53799946325643,2.2763415232228006e-47,1.3224259277090574e-44
TNF sR-II,Third,group,2,323,1179987.9529776562,1707149.5470223327,111.62938521600913,1.4007546394547613e-37,5.239026210465369e-36
TNF-a,Third,group,2,323,1331822.7104218216,1555314.7895781635,138.29314115341322,4.103549773432131e-44,3.428824077550912e-42
TNF-b,Third,group,2,323,832492.7475186009,2054644.7524813898,65.4359244155867,1.3851219665257502e-24,2.760481998293676e-23
TNFSF15,Third,group,2,323,325060.54168734234,2562076.958312655,20.490125135460296,4.1892814921402645e-9,5.150071666149815e-8
TNFSF18,Third,group,2,323,50585.32766749337,2836552.172332506,2.8800917176793357,0.05757239284657524,0.5098349336528359
TNR4,Third,group,2,323,383779.5751861022,2503357.924813893,24.758905140248096,9.907410648817601e-11,1.278698593577804e-9
TPSB2,Third,group,2,323,115379.77679900685,2771757.723200992,6.722749898761043,0.0013787308176537536,0.01341505453718231
TPSG1,Third,group,2,323,715389.3975186036,2171748.1024813894,53.19925803883351,1.0696218495463247e-20,1.8789873110408893e-19
TRAIL R1,Third,group,2,323,1343204.1071960176,1543932.8928039703,140.5031684493684,1.2531582296772976e-44,1.2102238645345454e-42
TRY3,Third,group,2,323,206685.1916873427,2680452.3083126554,12.45299472555001,6.167506526779858e-6,6.82552227323499e-5
TS,Third,group,2,323,1079007.7976426675,1808129.7023573203,96.37569644041709,1.5034230901776039e-33,4.362254082236581e-32
TSG-6,Third,group,2,323,946364.0944168654,1940773.4055831258,78.75097670271406,1.3881596286907441e-28,3.234821104805318e-27
TSH,Third,group,2,323,1130442.623449118,1756694.8765508689,103.92612065077994,1.4222044122668223e-35,4.751620515327419e-34
TSLP,Third,group,2,323,112343.14652605401,2774794.353473945,6.538653266770131,0.0016454265736084801,0.015922213302443977
TSLP R,Third,group,2,323,1332132.4570719502,1555005.0429280396,138.35285795087668,3.9736532135116567e-44,3.3536519336308427e-42
TSP2,Third,group,2,323,1037409.3602977528,1849728.1397022337,90.57634367559422,5.921481617498098e-32,1.5681307467830213e-30
TSP4,Third,group,2,323,1327439.9862282744,1559697.513771712,137.45072738972428,6.464356837235433e-44,5.16386533035832e-42
TWEAK,Third,group,2,323,870959.76228287,2016177.7377171225,69.76567540516047,6.54496909523867e-26,1.3587884568076463e-24
TWEAKR,Third,group,2,323,1363052.5916873342,1524084.908312655,144.4361743606648,1.55054274410691e-45,1.8860244445215947e-43
TXD12,Third,group,2,323,966365.2566997416,1920772.2433002486,81.25273025023209,2.6052965854850766e-29,6.243498488013923e-28
TYK2,Third,group,2,323,12612.161910669878,2874525.3380893297,0.7085914747674724,0.4931008747158353,1
Tenascin,Third,group,2,323,64649.62828784203,2822487.871712158,3.6991886034758736,0.025797974446677502,0.2318396521758148
Testican-1,Third,group,2,323,1293139.3976426648,1593998.1023573203,131.01772982692992,2.1691205000560366e-42,1.299554591775809e-40
Testican-2,Third,group,2,323,1111774.720719593,1775362.7792803966,101.13517050807583,7.841015899379316e-35,2.478904653860476e-33
Thrombin,Third,group,2,323,1399232.2016128893,1487905.2983870972,151.87525765614362,3.2019412120114725e-47,1.3224259277090574e-44
Thrombopoietin Receptor,Third,group,2,323,1110503.3926798909,1776634.1073201008,100.94723341112189,8.801976738737346e-35,2.7736736697254204e-33
Thrombospondin-1,Third,group,2,323,1326453.4905707096,1560684.009429281,137.2617630685583,7.159345994471172e-44,5.6548438552865565e-42
Thymidine kinase,Third,group,2,323,1286050.9142679772,1601086.5857320097,129.72266740922075,4.441168273223641e-42,2.5966595005504214e-40
Thyroglobulin,Third,group,2,323,265198.77965260297,2621938.7203473947,16.335089215289003,1.7459979499188414e-7,2.034344934332676e-6
Thyroxine-Binding Globulin,Third,group,2,323,9276.346153846476,2877861.1538461535,0.5205705987045315,0.5946790639199523,1
Topoisomerase I,Third,group,2,323,450701.3013647599,2436436.1986352354,29.874888663688758,1.2457860479201737e-12,1.7077963020848907e-11
TrATPase,Third,group,2,323,425325.56873448705,2461811.9312655097,27.902244878352302,6.639965611218002e-12,8.913605244675727e-11
Transferrin,Third,group,2,323,565078.8413151298,2322058.6586848637,39.30143303273837,5.284739543138392e-16,8.026913699701623e-15
Transketolase,Third,group,2,323,1329988.8844913028,1557148.6155086847,137.94008016067073,4.963743168206931e-44,4.014707599572195e-42
Triosephosphate isomerase,Third,group,2,323,1317771.1687344774,1569366.3312655087,135.60890119198865,1.7538136777827029e-43,1.275052452310354e-41
TrkA,Third,group,2,323,608771.9926798944,2278365.0073200995,43.15229408015128,2.458551801697168e-17,3.892644585026981e-16
TrkB,Third,group,2,323,1374450.6878411807,1512686.8121588095,146.74140364161963,4.612865699890027e-46,6.535910596789514e-44
TrkC,Third,group,2,323,710347.6686104145,2176789.831389578,52.70198657963613,1.555495383772904e-20,2.7226576739251404e-19
Tropomyosin 1 alpha chain,Third,group,2,323,152345.15136476327,2734792.348635235,8.99656676225801,1.5768395121849513e-4,0.0016394532439517882
Tropomyosin 2,Third,group,2,323,741622.8249379573,2145514.6750620343,55.82440783073044,1.502586599044929e-21,2.7081933503768383e-20
Trypsin,Third,group,2,323,16917.48647642648,2870220.013523573,0.9519040537205273,0.38708549254813246,1
Trypsin 2,Third,group,2,323,81513.02282878477,2805624.477171214,4.692129432846184,0.009801103516016561,0.089657258692513
UB2L3,Third,group,2,323,982843.2029776585,1904294.2970223322,83.35328080806114,6.479712832415057e-30,1.6002545573350843e-28
UBC9,Third,group,2,323,1399554.4287841043,1487583.0712158808,151.94313825034868,3.0918769455910475e-47,1.3224259277090574e-44
UBE2N,Third,group,2,323,1394443.9384615251,1492693.5615384614,150.87001234830052,5.37979211257397e-47,1.5586426310781988e-44
UFC1,Third,group,2,323,264648.1400744398,2622489.3599255574,16.29774948762243,1.8062262443025076e-7,2.101996368645038e-6
UFM1,Third,group,2,323,755788.8119106637,2131348.68808933,57.26885225570203,5.1547391181762e-22,9.448580985891644e-21
ULBP-1,Third,group,2,323,1297448.629776665,1589688.8702233243,131.8106691402418,1.4009207157594509e-42,8.715951858486211e-41
ULBP-2,Third,group,2,323,1402631.9999999828,1484505.499999999,152.59294627065873,2.212923722673061e-47,1.3224259277090574e-44
ULBP-3,Third,group,2,323,1009523.5570719452,1877613.9429280395,86.8325755042434,6.63623389711848e-31,1.690528795402187e-29
UNC5H3,Third,group,2,323,1351250.9341190918,1535886.5658808937,142.0853796810647,5.3889649665168276e-45,5.811506322749236e-43
UNC5H4,Third,group,2,323,666298.9846153781,2220838.515384615,48.45344912290826,3.9536330105639947e-19,6.6216889732851476e-18
UPK3L,Third,group,2,323,103763.36054590484,2783374.139454094,6.020671993255766,0.002709039964724691,0.02567682487800311
URB,Third,group,2,323,1296618.5460297638,1590518.9539702241,131.65759179486463,1.5241512602589995e-42,9.39233069361585e-41
Ubiquitin,Third,group,2,323,1393948.5364764149,1493188.963523574,150.76637595130927,5.675962774612155e-47,1.5655937173788152e-44
Ubiquitin+1,Third,group,2,323,476761.6284119054,2410375.871588089,31.943981806369823,2.1937874010418848e-13,3.081359388812369e-12
VCAM-1,Third,group,2,323,1102360.6105458944,1784776.389454094,99.74988444217149,1.842051521819284e-34,5.7302430481672426e-33
VEGF,Third,group,2,323,285785.1669975156,2601352.3330024825,17.742427230850133,4.888450477897349e-8,5.796667637422857e-7
VEGF sR2,Third,group,2,323,360073.2364764237,2527064.2635235735,23.01161412090855,4.539773621493452e-10,5.7446648546724846e-9
VEGF sR3,Third,group,2,323,1400247.5916873338,1486889.908312656,152.08926013502324,2.8676913833283714e-47,1.3224259277090574e-44
VEGF-C,Third,group,2,323,934260.4734491231,1952877.0265508685,77.26193939027485,3.7887831553854824e-28,8.6830479440271855e-27
VEGF121,Third,group,2,323,768369.3267989988,2118768.173200993,58.56782627169781,1.9814340975422187e-22,3.6700688286551065e-21
VWC2L,Third,group,2,323,122013.40707195923,2765124.0929280394,7.126322211910303,9.363023641151381e-4,0.009235212339071312
Vasoactive Intestinal Peptide,Third,group,2,323,223235.66861041868,2663901.8313895776,13.533742143109093,2.2682761397246175e-6,2.546576872632331e-5
WFKN1,Third,group,2,323,1377956.4328783986,1509181.0671215884,147.45743155544918,3.1712590553603138e-46,4.699117279188797e-44
WFKN2,Third,group,2,323,54344.04267989984,2832793.4573200997,3.0982007777957423,0.04647421366358173,0.41325124826563775
WIF-1,Third,group,2,323,812878.8944168652,2074258.6055831274,63.29005510449242,6.4248413990262676e-24,1.240944072793327e-22
WISP-1,Third,group,2,323,565185.7526054545,2321951.747394539,39.31067867719618,5.245588547122848e-16,7.973687015436602e-15
WNT7A,Third,group,2,323,331155.52667493466,2555981.9733250616,20.92409810247137,2.851586157246897e-9,3.5122558466815495e-8
XEDAR,Third,group,2,323,1235695.7668734372,1651441.7331265507,120.8428140981026,6.598112398467263e-40,3.03503090648655e-38
XPNPEP1,Third,group,2,323,1376681.0571960155,1510456.4428039705,147.19655889210662,3.634789299370532e-46,5.226384194713965e-44
XTP3A,Third,group,2,323,298639.740570717,2588497.7594292806,18.632551612795197,2.196456500846595e-8,2.636746913920794e-7
YES,Third,group,2,323,1358822.7610421705,1528314.7389578165,143.58945203784208,2.4258916799398942e-45,2.8539300232714693e-43
ZAP70,Third,group,2,323,398105.3460297724,2489032.1539702234,25.830929215299083,3.9213070432670844e-11,5.129237490760615e-10
a1-Antichymotrypsin,Third,group,2,323,1126101.0260545767,1761035.9739454098,103.27177774816528,2.1187752625047e-35,6.982733357964014e-34
a1-Antitrypsin,Third,group,2,323,1103922.3878411818,1783215.1121588089,99.9786646157995,1.599216770248084e-34,4.990830381364304e-33
a2-Antiplasmin,Third,group,2,323,873272.4844913057,2013865.0155086846,70.03126086368904,5.437593115672815e-26,1.1313081681848288e-24
a2-HS-Glycoprotein,Third,group,2,323,417266.37667493336,2469871.123325062,27.284225155148984,1.1256470149329693e-11,1.491490387684132e-10
a2-Macroglobulin,Third,group,2,323,1402631.9999999846,1484505.5000000005,152.59294627065879,2.212923722672904e-47,1.3224259277090574e-44
alpha-1-antichymotrypsin complex,Third,group,2,323,39921.92667493783,2847215.5733250617,2.264454865450531,0.10553355560920397,0.9273650279970924
amyloid precursor protein,Third,group,2,323,1399596.2661290192,1487541.2338709687,151.9519538908077,3.0778650213410145e-47,1.3224259277090574e-44
annexin I,Third,group,2,323,859906.9647642581,2027230.5352357316,68.50477653903282,1.5825627829285005e-25,3.23705885211962e-24
annexin II,Third,group,2,323,802501.0441687282,2084636.455831264,62.17099306246619,1.4384739652381537e-23,2.7591629711254227e-22
annexin VI,Third,group,2,323,1353447.0299007313,1533690.4700992547,142.52008445669114,4.277062458523351e-45,4.717248814653965e-43
b-ECGF,Third,group,2,323,119302.37828784063,2767835.1217121584,6.961156733052675,0.0010968540408369868,0.01077501190712351
b-Endorphin,Third,group,2,323,1402245.5806451496,1484891.9193548388,152.51120860876256,2.307922691374168e-47,1.3224259277090574e-44
b-NGF,Third,group,2,323,1010243.9186104126,1876893.581389578,86.92788684097292,6.2374532662324035e-31,1.591030508357634e-29
b2-Microglobulin,Third,group,2,323,128179.93064516038,2758957.569354838,7.503217530102933,6.52867322315387e-4,0.006512353327241239
bFGF,Third,group,2,323,503682.83449131064,2383454.665508685,34.12893853090585,3.576165852518821e-14,5.145902599800593e-13
bFGF-R,Third,group,2,323,42980.86228287732,2844156.637717122,2.4405861360210626,0.08871477879640292,0.7813403330162463
cGMP-stimulated PDE,Third,group,2,323,698234.5513647571,2188902.948635237,51.51661937123173,3.8114018338402773e-20,6.576397803593073e-19
cIAP-2,Third,group,2,323,1023919.9142679775,1863217.585732009,88.75134467417104,1.9145700776704164e-31,4.9685026839554045e-30
calgranulin B,Third,group,2,323,196353.4570719581,2690784.042928039,11.785071864263802,1.147987618309999e-5,1.2561440569302298e-4
calreticulin,Third,group,2,323,1228875.86612902,1658261.633870968,119.68162823411224,1.2837250332462195e-39,5.689233507403987e-38
carbonic anhydrase II,Third,group,2,323,1265428.1196029661,1621709.3803970213,126.01927557812282,3.5087152362436196e-41,1.8579752740579613e-39
complement factor H-related 5,Third,group,2,323,350440.93064515945,2536696.5693548373,22.310989411550896,8.392091404513799e-10,1.0523376498008482e-8
contactin-1,Third,group,2,323,273167.7622828749,2613969.737717121,16.877239614569138,1.0679321671028183e-7,1.250302217171365e-6
discoidin domain receptor 1,Third,group,2,323,638193.3605458974,2248944.139454097,45.82960773457937,3.013414726376918e-18,4.923776431071904e-17
dopa decarboxylase,Third,group,2,323,790406.7767989996,2096730.7232009924,60.88082415187744,3.661368055206472e-23,6.9406363576482335e-22
eIF-5,Third,group,2,323,1392698.578784104,1494438.9212158811,150.50519447836407,6.497232346546751e-47,1.5655937173788152e-44
eIF-5A-1,Third,group,2,323,1311477.7976426627,1575659.7023573196,134.42221312280432,3.3472342035266633e-43,2.2959135154466805e-41
"gp130, soluble",Third,group,2,323,1139198.7104218255,1747938.7895781642,105.2557405500026,6.34583140924835e-36,2.1686828931297946e-34
gpIIbIIIa,Third,group,2,323,1402631.9999999867,1484505.4999999998,152.5929462706591,2.2129237226725893e-47,1.3224259277090574e-44
granzyme A,Third,group,2,323,896437.0110421765,1990700.488957815,72.72544417724279,8.393837500355794e-27,1.8103973586221687e-25
hnRNP A/B,Third,group,2,323,1055976.7493796425,1831160.7506203472,93.13231783011835,1.160991512048277e-32,3.2057494696912883e-31
hnRNP A2/B1,Third,group,2,323,1282386.3131513514,1604751.1868486356,129.05763290360974,6.424634417285955e-42,3.6896704591604124e-40
hnRNP K,Third,group,2,323,991781.752977659,1895355.7470223317,84.50801563639374,3.0308044054297652e-30,7.542566825673139e-29
iC3b,Third,group,2,323,993485.6136476344,1893651.8863523572,84.72936750437032,2.621062405847392e-30,6.54805324246929e-29
kallikrein 12,Third,group,2,323,542135.3013647608,2345002.1986352336,37.336788520439285,2.5860655715363984e-15,3.8437241736491317e-14
kallikrein 13,Third,group,2,323,434113.8219602951,2453023.678039701,28.580801267525704,3.726790936071322e-12,5.030741522204279e-11
kallikrein 14,Third,group,2,323,956712.3878411804,1930425.1121588103,80.03887312860425,5.85405464373776e-29,1.3807428285894694e-27
kallikrein 5,Third,group,2,323,1106821.9459056957,1780315.5540942927,100.4045287660855,1.2296095794141156e-34,3.855959363395139e-33
kallikrein 8,Third,group,2,323,841714.7405707093,2045422.7594292827,66.45908772428977,6.69841490937154e-25,1.3432366935235494e-23
p27Kip1,Third,group,2,323,843937.6841190965,2043199.8158808937,66.70710075728556,5.619591663468368e-25,1.135108122496264e-23
p60-Src,Third,group,2,323,159061.63449131371,2728075.8655086844,9.416326831349767,1.0600335265666903e-4,0.0011122533752786316
pTEN,Third,group,2,323,24043.5767990076,2863093.9232009924,1.3562383062510288,0.2590911609761663,1
paraoxonase 1,Third,group,2,323,470489.37580644805,2416648.1241935464,31.44191056697499,3.3378839977433764e-13,4.654658931056155e-12
phosphoglycerate kinase 1,Third,group,2,323,17408.194168734364,2869729.305831265,0.9796824224981122,0.37654303439843584,1
prostatic binding protein,Third,group,2,323,1033875.3410669889,1853262.1589330023,90.09565472294032,8.059471459231666e-32,2.122730858106821e-30
resistin,Third,group,2,323,898038.8437965168,1989098.6562034758,72.91406729415698,7.370556801148877e-27,1.5950111151002308e-25
sCD163,Third,group,2,323,1200126.910669965,1687010.5893300243,114.88991076823814,2.0607725973198108e-38,8.230944266377502e-37
sCD4,Third,group,2,323,106617.33610421745,2780520.163895781,6.192618203029332,0.00229541314228065,0.02193849341552743
sE-Selectin,Third,group,2,323,1230674.5916873347,1656462.908312655,119.98695869378925,1.077335661665982e-39,4.829687144337585e-38
sFRP-3,Third,group,2,323,197840.20421835873,2689297.295781639,11.880870527547376,1.0499596778728001e-5,1.1527794336056424e-4
sICAM-1,Third,group,2,323,181222.53610421717,2705914.9638957814,10.816097316928955,2.839476527831719e-5,3.0587174153299466e-4
sICAM-2,Third,group,2,323,631769.6545905643,2255367.845409429,45.239094555706025,4.77651955741892e-18,7.726559862927834e-17
sICAM-3,Third,group,2,323,1140148.7147642572,1746988.7852357326,105.40080107588163,5.812431877265173e-36,1.9898973630198183e-34
sICAM-5,Third,group,2,323,790206.1102977591,2096931.3897022326,60.85954334977554,3.7183960106927554e-23,7.041864020471321e-22
sL-Selectin,Third,group,2,323,44196.05074441619,2842941.4492555843,2.5106609906061172,0.08279847067516319,0.7302274124501431
sLeptin R,Third,group,2,323,398139.0373449102,2488998.462655085,25.833464944214125,3.912744177006169e-11,5.121488032587985e-10
sRAGE,Third,group,2,323,1385251.087965246,1501886.412034739,148.95803631600643,1.450085822483993e-46,2.4691343118240324e-44
sRANKL,Third,group,2,323,890118.5410669902,1997018.9589330023,71.98436636732085,1.4003200958880642e-26,2.996925132606072e-25
sTie-1,Third,group,2,323,566915.1167493747,2320222.3832506198,39.46035173867835,4.650892824002181e-16,7.080794760330901e-15
sTie-2,Third,group,2,323,388647.29975185916,2498490.2002481376,25.1217871111488,7.235099472709575e-11,9.362872446034497e-10
suPAR,Third,group,2,323,1336133.7554590423,1551003.7445409438,139.12642201292826,2.621070204133936e-44,2.3446324916726923e-42
tPA,Third,group,2,323,1149035.1344913011,1738102.365508685,106.76538845054458,2.5507805691420804e-36,8.857622180441797e-35
tau,Third,group,2,323,84724.0299007427,2802413.4700992564,4.882552476628411,0.008146220818583655,0.0749072415354043
"transcription factor MLR1, isoform CRA_b",Third,group,2,323,1236542.769975171,1650594.7300248132,120.98769838431994,6.0734760285890504e-40,2.8272038671604516e-38
uPA,Third,group,2,323,1286910.6054590424,1600226.8945409437,129.879121198783,4.0721779861681224e-42,2.3881115964969775e-40
vWF,Third,group,2,323,573812.5526054516,2313324.947394542,40.059537398822364,2.8755542030890054e-16,4.4090366823092224e-15
