target,trimester,contrast,estimate,se,df,t_ratio,p_value
CD48,Third,Control - sPTD,164.82171215880703,9.597408937738106,323,17.173563534498282,6.062474748434253e-47
UBE2N,Third,Control - sPTD,-164.87692307692123,9.60792237737145,323,-17.160517810306093,6.818350417691314e-47
BOC,Third,Control - sPTD,164.1011166253083,9.629208847382417,323,17.042014481793817,1.9821677174203435e-46
GPC5,Third,Control - sPTD,164.58312655086678,9.658972197885443,323,17.039403694204395,2.029315027487889e-46
PA2G4,Third,Control - sPTD,-162.12903225806207,9.592229619072116,323,-16.90212168563009,6.9832982384399794e-46
METAP1,Second,Control - sPTD,187.45098039215972,11.354220587017588,369,16.509365742505576,9.136146676867314e-46
RAN,Third,Control - sPTD,-164.12692307692157,9.7315455890941,323,-16.8654528280538,9.713611234687743e-46
LYVE1,Second,Control - sPTD,185.7253847775705,11.267942838036348,369,16.48263462525132,1.1786506277660799e-45
JAK2,Second,Control - sPTD,187.3366013071922,11.371710353278882,369,16.473916015032533,1.2807369175475219e-45
SPARCL1,Second,Control - sPTD,-187.28167826270547,11.37382830121892,369,-16.466019470562493,1.380800468679824e-45
PPIE,Third,Control - sPTD,-162.15099255582896,9.650000098358756,323,-16.80321149254777,1.700630852607692e-45
JAK2,Third,Control - sPTD,160.99999999999767,9.581534361900696,323,16.803154267252452,1.7015066732562244e-45
CDON,Third,Control - sPTD,160.99999999999756,9.581534361900701,323,16.80315426725243,1.7015066732565645e-45
FYN,Third,Control - sPTD,-160.99999999999756,9.581534361900701,323,-16.80315426725243,1.7015066732565645e-45
PCSK7,Third,Control - sPTD,160.98002481389332,9.582573393216853,323,16.799247781169626,1.762372924888014e-45
PDPK1,Third,Control - sPTD,-160.9600496277892,9.583612182984714,323,-16.795342565464697,1.8253947169441447e-45
LYVE1,Third,Control - sPTD,160.8002481389554,9.59191381480278,323,16.764146472083542,2.416809963837525e-45
NACA,Third,Control - sPTD,-160.7602977667469,9.593986812759901,323,-16.756360093484535,2.5921631527584532e-45
NR1D1,Third,Control - sPTD,161.20310173697294,9.629115521254286,323,16.74121588645918,2.970470046632042e-45
MICA,Third,Control - sPTD,163.64627791563146,9.775535113527472,323,16.740390783229483,2.99259850355948e-45
SET,Second,Control - sPTD,186.59993674889594,11.400416000579975,369,16.367818221668667,3.517494387639851e-45
GAS1,Third,Control - sPTD,163.05868486352193,9.755715950609178,323,16.714168974276053,3.788601926020404e-45
CAMK2B,Second,Control - sPTD,184.00000000000375,11.249729928879727,369,16.355948201711797,3.9381853366353167e-45
CAMK2D,Second,Control - sPTD,184.0000000000037,11.249729928879727,369,16.35594820171179,3.938185336635598e-45
PIM1,Second,Control - sPTD,-184.00000000000034,11.249729928879736,369,-16.35594820171148,3.9381853366471684e-45
PCSK7,Second,Control - sPTD,183.9773350200333,11.251602866203223,369,16.351211219216733,4.1197813126325676e-45
FER,Second,Control - sPTD,184.3666455829682,11.27863572626584,369,16.346537831132594,4.3071350788327816e-45
SET,Third,Control - sPTD,162.94640198511019,9.771061933552552,323,16.67642709597137,5.319758676999803e-45
PARK7,Third,Control - sPTD,160.87369727046917,9.651830664158751,323,16.66768749558153,5.754717928504091e-45
CAMK2A,Second,Control - sPTD,183.59266287160378,11.26775075377494,369,16.293638977601297,7.12445067585504e-45
CNTN2,Third,Control - sPTD,162.159553349874,9.747108976383865,323,16.636682091353254,7.605089317162806e-45
SHC1,Third,Control - sPTD,-160.12109181141176,9.627024268233916,323,-16.6324595586364,7.89937380242094e-45
LRIG3,Third,Control - sPTD,160.89044665012176,9.68019373564124,323,16.620581265614927,8.789699090834256e-45
SIRT2,Second,Control - sPTD,-184.82669196711265,11.36885059307085,369,-16.257289200349053,1.0066403246645686e-44
LIN7B,Second,Control - sPTD,183.36295593506594,11.282202034596416,369,16.252408472458733,1.0544536423748917e-44
NR1D1,Second,Control - sPTD,183.42831541218675,11.28786980168063,369,16.250038194529534,1.0784855620244105e-44
CD27,Third,Control - sPTD,-161.77320099255408,9.75543275641201,323,-16.582883100313975,1.233556033138005e-44
ECM1,Third,Control - sPTD,161.49913151364555,9.741228191868133,323,16.578929097304506,1.2781890217081957e-44
MATK,Third,Control - sPTD,159.80756823821093,9.657604292323668,323,16.547330311020687,1.698029177065562e-44
GPC5,Second,Control - sPTD,185.44117647058957,11.452230199296933,369,16.192581990010474,1.8620035145431033e-44
SIRT2,Third,Control - sPTD,-159.4419354838684,9.661859336278571,323,-16.502200035679692,2.547336491175727e-44
XPNPEP1,Third,Control - sPTD,-159.3820099255559,9.664919897086833,323,-16.49077401806468,2.8227705669317523e-44
PTN,Third,Control - sPTD,159.85955334987352,9.707586736520055,323,16.467486481318783,3.479734245070002e-44
CAMK2A,Third,Control - sPTD,-159.40794044664767,9.7039408634015,323,-16.427134366395013,5.000114575439361e-44
FLRT1,Third,Control - sPTD,-161.02171215880702,9.808260823773912,323,-16.416948432744768,5.479177929923671e-44
CAMK2D,Third,Control - sPTD,-159.26277915632517,9.702486258169815,323,-16.414635890076177,5.594179219874629e-44
PA2G4,Second,Control - sPTD,-181.96637149483837,11.34331408783957,369,-16.041729082500915,7.79849657445848e-44
PDPK1,Second,Control - sPTD,181.7819945182413,11.3538836275742,369,16.010556429939356,1.0481574326271084e-43
CAMK1,Second,Control - sPTD,-184.21289268395662,11.521823877545517,369,-15.988171199436813,1.2960322798365388e-43
UBE2N,Second,Control - sPTD,-184.39004849251697,11.539449278161788,369,-15.979102992503464,1.4123915895692768e-43
AIF1,Third,Control - sPTD,-158.28337468982386,9.720656715070598,323,-16.283197661370586,1.8208860862918117e-43
MDM2,Third,Control - sPTD,-158.08362282878159,9.730715123088054,323,-16.245838135133233,2.546243548070568e-43
DSC3,Third,Control - sPTD,158.00372208436482,9.73473202315327,323,16.23092671771198,2.910796708019923e-43
PTN,Second,Control - sPTD,180.78009698503433,11.390324995841757,369,15.871373033783614,3.919748801096926e-43
LY86,Third,Control - sPTD,-160.20310173697098,9.892121137311637,323,-16.195020209842383,4.017204729057689e-43
PSME1,Third,Control - sPTD,-159.41786600496076,9.84747923433123,323,-16.188697859771345,4.251638680955882e-43
SGTA,Third,Control - sPTD,-158.4772952853575,9.801785259572082,323,-16.168207228432607,5.109555070192228e-43
BTK,Third,Control - sPTD,-157.48436724565505,9.7607522213789,323,-16.13444985323142,6.916275762985231e-43
GDF2,Second,Control - sPTD,-181.10056925996238,11.45928527780927,369,-15.803827627073815,7.428960532762132e-43
GAS1,Second,Control - sPTD,182.3928947923284,11.560934914479835,369,15.776656139105585,9.606489768751861e-43
CHST2,Third,Control - sPTD,-157.24466501240445,9.772709356904308,323,-16.090181265987706,1.0286372323199383e-42
HIPK3,Second,Control - sPTD,-179.991566519081,11.430924632875072,369,-15.746019880266681,1.2834936285101993e-42
MRC2,Third,Control - sPTD,157.06488833746658,9.78165568218129,323,16.057086186705913,1.3839129905201247e-42
FGFR4,Third,Control - sPTD,157.3024813895785,9.810699357616551,323,16.0337684048443,1.705585425640756e-42
PARK7,Second,Control - sPTD,180.72981235505264,11.560730497748821,369,15.633078929592338,3.731311557958599e-42
CPNE1,Second,Control - sPTD,180.63978494623976,11.556370426815548,369,15.63118680646312,3.798574054998034e-42
DSC3,Second,Control - sPTD,179.1313514653211,11.460699806909028,369,15.630053529308274,3.8394390024213496e-42
MEPE,Third,Control - sPTD,158.1333746898246,9.993810500906184,323,15.82313119460149,1.1249195916782716e-41
FCRL3,Third,Control - sPTD,155.66662531017118,9.85061413115555,323,15.802733031418654,1.3501789735447733e-41
PTH,Third,Control - sPTD,155.4868486352333,9.859400683988211,323,15.77041583143546,1.8028304145790672e-41
MAPKAPK3,Second,Control - sPTD,177.7929580434324,11.51704102454219,369,15.437381673345199,2.3624841717472825e-41
CAMK1,Third,Control - sPTD,-157.3744416873432,10.018813287825699,323,-15.707892458538558,3.1534807554755353e-41
PDK1,Second,Control - sPTD,180.12492093611885,11.703092094935835,369,15.391224769910385,3.648467503798806e-41
KYNU,Third,Control - sPTD,-155.6939205955312,9.922201932532733,323,-15.691468653247709,3.65223564090932e-41
FYN,Second,Control - sPTD,177.40501792115046,11.533241678971752,369,15.382060209889492,3.9771456129631524e-41
FCAR,Third,Control - sPTD,154.96749379652368,9.884683323274547,323,15.677537532399858,4.1365895085075316e-41
BMP10,Third,Control - sPTD,157.11215880893258,10.062174739701991,323,15.614135400473648,7.289621581021127e-41
LRP8,Third,Control - sPTD,155.93560794044663,9.994115595597352,323,15.602742078462652,8.070648714890804e-41
ING1,Third,Control - sPTD,-155.81947890818648,9.991617049609667,323,-15.595021119656876,8.646922267152744e-41
C5,Second,Control - sPTD,-178.89837655492443,11.759687569840592,369,-15.212851148676348,1.9515090998052e-40
BOC,Second,Control - sPTD,178.9734345351066,11.770631326108214,369,15.205083701681236,2.099139886896644e-40
LY9,Second,Control - sPTD,177.45867594349892,11.6891755679135,369,15.181453551832913,2.6204045371958633e-40
PPID,Third,Control - sPTD,-156.57295285359677,10.122122173848865,323,-15.468391920630317,2.6780995514781292e-40
PCSK9,Third,Control - sPTD,-156.30856079404384,10.140275163153289,323,-15.414627145624426,4.326272556444007e-40
GOT1,Second,Control - sPTD,-177.90132827324754,11.761775161194434,369,-15.125380806478644,4.434163195659556e-40
BGN,Third,Control - sPTD,154.1519851116629,10.003523477125096,323,15.40976891433902,4.517828781875458e-40
PTH,Second,Control - sPTD,177.01149061775558,11.724543036697241,369,15.097517239155364,5.757823676850662e-40
UFM1,Second,Control - sPTD,176.83649588868093,11.738205260242841,369,15.065036942881209,7.806239586602075e-40
GREM1,Second,Control - sPTD,177.16961838499125,11.76728112752484,369,15.056121840292736,8.486171868443579e-40
LY86,Second,Control - sPTD,-177.75089605734914,11.807803922750232,369,-15.053679517397342,8.682548878765882e-40
CNTF,Third,Control - sPTD,152.89925558312416,9.991925995866547,323,15.302280626014987,1.1776282877188486e-39
FGFR4,Second,Control - sPTD,175.09171410499715,11.66132237953303,369,15.014739187067102,1.2502786940909057e-39
TF,Third,Control - sPTD,152.6065756823796,9.998763630778804,323,15.262544582273826,1.677693589995264e-39
RBM39,Second,Control - sPTD,174.62555344718544,11.665808202297729,369,14.969006040472252,1.91808905735828e-39
TEC,Third,Control - sPTD,-152.3353598014864,10.014568109680257,323,-15.211375880926544,2.6457538559228696e-39
CHST6,Third,Control - sPTD,152.48349875930302,10.035917461691657,323,15.193777683141722,3.0943288919582905e-39
MICA,Second,Control - sPTD,175.11269238878407,11.758001158291766,369,14.8930664346205,3.9011703741724854e-39
DMP1,Second,Control - sPTD,175.36601307189846,11.790818018277871,369,14.87309979681222,4.701106678658901e-39
ROR1,Third,Control - sPTD,153.2954094292784,10.152471198805049,323,15.099319803765743,7.168546054031956e-39
CRK,Third,Control - sPTD,-151.62009925558078,10.04711953953812,323,-15.090902288851535,7.72551944663382e-39
GPC2,Third,Control - sPTD,153.8677419354823,10.211745842547527,323,15.067721456049954,9.493012290859724e-39
DLL4,Third,Control - sPTD,152.3228287841193,10.109450517748186,323,15.067369736535218,9.522730200698093e-39
PCNA,Third,Control - sPTD,151.39193548386862,10.054765748593091,323,15.056734216314494,1.0466609925233995e-38
RELT,Third,Control - sPTD,151.39193548386845,10.054765748593097,323,15.056734216314469,1.0466609925236385e-38
ETHE1,Third,Control - sPTD,151.15223325061797,10.065924496580218,323,15.016229587453214,1.4999505255279012e-38
PPIE,Second,Control - sPTD,-172.91060510225975,11.7348316963681,369,-14.734817641720003,1.7079879492401098e-38
MBD4,Third,Control - sPTD,-153.8249379652595,10.26058490387035,323,-14.99182935538459,1.86286393261313e-38
DMP1,Third,Control - sPTD,150.94094292803726,10.078729650643925,323,14.976187293444637,2.1403954969513776e-38
COLEC12,Second,Control - sPTD,-174.85188699135833,11.893756216499103,369,-14.70114939373001,2.3372398575033815e-38
PCNA,Second,Control - sPTD,172.4967320261473,11.752938932796187,369,14.676901923211808,2.929257291632697e-38
FGF7,Third,Control - sPTD,-153.33374689826212,10.27875796963734,323,-14.917536471935444,3.6020011514607444e-38
DAPK2,Third,Control - sPTD,-150.71873449131283,10.124690692878433,323,-14.886255695428433,4.753807252796305e-38
CKAP2,Second,Control - sPTD,-174.138941598146,11.947279816542133,369,-14.575614221158045,7.514611936686466e-38
GPC2,Second,Control - sPTD,174.03552603837502,11.94085470102009,369,14.574796394056065,7.571940134095201e-38
NXPH1,Third,Control - sPTD,149.66637717121353,10.136413650946691,323,14.765219960931194,1.3895013625370496e-37
CDC37,Third,Control - sPTD,-151.98610421836085,10.30827636575718,323,-14.744085123992203,1.675432365255635e-37
PRL,Second,Control - sPTD,-170.7779886148009,11.807811780924196,369,-14.463136081716415,2.134972684278674e-37
CDON,Second,Control - sPTD,170.7804132405687,11.813421133728443,369,14.45647381121243,2.2710349912702223e-37
MICB,Third,Control - sPTD,149.37282878411662,10.163512705177377,323,14.696968766322778,2.5422649569193068e-37
ERP29,Second,Control - sPTD,170.5578747628121,11.809845189872732,369,14.442007665694906,2.5970069381622454e-37
AGR2,Third,Control - sPTD,150.53598014888138,10.248644712790044,323,14.688379231354986,2.742984124022893e-37
COMMD7,Third,Control - sPTD,-149.11625310173469,10.169343268583589,323,-14.6633119920736,3.4238517934627927e-37
CD70,Third,Control - sPTD,149.00024813895539,10.173631515592273,323,14.645728804959683,3.999807242087611e-37
IL24,Second,Control - sPTD,170.06314568838653,11.831638454275929,369,14.373592156792627,4.894871316590736e-37
BDNF,Third,Control - sPTD,-148.7152605459034,10.17768531532126,323,-14.611894152595854,5.394224826455516e-37
SKP1,Third,Control - sPTD,-150.9657568238202,10.390250711264292,323,-14.529558623658136,1.1162606865642482e-36
IL22RA1,Second,Control - sPTD,-168.54954670040408,11.90474139966583,369,-14.158186309291466,3.5814349085798564e-36
LSAMP,Third,Control - sPTD,147.37692307692078,10.23777927067638,323,14.395399547150424,3.644376402648163e-36
CAMK2B,Third,Control - sPTD,-147.47518610421596,10.248949113097495,323,-14.389298305301583,3.8456421708985615e-36
SSRP1,Third,Control - sPTD,-147.11724565756873,10.249335803499612,323,-14.353832138794388,5.255748528399494e-36
ROBO2,Third,Control - sPTD,149.23585607940302,10.418189906196188,323,14.324547490792563,6.801445438513576e-36
RAC1,Third,Control - sPTD,-148.06066997518397,10.348288009721644,323,-14.307745381273614,7.885336086833905e-36
EPHA3,Third,Control - sPTD,146.7776674937942,10.264397871001957,323,14.299686093468484,8.464819558138381e-36
CSK,Third,Control - sPTD,-146.57791563275185,10.27323136179561,323,-14.26794651757285,1.1191024600258642e-35
PRKACA,Third,Control - sPTD,-146.45806451612674,10.278522043445781,323,-14.248942007135883,1.32264486639675e-35
FCN2,Third,Control - sPTD,148.08697270471268,10.42451884017135,323,14.205641044462686,1.9351713505604403e-35
GREM1,Third,Control - sPTD,146.05707196029817,10.305882009382321,323,14.17220494348082,2.5957691409502127e-35
GOT1,Third,Control - sPTD,-146.68573200992336,10.36433212815835,323,-14.152936262183264,3.074246086767782e-35
MEPE,Second,Control - sPTD,168.81045751634213,12.166756384223756,369,13.874729811737929,4.849149851717921e-35
LY9,Third,Control - sPTD,147.77059553349739,10.494645256655474,323,14.080570797739401,5.800563996683958e-35
FETUB,Third,Control - sPTD,145.2703473945415,10.338328025510018,323,14.051628758159366,7.47577998523297e-35
NRP1,Second,Control - sPTD,168.34250474383535,12.180615396057483,369,13.820525422576186,7.966657230885658e-35
FGF23,Second,Control - sPTD,165.80666244992622,12.015745064868556,369,13.799116205844705,9.690915815651634e-35
FGR,Second,Control - sPTD,165.5728441914435,12.000559328404968,369,13.79709392374216,9.871884473203712e-35
CD226,Third,Control - sPTD,147.68796526054493,10.53619726452531,323,14.017198193298896,1.0108109419463378e-34
CD48,Second,Control - sPTD,166.175627240144,12.133109276252837,369,13.696046368377003,2.4855942123099395e-34
PYY,Second,Control - sPTD,167.02076744676492,12.198781142644899,369,13.691594717023674,2.5886679120405676e-34
ARSB,Second,Control - sPTD,-167.15675732658798,12.23341072852713,369,-13.663953662308959,3.3312205187219464e-34
LGMN,Second,Control - sPTD,-165.89542483660387,12.219287451661648,369,-13.576521993845432,7.388967697623356e-34
CD226,Second,Control - sPTD,166.30371073160643,12.264665408697015,369,13.559579914318622,8.620717529783283e-34
PRKACA,Second,Control - sPTD,-166.0020029517203,12.267011759570693,369,-13.53239127876485,1.1039348720397309e-33
RAD51,Third,Control - sPTD,145.4847394540936,10.61578673424913,323,13.704565012098836,1.5514472482988985e-33
AIF1,Second,Control - sPTD,-163.07063040270222,12.093054935517927,369,-13.484651419531335,1.703546837853562e-33
BMX,Second,Control - sPTD,-162.9865064305327,12.097742263744387,369,-13.472473034822826,1.902752912440586e-33
BMX,Third,Control - sPTD,-142.74727047146177,10.442746331890103,323,-13.669514314978576,2.1052168521694048e-33
MAPK14,Third,Control - sPTD,-142.46302729528287,10.450911271553187,323,-13.631636858601938,2.9271787130340156e-33
FETUB,Second,Control - sPTD,162.35294117647052,12.11919603807039,369,13.396345819183583,3.795610865529049e-33
BCAR3,Second,Control - sPTD,-163.87476280835193,12.255623319428693,369,-13.371393566622045,4.758348868962206e-33
CHL1,Third,Control - sPTD,142.003598014886,10.47025150224744,323,13.562577554551094,5.335594960182091e-33
JAG2,Third,Control - sPTD,141.8238213399481,10.47779272358542,323,13.535658232740557,6.740970838771547e-33
DKK1,Third,Control - sPTD,-143.21823821339936,10.649521463967845,323,-13.44832617108398,1.4380278821295111e-32
GFAP,Second,Control - sPTD,161.1638203668564,12.174848495702296,369,13.237439498630888,1.597482003355592e-32
NMT1,Third,Control - sPTD,-140.89032258064287,10.525273771404592,323,-13.385905738947931,2.4694334200221865e-32
FER,Third,Control - sPTD,-140.85570719602742,10.535142383522306,323,-13.370081017256638,2.8319353011446095e-32
MBD4,Second,Control - sPTD,-161.80255112797875,12.306722965977261,369,-13.147492762719406,3.594121359855758e-32
JAG2,Second,Control - sPTD,160.25806451613255,12.194524629757073,369,13.14180498066082,3.782972459012218e-32
KLRF1,Third,Control - sPTD,140.30186104218126,10.541994494403975,323,13.308853568141963,4.8090183550222015e-32
CAPG,Third,Control - sPTD,139.5761786600474,10.651164636119963,323,13.104311446536103,2.8063601996430867e-31
DHH,Third,Control - sPTD,-141.4069478908177,10.797189945869095,323,-13.096643534081633,2.9977509458061428e-31
SPINT2,Third,Control - sPTD,-141.22605459057002,10.786195858368695,323,-13.093221785046378,3.087306558321607e-31
ERP29,Third,Control - sPTD,138.73225806451364,10.60895132253362,323,13.076905892653462,3.55242551509498e-31
RPS6KA3,Second,Control - sPTD,157.5618806662486,12.289371663642493,369,12.82098751495878,6.709516503401815e-31
ROBO3,Third,Control - sPTD,138.14838709677193,10.628732712058484,323,12.997634886428196,7.019492050415782e-31
MATN3,Third,Control - sPTD,140.26972704714487,10.820348226491335,323,12.963513198560847,9.407101752478431e-31
MICB,Second,Control - sPTD,157.80392156863076,12.357661609044383,369,12.769723476902497,1.0597367116525673e-30
CSK,Second,Control - sPTD,157.01876449504508,12.308195416535277,369,12.757253129414924,1.1842438302138201e-30
SSRP1,Second,Control - sPTD,-156.84419144001674,12.31422601129926,369,-12.736829037902991,1.4204176179914167e-30
ARSB,Third,Control - sPTD,-138.49243176178692,10.726030539642485,323,-12.911806585850266,1.4653447928677781e-30
FSTL3,Third,Control - sPTD,137.51761786600272,10.656857071520623,323,12.904143965063087,1.5647492863171922e-30
STK16,Second,Control - sPTD,-159.1483238456688,12.524170680135091,369,-12.707294391803368,1.8472883499239174e-30
TBP,Second,Control - sPTD,-156.2306557031415,12.350971283924103,369,-12.649260702799117,3.0936915848524965e-30
COLEC12,Third,Control - sPTD,-139.25136476426678,10.878505198966673,323,-12.800597344706329,3.79421763952213e-30
FLRT1,Second,Control - sPTD,-158.0885515496546,12.522784032048504,369,-12.624073939554648,3.868534535367334e-30
UFC1,Second,Control - sPTD,158.08169934640654,12.539246166258218,369,12.606953978763702,4.502814985529232e-30
AIP,Second,Control - sPTD,157.897533206833,12.552406011766237,369,12.579065165580586,5.765327978816976e-30
AREG,Third,Control - sPTD,-138.91464019850997,10.897244838950472,323,-12.747684598402492,5.960979773650366e-30
GFAP,Third,Control - sPTD,135.93114143920653,10.716873998710737,323,12.683842457750211,1.0272889292441985e-29
CD27,Second,Control - sPTD,-156.94781783681447,12.557834937723857,369,-12.497999743995814,1.1811562531380143e-29
HDAC8,Third,Control - sPTD,-134.63275434242948,10.767497113871555,323,-12.503625765451542,4.75170851831145e-29
TLR2,Second,Control - sPTD,-155.3462998102479,12.628915374884091,369,-12.300842566353303,6.706909553115621e-29
CFC1,Third,Control - sPTD,-136.54751861042075,10.99045263878638,323,-12.424194261893385,9.311332845243711e-29
C9,Third,Control - sPTD,135.49354838709684,10.909402692661343,323,12.419886973119263,9.65687709006467e-29
SPARCL1,Third,Control - sPTD,-135.59764267989948,11.01295841183563,323,-12.312553776120016,2.3909250068373634e-28
EDA,Third,Control - sPTD,133.50781637716898,10.845108267461514,323,12.310418032223001,2.434380553163551e-28
CAMK1D,Third,Control - sPTD,133.56972704714437,10.897980574205635,323,12.25637411790674,3.838620079832942e-28
SPINT2,Second,Control - sPTD,-152.05597722960192,12.594994380524176,369,-12.072730851291867,4.932188605432667e-28
MIF,Third,Control - sPTD,-134.70024813895657,11.049012553452098,323,-12.191157127147212,6.644207336761916e-28
CNTN2,Second,Control - sPTD,152.74225173940658,12.723928383229518,369,12.004331299186264,8.944245992248305e-28
RPS6KA3,Third,Control - sPTD,-131.39677419354604,10.890556218935165,323,-12.065203241418414,1.9112562656894642e-27
TBP,Third,Control - sPTD,-130.9772952853604,10.906189022463657,323,-12.009446655984444,3.0471703098789693e-27
PAK6,Third,Control - sPTD,133.02258064516045,11.12442131764608,323,11.957707897502388,4.694252305847465e-27
BDNF,Second,Control - sPTD,-149.6749947290773,12.709702866056697,369,-11.776435397935888,6.4309645095045046e-27
SKP1,Second,Control - sPTD,-150.3643263757127,12.790156197685022,369,-11.756254110714314,7.652417644704722e-27
NAGK,Second,Control - sPTD,149.14885093822755,12.714287819863435,369,11.730806558053015,9.526802300449829e-27
NCK1,Third,Control - sPTD,129.79640198510933,10.959846065779281,323,11.842903742086488,1.2215313976584346e-26
RAC1,Second,Control - sPTD,-147.8606367278124,12.668972016130114,369,-11.671084010569798,1.5918070092467826e-26
DLL1,Third,Control - sPTD,131.15148883374573,11.183800543272277,323,11.726915937591642,3.198679871082372e-26
HTRA2,Third,Control - sPTD,-128.79999999999768,10.986176740160996,323,-11.723823769297033,3.281666252623754e-26
NCK1,Second,Control - sPTD,146.38920514442668,12.658268597983895,369,11.564709976824346,3.960211803600038e-26
FCN1,Second,Control - sPTD,-147.97860004216997,12.79600813560371,369,-11.564434663841233,3.96954524196563e-26
ERBB2,Third,Control - sPTD,129.26935483870773,11.106535833315439,323,11.639034598974433,6.61704136928747e-26
FSTL3,Second,Control - sPTD,145.58306978705787,12.708283096217443,369,11.455762252446984,1.0032627539928073e-25
CNTF,Second,Control - sPTD,146.70809614168297,12.846729059811778,369,11.419879368408852,1.3614164272088295e-25
CHST2,Second,Control - sPTD,-144.94486611849015,12.719154589859022,369,-11.395794043894604,1.6705938471993706e-25
EPHB2,Third,Control - sPTD,127.69950372208228,11.084608767840452,323,11.52043399967117,1.7587943972398501e-25
EDAR,Third,Control - sPTD,-129.57270471463937,11.249316792952955,323,-11.518273251563967,1.790332421197804e-25
MATK,Second,Control - sPTD,144.03088762387,12.764831756256704,369,11.283414491794849,4.329278748083149e-25
CFC1,Second,Control - sPTD,144.5120177103102,12.856976047686363,369,11.239969427827893,6.248433836524944e-25
NID2,Second,Control - sPTD,-145.33428209993883,12.940302322763134,369,-11.231134982393959,6.731937528959015e-25
ERBB3,Third,Control - sPTD,125.86364764267759,11.091041183891198,323,11.348226515061898,7.219697065078507e-25
ADAM12,Second,Control - sPTD,-143.42072527935932,12.910686086927328,369,-11.108683482327054,1.8859949538747387e-24
GP1BA,Third,Control - sPTD,124.64516129032029,11.133562541582194,323,11.195442682859976,2.5085796463718973e-24
CHST6,Second,Control - sPTD,141.8963736032076,12.846317319173302,369,11.045684928818108,3.197387659974042e-24
LYN,Third,Control - sPTD,-124.32555831265272,11.144620547049414,323,-11.155656470113597,3.4655742312138954e-24
FCN2,Second,Control - sPTD,143.06282943285078,12.999259528183421,369,11.005459897364098,4.4755219998645225e-24
GCKR,Second,Control - sPTD,-140.9580434324264,12.824239228785801,369,-10.991532590566957,5.0274751673673e-24
RET,Third,Control - sPTD,123.50657568237988,11.172777536939089,323,11.054241013395844,7.880405109230478e-24
C3,Third,Control - sPTD,123.23300248138739,11.194602378749074,323,11.008251862104807,1.1425326896972168e-23
LRP8,Second,Control - sPTD,141.13514653173135,12.979257107617292,369,10.873900205652117,1.338670361596332e-23
ACE2,Second,Control - sPTD,139.8450347881119,12.876627491969012,369,10.860377445517582,1.4976910152181863e-23
PYY,Third,Control - sPTD,122.5846153846131,11.209540270058143,323,10.935739774453504,2.0493894354909882e-23
RGMB,Third,Control - sPTD,124.36042183622686,11.397194642003807,323,10.911494077490136,2.490614582037665e-23
RAN,Second,Control - sPTD,140.46088973223766,13.054792203542608,369,10.759335540715965,3.457060712089821e-23
BST1,Third,Control - sPTD,122.4957816377152,11.29507788163064,323,10.845058610612325,4.245343140671156e-23
TF,Second,Control - sPTD,-140.19312671305295,13.07466608073538,369,-10.72250150385239,4.6850363397855587e-23
METAP1,Third,Control - sPTD,-121.34615384615158,11.251181435876848,323,-10.785192162950361,6.856026544563593e-23
CD70,Second,Control - sPTD,136.30908707569367,12.962729286597149,369,10.51546198813477,2.5607941865731884e-22
SGTA,Second,Control - sPTD,138.38393421885073,13.16272272945202,369,10.513321374552104,2.605928864809328e-22
TFPI,Second,Control - sPTD,-135.97596457937993,13.028776440180867,369,-10.436587441935744,4.868873370702678e-22
PDE5A,Second,Control - sPTD,136.70503900484974,13.169218912058357,369,10.38064899047856,7.667690875537496e-22
ABL2,Second,Control - sPTD,-135.64632089394954,13.182969585438801,369,-10.28951178373173,1.6025142701948841e-21
MATN2,Third,Control - sPTD,117.56836228287631,11.40618182183707,323,10.307424878831263,3.005999278184966e-21
AMHR2,Second,Control - sPTD,-135.30202403542236,13.253556491355305,369,-10.208733340645113,3.0710358076978733e-21
STK16,Third,Control - sPTD,119.10248138957793,11.566997408910943,323,10.296750070837241,3.267894106360458e-21
LCK,Third,Control - sPTD,-117.03250620347461,11.421580195185335,323,-10.246612482991505,4.835241404616046e-21
ASAH2,Third,Control - sPTD,116.57518610421624,11.401007453719167,323,10.224989903518377,5.72363726610734e-21
C9,Second,Control - sPTD,132.69122917984407,13.173729923697143,369,10.072411530249811,9.14654927530971e-21
FST,Third,Control - sPTD,-116.10049627791643,11.435072253182014,323,-10.153018162662626,1.0021894500895344e-20
RGMA,Second,Control - sPTD,-133.62745098039386,13.307469843964123,369,-10.041537012462467,1.1698180648251767e-20
EDAR,Second,Control - sPTD,-133.4982078853063,13.310898921447642,369,-10.029240599987034,1.2901123481822451e-20
PAK3,Third,Control - sPTD,117.51327543424279,11.636749231951544,323,10.098462473658994,1.5303395899635308e-20
C1QBP,Second,Control - sPTD,-131.61311406283113,13.354744747984647,369,-9.855157589791654,5.120629124590558e-20
ESAM,Second,Control - sPTD,-129.4944128188942,13.14774469414261,369,-9.849173058295287,5.367850383667893e-20
UFM1,Third,Control - sPTD,-114.01836228287627,11.480780371957325,323,-9.93123799854013,5.561203247784318e-20
BMPER,Second,Control - sPTD,-129.70303605313094,13.236682071267092,369,-9.798757374000674,7.980441264592419e-20
BGN,Second,Control - sPTD,130.74530887624064,13.349482504320783,369,9.79403574887062,8.28191828448078e-20
PDK1,Third,Control - sPTD,113.63200992555895,11.509040880594496,323,9.873282326866608,8.674913891357542e-20
PPID,Second,Control - sPTD,129.36063672780932,13.25050029738547,369,9.762698300028278,1.0590139530333992e-19
GRN,Second,Control - sPTD,-129.54237824162192,13.273839985813227,369,-9.759224036154858,1.0882456899089216e-19
CD22,Second,Control - sPTD,-130.2631246046824,13.385099514055234,369,-9.731950402602353,1.3473306373133756e-19
FAM107B,Second,Control - sPTD,129.31815306768138,13.296935240653406,369,9.725410459420026,1.4180514833355531e-19
OLR1,Third,Control - sPTD,114.55347394540851,11.739512158652415,323,9.75794159052672,2.0931971309545018e-19
HDAC8,Second,Control - sPTD,129.5767446763667,13.415547034739014,369,9.658700039650489,2.386900588612917e-19
KIF23,Third,Control - sPTD,-113.25297766749208,11.650707327025438,323,-9.720695446943896,2.77868699152009e-19
BCAM,Second,Control - sPTD,-125.86675100147906,13.251656705417775,369,-9.498189833880922,8.284225721484174e-19
LRIG3,Second,Control - sPTD,127.28705460678955,13.415562981872425,369,9.4880143888694235,8.960518804731345e-19
GP1BA,Second,Control - sPTD,125.22707147375391,13.259296562900465,369,9.444473232776124,1.2529265379697538e-18
FCAR,Second,Control - sPTD,127.20472274931606,13.47755614937903,369,9.438263238486076,1.3141906796304293e-18
SPHK2,Second,Control - sPTD,124.52793590554815,13.29450304947774,369,9.36687407134335,2.272058684467649e-18
BCAM,Third,Control - sPTD,110.40918114143948,11.734912664587085,323,9.408606974521904,2.916058679436543e-18
PRL,Third,Control - sPTD,109.18436724565537,11.625349634796901,323,9.39192116156624,3.3027214344044335e-18
ERBB4,Third,Control - sPTD,108.46526054590358,11.6461717078508,323,9.313383253038085,5.924991132227446e-18
JAG1,Third,Control - sPTD,109.48362282878247,11.78433163459336,323,9.29060944851459,7.015623585801452e-18
DKK1,Second,Control - sPTD,-122.74225173940503,13.347167042930034,369,-9.19612763851797,8.331240669779643e-18
RASA1,Third,Control - sPTD,108.86985111662545,11.813413894905159,323,9.215782337362988,1.2202744130639456e-17
CAMK1D,Second,Control - sPTD,-123.34145055872004,13.543940459974833,369,-9.106762608948241,1.6351010078205716e-17
LGMN,Third,Control - sPTD,-108.99838709677388,11.886869268793479,323,-9.1696463241946,1.7144745487357977e-17
TYK2,Second,Control - sPTD,-122.77197975964745,13.578505059469572,369,-9.041641861305415,2.6658442115832703e-17
HCK,Second,Control - sPTD,-121.34081804765208,13.426799155535148,369,-9.03721107629958,2.7557824898325186e-17
PAK6,Second,Control - sPTD,120.74636306135311,13.37145323831034,369,9.030160066327317,2.905145372239203e-17
SHC1,Second,Control - sPTD,120.72696605524229,13.371927874875869,369,9.028388964172677,2.9439065401971475e-17
PDE9A,Second,Control - sPTD,-122.17741935483991,13.602831307580171,369,-8.98176391313157,4.1706800490788075e-17
CRP,Second,Control - sPTD,121.97649167193842,13.582565399447947,369,8.9803721229935,4.214201928082634e-17
TBK1,Third,Control - sPTD,-107.75831265508666,11.918019187349628,323,-9.041629398404277,4.3821567360457776e-17
PPIB,Third,Control - sPTD,105.8686104218369,11.741804717018477,323,9.016383168797876,5.268361738768885e-17
CBX5,Third,Control - sPTD,105.46650124069276,11.761972362172514,323,8.966736019537151,7.561310552637777e-17
RBM39,Third,Control - sPTD,105.08945409429359,11.741603979198576,323,8.950178721788783,8.527446571787773e-17
ERBB3,Second,Control - sPTD,-119.33533628505437,13.49487277792983,369,-8.843013064948725,1.1682312834997033e-16
NID2,Third,Control - sPTD,-105.33238213399322,11.834156538728491,323,-8.900708875134631,1.220432650894177e-16
FCN1,Third,Control - sPTD,-106.37034739454046,11.969869242128969,323,-8.886508719757858,1.352423547070118e-16
LYN,Second,Control - sPTD,119.70577693443028,13.628538881347142,369,8.78346372832872,1.8120682475428434e-16
ASGR1,Third,Control - sPTD,104.05533498759098,11.77349803022028,323,8.838098475109197,1.9179775829093146e-16
RELT,Second,Control - sPTD,118.49209361164104,13.50601974897358,369,8.773280049486534,1.952972746694578e-16
PDE3A,Second,Control - sPTD,-117.68985873919512,13.661022439292957,369,-8.615011011231916,6.209408846581691e-16
PDE7A,Third,Control - sPTD,-103.57965260545808,12.044071757460342,323,-8.600052763825385,1.0514561968056038e-15
PIM1,Third,Control - sPTD,-100.87468982630358,11.855498729141049,323,-8.50868378724141,2.0054021167921368e-15
OMD,Third,Control - sPTD,99.9693548387076,11.930715274229998,323,8.379158545057104,4.9725539000695625e-15
BMPR1A,Second,Control - sPTD,-113.45561880666344,13.80045806313112,369,-8.221148768225888,1.0409588882669619e-14
RSPO2,Second,Control - sPTD,-112.01591819523736,13.757788824213032,369,-8.142000115461494,1.8151878389806623e-14
ABL1,Second,Control - sPTD,111.45888678052117,13.696554760036156,369,8.137731621804354,1.870254885740724e-14
PIM1,Second,PPROM - sPTD,-338.9999999999971,41.669747853554746,369,-8.135398399610853,1.9010498905717154e-14
DLL4,Second,Control - sPTD,111.34777566941007,13.717059967217741,369,8.117466566124152,2.1550570956882606e-14
IL22RA1,Third,Control - sPTD,-97.40049627791359,11.953474109770568,323,-8.14830026680696,2.4557019893115177e-14
CRTAM,Second,Control - sPTD,111.89784946236728,13.825861491434676,369,8.093372664820173,2.549844921368136e-14
HINT1,Third,Control - sPTD,-98.9310173697268,12.161772216789426,323,-8.134588907458053,2.6976632938158347e-14
ALCAM,Third,Control - sPTD,96.95955334987391,11.956204737790992,323,8.109559469436451,3.2016669951565366e-14
ING1,Second,Control - sPTD,109.81583386042877,13.630861983315553,369,8.05641154571483,3.2983763237707273e-14
RTN4,Second,Control - sPTD,-110.52877925363936,13.75044631658793,369,-8.03819575807531,3.743398814726173e-14
NR1D1,Second,PPROM - sPTD,334.7338709677405,41.81102047901574,369,8.005876611783199,4.683627162946438e-14
SBDS,Second,Control - sPTD,109.2753531520133,13.73697198395847,369,7.954835554707473,6.663957439454528e-14
HIPK3,Second,PPROM - sPTD,-333.64516129032,42.34090508804998,369,-7.879972348169899,1.1146980133858048e-13
NR1D1,Third,PPROM - sPTD,278.4838709677397,35.146906596602825,323,7.923424788531943,1.132352814131911e-13
OSM,Third,Control - sPTD,96.462158808933,12.203554582456778,323,7.904431299680684,1.286773293819714e-13
MAPKAPK3,Second,PPROM - sPTD,333.8387096774167,42.65988593021356,369,7.8255884280501045,1.616436391872585e-13
ROBO3,Second,Control - sPTD,106.76112165296514,13.690083365726492,369,7.798427431073547,1.944825550114843e-13
CD22,Third,Control - sPTD,-94.21215880893092,12.030677309792985,323,-7.830993748975556,2.105505286724576e-13
FGFR4,Third,PPROM - sPTD,279.6370967741921,35.80969957296603,323,7.80897634185403,2.4390423130561237e-13
HCK,Third,Control - sPTD,94.13002481389438,12.223840973059716,323,7.70052760186825,5.012604214993067e-13
MIF,Second,Control - sPTD,-104.92230655703347,13.916888478102294,369,-7.5392072532682,1.1110086679615195e-12
RBM39,Second,PPROM - sPTD,325.6451612903206,43.210929450826825,369,7.536175810818841,1.1336074935840806e-12
SSRP1,Third,PPROM - sPTD,-281.7903225806436,37.410751524133126,323,-7.532335253913966,1.5118918278920134e-12
PLCG1,Second,Control - sPTD,-103.80423782416166,13.88248940537896,369,-7.477350408345443,1.6736941825882368e-12
BMPER,Third,Control - sPTD,90.88709677419148,12.10299060798394,323,7.509474287638981,1.7544625818442726e-12
PRL,Second,PPROM - sPTD,-325.9838709677398,43.73692015043256,369,-7.4532882024276645,1.9616563047094723e-12
TFF3,Third,Control - sPTD,90.95210918113956,12.149787710240956,323,7.485901099693847,2.0447624773323865e-12
FGFR4,Second,PPROM - sPTD,321.48387096774053,43.194313664963296,369,7.442735945785138,2.1028556519265756e-12
EPHA3,Second,Control - sPTD,102.33860425891076,13.781308808147369,369,7.425898779541841,2.3491596210509354e-12
CCL28,Second,Control - sPTD,-102.80518659076519,13.90112983438664,369,-7.39545546409187,2.8687462975383175e-12
CDC37,Second,Control - sPTD,-103.40290955091854,14.012870672123928,369,-7.379138220166403,3.1922801375052857e-12
GREM1,Third,PPROM - sPTD,278.4032258064492,37.617148904262734,323,7.400965621158515,3.5405711756910957e-12
PTK6,Third,Control - sPTD,89.81526054590385,12.143287174115262,323,7.396288933803267,3.6487853821500175e-12
FETUB,Third,PPROM - sPTD,278.27419354838503,37.735579002619616,323,7.374318902833507,4.202393938353649e-12
GDF2,Second,PPROM - sPTD,-310.3064516129013,42.4459548030959,369,-7.310624841693238,4.990783004074718e-12
PPIB,Second,Control - sPTD,-100.65348935273315,13.830914960477077,369,-7.277428112338075,6.190647229040262e-12
BGN,Third,PPROM - sPTD,266.20967741935334,36.51352032399759,323,7.290715194185036,7.174869519322412e-12
PDE7A,Second,Control - sPTD,-101.1706725701053,14.007206530602064,369,-7.222758681331212,8.813769263272791e-12
PDE3A,Third,Control - sPTD,-89.23101736972552,12.309218081044367,323,-7.249121494332544,9.348032527712956e-12
BPI,Third,Control - sPTD,89.57754342431727,12.393144471755715,323,7.227991542297173,1.0688602524260553e-11
PDE9A,Third,Control - sPTD,87.7686104218342,12.1830674661327,323,7.204147121882007,1.2429631013654441e-11
IDE,Second,Control - sPTD,100.43021294539346,14.033299561228521,369,7.156564463489688,1.3483987679814534e-11
FETUB,Second,PPROM - sPTD,320.99999999999807,44.89030814844475,369,7.150764012100445,1.399397404912928e-11
FGF23,Third,Control - sPTD,87.23933002481479,12.18746457072848,323,7.158119682607639,1.661668587243884e-11
FGF23,Second,PPROM - sPTD,316.2903225806429,44.50711886338834,369,7.1065108382206255,1.8562428664170192e-11
SHBG,Third,Control - sPTD,87.00192307692404,12.191065224001155,323,7.136531671214344,1.903222976066564e-11
RASA1,Second,Control - sPTD,-98.34166139574361,13.940407969988145,369,-7.054432094631678,2.5841567853934536e-11
GFAP,Second,PPROM - sPTD,315.9677419354822,45.09644855284672,369,7.006488361610389,3.498773219031125e-11
DLL4,Third,PPROM - sPTD,258.91129032257913,36.90016100710256,323,7.016535517900417,4.0260494203267486e-11
HINT1,Second,Control - sPTD,-97.50073792957988,13.965020568894985,369,-6.98178262241506,4.087647496043675e-11
C6,Second,Control - sPTD,97.01655070630345,13.93146730299656,369,6.963842974776668,4.575305959677058e-11
HRG,Third,Control - sPTD,-85.4522332506184,12.237976439098933,323,-6.982545985103249,4.9698972588918276e-11
CSK,Second,PPROM - sPTD,316.5645161290296,45.590374416248466,369,6.943670022069519,5.192186872065259e-11
GFAP,Third,PPROM - sPTD,272.7580645161268,39.11729676612947,323,6.9728249921477214,5.277765685389967e-11
SSRP1,Second,PPROM - sPTD,-316.419354838707,45.612712140337045,369,-6.937087052950869,5.410660309472247e-11
BPI,Second,Control - sPTD,96.52224330592395,13.946449734107617,369,6.920918595495161,5.986344066735134e-11
DBNL,Second,Control - sPTD,97.2290744254694,14.088933867908665,369,6.901095238081482,6.77480580492654e-11
ENPP7,Second,Control - sPTD,-97.08486190175003,14.07308641036868,369,-6.8986190428149765,6.880201119936578e-11
ZAP70,Third,Control - sPTD,85.8955334987595,12.406789374570243,323,6.923268454513828,7.16344178185956e-11
TEC,Second,Control - sPTD,95.67900063251102,14.067536640190239,369,6.801404046758333,1.2572182922627706e-10
TBP,Second,PPROM - sPTD,-310.85483870967516,45.74881907399384,369,-6.794816675090576,1.3093387810822377e-10
FCRL3,Second,Control - sPTD,94.70493358634053,13.947010229862377,369,6.790339436588701,1.345969173397963e-10
CRP,Third,Control - sPTD,83.6966501240702,12.358204959470946,323,6.772557211873046,1.796754727586104e-10
TBP,Third,PPROM - sPTD,-268.75806451612715,39.8083090862632,323,-6.751305711924059,2.0431501284328697e-10
PAK3,Second,Control - sPTD,-93.72728231077598,14.090618092255133,369,-6.651750952095771,3.1409458547523155e-10
LRP8,Third,PPROM - sPTD,243.604838709676,36.47918093606546,323,6.677914154285025,3.177456263286521e-10
MICA,Second,PPROM - sPTD,286.8790322580632,43.55241829139739,369,6.586982847625903,4.6463765293606356e-10
MIA,Third,Control - sPTD,82.26439205955191,12.447472501063347,323,6.608923382037946,4.797187677757804e-10
ACE2,Third,Control - sPTD,81.2926799007425,12.342622395597987,323,6.586337756693881,5.486116261595363e-10
PSME3,Third,Control - sPTD,81.41923076922903,12.373301110542132,323,6.580235140310238,5.688359591793636e-10
RSPO2,Third,Control - sPTD,-81.29081885855915,12.391889339809635,323,-6.560002000454269,6.412655168590646e-10
ADAM12,Third,Control - sPTD,-81.55024813895727,12.568157266694808,323,-6.488640013684638,9.765461170539276e-10
MATN3,Second,Control - sPTD,91.91176470588334,14.23375761345669,369,6.457308547884034,1.0088593224440646e-9
MAPKAPK3,Third,Control - sPTD,-79.50124069478703,12.34862852755446,323,-6.4380623740838665,1.3130127589692228e-9
IDE,Third,Control - sPTD,-79.4266749379633,12.357406450019988,323,-6.427455086081984,1.3968225865549802e-9
CHST2,Second,PPROM - sPTD,-301.21774193548043,47.112594526310346,369,-6.393571505964575,1.470554273246785e-9
GCKR,Second,PPROM - sPTD,-303.2096774193519,47.5018350178638,369,-6.3831150376680235,1.5639097697103357e-9
EDA,Second,Control - sPTD,-90.56567573265875,14.20413806472584,369,-6.376006436995077,1.6306659631082483e-9
BTK,Second,Control - sPTD,-88.24657389837921,14.044978598855625,369,-6.283140503010056,2.806117440996575e-9
TBK1,Second,Control - sPTD,-89.47259118701365,14.27041884951856,369,-6.269794329830212,3.0322768373502843e-9
LBP,Third,Control - sPTD,77.48833746898077,12.391422922576561,323,6.253384938367397,3.814848724760219e-9
ARSB,Third,PPROM - sPTD,-241.66935483870807,39.15071874431281,323,-6.172794844891932,6.032433736622847e-9
STAB2,Third,Control - sPTD,-76.01476426798817,12.422864289438115,323,-6.118940245738313,8.173648739834492e-9
FST,Third,PPROM - sPTD,-251.17741935483798,41.738767752953514,323,-6.017844629279076,1.4379030888867804e-8
FGF7,Second,Control - sPTD,-85.24857685009484,14.270261545045626,369,-5.973862257604632,1.6370153045006162e-8
CD48,Second,PPROM - sPTD,267.0645161290311,44.94184370801414,369,5.942446817806175,1.950672941870274e-8
GPNMB,Third,Control - sPTD,74.47320099255674,12.498082452639517,323,5.95877017732656,1.9936892788689742e-8
PDK1,Third,PPROM - sPTD,249.94354838709546,42.00875812050151,323,5.949796175124626,2.094718208714852e-8
LCK,Third,PPROM - sPTD,-247.12096774193412,41.68952085159914,323,-5.927651906137342,2.365898699964326e-8
OSM,Second,Control - sPTD,-84.32405650432386,14.30914040394771,369,-5.893020413795082,2.5664496719018625e-8
TNFSF18,Second,Control - sPTD,-84.12903225806433,14.277369969936677,369,-5.89247406456593,2.5742188805084508e-8
FST,Second,Control - sPTD,-82.25458570524904,14.171260164292638,369,-5.8043240157643945,4.180248273259587e-8
PSME1,Second,Control - sPTD,-82.48872021927276,14.252431654875803,369,-5.787694494297266,4.5776848045610466e-8
PAK6,Second,PPROM - sPTD,286.4032258064493,49.52875210324943,369,5.782564947515794,4.707549426800793e-8
CBX5,Second,Control - sPTD,-82.83681214421283,14.361493148148089,369,-5.76798048014211,5.0967255136631246e-8
RBM39,Third,PPROM - sPTD,247.85483870967573,42.85762876562066,323,5.783214000595824,5.1902245264883706e-8
SPINT2,Second,PPROM - sPTD,-268.71774193548185,46.65269685328746,369,-5.759961589799202,5.3238907750653784e-8
TFPI,Second,PPROM - sPTD,-277.8387096774169,48.259454452231,369,-5.757187121798734,5.404763395529471e-8
JAK2,Third,Control - PPROM,193.9999999999978,34.156623930409026,323,5.679718241335998,9.03070971257514e-8
FYN,Third,Control - PPROM,-193.99999999999764,34.15662393040903,323,-5.6797182413359915,9.030709712575498e-8
CDON,Third,Control - PPROM,193.99999999999744,34.15662393040903,323,5.679718241335986,9.030709712575752e-8
PCSK7,Third,Control - PPROM,193.99615384615126,34.16032790939374,323,5.678989802460423,9.065736685688571e-8
PDPK1,Third,Control - PPROM,-193.9923076923054,34.16403102729778,323,-5.6782616646525534,9.100881502306354e-8
LYVE1,Third,Control - PPROM,193.9615384615368,34.1936250051836,323,5.672447376729818,9.386322295943936e-8
NACA,Third,Control - PPROM,-193.95384615384387,34.20101490840323,323,-5.670996801506881,9.458884281413486e-8
DKK1,Second,PPROM - sPTD,-279.2177419354815,49.438794420334574,369,-5.647745767454172,9.751588784955532e-8
PIM1,Third,PPROM - sPTD,-244.45161290322454,43.27335211313226,323,-5.649010325433982,1.0628006748956989e-7
SHC1,Third,Control - PPROM,-193.8307692307671,34.31878810626711,323,-5.64794912426907,1.0687862360850624e-7
MBD4,Second,PPROM - sPTD,-256.6048387096755,45.584920361451836,369,-5.629160623184269,1.0769995133687583e-7
PPIB,Third,PPROM - sPTD,241.90322580644988,42.85836147189997,323,5.644248111656192,1.0899194296066966e-7
PDE5A,Third,Control - sPTD,-71.28325062034608,12.672491210002143,323,-5.625038474209684,1.2063194280447538e-7
SIRT2,Third,Control - PPROM,-193.6999999999975,34.44296950288378,323,-5.6237892027219,1.2142950609228075e-7
XPNPEP1,Third,Control - PPROM,-193.68846153845925,34.45387990831523,323,-5.621673438633938,1.227919895902481e-7
ESAM,Third,Control - sPTD,-70.37258064515932,12.518960669698618,323,-5.621279793257268,1.230471223795006e-7
ABL2,Third,Control - sPTD,71.05260545905588,12.691605503872138,323,5.598393791658442,1.3880202730616828e-7
AIF1,Third,Control - PPROM,-193.47692307691932,34.652572670772884,323,-5.583335035903528,1.502225979348711e-7
MDM2,Third,Control - PPROM,-193.43846153845908,34.688429272337395,323,-5.57645490430777,1.5574023390734682e-7
DSC3,Third,Control - PPROM,193.4230769230748,34.70274887290566,323,5.57371053317597,1.5799575234202773e-7
BTK,Third,Control - PPROM,-193.3230769230748,34.795506680978825,323,-5.555978209932377,1.7335518690791256e-7
CHST2,Third,Control - PPROM,-193.2769230769203,34.83813193973176,323,-5.547855534024608,1.8086736348851463e-7
MRC2,Third,Control - PPROM,193.24230769230496,34.87002414577131,323,5.54178875484775,1.8668394692242335e-7
HTRA2,Second,Control - sPTD,78.53700189753569,14.226361209974598,369,5.520526348119901,1.914845444422375e-7
MATK,Third,Control - PPROM,190.22692307692043,34.42780095777549,323,5.525386977525145,2.033358172413698e-7
FCRL3,Third,Control - PPROM,192.97307692307527,35.115849889276866,323,5.495326968634822,2.376843384418231e-7
TLR2,Third,Control - sPTD,-69.55037220843529,12.664459113925728,323,-5.491775967909937,2.4209698721546597e-7
PTH,Third,Control - PPROM,192.93846153845945,35.14717253233317,323,5.489444744409192,2.4503710760323316e-7
AREG,Second,Control - sPTD,-78.79179843980621,14.418548862210107,369,-5.4646136163059635,2.566028366993004e-7
DKK3,Second,Control - sPTD,-77.89521399957772,14.26829797315399,369,-5.459320666426977,2.6378056986895707e-7
FCAR,Third,Control - PPROM,192.83846153845974,35.237301061799776,323,5.472566165049257,2.673851200319301e-7
ALCAM,Second,Control - sPTD,-78.11026776302121,14.33574179807037,369,-5.4486380170110955,2.788665759628438e-7
GPC5,Second,PPROM - sPTD,228.74999999999886,42.41982232306706,369,5.3925261227605175,3.7294900158728515e-7
GNS,Third,Control - sPTD,69.11116625310169,12.784743300722504,323,5.405753140870338,3.769613723952724e-7
TF,Third,Control - PPROM,192.13076923076648,35.64397895013283,323,5.39027277228404,4.079941999480758e-7
C9,Third,PPROM - sPTD,214.44354838709557,39.820039194394234,323,5.385317360945351,4.184425872481182e-7
CAMK2D,Third,Control - PPROM,-185.81923076922828,34.587797923893966,323,-5.372392633324035,4.469325612987973e-7
PCNA,Third,Control - PPROM,192.14999999999776,35.84361746367771,323,5.360787040948471,4.7411423431413276e-7
RELT,Third,Control - PPROM,192.14999999999714,35.843617463677724,323,5.360787040948451,4.741142343141798e-7
NANOG,Third,Control - sPTD,67.8021091811398,12.651756564616862,323,5.359106368736322,4.78181359681873e-7
TEC,Third,Control - PPROM,-191.31923076922862,35.70031936721672,323,-5.359034153204672,4.783568742465768e-7
ETHE1,Third,Control - PPROM,192.1038461538437,35.88339659968393,323,5.353558034011079,4.918500670024807e-7
CAMK2B,Second,Control - PPROM,217.0000000000009,40.65040559408041,369,5.338200119498952,4.930526949416682e-7
CAMK2D,Second,Control - PPROM,217.00000000000068,40.65040559408042,369,5.3382001194989455,4.93052694941682e-7
SHBG,Second,Control - sPTD,75.97807294960904,14.235976096716831,369,5.337046959999565,4.959710689665697e-7
WNT7A,Third,Control - sPTD,67.21650124069289,12.572540671462912,323,5.346294197580968,5.103198587443909e-7
PCSK7,Second,Control - PPROM,216.74346405228874,40.65717337093674,369,5.331001790872778,5.11546468541608e-7
CNTF,Third,Control - PPROM,190.4153846153823,35.61960388498668,323,5.345802980578359,5.115929101605496e-7
CRK,Third,Control - PPROM,-191.43461538461327,35.81635996218376,323,-5.344893104344971,5.139591237773875e-7
CAMK2A,Second,Control - PPROM,216.9313725490202,40.715523054300455,369,5.327977053363864,5.195169182007026e-7
DMP1,Third,Control - PPROM,191.30384615384457,35.92904490769026,323,5.324490162356024,5.698987559335837e-7
AURKB,Second,Control - sPTD,-76.61416824794445,14.436633647784193,369,-5.306927509357666,5.784200776614477e-7
C3,Second,Control - sPTD,-75.91819523508259,14.321361474123224,369,-5.301045949594706,5.960051067984622e-7
CAMK2A,Third,Control - PPROM,-183.56923076922828,34.59298335683087,323,-5.3065452284265024,6.239515563771137e-7
LIN7B,Second,Control - PPROM,215.62908496732086,40.767742123599106,369,5.289208421540232,6.329842210862474e-7
CFC1,Second,PPROM - sPTD,251.83064516128806,47.623094372331664,369,5.287994165024229,6.369009604900548e-7
NXPH1,Third,Control - PPROM,191.31153846153694,36.13467906091916,323,5.294402591455326,6.633166595129992e-7
BDNF,Third,Control - PPROM,-191.63461538461286,36.28180588484724,323,-5.281837844368361,7.065853442527078e-7
BMPER,Second,PPROM - sPTD,-258.21774193548157,49.02955073716108,369,-5.266573689808869,7.099883806714207e-7
PTN,Second,Control - PPROM,216.45751633987,41.158439700913625,369,5.2591283321914934,7.372488031203367e-7
TNFSF15,Third,Control - sPTD,66.35372208436533,12.587521962266486,323,5.271388783532879,7.446437702140434e-7
PA2G4,Second,Control - PPROM,-215.3937908496739,40.988567847125466,369,-5.254972353584671,7.529042062201551e-7
PDPK1,Second,Control - PPROM,214.60457516339955,41.02676041529129,369,5.23084379539295,8.503681156666302e-7
LSAMP,Third,Control - PPROM,191.37692307692032,36.496031138969094,323,5.243773558505523,8.550536099119432e-7
SHBG,Third,PPROM - sPTD,233.24999999999903,44.49819194663147,323,5.241786009637098,8.635856987831318e-7
FGF23,Third,PPROM - sPTD,232.93548387096573,44.485049324759046,323,5.2362644845112225,8.87724061850093e-7
DSC3,Second,Control - PPROM,216.17973856209224,41.41273599349815,369,5.220126933802025,8.97482314286223e-7
PPID,Second,PPROM - sPTD,255.91129032257854,49.08073436572605,369,5.214088453030278,9.2513372163247e-7
EPHA3,Third,Control - PPROM,191.26153846153636,36.59092215397084,323,5.227021545309174,9.296035278861621e-7
CD70,Third,Control - PPROM,189.41153846153676,36.26735474293172,323,5.222645539056081,9.500934890848617e-7
CSK,Third,Control - PPROM,-191.22307692307476,36.62241212328421,323,-5.221476845363138,9.55639412079919e-7
COMMD7,Third,Control - PPROM,-189.18076923076757,36.25206783429434,323,-5.218482159293633,9.699941019757374e-7
PRKACA,Third,Control - PPROM,-191.19999999999757,36.64127254966634,323,-5.218159378630497,9.715537424424945e-7
LCK,Second,Control - sPTD,-74.51201771030931,14.343024619886382,369,-5.195000335354619,1.0180821960089299e-6
C9,Second,PPROM - sPTD,253.12096774193475,48.79637179574089,369,5.18729074369476,1.0581360064741e-6
FYN,Second,Control - PPROM,215.8888888888895,41.67486286592499,369,5.180314320012046,1.0956938969365665e-6
MICB,Third,Control - PPROM,187.71153846153595,36.231282816566875,323,5.180924435159779,1.1687687497935705e-6
PIGR,Third,Control - sPTD,66.38548387096725,12.839728110483085,323,5.170318506726506,1.2317081215146925e-6
PARK7,Third,Control - PPROM,177.7769230769211,34.40721890499621,323,5.16684953723785,1.2529982169814638e-6
PA2G4,Third,Control - PPROM,-176.49999999999767,34.194750796445824,323,-5.161610945804669,1.285826552830978e-6
CHST6,Third,Control - PPROM,184.00769230769015,35.77642636222065,323,5.143266419197179,1.4074857394899824e-6
CAMK2B,Third,Control - PPROM,-187.34615384615142,36.53584982484232,323,-5.127734943741929,1.5191451124678844e-6
MAPK14,Third,Control - PPROM,-190.43076923076683,37.255812331262476,323,-5.111437848611091,1.6455240222110358e-6
PTN,Third,Control - PPROM,176.56923076922868,34.60598030620294,323,5.102275075200791,1.7209902102097406e-6
CHL1,Third,Control - PPROM,190.34230769230538,37.3247571329612,323,5.099626154679398,1.7434246698654192e-6
JAG2,Third,Control - PPROM,190.30769230768948,37.35164037018484,323,5.095029038124885,1.783032972634913e-6
DHH,Second,Control - sPTD,-73.737929580435,14.51446859201672,369,-5.080305152955617,1.7990256920485573e-6
BMX,Third,Control - PPROM,-189.47307692307484,37.226705638852614,323,-5.089708414201614,1.8299633062696944e-6
BMP10,Third,PPROM - sPTD,186.84677419354696,36.72760129986843,323,5.087366655611574,1.8509957319669157e-6
DKK1,Third,PPROM - sPTD,-197.39516129032097,38.87145557309077,323,-5.078152036760109,1.936052337609212e-6
ETHE1,Second,Control - sPTD,73.49905123339767,14.515798869608522,369,5.0633831381668815,1.9549762530847063e-6
KLRF1,Third,Control - PPROM,189.76153846153682,37.5805093235996,323,5.049466914552204,2.225761818404489e-6
ADAM12,Second,PPROM - sPTD,-240.81451612903123,47.82203992982723,369,-5.035638723952302,2.2393711369132227e-6
ERP29,Second,Control - PPROM,214.73529411764753,42.67435751850382,369,5.03195142479971,2.2800566096780855e-6
CAMK1,Second,PPROM - sPTD,-214.71370967741836,42.677601935835824,369,-5.031063132371692,2.2899643316350447e-6
DAPK2,Third,Control - PPROM,-181.8961538461515,36.09288860701423,323,-5.039667393393448,2.3340279124029823e-6
IL24,Second,Control - PPROM,213.89379084967362,42.753106523396355,369,5.002999974577793,2.625317409002721e-6
JAG1,Second,Control - sPTD,-71.90965633565473,14.376763565570037,369,-5.001797240921902,2.6407032604781395e-6
NMT1,Third,Control - PPROM,-187.84999999999843,37.52090264415111,323,-5.006542667205293,2.7390346079069574e-6
HIPK3,Third,Control - sPTD,-63.24143920595641,12.63622905922239,323,-5.004771511307834,2.7625045320029817e-6
ROBO3,Third,Control - PPROM,189.599999999998,37.88971707351905,323,5.003996193270828,2.772839524343002e-6
FER,Second,Control - PPROM,203.4150326797397,40.75485542489363,369,4.991185235698101,2.780287797777802e-6
ERP29,Third,Control - PPROM,188.69999999999845,37.81919961177424,323,4.989529179280953,2.9726863466530117e-6
C5,Third,Control - sPTD,-63.925930521092056,12.813337472283978,323,-4.989014818299112,2.9800422061805165e-6
LRP8,Second,PPROM - sPTD,238.66129032257933,48.07603155098396,369,4.9642468944110405,3.1674063627174737e-6
FSTL3,Third,Control - PPROM,188.71923076922803,37.98997587687434,323,4.967605964817346,3.3023198394580375e-6
TSLP,Second,Control - sPTD,71.01380982500773,14.340140266866074,369,4.952100084340893,3.358542421199738e-6
CDON,Second,Control - PPROM,210.98202614379127,42.687279034756706,369,4.942503502554148,3.517383231245067e-6
PPIE,Second,Control - PPROM,-209.57189542483735,42.403299550421956,369,-4.942348771128871,3.5200028365999974e-6
GCKR,Third,Control - sPTD,-62.6022332506214,12.646079438380431,323,-4.950327376611735,3.5867538322245327e-6
CRTAM,Third,Control - sPTD,62.922084367244,12.720478463492695,323,4.946518682282908,3.652563618502203e-6
FGR,Second,Control - PPROM,213.89542483660165,43.36349469182912,369,4.932615010775537,3.68863867870457e-6
FER,Third,Control - PPROM,-185.56538461538247,37.55608265395835,323,-4.941020774855073,3.7496231482277246e-6
PCNA,Second,Control - PPROM,208.9967320261448,42.468729254925336,369,4.921191090310438,3.896519243840483e-6
SBDS,Third,Control - sPTD,63.500620347394374,12.880024639840467,323,4.930162955665036,3.9486802733035435e-6
HDAC8,Third,Control - PPROM,-188.92307692307497,38.38438977505461,323,-4.9218726161918305,4.1075039222598076e-6
LRIG3,Third,Control - PPROM,169.68076923076714,34.508328678185634,323,4.91709612520384,4.2017944917203894e-06
KYNU,Third,Control - PPROM,-173.7423076923055,35.37104884982835,323,-4.9119919635390925,4.3048640309414765e-6
MAPK14,Second,Control - sPTD,70.0619860847554,14.317976114653115,369,4.893288375656214,4.452935943485087e-6
AIF1,Second,Control - PPROM,-213.4738562091512,43.697723510528135,369,-4.885239757574985,4.627201698761784e-6
BMX,Second,Control - PPROM,-212.95424836601336,43.714660965450406,369,-4.871460596121753,4.9409354952648165e-6
IL22RA1,Second,Control - PPROM,-209.0898692810468,43.01726080967772,369,-4.860603984203643,5.2024895090531705e-6
RPS6KA3,Third,Control - PPROM,-188.29999999999697,38.82307562787416,323,-4.85020820619378,5.76326049167141e-6
SGTA,Third,Control - PPROM,-169.4692307692292,34.94178284107479,323,-4.850045332260912,5.767672563833081e-6
JAG2,Second,Control - PPROM,213.00000000000244,44.06437979938174,369,4.83383633151671,5.905707578158176e-6
C6,Second,PPROM - sPTD,249.23387096774104,51.603081444259914,369,4.8298253513592195,6.018680156781327e-6
RPS6KA3,Second,Control - PPROM,212.54575163398727,44.407105395570504,369,4.786300519717914,7.386608644242919e-6
HTRA2,Third,Control - PPROM,-187.79999999999822,39.16394735678299,323,-4.795226545709066,7.453420955729225e-6
BPI,Second,PPROM - sPTD,246.54838709677207,51.65857736554668,369,4.772651506682911,7.874131051448666e-6
NCK1,Third,Control - PPROM,185.20769230768963,39.070082751311595,323,4.740396724690124,9.610044809950561e-6
SHBG,Second,PPROM - sPTD,249.1774193548368,52.7310022684692,369,4.725444399600078,9.810926580362272e-6
ERBB3,Third,Control - PPROM,187.2346153846137,39.537772177826945,323,4.735588402464825,9.825533202061024e-6
MDM2,Second,Control - sPTD,67.7000843348082,14.373293554926839,369,4.710130220056776,1.0532401046937018e-5
GP1BA,Third,Control - PPROM,186.999999999998,39.68935395677844,323,4.711590926968484,1.0972481516783864e-5
BCAM,Third,PPROM - sPTD,201.7822580645163,42.833205026063354,323,4.710883949537161,1.100815426302359e-5
LYN,Third,Control - PPROM,-186.93846153845902,39.72877396195693,323,-4.705366989614772,1.1290392313524915e-5
CNTF,Second,PPROM - sPTD,223.33064516128823,47.58513884773758,369,4.693285562870779,1.1384939549152888e-5
NCAM1,Third,Control - sPTD,60.61439205955238,12.889512830680163,323,4.7026131131407425,1.143387074677785e-5
RET,Third,Control - PPROM,186.78076923076713,39.82914908752121,323,4.689549576375134,1.2138749693620929e-5
PYY,Second,PPROM - sPTD,211.4112903225803,45.18509666883448,369,4.678783623548093,1.2171775399729104e-5
SBDS,Second,PPROM - sPTD,236.9354838709657,50.88265784704906,369,4.6565076176480975,1.3483212057328802e-5
CKAP2,Third,Control - sPTD,-60.002233250619305,12.887419822427365,323,-4.6558763567397925,1.415392942770722e-5
HIPK3,Third,PPROM - sPTD,-214.06451612903135,46.12306929929905,323,-4.641159389023674,1.5132449054544441e-5
FST,Second,PPROM - sPTD,-243.02419354838423,52.49129015064304,369,-4.6298003507046035,1.5235105694853296e-5
PPIE,Third,Control - PPROM,-159.54615384615224,34.40069323329807,323,-4.6378761254648175,1.5359465571873344e-5
EDA,Third,Control - PPROM,179.08846153846008,38.66106101432069,323,4.632269700826958,1.5754707850299587e-5
PYY,Third,Control - PPROM,185.08461538461387,39.96020229908139,323,4.631723683462649,1.579371966032204e-5
GCKR,Third,PPROM - sPTD,-213.54838709677222,46.15902383276004,323,-4.6263627209813825,1.6181717002974005e-5
NCK1,Second,Control - PPROM,210.663398692812,45.740098285017076,369,4.605661259845134,1.7005223835254e-5
MAPK14,Second,PPROM - sPTD,244.25806451612627,53.034735788562,369,4.605624236348235,1.7008084840705954e-5
C6,Third,Control - sPTD,59.69069478908176,12.935128917601448,323,4.614619241085242,1.7063940804043298e-5
METAP1,Third,Control - PPROM,-184.84615384615222,40.108646336035356,323,-4.608636060601187,1.753103145197858e-5
LYVE1,Second,Control - PPROM,187.2173202614388,40.716217142352704,369,4.59810201932283,1.7599063157990064e-5
EPHB2,Second,Control - sPTD,66.8872021927062,14.592752727002269,369,4.583590460553673,1.8795382734677524e-5
C3,Third,Control - PPROM,183.1846153846132,39.906951126932384,323,4.590293425372344,1.9040859862294435e-5
ERBB4,Second,Control - sPTD,65.73645372127596,14.373458575407016,369,4.573461103770183,1.9676333393560642e-5
UFC1,Third,Control - sPTD,-58.30049627791391,12.735060818792535,323,-4.577951931873194,2.0126242057978472e-5
ASAH2,Third,Control - PPROM,185.44615384615125,40.64275191382045,323,4.5628345796902305,2.15369078950935e-5
C5,Second,PPROM - sPTD,-196.77419354838733,43.55866487193409,369,-4.517452362851777,2.530996951602928e-5
UFM1,Third,Control - PPROM,-184.9538461538442,40.927129495236464,323,-4.519101350007239,2.61731361429815e-5
GPNMB,Third,PPROM - sPTD,205.66935483871032,45.6188250758822,323,4.508431650674926,2.744190805660918e-5
HINT1,Second,PPROM - sPTD,-231.6935483870944,51.7273649727081,369,-4.479129151646103,3.00246213157733e-5
CKAP2,Second,PPROM - sPTD,-197.87096774193503,44.25351903010085,369,-4.471304702510663,3.108570111780094e-5
PTK6,Second,Control - sPTD,64.49757537423491,14.43511796166981,369,4.468101718704212,3.153035242197516e-5
LY86,Second,PPROM - sPTD,-194.5564516129024,43.736891043233584,369,-4.448337478322015,3.441201054279158e-5
CD70,Second,Control - PPROM,207.95424836601285,46.84025362721865,369,4.439648214141428,3.5757308320985276e-5
GOT1,Third,Control - PPROM,-164.16153846153668,36.94717165541066,323,-4.443142224595596,3.659023547747647e-5
FGR,Third,Control - sPTD,56.54975186104042,12.734050206982976,323,4.440829974899126,3.6962688842418595e-5
PRL,Third,Control - PPROM,184.02307692307483,41.44249558966317,323,4.440443904371795,3.7025229489381815e-5
ERBB4,Third,Control - PPROM,183.88461538461337,41.51672292026497,323,4.429169800751696,3.889694351951397e-5
FSTL3,Second,Control - PPROM,202.18790849673286,45.92082348034455,369,4.40296782968788,4.201236480152474e-5
CAPG,Third,Control - PPROM,166.842307692306,37.96968326319843,323,4.394092690628671,4.531818546669699e-5
MDM2,Second,PPROM - sPTD,232.94354838709592,53.239635266387864,369,4.375378366541172,4.739413614316376e-5
ESAM,Second,Control - PPROM,-207.81699346405284,47.50879868611551,369,-4.37428432651124,4.7620600677796065e-5
CRP,Third,PPROM - sPTD,197.6774193548382,45.10826300229287,323,4.382288436705935,4.769883704752521e-5
ACE2,Second,Control - PPROM,202.99019607843223,46.52912856944933,369,4.362647707348511,5.0094346068885176e-5
PDE4D,Second,PPROM - sPTD,-232.3064516129018,53.664580063405324,369,-4.328859954525481,5.7993300603315066e-5
ASGR1,Third,Control - PPROM,182.02307692307517,41.97062071422474,323,4.336916486474161,5.801300275854612e-5
GP1BA,Second,Control - PPROM,207.09803921568772,47.911886470307,369,4.322477248814551,5.9613521080860935e-5
UBE2N,Second,PPROM - sPTD,-184.66129032258098,42.74288759194858,369,-4.320281121048204,6.018093891592109e-5
ECM1,Second,Control - sPTD,-62.428209993673974,14.453604708829646,369,-4.3192138744141,6.045854645606018e-5
TGM3,Third,Control - sPTD,55.17146401984924,12.752755204419346,323,4.326238772365841,6.073368435979255e-5
MATK,Second,Control - PPROM,198.89379084967385,46.12515958271591,369,4.312045587462935,6.235510605546939e-5
EPHB2,Third,Control - PPROM,170.3769230769201,39.51484165253626,323,4.311719747609932,6.462954617131622e-5
DKK3,Second,PPROM - sPTD,-227.01612903225657,52.85072464845561,369,-4.295421312428313,6.697482241276595e-5
MATN2,Third,Control - PPROM,174.7538461538444,40.6611977012283,323,4.297803705584536,6.858712376712342e-5
RASA1,Third,PPROM - sPTD,184.84677419354693,43.11973969309664,323,4.286824909175888,7.187181997450848e-5
SHC1,Second,Control - PPROM,206.33986928104653,48.31887477521193,369,4.27037819570461,7.455638708751232e-5
BCAM,Second,Control - PPROM,-204.17320261437902,47.88428018043909,369,-4.263887894837449,7.665114627514237e-5
ALCAM,Third,Control - PPROM,181.66923076922825,42.6219406452862,323,4.262340663489241,7.97471991951034e-5
ERBB2,Second,Control - sPTD,-62.09624710099229,14.630409556802409,369,-4.244327327946922,8.33097186334084e-5
ABL2,Second,PPROM - sPTD,-207.0564516129026,48.83059611734334,369,-4.240301533803344,8.474701769632716e-5
RAN,Second,PPROM - sPTD,204.74193548386955,48.35581856997916,369,4.234070305056937,8.701847465935136e-5
PLCG1,Second,PPROM - sPTD,-217.47580645161167,51.42166405406251,369,-4.22926426929644,8.880997960316632e-5
CCL28,Second,PPROM - sPTD,-217.40322580644943,51.490709442844526,369,-4.222183538717219,9.151366008604533e-5
ING1,Third,Control - PPROM,-150.4807692307681,35.61850254143224,323,-4.224792130318378,9.34462206600016e-5
AMHR2,Third,Control - sPTD,-54.75409429280302,12.962661851658918,323,-4.223985391225473,9.376387133414052e-5
IL22RA1,Third,Control - PPROM,-179.22307692307447,42.612206397005636,323,-4.205909340936368,1.0115752095173242e-4
SPHK2,Second,Control - PPROM,200.91503267973866,48.03910356511337,369,4.182322686505037,1.0826087745981257e-4
RAC1,Second,Control - PPROM,-191.19934640522962,45.778774616950166,369,-4.176593803680269,1.1089566551383497e-4
BMPER,Third,Control - PPROM,180.49999999999733,43.14520858725741,323,4.183546815747846,1.1107583697481475e-4
MICB,Second,Control - PPROM,186.3039215686286,44.65386811753223,369,4.172178792624709,1.1296777594307607e-4
BMPR1A,Third,Control - sPTD,54.370595533498644,13.012445703414055,323,4.178353306729535,1.1350854962288148e-4
CD22,Third,Control - PPROM,-179.11538461538288,42.88742334763051,323,-4.176408154986043,1.1443269887770223e-4
CAMK1D,Third,Control - PPROM,162.1423076923063,38.849542256424556,323,4.173596348242502,1.1578129134106676e-4
C7,Second,PPROM - sPTD,224.51612903225345,53.994645191328694,369,4.158118425200982,1.1981548605806301e-4
ECM1,Second,PPROM - sPTD,-222.2419354838705,53.53711312177773,369,-4.15117518530276,1.2334115973996196e-4
CHST6,Second,Control - PPROM,192.46895424836646,46.41960408970076,369,4.146285993229099,1.2588288894681106e-4
PTK6,Second,PPROM - sPTD,221.4354838709672,53.468636980781234,369,4.1414088028943015,1.2846804272368593e-4
CBX5,Third,Control - PPROM,173.94230769230586,41.92953356740829,323,4.148443659948336,1.2853803526893782e-4
NCAM1,Second,Control - sPTD,60.712734556188956,14.676310251345146,369,4.13678462204929,1.3096573019410768e-4
ROBO3,Second,Control - PPROM,203.98692810457476,49.46851568453376,369,4.123570826450952,1.383604140350888e-4
ING1,Second,Control - PPROM,202.22712418300802,49.25452181711947,369,4.105757537021091,1.4896020812764395e-4
PCSK9,Second,Control - sPTD,-59.7992831541237,14.575247428405783,369,-4.102797118735737,1.5079505054599467e-4
EPHA3,Second,Control - PPROM,203.24183006535876,49.79815481883763,369,4.081312466390351,1.6477019263091508e-4
IDS,Third,PPROM - sPTD,192.6129032258074,47.133087831669116,323,4.086575102265827,1.6586041232018376e-4
PDE9A,Third,Control - PPROM,177.11538461538112,43.43066966541123,323,4.078117744438976,1.7170082162644632e-4
C2,Third,PPROM - sPTD,-191.80645161290306,47.22094928590235,323,-4.0618931748194695,1.8345719071049326e-4
RAC1,Third,Control - PPROM,-149.74615384615248,36.88997696205166,323,-4.05926395671634,1.8543299110611268e-4
C3,Second,PPROM - sPTD,-214.75806451612664,53.04727538519275,369,-4.048427802496954,1.885703259026361e-4
PTK6,Third,Control - PPROM,175.4846153846105,43.288859343289516,323,4.05380548359987,1.8959973050587594e-4
MAPKAPK3,Third,Control - PPROM,-178.30769230768982,44.0208681345613,323,-4.050526485816811,1.921454113218858e-4
NMT1,Second,Control - sPTD,-58.410499683746835,14.465658843805466,369,-4.037873443196787,1.9687790758074464e-4
ECM1,Third,Control - PPROM,140.18461538461418,34.725906666156845,323,4.036888560817196,2.0308627158767328e-4
PDE5A,Second,PPROM - sPTD,196.56451612903106,48.779662708612456,369,4.029640739896423,2.0359829714154193e-4
HRG,Third,Control - PPROM,-175.40384615384306,43.62641129396191,323,-4.020588468117242,2.169400992341515e-4
OLR1,Second,PPROM - sPTD,216.90322580644855,54.054089697424786,369,4.012707031430818,2.1811270549045296e-4
LCK,Second,PPROM - sPTD,-212.83064516128914,53.12751711787185,369,-4.006034098847317,2.24097881542842e-4
LBP,Third,Control - PPROM,176.90769230768896,44.17342324754105,323,4.004844526454867,2.3117041301489992e-4
AGR2,Third,Control - PPROM,146.17307692307537,36.5347646868641,323,4.000931117961496,2.3484277456101236e-4
SIRT2,Second,Control - PPROM,-164.06862745098132,41.08084288854152,369,-3.993798956270788,2.3547928688714354e-4
SPINT2,Third,PPROM - sPTD,-157.31451612903135,39.37032612496551,323,-3.9957636020006215,2.3977694939371003e-4
IDE,Third,Control - PPROM,-176.01538461538416,44.052160011751404,323,-3.995613031652253,2.3992218643345385e-4
PSME1,Third,Control - PPROM,-139.53076923076728,35.10467448794292,323,-3.9747062539688445,2.609200910438701e-4
PLCG1,Third,Control - sPTD,50.93970223324885,12.822633367541146,323,3.9726396889890174,2.630878626223238e-4
RAD51,Third,PPROM - sPTD,153.91935483870805,38.74832158514887,323,3.9722844381910196,2.634622288902239e-4
STAB2,Third,Control - PPROM,-175.6115384615357,44.285506647045224,323,-3.9654404286521285,2.7077396434969334e-4
BST1,Third,Control - PPROM,159.5038461538437,40.26513008204745,323,3.9613393978568037,2.752470977172548e-4
ESAM,Third,Control - PPROM,-176.54999999999677,44.628074736628406,323,-3.9560299439736686,2.8114251554513855e-4
PPIB,Second,Control - PPROM,-197.14542483660193,49.97740447415487,369,-3.9446911441460104,2.869217370247645e-4
BTK,Second,Control - PPROM,-200.10947712418283,50.75091404087733,369,-3.942972868685766,2.8890176449108366e-4
UFC1,Second,PPROM - sPTD,182.7499999999995,46.44620175994439,369,3.934659736969164,2.986655916887078e-4
TLR2,Second,PPROM - sPTD,-183.50806451612885,46.77834247241391,369,-3.922927893914734,3.129781177036606e-4
WNT7A,Third,Control - PPROM,175.94230769230577,44.81907879728601,323,3.9256118691792445,3.1729470169379994e-4
TNFSF15,Third,Control - PPROM,175.52307692307517,44.87248468163005,323,3.911597010248265,3.3539612365027287e-4
LRIG3,Second,PPROM - sPTD,194.040322580644,49.69213752705399,369,3.904849584604853,3.363120183451732e-4
OMD,Third,Control - PPROM,166.04999999999774,42.5310748206535,323,3.904204177773618,3.4533466056497103e-4
PCSK9,Third,PPROM - sPTD,-144.4354838709666,37.01267299540877,323,-3.9023251276362307,3.4790487766129293e-4
PIGR,Second,Control - sPTD,57.24425469112386,14.70490671570799,369,3.8928675848024747,3.526751747204731e-4
XPNPEP1,Second,PPROM - sPTD,211.53225806451442,54.4071792097983,369,3.8879475307629834,3.5961016935373395e-4
TNFSF15,Second,Control - sPTD,56.16350411132426,14.493070339301417,369,3.8751970974034067,3.7818810625892636e-4
FCRL3,Second,Control - PPROM,195.1323529411756,50.39690963720339,369,3.8719110823638156,3.8312115428041515e-4
FGF7,Third,PPROM - sPTD,-144.56451612903106,37.51814437063395,323,-3.853189398199129,4.219147044241953e-4
CPNE1,Second,Control - PPROM,160.58333333333394,41.758437581645026,369,3.845530212172463,4.2499054066715225e-4
PDE4D,Second,Control - sPTD,-55.68880455407857,14.48801741209845,369,-3.8437836572155653,4.27910015935277e-4
NANOG,Second,Control - sPTD,56.262913767657274,14.653833792413705,369,3.839467170480984,4.3520685555539627e-4
ACE2,Third,Control - PPROM,169.03461538461298,43.99945724328175,323,3.8417431935577513,4.4117836430851215e-4
BOC,Third,Control - PPROM,131.82692307692145,34.32657577842931,323,3.840374988983346,4.43535905580876e-4
FGR,Third,Control - PPROM,173.88846153845964,45.39483423034796,323,3.8305781811228514,4.607681459684329e-4
TGM3,Third,Control - PPROM,173.62307692307425,45.461514527983155,323,3.819122145968172,4.817218110772832e-4
PIM1,Second,Control - PPROM,154.9999999999968,40.650405594080425,369,3.8130000853562978,4.82585284423955e-4
SKP1,Second,PPROM - sPTD,-180.6290322580644,47.37558920387245,369,-3.8127026026158615,4.831445102749481e-4
TFF3,Third,Control - PPROM,165.07307692307472,43.31203270565559,323,3.811252130439028,4.966350166990834e-4
ERBB4,Second,Control - PPROM,197.07516339869215,51.937862026363575,369,3.7944411978039665,5.186701827715244e-4
LY9,Second,Control - PPROM,160.04738562091563,42.23832313309742,369,3.789151030370913,5.294137878878292e-4
TFPI,Third,PPROM - sPTD,-179.2096774193542,47.281650255720486,323,-3.7902585136116747,5.385800140128988e-4
CD48,Third,Control - PPROM,129.43461538461455,34.21321423175882,323,3.7831761291947057,5.534700351697642e-4
PARK7,Second,Control - PPROM,157.0604575163409,41.77419250669453,369,3.759748497620179,5.930585767636313e-4
TEC,Second,PPROM - sPTD,195.55645161290042,52.107091318924105,369,3.7529719403446875,6.087177217320043e-4
MAPKAPK3,Second,Control - PPROM,-156.0457516339843,41.61632251183519,369,-3.749628564359735,6.165864335152269e-4
CD109,Third,Control - sPTD,49.09540942927996,13.078424961127032,323,3.7539237006907267,6.191886955328496e-4
ROR1,Third,Control - PPROM,135.0615384615371,36.191921627999406,323,3.731814515122306,6.736735728839031e-4
HIPK3,Second,Control - PPROM,153.653594771239,41.305144708305846,369,3.7199626307165934,6.907320339786635e-4
HCK,Second,Control - PPROM,-180.41339869281103,48.51714974077718,369,-3.7185490008531787,6.944669144687922e-4
CD27,Third,Control - PPROM,-129.3538461538446,34.776543646717016,323,-3.7195716592167973,7.057582139137001e-4
NR1D1,Second,Control - PPROM,-151.3055555555537,40.7882223513239,369,-3.7095403239764537,7.18718998604677e-4
NMT1,Second,Control - PPROM,-193.3137254901942,52.27102365157366,369,-3.698296149292541,7.501091367383559e-4
IDUA,Second,Control - PPROM,194.3758169934631,52.56419383901151,369,3.6978749752879008,7.513096415583688e-4
SSRP1,Third,Control - PPROM,134.6730769230749,36.53722831372976,323,3.6859138784883734,8.015489330093908e-4
CHL1,Second,PPROM - sPTD,-200.8467741935471,54.5683252649564,369,-3.680647577478986,8.019939132959951e-4
HTRA2,Second,Control - PPROM,188.6176470588237,51.40633214925089,369,3.6691520124641355,8.375865427913562e-4
PSME3,Second,Control - PPROM,193.39215686274554,52.747797910420246,369,3.666355080664727,8.464684802979427e-4
PLCG1,Third,Control - PPROM,167.74615384615203,45.71061890402023,323,3.66974147075919,8.518132250201912e-4
TNFSF15,Second,Control - PPROM,191.67156862744972,52.37007388805888,369,3.6599445904381955,8.671610475379584e-4
STK16,Third,PPROM - sPTD,154.63709677419322,42.22030327051088,323,3.6626240172509794,8.748619315418558e-4
ROBO2,Second,PPROM - sPTD,198.85483870967408,54.38732448686145,369,3.656271761588717,8.792301024870938e-4
CNDP1,Second,Control - PPROM,-192.8725490196066,52.83531150791455,369,-3.650447844728141,8.98692084439347e-4
UFC1,Third,Control - PPROM,-165.87307692307547,45.39843689837739,323,-3.6537177985747795,9.045302966101943e-4
GDF2,Third,PPROM - sPTD,-173.1048387096768,47.51578827268649,323,-3.643101482737743,9.411318645010195e-4
PRL,Second,Control - PPROM,155.20588235293891,42.66700988447,369,3.6376086061149313,9.430375404000106e-4
ASGR1,Second,Control - PPROM,192.3529411764698,52.916317002756664,369,3.635040230907401,9.521518538311876e-4
ERBB2,Third,Control - PPROM,143.84999999999906,39.59300810281843,323,3.6332172495314667,9.764576835412682e-4
HRG,Second,Control - sPTD,-52.83807716635259,14.564180529721629,369,-3.627947144607559,9.7775481115741e-4
FETUB,Second,Control - PPROM,-158.64705882352754,43.79218323784177,369,-3.6227254978792014,9.970145986809504e-4
PDE4D,Third,Control - PPROM,168.2846153846118,46.44212423683889,323,3.6235339823479658,0.0010122712751645942
UBE2N,Third,Control - PPROM,-123.87692307692163,34.25069294761032,323,-3.6167712947122888,0.0010380114248059688
IDUA,Third,Control - PPROM,167.9961538461515,46.47599451109674,323,3.6146865841900437,0.0010460694711230006
ARSB,Second,PPROM - sPTD,-163.5080645161288,45.31336695808662,369,-3.6083847988468483,0.0010517594102122775
FETUB,Third,Control - PPROM,-133.00384615384357,36.85447122547341,323,-3.608893079489165,0.0010687729096201866
CNTN2,Second,PPROM - sPTD,169.71774193548328,47.13027697445006,369,3.601034257182267,0.001080902096660825
RELT,Second,Control - PPROM,175.6372549019618,48.8034098799125,369,3.5988726061179213,0.0010896156084955378
GREM1,Third,Control - PPROM,-132.346153846151,36.738806413444934,323,-3.602353118301568,0.001094957527700505
PTH,Second,Control - PPROM,152.39052287581762,42.36612193004491,369,3.596990140552524,0.0010972574147480284
CSK,Second,Control - PPROM,-159.5457516339845,44.47512420088692,369,-3.5873031160822,0.0011373835615877538
SSRP1,Second,Control - PPROM,159.57516339869028,44.49691549051604,369,3.586207305373824,0.0011420084028345681
RBM39,Second,Control - PPROM,-151.01960784313516,42.153886182526044,369,-3.5825785359200637,0.0011574498291455804
CNTN2,Third,Control - PPROM,124.61923076922943,34.746870714036106,323,3.5864878824581203,0.0011610042114748131
GFAP,Third,Control - PPROM,-136.82692307692025,38.203926538017164,323,-3.5814884875972686,0.0011825797952427005
DMP1,Second,Control - PPROM,152.3660130718962,42.605603668631076,369,3.576196555198152,0.0011850832190893985
COMMD7,Second,Control - PPROM,190.0065359477132,53.20186722911881,369,3.571426076634346,0.001206141892750204
PSME3,Third,Control - PPROM,157.66923076922745,44.108821911761375,323,3.574550938690698,0.001213143865917418
NID2,Third,Control - PPROM,-150.63076923076756,42.1868585092415,323,-3.57056141541732,0.0012310542707994721
CD5L,Second,PPROM - sPTD,194.8225806451591,54.69052851375218,369,3.5622727726277152,0.0012475344141705026
TSLP,Second,Control - PPROM,184.57026143790787,51.81746778006076,369,3.5619313205600154,0.0012491039843532874
LBP,Second,Control - PPROM,189.0147058823518,53.08351596257074,369,3.5607043439930828,0.0012547593858994325
FGF9,Third,Control - PPROM,165.70769230768883,46.66327012137032,323,3.551137583728833,0.0013218553915867889
TBP,Third,Control - PPROM,137.78076923076674,38.87880404995485,323,3.5438530736113716,0.0013574997700099194
IL24,Third,Control - PPROM,-165.08076923076618,46.7109528390373,323,-3.534091239791726,0.0014066804116459437
DKK3,Third,Control - PPROM,164.46153846153504,46.538604967167146,323,3.5338734063378605,0.0014077966827399627
ERBB3,Second,Control - PPROM,-171.98856209150324,48.76313078904199,369,-3.5270205031657316,0.0014197212828215523
TSLP,Third,Control - PPROM,164.72692307692114,46.69812395855786,323,3.5274848133751084,0.0014409061535616543
DBNL,Third,Control - PPROM,-164.80384615384486,46.72317103966274,323,-3.527240178410512,0.0014421883873794417
PDE3A,Second,PPROM - sPTD,-178.22580645161236,50.60133568235607,369,-3.5221561654104128,0.001445157888164486
UFM1,Second,Control - PPROM,149.32843137254986,42.41548977549158,369,3.52061079956772,0.0014533278371667122
GFAP,Second,Control - PPROM,-154.80392156862578,43.99328095212881,369,-3.518808286589839,0.0014629118970450605
FLRT1,Third,Control - PPROM,-123.13461538461422,34.96486718256173,323,-3.521666898995858,0.001471691520307757
ENPP7,Third,Control - PPROM,164.00769230768884,46.72471201653423,323,3.5100846046873935,0.0015348221256508657
GCKR,Second,Control - PPROM,162.25163398692553,46.339825878608714,369,3.501343194770694,0.001558889191239951
CD5L,Third,Control - sPTD,45.91290322580655,13.09763808274594,323,3.5054337992656492,0.001560878413153456
MBD4,Third,PPROM - sPTD,-131.0403225806446,37.45181148225217,323,-3.4989047897654455,0.0015981568903260513
FGFR4,Third,Control - PPROM,-122.33461538461363,34.97356016223063,323,-3.4979171356059924,0.0016038681157263608
NAGK,Third,Control - PPROM,161.26923076922878,46.274328276232865,323,3.4850690820737182,0.0016799255722131743
FGFR4,Second,Control - PPROM,-146.39215686274338,42.137676858750176,369,-3.474139244872586,0.001720194866369418
FGF23,Second,Control - PPROM,-150.4836601307167,43.41836768437136,369,-3.4658986082722767,0.0017720564501915673
TBP,Second,Control - PPROM,154.62418300653366,44.62969292120173,369,3.464603336606828,0.0017803398003842616
NXPH1,Second,Control - sPTD,-51.160025300443074,14.775829166861788,369,-3.4624131561551383,0.0017944285342383366
GPNMB,Second,PPROM - sPTD,189.18548387096396,54.701719921340455,369,3.458492422962338,0.0018199099068106936
CD5L,Second,Control - PPROM,-183.60457516339812,53.352666640841974,369,-3.441338300845999,0.0019354237876089907
HGF,Third,Control - PPROM,161.1615384615356,46.77912709057011,323,3.445159165743028,0.0019382587552338646
FUT5,Second,Control - PPROM,-181.69444444444417,52.90873655957335,369,-3.4341104373162024,0.0019861162851421933
RSPO2,Third,Control - PPROM,-151.82307692307575,44.17508594971619,323,-3.4368484782552224,0.0019965265921266665
TPSB2,Second,PPROM - sPTD,-186.76612903225586,54.416791720742104,369,-3.4321414976228013,0.002000138716567968
DAPK2,Second,Control - PPROM,-183.28921568627402,53.41148703815968,369,-3.4316441247053016,0.002003695509737679
PAK6,Second,Control - PPROM,-165.65686274509622,48.31715969680384,369,-3.4285306459364238,0.0020260950043193195
AGR2,Second,Control - sPTD,-50.622285473329555,14.783561094484,369,-3.4242281105205157,0.002057433863887078
IDUA,Second,Control - sPTD,49.714526670885775,14.546791747245797,369,3.4175595234116436,0.002106901815515712
SLPI,Third,Control - PPROM,158.52692307692124,46.37104821192155,323,3.4186616259445586,0.0021297931080177922
NR1D1,Third,Control - PPROM,-117.28076923076675,34.32624308584158,323,-3.416650314381218,0.0021450306332482655
ZAP70,Third,PPROM - sPTD,154.65322580645,45.285599321062406,323,3.415064129106502,0.002157119141650671
XPNPEP1,Second,Control - PPROM,-180.82679738562064,53.07624874239427,369,-3.4069249743564964,0.0021880911374270538
RBM39,Third,Control - PPROM,-142.76538461538212,41.8569235687344,323,-3.4107949759122445,0.00218997149078842
CHST2,Second,Control - PPROM,156.27287581699028,45.96010714570698,369,3.400185193684592,0.0022410467434527564
NAGK,Second,Control - PPROM,156.03594771241936,45.942521285823716,369,3.3963296603089717,0.0022718752477079783
RASA1,Second,Control - PPROM,-170.97875816993428,50.373052660776274,369,-3.394250479941023,0.002288663847079074
TPSB2,Third,Control - PPROM,158.5807692307674,46.67256463116809,323,3.3977299187211716,0.002293434844831842
PIM1,Third,Control - PPROM,143.576923076921,42.262939974301155,323,3.3972298937136385,0.0022974837493203986
TNFSF18,Second,PPROM - sPTD,-179.12903225806323,52.88432792789898,369,-3.387185566625386,0.002346578494810261
ENPP7,Second,PPROM - sPTD,-176.50806451612854,52.12764803676913,369,-3.3860738238492085,0.0023558154337539675
KIF23,Second,Control - PPROM,-180.74183006535665,53.39685934378408,369,-3.384877543109598,0.0023657926008933284
C7,Second,Control - PPROM,-178.1960784313692,52.67380629827194,369,-3.383011233748931,0.0023814365797197494
PDE4D,Second,Control - PPROM,176.61764705882325,52.3518153572732,369,3.3736680543645345,0.0024612135695084207
HGF,Third,PPROM - sPTD,-161.5080645161276,47.89751113779863,323,-3.3719510822071186,0.002511084520784779
SHBG,Second,Control - PPROM,-173.19934640522774,51.44107512070747,369,-3.366946472226954,0.00252013815721285
MAPK14,Second,Control - PPROM,-174.19607843137086,51.73737858833781,369,-3.3669289628569743,0.0025202933540865663
SHBG,Third,Control - PPROM,-146.24807692307502,43.45918038169961,323,-3.365182583716171,0.0025713403964339387
FGF23,Third,Control - PPROM,-145.69615384615093,43.44634463378142,323,-3.353473234037412,0.0026787731888908506
HRG,Second,Control - PPROM,-176.20098039215654,52.62702744167563,369,-3.3481081671852517,0.0026923589791121843
BMP10,Second,PPROM - sPTD,181.8467741935477,54.315876495507574,369,3.347948812141292,0.00269386144858994
GCKR,Third,Control - PPROM,150.94615384615082,45.081232635182324,323,3.3483146982176644,0.002727416505458939
HIPK3,Third,Control - PPROM,150.82307692307492,45.04611762293429,323,3.348192583111458,0.0027285779137340748
GNS,Second,Control - sPTD,49.25606156441187,14.757635915932868,369,3.3376661306051925,0.0027924773558996264
IDS,Third,Control - sPTD,42.94367245657692,12.9129414663319,323,3.3256305365082452,0.0029512397532196746
PDK1,Third,Control - PPROM,-136.31153846153654,41.02787364843184,323,-3.3224129436877754,0.002984337067806194
FST,Third,Control - PPROM,135.07692307692156,40.76418742723296,323,3.3136174569416768,0.0030765806431993486
LYN,Second,PPROM - sPTD,166.50806451612831,50.48101442330842,369,3.298429447551813,0.0032004591159005558
NACA,Second,Control - PPROM,-175.25326797385495,53.16104016609939,369,-3.296648587504752,0.003220229027859016
CHL1,Second,Control - PPROM,175.3937908496734,53.233452777443496,369,3.294803956883155,0.0032408264231118863
TFPI,Third,Control - sPTD,-42.64429280397127,12.953642765018785,323,-3.29206954194629,0.003313886713298881
C2,Third,Control - PPROM,151.74230769230627,46.11836263532659,323,3.290279598436392,0.003334345470698585
BMP10,Second,Control - sPTD,48.19154543537761,14.663850224683339,369,3.2864182801224904,0.003336013598900114
GRN,Second,Control - PPROM,-157.53431372549096,47.964438491010384,369,-3.284398164173577,0.0033593290079969615
BDNF,Second,Control - PPROM,-150.31209150326916,45.92595375637614,369,-3.272922589711064,0.003494671231430271
FGF7,Second,PPROM - sPTD,-172.98387096774127,52.85799784933548,369,-3.2726148928456995,0.003498368888635025
ABL1,Second,Control - PPROM,161.5637254901953,49.491899783984174,369,3.2644478428867694,0.0035978510155319525
CAPG,Second,Control - PPROM,-173.16339869281046,53.0873866828306,369,-3.2618557723960175,0.0036299693058956
CRTAM,Third,Control - PPROM,147.52692307692197,45.34645315473223,323,3.253328823172281,0.0037838014846276096
CD226,Third,PPROM - sPTD,125.07258064515995,38.45781477252606,323,3.2522019616806395,0.0037983527924914115
IDS,Third,Control - PPROM,-149.6692307692305,46.0325527041568,323,-3.2513780352597124,0.0038090250909130104
PPIB,Third,Control - PPROM,-136.03461538461298,41.85763916667145,323,-3.249935211179531,0.0038277809750358847
DBNL,Third,PPROM - sPTD,155.43548387096806,47.84021730317077,323,3.2490547207582616,0.003839268890736311
DKK1,Second,Control - PPROM,156.4754901960765,48.229402595185555,369,3.244400340378599,0.0038532801057182507
KIF23,Third,Control - PPROM,-134.43846153846098,41.53289167075821,323,-3.236915517565905,0.004000945049934869
DAPK2,Second,PPROM - sPTD,176.8790322580622,54.750823880773844,369,3.2306186413420273,0.0040385150469983335
KYNU,Second,Control - sPTD,47.67731393632705,14.772205608858904,369,3.2275013764860496,0.004081541296040644
OLR1,Second,Control - PPROM,-170.013071895423,52.73179664876887,369,-3.2241092225214802,0.004128843828368783
IL24,Third,PPROM - sPTD,154.2741935483856,47.82770699276229,323,3.2256238747078494,0.004156976339728883
OLR1,Second,Control - sPTD,46.890153911025564,14.59317471237337,369,3.2131564813835873,0.004285064325081792
NANOG,Third,Control - PPROM,144.92307692307512,45.10147067415803,323,3.2132672118408827,0.00433417289483861
ENPP7,Third,PPROM - sPTD,-153.51612903225612,47.84179512134429,323,-3.208828779164391,0.004399509998580765
MICA,Third,PPROM - sPTD,114.41935483870836,35.68134776331008,323,3.2066993544554925,0.004431179382494606
LCK,Third,Control - PPROM,130.0884615384595,40.716090417543974,323,3.1950135733662255,0.0046087623999409985
FCN2,Third,Control - PPROM,118.61923076922942,37.16172757205072,323,3.191972992623808,0.004656036247682644
MDM2,Second,Control - PPROM,-165.24346405228772,51.937265732097565,369,-3.1815972928695433,0.004766312536942823
C7,Second,Control - sPTD,46.32005060088426,14.577126267787454,369,3.1775845080825253,0.004830962239648379
TSLP,Third,PPROM - sPTD,-151.81451612903186,47.81457140251367,323,-3.175068011193148,0.004927150507218948
CRP,Second,PPROM - sPTD,159.29838709677418,50.31072558874972,369,3.16629079053465,0.005017289994713558
PAK3,Third,PPROM - sPTD,134.37096774193373,42.47490202404536,323,3.16353802690034,0.005120356223270291
JAG1,Second,Control - PPROM,-163.99836601307112,51.949804463334154,369,-3.1568620461087615,0.005177909678111837
FGF9,Third,PPROM - sPTD,-150.3306451612884,47.77888428822329,323,-3.1463824951295996,0.005420814833744042
FST,Second,Control - PPROM,160.7696078431352,51.2072269378556,369,3.1395882467574943,0.005484547751251212
BGN,Third,Control - PPROM,-112.05769230769046,35.66094703431183,323,-3.14230836886839,0.005494520843577525
GPNMB,Second,Control - PPROM,-166.81535947712183,53.36358427968229,369,-3.1260148981528455,0.005737158325591121
TFF3,Second,Control - sPTD,45.92694497153873,14.71413052613096,369,3.1212816068184694,0.005827742020016338
GDF2,Second,Control - PPROM,129.20588235293891,41.407624654648856,369,3.120340358341055,0.005845911654710317
DBNL,Second,PPROM - sPTD,162.47580645161065,52.186348073479834,369,3.1133775872348872,0.005981949841183546
BCAR3,Second,Control - PPROM,-137.79411764705978,44.28515723422864,369,-3.111519214400727,0.006018748650238149
GPC5,Third,Control - PPROM,107.11538461538365,34.43267732037892,323,3.1108642415089687,0.006095273954589626
FAM107B,Second,Control - PPROM,149.15686274509866,48.04789218123115,369,3.104337276284588,0.006162932128037676
TBK1,Third,PPROM - sPTD,-134.84677419354773,43.50155590819353,323,-3.0998149693342185,0.006320365049081077
C2,Third,Control - sPTD,-40.06414392059678,12.937012662764271,323,-3.096862078206872,0.006381803742198846
IDE,Second,PPROM - sPTD,160.58870967741456,51.98027490141045,369,3.0894163215180894,0.0064727075214214445
DLL4,Second,Control - PPROM,152.95261437908476,49.56599445061099,369,3.0858377013194245,0.006549104410434551
ECM1,Second,Control - PPROM,159.81372549019653,52.227466563630166,369,3.059955536910661,0.007126828442323234
EDA,Second,PPROM - sPTD,-160.72580645161318,52.61307208049087,369,-3.0548645060247472,0.0072458400271383375
KIF23,Second,PPROM - sPTD,166.95161290322108,54.73582938496495,369,3.050133975846541,0.007358058583330969
COMMD7,Second,PPROM - sPTD,-166.22580645161167,54.53594768310276,369,-3.0480043625081175,0.007409097080436723
OSM,Third,PPROM - sPTD,135.59677419354733,44.543778928542956,323,3.0441237240125365,0.007575983116241926
CAMK1,Third,Control - PPROM,-108.51153846153731,35.715452742306205,323,-3.038223797538526,0.007721637749431674
LGMN,Third,PPROM - sPTD,-131.79838709677392,43.38785665143751,323,-3.0376791404008485,0.007735212883858039
WNT7A,Second,Control - PPROM,161.86437908496538,53.4108314498465,369,3.030553441897984,0.007839741586619646
C6,Second,Control - PPROM,-152.2173202614376,50.34074595281198,369,-3.0237398628165324,0.00801403230023324
TFPI,Second,Control - PPROM,141.86274509803698,47.07891211933232,369,3.0132970094647313,0.00828806997640457
ROBO2,Second,Control - PPROM,-159.68954248365802,53.05687971373642,369,-3.009780133043037,0.008382275962543616
PTK6,Second,Control - PPROM,-156.93790849673232,52.16066551374603,369,-3.0087405317973572,0.008410311032728102
PSME3,Second,Control - sPTD,43.876027830489235,14.597602955326138,369,3.0057008650506183,0.008492776084769246
GREM1,Second,Control - PPROM,127.14542483660183,42.520554146412906,369,2.990210908324392,0.00892464448339837
STK16,Second,PPROM - sPTD,-138.65322580645227,46.39036115670396,369,-2.98883695554966,0.008963906438379339
IDUA,Third,PPROM - sPTD,-142.04838709677347,47.58713133799082,323,-2.985016812378649,0.00915622076701564
BPI,Second,Control - PPROM,-150.02614379084812,50.39488431038139,369,-2.9770113741474074,0.00930843204211716
PDE4D,Third,PPROM - sPTD,-140.8387096774174,47.552451301414585,323,-2.961754984715746,0.009856996466259628
DLL4,Third,Control - PPROM,-106.58846153845982,36.038559841819044,323,-2.957622668783087,0.009986502295134921
TFPI,Third,Control - PPROM,136.56538461538292,46.17764626644209,323,2.957391631167369,0.009993788710627963
GDF2,Third,Control - PPROM,137.08076923076754,46.406317272350435,323,2.9539247518018903,0.010103712143987365
GPNMB,Third,Control - PPROM,-131.19615384615358,44.55364726170736,323,-2.94467820054124,0.010402320791404336
PSME1,Second,Control - PPROM,-151.37581699346384,51.50053655824136,369,-2.939305628831162,0.010489479947876775
JAG1,Third,Control - PPROM,123.58846153845994,42.00924076571185,323,2.9419351382168624,0.01049244489766563
DKK3,Third,PPROM - sPTD,-139.78225806451425,47.65123866968961,323,-2.9334443755693616,0.010775954769302373
RTN4,Second,Control - PPROM,-144.98039215686538,49.686634559465475,369,-2.9178951933915216,0.011219561383012121
SKP1,Third,PPROM - sPTD,-110.50806451612785,37.925100229405416,323,-2.9138502956531376,0.011457117479868788
TPSB2,Second,Control - sPTD,-42.558612692387726,14.691094666708528,369,-2.896898676232054,0.011980282537439074
LBP,Second,PPROM - sPTD,-157.6209677419322,54.41462866148088,369,-2.8966653199548373,0.011988995301693015
GAS1,Second,Control - PPROM,120.94934640522979,41.774931157584675,369,2.89526141764258,0.0120415344691724
C5,Third,PPROM - sPTD,-135.39516129032188,46.76952668550534,323,-2.8949440134548787,0.012151405016009463
DKK3,Second,Control - PPROM,149.12091503267885,51.55786880331481,369,2.8923017668079294,0.012152983679092448
LY86,Third,Control - PPROM,-101.96923076922954,35.26381566868147,323,-2.8916108150993582,0.012277714549320522
TPSB2,Third,PPROM - sPTD,-138.1532258064513,47.78840100891151,323,-2.890936354633182,0.01230341798448491
FCN1,Second,Control - PPROM,-132.84150326797425,46.23781406183879,369,-2.873005698113476,0.012902943945083355
FUT5,Second,Control - sPTD,-41.94444444444666,14.642141658240202,369,-2.8646386180017225,0.013241044808267944
MEPE,Third,Control - PPROM,102.07692307692204,35.626321841370554,323,2.865210827304285,0.013321198538112797
ASGR1,Second,PPROM - sPTD,-154.64516129031955,54.24323705062216,369,-2.8509574593787224,0.013811283811780494
NAGK,Third,Control - sPTD,37.01923076922914,12.98076377091431,323,2.8518530513726206,0.013879378402823913
TLR2,Third,Control - PPROM,-127.54230769230632,45.146753212769575,323,-2.825060466501753,0.01506356912699999
CNDP1,Second,PPROM - sPTD,152.08064516128687,54.16020027656067,369,2.8079778949248824,0.01575095748081859
BOC,Second,PPROM - sPTD,122.03225806451744,43.59920127299668,369,2.798956276754055,0.016188230763651085
GAS1,Third,Control - PPROM,97.20384615384555,34.77755318833389,323,2.7950168209778634,0.016500055794329754
CNDP1,Second,Control - sPTD,-40.79190385831973,14.62182176255642,369,-2.78979627304579,0.016643443464386367
EDAR,Third,PPROM - sPTD,-114.24193548386951,41.060748074399555,323,-2.782266296679986,0.017146399483132048
PSME3,Second,PPROM - sPTD,-149.5161290322563,54.070492203835414,369,-2.7652074715467556,0.01792331808592506
GDF2,Third,Control - sPTD,-36.024069478909254,13.0177890080768,323,-2.7672955412442435,0.017934514894436294
NANOG,Second,PPROM - sPTD,149.3870967741931,54.27877496420802,369,2.7522193872780014,0.018634713480883674
ALCAM,Second,Control - PPROM,-142.04575163398653,51.80157410601979,369,-2.742112649767521,0.01920584202012492
METAP1,Second,Control - PPROM,112.45098039215864,41.02797800345818,369,2.7408365185016024,0.01927906920191113
PAK3,Second,Control - PPROM,-138.86437908496737,50.91583034816003,369,-2.727332111357496,0.02006958121019348
TPSB2,Second,Control - PPROM,144.20751633986814,53.08562610819971,369,2.7165077802029267,0.020724204822041306
MIA,Third,Control - PPROM,120.1192307692291,44.373230950725166,323,2.707020160479571,0.02145015419192063
ARSB,Third,Control - PPROM,103.17692307692116,38.23656812894573,323,2.698383461846684,0.022001877899285018
BMPER,Second,Control - PPROM,128.51470588235063,47.830169996843864,369,2.686896280963058,0.022614562180077964
IDUA,Second,PPROM - sPTD,-144.66129032257734,53.88228410975425,369,-2.684765367925252,0.02275640637294831
C3,Second,Control - PPROM,138.83986928104403,51.74961143627386,369,2.6829161693709707,0.022880146736358763
FCN1,Third,PPROM - sPTD,-117.27419354838602,43.69081202713153,323,-2.6841843423637903,0.02293678555153049
LCK,Second,Control - PPROM,138.31862745097982,51.82789026316862,369,2.668806828690761,0.023844396992339187
ROBO2,Second,Control - sPTD,39.16529622601608,14.68313929284657,369,2.667365298720342,0.02394494209466347
PPID,Third,PPROM - sPTD,-98.33064516128901,36.94641338743923,323,-2.661439532171714,0.024509086813462
HINT1,Second,Control - PPROM,134.19281045751453,50.461989207218934,369,2.6592849898655464,0.024515624148512112
SLPI,Third,Control - sPTD,34.60756823821177,13.007895415691905,323,2.6605048036028474,0.02457572797283534
PPID,Second,Control - PPROM,-126.5506535947692,47.88010155074371,369,-2.643074043204562,0.02569753850947707
PDE3A,Third,Control - PPROM,-115.892307692307,43.88037625199523,323,-2.641096489846926,0.025996752295265293
HINT1,Third,PPROM - sPTD,-117.0887096774191,44.39127053872729,323,-2.6376516881910375,0.02625654509690363
GOT1,Second,Control - PPROM,-111.85294117647183,42.500658578614136,369,-2.631793127854141,0.026549935275463142
MICA,Second,Control - PPROM,-111.76633986927914,42.48702138468353,369,-2.630599562565961,0.02664158972150564
LGMN,Second,Control - PPROM,-115.89542483660296,44.15385917003677,369,-2.624808499530902,0.027090329233541918
NAGK,Third,PPROM - sPTD,-124.24999999999966,47.3806437155987,323,-2.6223788926509233,0.027436648825955864
SET,Third,Control - PPROM,91.10769230769205,34.83225914130983,323,2.6156124969695562,0.027974516686796062
PCSK9,Second,Control - PPROM,-137.44444444444306,52.66701719458736,369,-2.6096872723327182,0.02829416069170066
SLPI,Third,PPROM - sPTD,-123.91935483870947,47.47967600809802,323,-2.609945249364677,0.028432264814451526
AURKB,Second,PPROM - sPTD,-139.01612903225666,53.47425118295414,369,-2.5996835104176363,0.029116693295080723
NACA,Second,PPROM - sPTD,141.54032258064183,54.49409684799404,369,2.5973514704804583,0.029311488387318677
CRP,Third,Control - PPROM,-113.980769230768,44.055006569097095,323,-2.5872375947100905,0.03033443153246271
SET,Second,Control - PPROM,106.49509803921771,41.19490310386229,369,2.585152288639152,0.03034961459536388
FUT5,Second,PPROM - sPTD,139.7499999999975,54.23546652160896,369,2.576727166978772,0.03108564243279416
ASGR1,Second,Control - sPTD,37.70777988615026,14.644239495575581,369,2.57492237118512,0.031245370364956386
CAPG,Second,Control - sPTD,-37.80855998313501,14.691581894051728,369,-2.5734846155976436,0.0313731388256189
SBDS,Second,Control - PPROM,-127.66013071895242,49.637945649601846,369,-2.571825426058429,0.0315211652932176
SPINT2,Second,Control - PPROM,116.6617647058799,45.5114596759441,369,2.563349220977493,0.03228715640844554
ROBO2,Third,Control - PPROM,94.54230769230614,37.13916594366171,323,2.545622802507794,0.03411792149000481
GPC2,Third,Control - PPROM,92.64999999999971,36.40322616842576,323,2.5451040952067987,0.0341676252341303
TGM3,Third,PPROM - sPTD,-118.45161290322501,46.548397413003755,323,-2.544697980732939,0.03420658513329205
C9,Second,Control - PPROM,-120.42973856209069,47.602695173189026,369,-2.529893278604099,0.035475292844703854
SPARCL1,Second,Control - PPROM,-103.83006535947824,41.09882961857216,369,-2.526350903981909,0.03582875360868083
RAN,Third,PPROM - sPTD,-89.74999999999896,35.52078309845837,323,-2.526689790346829,0.03597449413432853
TNFSF15,Second,PPROM - sPTD,-135.50806451612544,53.6832964418251,369,-2.5242128091551024,0.03604360833215434
FGR,Third,PPROM - sPTD,-117.33870967741923,46.48012293895318,323,-2.524492240081453,0.03619571164116474
BMP10,Second,Control - PPROM,-133.6552287581701,52.987179512102735,369,-2.5224069291637248,0.03622597171129147
JAK2,Second,Control - PPROM,103.5866013071906,41.09117650660111,369,2.5208964579184023,0.03637913394484716
NMT1,Second,PPROM - sPTD,134.90322580644735,53.58176243942451,369,2.5177078853828063,0.036704349606767724
TFF3,Second,Control - PPROM,133.33823529411643,53.16886517568398,369,2.507825488724118,0.037728787269579345
PLCG1,Third,PPROM - sPTD,-116.80645161290319,46.803457316165456,323,-2.4956799841485084,0.03921020519928803
CD226,Second,PPROM - sPTD,113.26612903225909,45.42913637212199,369,2.493248564191634,0.03928627915165912
DHH,Third,PPROM - sPTD,-98.23387096774094,39.41045526929228,323,-2.492584018542981,0.0395470394784395
CAPG,Second,PPROM - sPTD,135.35483870967545,54.418596443225795,369,2.487290146317709,0.039939179456691586
WNT7A,Second,PPROM - sPTD,-135.62096774193174,54.75015185304603,369,-2.477088430840333,0.041079427561885706
PAK6,Third,PPROM - sPTD,100.32258064516134,40.60487135391993,323,2.4707030782274932,0.042001802047519354
ERBB4,Second,PPROM - sPTD,-131.33870967741618,53.240246513221635,369,-2.466906490464871,0.04224615848543492
LRP8,Third,Control - PPROM,-87.66923076922936,35.62740945471467,323,-2.4607242600858776,0.043165486967893296
RSPO2,Second,Control - PPROM,-122.23366013072024,49.71316638866716,369,-2.4587784084215,0.04319852057482178
CFC1,Third,PPROM - sPTD,-98.61290322580524,40.1158768421853,323,-2.4582013653533124,0.043464182974547065
COLEC12,Second,Control - PPROM,-105.02124183006674,42.97756633220355,369,-2.443629334855408,0.045024378162509426
AREG,Third,PPROM - sPTD,-97.23387096774078,39.77566222666049,323,-2.444556935687364,0.045111548629241056
PDE5A,Third,Control - PPROM,-109.14615384615317,45.17538633922851,323,-2.4160535789679565,0.04873220297504062
