protein_name,trimester,.y.,group1,group2,n1,n2,statistic,p,p.adj,p.adj.signif
METAP1,Second,log2rfu,Control,sPTD,306,62,-12.516563356139466,6.060278478140956e-36,1.8180835434422868e-35,****
JAK2,Second,log2rfu,Control,sPTD,306,62,-12.508925983101376,6.67202265059866e-36,2.001606795179598e-35,****
SPARCL1,Second,log2rfu,Control,sPTD,306,62,12.505258636232393,6.98720411466524e-36,2.0961612343995722e-35,****
SET,Second,log2rfu,Control,sPTD,306,62,-12.459737077303977,1.237780207949163e-35,3.7133406238474885e-35,****
LYVE1,Second,log2rfu,Control,sPTD,306,62,-12.401341089539923,2.569861725053466e-35,7.709585175160398e-35,****
GPC5,Second,log2rfu,Control,sPTD,306,62,-12.382363801327301,3.2560928239059206e-35,9.768278471717762e-35,****
UBE2N,Third,log2rfu,Control,sPTD,260,62,12.377199856493172,3.472477513751475e-35,1.0417432541254423e-34,****
CD48,Third,log2rfu,Control,sPTD,260,62,-12.37305520995922,3.6564382923425496e-35,1.0969314877027649e-34,****
GPC5,Third,log2rfu,Control,sPTD,260,62,-12.355144748645092,4.569329561218744e-35,1.3707988683656232e-34,****
SIRT2,Second,log2rfu,Control,sPTD,306,62,12.341333158526352,5.425009225839864e-35,1.6275027677519593e-34,****
RAN,Third,log2rfu,Control,sPTD,260,62,12.320897860318492,6.991154615767188e-35,2.0973463847301566e-34,****
BOC,Third,log2rfu,Control,sPTD,260,62,-12.318960587331837,7.161131720118848e-35,2.148339516035654e-34,****
UBE2N,Second,log2rfu,Control,sPTD,306,62,12.312177398965275,7.789296919203327e-35,2.3367890757609982e-34,****
FER,Second,log2rfu,Control,sPTD,306,62,-12.310614729090199,7.941598328965194e-35,2.3824794986895582e-34,****
CAMK1,Second,log2rfu,Control,sPTD,306,62,12.30023916424398,9.030635082496158e-35,2.7091905247488475e-34,****
CAMK2B,Second,log2rfu,Control,sPTD,306,62,-12.28613290104736,1.0752802223071309e-34,3.225840666921393e-34,****
CAMK2D,Second,log2rfu,Control,sPTD,306,62,-12.28613290104736,1.0752802223071309e-34,3.225840666921393e-34,****
PIM1,Second,log2rfu,Control,sPTD,306,62,12.28613290104736,1.0752802223071309e-34,3.225840666921393e-34,****
MICA,Third,log2rfu,Control,sPTD,260,62,-12.28481615094203,1.0929320112656113e-34,3.2787960337968342e-34,****
PCSK7,Second,log2rfu,Control,sPTD,306,62,-12.284619504546724,1.0955927608620647e-34,3.286778282586194e-34,****
CAMK2A,Second,log2rfu,Control,sPTD,306,62,-12.258933998356868,1.5046623003792375e-34,4.513986901137712e-34,****
NR1D1,Second,log2rfu,Control,sPTD,306,62,-12.24796011396389,1.7227475414792907e-34,5.168242624437872e-34,****
LIN7B,Second,log2rfu,Control,sPTD,306,62,-12.243595900799265,1.817960726450025e-34,5.453882179350075e-34,****
GAS1,Third,log2rfu,Control,sPTD,260,62,-12.24070593524587,1.8838693076047539e-34,5.651607922814261e-34,****
SET,Third,log2rfu,Control,sPTD,260,62,-12.232276934991432,2.089968777313041e-34,6.269906331939122e-34,****
GAS1,Second,log2rfu,Control,sPTD,306,62,-12.178822530572067,4.030587420124917e-34,1.2091762260374752e-33,****
CNTN2,Third,log2rfu,Control,sPTD,260,62,-12.173208736523305,4.3176911566886075e-34,1.2953073470065823e-33,****
PPIE,Third,log2rfu,Control,sPTD,260,62,12.172566083465236,4.35182741543658e-34,1.305548224630974e-33,****
PA2G4,Third,log2rfu,Control,sPTD,260,62,12.170917538664089,4.440625233168706e-34,1.3321875699506119e-33,****
PA2G4,Second,log2rfu,Control,sPTD,306,62,12.150342520146154,5.712576598024685e-34,1.7137729794074056e-33,****
CD27,Third,log2rfu,Control,sPTD,260,62,12.144205524598089,6.157781217980328e-34,1.8473343653940985e-33,****
PDPK1,Second,log2rfu,Control,sPTD,306,62,-12.138031215589823,6.640461112571588e-34,1.9921383337714764e-33,****
ECM1,Third,log2rfu,Control,sPTD,260,62,-12.123631312927309,7.9171843748615e-34,2.37515531245845e-33,****
NR1D1,Third,log2rfu,Control,sPTD,260,62,-12.101408556455382,1.0381441179606238e-33,3.114432353881871e-33,****
GDF2,Second,log2rfu,Control,sPTD,306,62,12.09253077382188,1.1566791126960046e-33,3.470037338088014e-33,****
FLRT1,Third,log2rfu,Control,sPTD,260,62,12.087791762674177,1.2253607110045063e-33,3.676082133013519e-33,****
CDON,Third,log2rfu,Control,sPTD,260,62,-12.086161845497905,1.2499069304243192e-33,3.749720791272957e-33,****
FYN,Third,log2rfu,Control,sPTD,260,62,12.086161845497905,1.2499069304243192e-33,3.749720791272957e-33,****
JAK2,Third,log2rfu,Control,sPTD,260,62,-12.086161845497905,1.2499069304243192e-33,3.749720791272957e-33,****
PCSK7,Third,log2rfu,Control,sPTD,260,62,-12.084662321695735,1.272920529006326e-33,3.818761587018978e-33,****
PDPK1,Third,log2rfu,Control,sPTD,260,62,12.08316279789356,1.2963549639468887e-33,3.889064891840666e-33,****
LRIG3,Third,log2rfu,Control,sPTD,260,62,-12.077937749117055,1.3814099773745036e-33,4.144229932123511e-33,****
PARK7,Third,log2rfu,Control,sPTD,260,62,-12.076680384438216,1.4026916681996075e-33,4.2080750045988226e-33,****
LYVE1,Third,log2rfu,Control,sPTD,260,62,-12.071166607476195,1.4999271492682353e-33,4.4997814478047055e-33,****
PTN,Second,log2rfu,Control,sPTD,306,62,-12.071132051208242,1.5005571888265415e-33,4.5016715664796246e-33,****
NACA,Third,log2rfu,Control,sPTD,260,62,12.068167559871853,1.5555967345514934e-33,4.66679020365448e-33,****
PARK7,Second,log2rfu,Control,sPTD,306,62,-12.06777442269288,1.563044835191753e-33,4.68913450557526e-33,****
CPNE1,Second,log2rfu,Control,sPTD,306,62,-12.061763071011287,1.6814439844018685e-33,5.0443319532056055e-33,****
PDK1,Second,log2rfu,Control,sPTD,306,62,-12.02738433375964,2.5511555386498043e-33,7.653466615949413e-33,****
LY86,Third,log2rfu,Control,sPTD,260,62,12.026339228222476,2.583645753964739e-33,7.750937261894217e-33,****
SHC1,Third,log2rfu,Control,sPTD,260,62,12.020182798202383,2.7835498616346036e-33,8.35064958490381e-33,****
HIPK3,Second,log2rfu,Control,sPTD,306,62,12.01847993109311,2.8415058666580898e-33,8.52451759997427e-33,****
PTN,Third,log2rfu,Control,sPTD,260,62,-12.00054928158762,3.529462383877483e-33,1.0588387151632449e-32,****
MATK,Third,log2rfu,Control,sPTD,260,62,-11.996646794177002,3.699844583234292e-33,1.1099533749702876e-32,****
SIRT2,Third,log2rfu,Control,sPTD,260,62,11.96919898892857,5.152363176821172e-33,1.5457089530463515e-32,****
PSME1,Third,log2rfu,Control,sPTD,260,62,11.967392109316016,5.2657821031887584e-33,1.5797346309566275e-32,****
CAMK2A,Third,log2rfu,Control,sPTD,260,62,11.966647004321146,5.313271731286819e-33,1.5939815193860456e-32,****
XPNPEP1,Third,log2rfu,Control,sPTD,260,62,11.964700417522057,5.439355052116863e-33,1.631806515635059e-32,****
DSC3,Second,log2rfu,Control,sPTD,306,62,-11.961041254603877,5.684461129961521e-33,1.7053383389884563e-32,****
CAMK2D,Third,log2rfu,Control,sPTD,260,62,11.95574984377121,6.058423518915376e-33,1.817527055674613e-32,****
BOC,Second,log2rfu,Control,sPTD,306,62,-11.950496752473866,6.453831569601729e-33,1.9361494708805185e-32,****
C5,Second,log2rfu,Control,sPTD,306,62,11.94548494638804,6.854934768435892e-33,2.0564804305307675e-32,****
SGTA,Third,log2rfu,Control,sPTD,260,62,11.896784097239879,1.2299613761219075e-32,3.6898841283657226e-32,****
AIF1,Third,log2rfu,Control,sPTD,260,62,11.882226608402654,1.4641454573621134e-32,4.39243637208634e-32,****
GOT1,Second,log2rfu,Control,sPTD,306,62,11.878909578467063,1.5234162438863808e-32,4.570248731659142e-32,****
MAPKAPK3,Second,log2rfu,Control,sPTD,306,62,-11.871673431477978,1.6611127199132618e-32,4.983338159739785e-32,****
MEPE,Third,log2rfu,Control,sPTD,260,62,-11.870966209167719,1.6752159968923876e-32,5.025647990677162e-32,****
LY86,Second,log2rfu,Control,sPTD,306,62,11.868864849134939,1.7178262452956064e-32,5.153478735886819e-32,****
MDM2,Third,log2rfu,Control,sPTD,260,62,11.867231370380942,1.751691046048817e-32,5.255073138146451e-32,****
DSC3,Third,log2rfu,Control,sPTD,260,62,-11.861233275172262,1.8818268785207465e-32,5.64548063556224e-32,****
LY9,Second,log2rfu,Control,sPTD,306,62,-11.849352592856977,2.1685969280120012e-32,6.505790784036004e-32,****
FYN,Second,log2rfu,Control,sPTD,306,62,-11.845769714629892,2.2633069639221487e-32,6.789920891766446e-32,****
GREM1,Second,log2rfu,Control,sPTD,306,62,-11.830051508183757,2.7297422845094693e-32,8.189226853528408e-32,****
BTK,Third,log2rfu,Control,sPTD,260,62,11.822245656315816,2.995680145785956e-32,8.987040437357868e-32,****
PTH,Second,log2rfu,Control,sPTD,306,62,-11.819492927946765,3.0954725996719703e-32,9.286417799015911e-32,****
CAMK1,Third,log2rfu,Control,sPTD,260,62,11.813993618497658,3.3048248095567405e-32,9.91447442867022e-32,****
FGFR4,Third,log2rfu,Control,sPTD,260,62,-11.808591607284871,3.524149835336386e-32,1.057244950600916e-31,****
UFM1,Second,log2rfu,Control,sPTD,306,62,-11.807808099151162,3.557138679258119e-32,1.0671416037774357e-31,****
CHST2,Third,log2rfu,Control,sPTD,260,62,11.804251370689764,3.7107885831119504e-32,1.113236574933585e-31,****
BMP10,Third,log2rfu,Control,sPTD,260,62,-11.794304219008284,4.176380446214737e-32,1.2529141338644212e-31,****
MRC2,Third,log2rfu,Control,sPTD,260,62,-11.790755656470225,4.3561481526444486e-32,1.3068444457933346e-31,****
PPID,Third,log2rfu,Control,sPTD,260,62,11.753826390162102,6.749196996226386e-32,2.0247590988679157e-31,****
PCSK9,Third,log2rfu,Control,sPTD,260,62,11.73397865586132,8.535037702049799e-32,2.56051131061494e-31,****
DMP1,Second,log2rfu,Control,sPTD,306,62,-11.709620342000628,1.1378798899139588e-31,3.4136396697418765e-31,****
LRP8,Third,log2rfu,Control,sPTD,260,62,-11.70598133567917,1.1877704607615334e-31,3.5633113822846e-31,****
ING1,Third,log2rfu,Control,sPTD,260,62,11.697263607239218,1.3162990539785668e-31,3.9488971619357e-31,****
MICA,Second,log2rfu,Control,sPTD,306,62,-11.692705496460968,1.3889045385419185e-31,4.166713615625756e-31,****
FGFR4,Second,log2rfu,Control,sPTD,306,62,-11.691304724816192,1.4120058440353206e-31,4.236017532105962e-31,****
KYNU,Third,log2rfu,Control,sPTD,260,62,11.687838029054143,1.470831428838929e-31,4.412494286516787e-31,****
FCRL3,Third,log2rfu,Control,sPTD,260,62,-11.685788990318258,1.5067385636664088e-31,4.520215690999227e-31,****
COLEC12,Second,log2rfu,Control,sPTD,306,62,11.675290878123421,1.7048158427310799e-31,5.11444752819324e-31,****
PTH,Third,log2rfu,Control,sPTD,260,62,-11.67229327609872,1.7659761919965681e-31,5.297928575989705e-31,****
RBM39,Second,log2rfu,Control,sPTD,306,62,-11.660178030277542,2.036162060862511e-31,6.108486182587533e-31,****
FCAR,Third,log2rfu,Control,sPTD,260,62,-11.633305657242275,2.7907677669092094e-31,8.372303300727629e-31,****
CKAP2,Second,log2rfu,Control,sPTD,306,62,11.627685759361574,2.9806912934692612e-31,8.942073880407785e-31,****
GPC2,Second,log2rfu,Control,sPTD,306,62,-11.62078044788658,3.2317046778596866e-31,9.69511403357906e-31,****
BGN,Third,log2rfu,Control,sPTD,260,62,-11.57208596810147,5.70778420541829e-31,1.712335261625487e-30,****
GPC2,Third,log2rfu,Control,sPTD,260,62,-11.550748023810952,7.318070837965575e-31,2.1954212513896724e-30,****
MBD4,Third,log2rfu,Control,sPTD,260,62,11.547534758520587,7.5968326480769365e-31,2.279049794423081e-30,****
PPIE,Second,log2rfu,Control,sPTD,306,62,11.54566670808062,7.763711291891081e-31,2.3291133875673245e-30,****
PCNA,Second,log2rfu,Control,sPTD,306,62,-11.51803138407367,1.0702833755186616e-30,3.210850126555985e-30,****
FGF7,Third,log2rfu,Control,sPTD,260,62,11.510661375087077,1.1658087451905414e-30,3.4974262355716245e-30,****
ROR1,Third,log2rfu,Control,sPTD,260,62,-11.507783407044402,1.205367668387337e-30,3.616103005162011e-30,****
CNTF,Third,log2rfu,Control,sPTD,260,62,-11.47804440393675,1.700840028089394e-30,5.1025200842681815e-30,****
TF,Third,log2rfu,Control,sPTD,260,62,-11.45607312040059,2.1923109267692166e-30,6.57693278030765e-30,****
CHST6,Third,log2rfu,Control,sPTD,260,62,-11.446833818464233,2.438918258350407e-30,7.316754775051221e-30,****
TEC,Third,log2rfu,Control,sPTD,260,62,11.435713126415834,2.7724936514814712e-30,8.317480954444413e-30,****
DLL4,Third,log2rfu,Control,sPTD,260,62,-11.434772431359816,2.8027057138264857e-30,8.408117141479457e-30,****
CDC37,Third,log2rfu,Control,sPTD,260,62,11.409494744408935,3.7490060259629176e-30,1.1247018077888753e-29,****
CDON,Second,log2rfu,Control,sPTD,306,62,-11.40342855418136,4.0197047482051425e-30,1.2059114244615428e-29,****
PRL,Second,log2rfu,Control,sPTD,306,62,11.40326665595106,4.027189036490865e-30,1.2081567109472596e-29,****
ERP29,Second,log2rfu,Control,sPTD,306,62,-11.388569112261168,4.767543611554985e-30,1.4302630834664953e-29,****
CRK,Third,log2rfu,Control,sPTD,260,62,11.382018997723193,5.139588137861105e-30,1.5418764413583314e-29,****
RELT,Third,log2rfu,Control,sPTD,260,62,-11.364890896653677,6.254255881169247e-30,1.8762767643507741e-29,****
PCNA,Third,log2rfu,Control,sPTD,260,62,-11.364890896653677,6.254255881169247e-30,1.8762767643507741e-29,****
IL24,Second,log2rfu,Control,sPTD,306,62,-11.355534834226365,6.961258800655249e-30,2.0883776401965746e-29,****
ETHE1,Third,log2rfu,Control,sPTD,260,62,-11.346896611027622,7.684184628928623e-30,2.305255388678587e-29,****
SKP1,Third,log2rfu,Control,sPTD,260,62,11.332897950936548,9.017107514003475e-30,2.705132254201043e-29,****
DMP1,Third,log2rfu,Control,sPTD,260,62,-11.33103518844938,9.210961898933557e-30,2.763288569680067e-29,****
DAPK2,Third,log2rfu,Control,sPTD,260,62,11.314354150376783,1.1141977042746651e-29,3.3425931128239956e-29,****
AGR2,Third,log2rfu,Control,sPTD,260,62,-11.300634904658784,1.3027271902457814e-29,3.9081815707373443e-29,****
MEPE,Second,log2rfu,Control,sPTD,306,62,-11.271889761588918,1.806504101895037e-29,5.419512305685111e-29,****
IL22RA1,Second,log2rfu,Control,sPTD,306,62,11.25446810419788,2.201502517962486e-29,6.604507553887458e-29,****
NRP1,Second,log2rfu,Control,sPTD,306,62,-11.240643403140911,2.574987320053012e-29,7.724961960159037e-29,****
NXPH1,Third,log2rfu,Control,sPTD,260,62,-11.235354393295951,2.7339459234057993e-29,8.201837770217398e-29,****
MICB,Third,log2rfu,Control,sPTD,260,62,-11.213317913072741,3.5079229164492774e-29,1.0523768749347833e-28,****
ROBO2,Third,log2rfu,Control,sPTD,260,62,-11.20303546414357,3.939977272525682e-29,1.1819931817577046e-28,****
COMMD7,Third,log2rfu,Control,sPTD,260,62,11.194056948955417,4.360168592965509e-29,1.3080505778896527e-28,****
CD70,Third,log2rfu,Control,sPTD,260,62,-11.185348534327902,4.8101178567163745e-29,1.4430353570149123e-28,****
BDNF,Third,log2rfu,Control,sPTD,260,62,11.163954707162766,6.120691897555221e-29,1.836207569266566e-28,****
ARSB,Second,log2rfu,Control,sPTD,306,62,11.161468129470457,6.294343746796601e-29,1.8883031240389803e-28,****
PYY,Second,log2rfu,Control,sPTD,306,62,-11.152387750466644,6.971022010596233e-29,2.09130660317887e-28,****
FCN2,Third,log2rfu,Control,sPTD,260,62,-11.11678956098765,1.0394538405492979e-28,3.1183615216478936e-28,****
RAC1,Third,log2rfu,Control,sPTD,260,62,11.11481503275125,1.062706286102459e-28,3.1881188583073775e-28,****
CD226,Second,log2rfu,Control,sPTD,306,62,-11.104508108618635,1.1927224646091494e-28,3.5781673938274483e-28,****
CD48,Second,log2rfu,Control,sPTD,306,62,-11.09595565862667,1.312496574439275e-28,3.937489723317825e-28,****
LY9,Third,log2rfu,Control,sPTD,260,62,-11.093039339276247,1.3560078217224284e-28,4.068023465167285e-28,****
CD226,Third,log2rfu,Control,sPTD,260,62,-11.086836340193974,1.453372068567002e-28,4.3601162057010065e-28,****
PRKACA,Second,log2rfu,Control,sPTD,306,62,11.084362337526454,1.4941117804176926e-28,4.482335341253078e-28,****
LGMN,Second,log2rfu,Control,sPTD,306,62,11.077245854446721,1.6177243420400724e-28,4.853173026120217e-28,****
FGF23,Second,log2rfu,Control,sPTD,306,62,-11.071318971407022,1.7283776822015866e-28,5.18513304660476e-28,****
CAMK2B,Third,log2rfu,Control,sPTD,260,62,11.0708631518665,1.737192246292866e-28,5.211576738878598e-28,****
LSAMP,Third,log2rfu,Control,sPTD,260,62,-11.063486612417313,1.8861989574323721e-28,5.658596872297116e-28,****
FGR,Second,log2rfu,Control,sPTD,306,62,-11.055706350763257,2.057111163729954e-28,6.171333491189861e-28,****
SSRP1,Third,log2rfu,Control,sPTD,260,62,11.043992802989091,2.343812701362083e-28,7.031438104086249e-28,****
EPHA3,Third,log2rfu,Control,sPTD,260,62,-11.018500898352183,3.111985137153633e-28,9.3359554114609e-28,****
GOT1,Third,log2rfu,Control,sPTD,260,62,11.011599363337222,3.359856326390843e-28,1.007956897917253e-27,****
CSK,Third,log2rfu,Control,sPTD,260,62,11.003505660330475,3.675590117326429e-28,1.1026770351979287e-27,****
PRKACA,Third,log2rfu,Control,sPTD,260,62,10.994508517517447,4.061199338635183e-28,1.2183598015905548e-27,****
GREM1,Third,log2rfu,Control,sPTD,260,62,-10.9644062757248,5.667128751032191e-28,1.7001386253096572e-27,****
BCAR3,Second,log2rfu,Control,sPTD,306,62,10.942321277124947,7.232404875931828e-28,2.1697214627795485e-27,****
RAD51,Third,log2rfu,Control,sPTD,260,62,-10.921441658958248,9.103913607176592e-28,2.731174082152978e-27,****
FETUB,Third,log2rfu,Control,sPTD,260,62,-10.90534739106911,1.0867736273192322e-27,3.260320881957697e-27,****
AIF1,Second,log2rfu,Control,sPTD,306,62,10.888627377093101,1.305936836961798e-27,3.917810510885394e-27,****
BMX,Second,log2rfu,Control,sPTD,306,62,10.883010212407022,1.3889884490401989e-27,4.1669653471205966e-27,****
FETUB,Second,log2rfu,Control,sPTD,306,62,-10.84070550092414,2.207619798808668e-27,6.622859396426004e-27,****
MBD4,Second,log2rfu,Control,sPTD,306,62,10.80395460264592,3.296909312399424e-27,9.890727937198271e-27,****
GFAP,Second,log2rfu,Control,sPTD,306,62,-10.761304977541963,5.2422494692571084e-27,1.5726748407771327e-26,****
DKK1,Third,log2rfu,Control,sPTD,260,62,10.75129693338024,5.8434141156608475e-27,1.7530242346982542e-26,****
BMX,Third,log2rfu,Control,sPTD,260,62,10.715941701373776,8.568081718973348e-27,2.5704245156920045e-26,****
JAG2,Second,log2rfu,Control,sPTD,306,62,-10.700825429944475,1.0087557380453182e-26,3.0262672141359547e-26,****
MAPK14,Third,log2rfu,Control,sPTD,260,62,10.69460375708326,1.0787976694424132e-26,3.2363930083272394e-26,****
CHL1,Third,log2rfu,Control,sPTD,260,62,-10.660114709633325,1.5640441717484433e-26,4.69213251524533e-26,****
JAG2,Third,log2rfu,Control,sPTD,260,62,-10.646618995413787,1.8081334724930868e-26,5.424400417479261e-26,****
STK16,Second,log2rfu,Control,sPTD,306,62,10.626725313841265,2.2383438835270726e-26,6.715031650581218e-26,****
DHH,Third,log2rfu,Control,sPTD,260,62,10.615324585629352,2.5291387917197892e-26,7.587416375159368e-26,****
SPINT2,Third,log2rfu,Control,sPTD,260,62,10.60174504709789,2.924712287596443e-26,8.774136862789328e-26,****
NMT1,Third,log2rfu,Control,sPTD,260,62,10.576541870646494,3.8282798839055604e-26,1.148483965171668e-25,****
FER,Third,log2rfu,Control,sPTD,260,62,10.573943316976893,3.9358915754551553e-26,1.1807674726365466e-25,****
FLRT1,Second,log2rfu,Control,sPTD,306,62,10.55596170909295,4.767323598277632e-26,1.4301970794832896e-25,****
UFC1,Second,log2rfu,Control,sPTD,306,62,-10.555504170616011,4.7906078859531565e-26,1.437182365785947e-25,****
AIP,Second,log2rfu,Control,sPTD,306,62,-10.543206944166663,5.460447492445069e-26,1.6381342477335208e-25,****
MICB,Second,log2rfu,Control,sPTD,306,62,-10.536956264666363,5.835711706895205e-26,1.7507135120685615e-25,****
KLRF1,Third,log2rfu,Control,sPTD,260,62,-10.532366458263283,6.127436376080069e-26,1.8382309128240208e-25,****
MATN3,Third,log2rfu,Control,sPTD,260,62,-10.529954180842399,6.286507299821595e-26,1.8859521899464784e-25,****
RPS6KA3,Second,log2rfu,Control,sPTD,306,62,-10.520794597850273,6.928676900594805e-26,2.0786030701784417e-25,****
CSK,Second,log2rfu,Control,sPTD,306,62,-10.484529394262953,1.0175094911463527e-25,3.052528473439058e-25,****
CD27,Second,log2rfu,Control,sPTD,306,62,10.479792111263292,1.0697863873532e-25,3.2093591620595997e-25,****
CAPG,Third,log2rfu,Control,sPTD,260,62,-10.477889969326027,1.0915182213074832e-25,3.2745546639224497e-25,****
SSRP1,Second,log2rfu,Control,sPTD,306,62,10.472872721681316,1.1509616067812765e-25,3.4528848203438294e-25,****
COLEC12,Third,log2rfu,Control,sPTD,260,62,10.45350640836899,1.4120601188830863e-25,4.236180356649259e-25,****
TBP,Second,log2rfu,Control,sPTD,306,62,10.431905430361788,1.7729673176141358e-25,5.3189019528424075e-25,****
AREG,Third,log2rfu,Control,sPTD,260,62,10.428228721418108,1.8429162278911929e-25,5.528748683673578e-25,****
ERP29,Third,log2rfu,Control,sPTD,260,62,-10.414537417137414,2.128297088684109e-25,6.384891266052327e-25,****
ARSB,Third,log2rfu,Control,sPTD,260,62,10.396533817698929,2.5711644376333757e-25,7.713493312900127e-25,****
TLR2,Second,log2rfu,Control,sPTD,306,62,10.372854810623037,3.2953021674097356e-25,9.885906502229206e-25,****
ROBO3,Third,log2rfu,Control,sPTD,260,62,-10.37070661581433,3.3702330968401127e-25,1.0110699290520338e-24,****
FSTL3,Third,log2rfu,Control,sPTD,260,62,-10.323355193390498,5.525772887609163e-25,1.657731866282749e-24,****
CFC1,Third,log2rfu,Control,sPTD,260,62,10.250530493954631,1.176957868953633e-24,3.530873606860899e-24,****
GFAP,Third,log2rfu,Control,sPTD,260,62,-10.204259473773355,1.8976316781545605e-24,5.692895034463681e-24,****
CNTN2,Second,log2rfu,Control,sPTD,306,62,-10.198976111280258,2.0037368401657167e-24,6.01121052049715e-24,****
SPARCL1,Third,log2rfu,Control,sPTD,260,62,10.179223945945806,2.4551148451036438e-24,7.365344535310932e-24,****
C9,Third,log2rfu,Control,sPTD,260,62,-10.171409657312132,2.6603034698268594e-24,7.980910409480579e-24,****
SPINT2,Second,log2rfu,Control,sPTD,306,62,10.153151873051712,3.2083100538201794e-24,9.624930161460539e-24,****
MIF,Third,log2rfu,Control,sPTD,260,62,10.11185714059734,4.894749471685544e-24,1.4684248415056632e-23,****
HDAC8,Third,log2rfu,Control,sPTD,260,62,10.106790426632243,5.154530198547105e-24,1.5463590595641314e-23,****
SKP1,Second,log2rfu,Control,sPTD,306,62,10.040196181676377,1.0147214319093273e-23,3.044164295727982e-23,****
CAMK1D,Third,log2rfu,Control,sPTD,260,62,-10.026989681681929,1.1599931034971173e-23,3.479979310491352e-23,****
EDA,Third,log2rfu,Control,sPTD,260,62,-10.02234208927644,1.2158694748039616e-23,3.647608424411885e-23,****
BDNF,Second,log2rfu,Control,sPTD,306,62,9.994167810896585,1.6163916876787518e-23,4.8491750630362555e-23,****
PAK6,Third,log2rfu,Control,sPTD,260,62,-9.985915768839853,1.7567136217241756e-23,5.2701408651725267e-23,****
NAGK,Second,log2rfu,Control,sPTD,306,62,-9.959035894921367,2.3028498882584643e-23,6.908549664775393e-23,****
FCN1,Second,log2rfu,Control,sPTD,306,62,9.880895362114135,5.03807191540538e-23,1.511421574621614e-22,****
RAC1,Second,log2rfu,Control,sPTD,306,62,9.873018661257342,5.449932379819132e-23,1.6349797139457397e-22,****
RPS6KA3,Third,log2rfu,Control,sPTD,260,62,9.86386757068055,5.970432632658035e-23,1.7911297897974103e-22,****
DLL1,Third,log2rfu,Control,sPTD,260,62,-9.845454163494884,7.171459115073858e-23,2.1514377345221576e-22,****
TBP,Third,log2rfu,Control,sPTD,260,62,9.832377570834957,8.166754311735495e-23,2.4500262935206484e-22,****
CNTF,Second,log2rfu,Control,sPTD,306,62,-9.796060689436652,1.170622444492251e-22,3.511867333476753e-22,****
NCK1,Second,log2rfu,Control,sPTD,306,62,-9.774767552625386,1.4448861617904224e-22,4.334658485371267e-22,****
NCK1,Third,log2rfu,Control,sPTD,260,62,-9.74372870407059,1.9621941110448129e-22,5.886582333134439e-22,****
EDAR,Third,log2rfu,Control,sPTD,260,62,9.726935900248762,2.3146005755890853e-22,6.943801726767256e-22,****
FSTL3,Second,log2rfu,Control,sPTD,306,62,-9.720939910577204,2.455047196955363e-22,7.365141590866088e-22,****
NID2,Second,log2rfu,Control,sPTD,306,62,9.70432774433767,2.889749338104361e-22,8.669248014313082e-22,****
ERBB2,Third,log2rfu,Control,sPTD,260,62,-9.704163628843123,2.8944032296491826e-22,8.683209688947548e-22,****
CHST2,Second,log2rfu,Control,sPTD,306,62,9.678325480740703,3.727713077275229e-22,1.1183139231825686e-21,****
HTRA2,Third,log2rfu,Control,sPTD,260,62,9.668929476398324,4.0863001301830617e-22,1.2258900390549185e-21,****
CFC1,Second,log2rfu,Control,sPTD,306,62,-9.649423127105312,4.943302056244301e-22,1.4829906168732905e-21,****
MATK,Second,log2rfu,Control,sPTD,306,62,-9.617296886970893,6.758383909976279e-22,2.027515172992884e-21,****
EPHB2,Third,log2rfu,Control,sPTD,260,62,-9.586315960092383,9.128640305305987e-22,2.738592091591796e-21,****
ADAM12,Second,log2rfu,Control,sPTD,306,62,9.576554845363088,1.0033604676646785e-21,3.0100814029940355e-21,****
FCN2,Second,log2rfu,Control,sPTD,306,62,-9.552657258760028,1.2641153162387355e-21,3.792345948716206e-21,****
CHST6,Second,log2rfu,Control,sPTD,306,62,-9.474770131878486,2.673486874172043e-21,8.02046062251613e-21,****
ERBB3,Third,log2rfu,Control,sPTD,260,62,-9.448499477479192,3.437225569406348e-21,1.0311676708219044e-20,****
LRP8,Second,log2rfu,Control,sPTD,306,62,-9.423941126617608,4.344669871370642e-21,1.3034009614111926e-20,****
GCKR,Second,log2rfu,Control,sPTD,306,62,9.412115516752177,4.862499005251792e-21,1.4587497015755376e-20,****
RAN,Second,log2rfu,Control,sPTD,306,62,-9.378919340487077,6.665234218669722e-21,1.9995702656009167e-20,****
TF,Second,log2rfu,Control,sPTD,306,62,9.361040144619105,7.895553507614223e-21,2.368666052284267e-20,****
GP1BA,Third,log2rfu,Control,sPTD,260,62,-9.357028525546765,8.201064799202337e-21,2.4603194397607013e-20,****
ACE2,Second,log2rfu,Control,sPTD,306,62,-9.337797189990741,9.835910496416847e-21,2.950773148925054e-20,****
RGMB,Third,log2rfu,Control,sPTD,260,62,-9.335653326006502,1.0037030674934654e-20,3.011109202480396e-20,****
LYN,Third,log2rfu,Control,sPTD,260,62,9.333036144712027,1.0288073177897217e-20,3.0864219533691654e-20,****
RET,Third,log2rfu,Control,sPTD,260,62,-9.271555668823021,1.83450437519333e-20,5.503513125579989e-20,****
C3,Third,log2rfu,Control,sPTD,260,62,-9.251018712401985,2.223631299493507e-20,6.670893898480522e-20,****
SGTA,Second,log2rfu,Control,sPTD,306,62,-9.240235908600935,2.459543614116164e-20,7.378630842348492e-20,****
PYY,Third,log2rfu,Control,sPTD,260,62,-9.20234472861226,3.5022270741877566e-20,1.0506681222563269e-19,****
BST1,Third,log2rfu,Control,sPTD,260,62,-9.195676038908195,3.72643925190026e-20,1.117931775570078e-19,****
PDE5A,Second,log2rfu,Control,sPTD,306,62,-9.12813194269805,6.969140917056956e-20,2.090742275117087e-19,****
METAP1,Third,log2rfu,Control,sPTD,260,62,9.109374252877661,8.285848098614507e-20,2.4857544295843523e-19,****
CD70,Second,log2rfu,Control,sPTD,306,62,-9.101693257784623,8.893430908188506e-20,2.6680292724565517e-19,****
TFPI,Second,log2rfu,Control,sPTD,306,62,9.079449848752024,1.0912502480600052e-19,3.273750744180016e-19,****
ABL2,Second,log2rfu,Control,sPTD,306,62,9.057438728484644,1.335495206792038e-19,4.0064856203761137e-19,****
AMHR2,Second,log2rfu,Control,sPTD,306,62,9.034449179781966,1.6483044070520756e-19,4.944913221156226e-19,****
STK16,Third,log2rfu,Control,sPTD,260,62,-8.94094326878785,3.858624406588955e-19,1.1575873219766866e-18,****
RGMA,Second,log2rfu,Control,sPTD,306,62,8.922633815072224,4.553282495512797e-19,1.365984748653839e-18,****
EDAR,Second,log2rfu,Control,sPTD,306,62,8.914003935491856,4.922207683149874e-19,1.4766623049449624e-18,****
C9,Second,log2rfu,Control,sPTD,306,62,-8.860119981015742,7.992836979559978e-19,2.3978510938679934e-18,****
MATN2,Third,log2rfu,Control,sPTD,260,62,-8.825777978018634,1.0870148709691017e-18,3.2610446129073052e-18,****
PAK3,Third,log2rfu,Control,sPTD,260,62,-8.82164264529712,1.1279271828961792e-18,3.3837815486885377e-18,****
C1QBP,Second,log2rfu,Control,sPTD,306,62,8.788131580959934,1.5206780313751942e-18,4.5620340941255825e-18,****
LCK,Third,log2rfu,Control,sPTD,260,62,8.785551622108223,1.5559907161537841e-18,4.667972148461353e-18,****
ASAH2,Third,log2rfu,Control,sPTD,260,62,-8.751220909469698,2.110567570922697e-18,6.3317027127680916e-18,****
BGN,Second,log2rfu,Control,sPTD,306,62,-8.730186092619322,2.542539297595931e-18,7.627617892787792e-18,****
FST,Third,log2rfu,Control,sPTD,260,62,8.71558626309016,2.8925785645329474e-18,8.677735693598843e-18,****
CD22,Second,log2rfu,Control,sPTD,306,62,8.69798946194999,3.3781590165464964e-18,1.013447704963949e-17,****
BMPER,Second,log2rfu,Control,sPTD,306,62,8.6605909707505635,4.6932472411613245e-18,1.4079741723483975e-17,****
HDAC8,Second,log2rfu,Control,sPTD,306,62,-8.652158184667954,5.0534532707693435e-18,1.516035981230803e-17,****
GRN,Second,log2rfu,Control,sPTD,306,62,8.649863453229779,5.156108721658677e-18,1.546832616497603e-17,****
ESAM,Second,log2rfu,Control,sPTD,306,62,8.646660683891225,5.302835075125882e-18,1.5908505225377644e-17,****
PPID,Second,log2rfu,Control,sPTD,306,62,-8.637728125010732,5.7341877949549644e-18,1.7202563384864894e-17,****
FAM107B,Second,log2rfu,Control,sPTD,306,62,-8.634891386453726,5.878286265983981e-18,1.7634858797951942e-17,****
OLR1,Third,log2rfu,Control,sPTD,260,62,-8.599452335827614,8.009739993322761e-18,2.4029219979968283e-17,****
UFM1,Third,log2rfu,Control,sPTD,260,62,8.559281862791815,1.1357273861793884e-17,3.4071821585381653e-17,****
PDK1,Third,log2rfu,Control,sPTD,260,62,-8.530278650866595,1.4599562491887886e-17,4.379868747566366e-17,****
KIF23,Third,log2rfu,Control,sPTD,260,62,8.50182495387509,1.8663309603426135e-17,5.59899288102784e-17,****
LRIG3,Second,log2rfu,Control,sPTD,306,62,-8.499269942836314,1.907867673650515e-17,5.723603020951545e-17,****
FCAR,Second,log2rfu,Control,sPTD,306,62,-8.493772442059587,2.0003578348101036e-17,6.001073504430311e-17,****
BCAM,Second,log2rfu,Control,sPTD,306,62,8.404432775147653,4.299344849725437e-17,1.289803454917631e-16,****
GP1BA,Second,log2rfu,Control,sPTD,306,62,-8.361719798562277,6.181050854695522e-17,1.8543152564086568e-16,****
SPHK2,Second,log2rfu,Control,sPTD,306,62,-8.31503679580779,9.172380682129872e-17,2.7517142046389615e-16,****
BCAM,Third,log2rfu,Control,sPTD,260,62,-8.288343059033101,1.1483695790667433e-16,3.44510873720023e-16,****
CAMK1D,Second,log2rfu,Control,sPTD,306,62,8.235164655841695,1.7931084300747372e-16,5.379325290224212e-16,****
JAG1,Third,log2rfu,Control,sPTD,260,62,-8.218862018261701,2.054432466876119e-16,6.163297400628357e-16,****
TYK2,Second,log2rfu,Control,sPTD,306,62,8.197787281802743,2.4485213169052393e-16,7.345563950715718e-16,****
PRL,Third,log2rfu,Control,sPTD,260,62,-8.196397102666445,2.476991230754338e-16,7.430973692263015e-16,****
DKK1,Second,log2rfu,Control,sPTD,306,62,8.195802268718188,2.489272473164079e-16,7.467817419492237e-16,****
LGMN,Third,log2rfu,Control,sPTD,260,62,8.182435697825115,2.7816318798853765e-16,8.34489563965613e-16,****
RASA1,Third,log2rfu,Control,sPTD,260,62,-8.17278658814158,3.013467669251561e-16,9.040403007754684e-16,****
PDE9A,Second,log2rfu,Control,sPTD,306,62,8.158087020111655,3.4037226593378716e-16,1.0211167978013615e-15,****
CRP,Second,log2rfu,Control,sPTD,306,62,-8.144670584157183,3.8031585399286127e-16,1.1409475619785838e-15,****
ERBB4,Third,log2rfu,Control,sPTD,260,62,-8.14241424578829,3.874729239560105e-16,1.1624187718680316e-15,****
HCK,Second,log2rfu,Control,sPTD,306,62,8.102225091604478,5.396298150680048e-16,1.6188894452040145e-15,****
TBK1,Third,log2rfu,Control,sPTD,260,62,8.08934414252885,5.998685941127446e-16,1.7996057823382335e-15,****
PAK6,Second,log2rfu,Control,sPTD,306,62,-8.062531868966879,7.473025505645331e-16,2.2419076516935994e-15,****
SHC1,Second,log2rfu,Control,sPTD,306,62,-8.061236683124475,7.552643470818164e-16,2.265793041245449e-15,****
LYN,Second,log2rfu,Control,sPTD,306,62,-7.993049371953982,1.3164137920445042e-15,3.949241376133513e-15,****
FCN1,Third,log2rfu,Control,sPTD,260,62,7.985150522809057,1.4035093992131997e-15,4.210528197639599e-15,****
ERBB3,Second,log2rfu,Control,sPTD,306,62,7.968314137985458,1.6085355624859158e-15,4.825606687457747e-15,****
PPIB,Third,log2rfu,Control,sPTD,260,62,-7.947485465318501,1.9033533031964686e-15,5.710059909589406e-15,****
CBX5,Third,log2rfu,Control,sPTD,260,62,-7.91729939921393,2.4272478468198163e-15,7.281743540459448e-15,****
RELT,Second,log2rfu,Control,sPTD,306,62,-7.912008749108325,2.532685889596465e-15,7.598057668789395e-15,****
NID2,Third,log2rfu,Control,sPTD,260,62,7.907231167970782,2.631766525861833e-15,7.895299577585499e-15,****
RBM39,Third,log2rfu,Control,sPTD,260,62,-7.8889947232213995,3.046304020637357e-15,9.13891206191207e-15,****
PDE3A,Second,log2rfu,Control,sPTD,306,62,7.858441552039321,3.889421319419643e-15,1.1668263958258928e-14,****
ASGR1,Third,log2rfu,Control,sPTD,260,62,-7.811364096568636,5.65723287445138e-15,1.6971698623354138e-14,****
PDE7A,Third,log2rfu,Control,sPTD,260,62,7.775654939689607,7.505804737637813e-15,2.251741421291344e-14,****
BMPR1A,Second,log2rfu,Control,sPTD,306,62,7.575710929506647,3.571662915052597e-14,1.0714988745157791e-13,****
PIM1,Third,log2rfu,Control,sPTD,260,62,7.5725952009633275,3.658409272489955e-14,1.0975227817469864e-13,****
OMD,Third,log2rfu,Control,sPTD,260,62,-7.5046323116189715,6.160126257379759e-14,1.8480378772139279e-13,****
RSPO2,Second,log2rfu,Control,sPTD,306,62,7.4795785759755855,7.456132041477231e-14,2.2368396124431694e-13,****
CRTAM,Second,log2rfu,Control,sPTD,306,62,-7.471694836065296,7.916843710766568e-14,2.3750531132299705e-13,****
ABL1,Second,log2rfu,Control,sPTD,306,62,-7.442384217327406,9.888411744196022e-14,2.9665235232588067e-13,****
DLL4,Second,log2rfu,Control,sPTD,306,62,-7.434965054947547,1.0459560990944491e-13,3.1378682972833473e-13,****
HINT1,Third,log2rfu,Control,sPTD,260,62,7.426685015343388,1.1135310340217619e-13,3.3405931020652856e-13,****
RTN4,Second,log2rfu,Control,sPTD,306,62,7.380278648373422,1.5795858738523223e-13,4.738757621556967e-13,****
ING1,Second,log2rfu,Control,sPTD,306,62,-7.332673529611572,2.25606059393529e-13,6.76818178180587e-13,****
IL22RA1,Third,log2rfu,Control,sPTD,260,62,7.311789825134811,2.636072115539267e-13,7.908216346617801e-13,****
SBDS,Second,log2rfu,Control,sPTD,306,62,-7.296584302361535,2.9516493663341163e-13,8.854948099002349e-13,****
ALCAM,Third,log2rfu,Control,sPTD,260,62,-7.278688535737821,3.3708090693503503e-13,1.011242720805105e-12,****
OSM,Third,log2rfu,Control,sPTD,260,62,-7.241349461682519,4.442420776602603e-13,1.3327262329807809e-12,****
ROBO3,Second,log2rfu,Control,sPTD,306,62,-7.1287028765933655,1.013191787011706e-12,3.039575361035118e-12,****
CD22,Third,log2rfu,Control,sPTD,260,62,7.07244347315848,1.5222900302196116e-12,4.566870090658835e-12,****
HCK,Third,log2rfu,Control,sPTD,260,62,-7.066277729325952,1.5914475272212092e-12,4.7743425816636276e-12,****
MIF,Second,log2rfu,Control,sPTD,306,62,7.005920666544135,2.4536692639243404e-12,7.361007791773021e-12,****
PLCG1,Second,log2rfu,Control,sPTD,306,62,6.931264465215114,4.1709545598822706e-12,1.2512863679646812e-11,****
CDC37,Second,log2rfu,Control,sPTD,306,62,6.904466788573627,5.039234454196037e-12,1.511770336258811e-11,****
CCL28,Second,log2rfu,Control,sPTD,306,62,6.864555355277797,6.66986738699937e-12,2.000960216099811e-11,****
EPHA3,Second,log2rfu,Control,sPTD,306,62,-6.83340050452518,8.292501754430479e-12,2.4877505263291437e-11,****
TFF3,Third,log2rfu,Control,sPTD,260,62,-6.82771373759423,8.627852798514141e-12,2.5883558395542425e-11,****
BMPER,Third,log2rfu,Control,sPTD,260,62,-6.82283329987785,8.926221689992346e-12,2.677866506997704e-11,****
PDE7A,Second,log2rfu,Control,sPTD,306,62,6.75541483089476,1.4242715420325517e-11,4.272814626097655e-11,****
PTK6,Third,log2rfu,Control,sPTD,260,62,-6.742371274244589,1.5582228008059178e-11,4.674668402417754e-11,****
BPI,Third,log2rfu,Control,sPTD,260,62,-6.72452600961751,1.7616495132852563e-11,5.284948539855769e-11,****
PPIB,Second,log2rfu,Control,sPTD,306,62,6.720881234466305,1.8062877945140717e-11,5.418863383542215e-11,****
IDE,Second,log2rfu,Control,sPTD,306,62,-6.705972519171674,2.0006937490887717e-11,6.002081247266314e-11,****
PDE3A,Third,log2rfu,Control,sPTD,260,62,6.698512531484198,2.1055167099139084e-11,6.316550129741726e-11,****
PDE9A,Third,log2rfu,Control,sPTD,260,62,-6.588730624302899,4.4360278291388525e-11,1.3308083487416558e-10,****
RASA1,Second,log2rfu,Control,sPTD,306,62,6.566514791401488,5.150653333420982e-11,1.5451960000262948e-10,****
FGF23,Third,log2rfu,Control,sPTD,260,62,-6.548997900451588,5.792444584313649e-11,1.7377333752940947e-10,****
SHBG,Third,log2rfu,Control,sPTD,260,62,-6.531925682256684,6.49293747746386e-11,1.947881243239158e-10,****
HINT1,Second,log2rfu,Control,sPTD,306,62,6.510364261701165,7.496878597305725e-11,2.2490635791917177e-10,****
DBNL,Second,log2rfu,Control,sPTD,306,62,-6.492224620854012,8.457802591818874e-11,2.537340777545662e-10,****
ENPP7,Second,log2rfu,Control,sPTD,306,62,6.4825951956778765,9.015816160893668e-11,2.7047448482681e-10,****
C6,Second,log2rfu,Control,sPTD,306,62,-6.478033889015496,9.292548583331168e-11,2.7877645749993505e-10,****
ZAP70,Third,log2rfu,Control,sPTD,260,62,-6.448119997958956,1.1324608853953898e-10,3.39738265618617e-10,****
BPI,Second,log2rfu,Control,sPTD,306,62,-6.445027767194659,1.1557925418609224e-10,3.4673776255827673e-10,****
HRG,Third,log2rfu,Control,sPTD,260,62,6.414841746125685,1.4096922175959684e-10,4.2290766527879056e-10,****
TEC,Second,log2rfu,Control,sPTD,306,62,-6.38872237831753,1.6727743151793988e-10,5.018322945538196e-10,****
FCRL3,Second,log2rfu,Control,sPTD,306,62,-6.32368152405766,2.5540384954901374e-10,7.662115486470412e-10,****
CRP,Third,log2rfu,Control,sPTD,260,62,-6.283051300158484,3.3199144862555505e-10,9.95974345876665e-10,****
PAK3,Second,log2rfu,Control,sPTD,306,62,6.258401341979086,3.889438235789629e-10,1.1668314707368886e-9,****
MIA,Third,log2rfu,Control,sPTD,260,62,-6.175532649399096,6.594077725071677e-10,1.978223317521503e-9,****
PIM1,Second,log2rfu,PPROM,sPTD,4,62,6.111084769156195,9.895618270997732e-10,1.9791236541995464e-9,****
MATN3,Second,log2rfu,Control,sPTD,306,62,-6.137174762751438,8.400196092948012e-10,2.5200588278844037e-9,****
ADAM12,Third,log2rfu,Control,sPTD,260,62,6.121922345018375,9.245308237373665e-10,2.7735924712120994e-9,****
PSME3,Third,log2rfu,Control,sPTD,260,62,-6.112086959086125,9.833657110395592e-10,2.9500971331186775e-9,****
ACE2,Third,log2rfu,Control,sPTD,260,62,-6.102586870401564,1.0436535267825348e-9,3.1309605803476047e-9,****
RSPO2,Third,log2rfu,Control,sPTD,260,62,6.102447163215024,1.0445664632130702e-9,3.1336993896392107e-9,****
NR1D1,Second,log2rfu,PPROM,sPTD,4,62,-6.034180119739418,1.5977177751224745e-9,3.195435550244949e-9,****
MAPKAPK3,Second,log2rfu,PPROM,sPTD,4,62,-6.018043227328714,1.7653805650955417e-9,3.5307611301910835e-9,****
HIPK3,Second,log2rfu,PPROM,sPTD,4,62,6.014554169510183,1.8038244274313415e-9,3.607648854862683e-9,****
EDA,Second,log2rfu,Control,sPTD,306,62,6.047293088720676,1.4729965407395498e-9,4.418989622218649e-9,****
TBK1,Second,log2rfu,Control,sPTD,306,62,5.974305143069096,2.310729377359615e-9,6.932188132078846e-9,****
MAPKAPK3,Third,log2rfu,Control,sPTD,260,62,5.9681047326404055,2.4002528880669977e-9,7.200758664200993e-9,****
IDE,Third,log2rfu,Control,sPTD,260,62,5.962507131366462,2.483968071733715e-9,7.451904215201145e-9,****
PRL,Second,log2rfu,PPROM,sPTD,4,62,5.876445630860018,4.191689890452671e-9,8.383379780905341e-9,****
RBM39,Second,log2rfu,PPROM,sPTD,4,62,-5.870339779677589,4.349028951900247e-9,8.698057903800494e-9,****
BTK,Second,log2rfu,Control,sPTD,306,62,5.892440950964952,3.805320959488645e-9,1.1415962878465935e-8,****
SSRP1,Third,log2rfu,PPROM,sPTD,4,62,5.79545974409833,6.8134270581456445e-9,1.3626854116291289e-8,****
FGFR4,Second,log2rfu,PPROM,sPTD,4,62,-5.795325036579183,6.818898480737437e-9,1.3637796961474875e-8,****
FETUB,Second,log2rfu,PPROM,sPTD,4,62,-5.786602392032856,7.182431351026353e-9,1.4364862702052706e-8,****
FGFR4,Third,log2rfu,PPROM,sPTD,4,62,-5.751175279795363,8.862517084965097e-9,1.7725034169930194e-8,****
LBP,Third,log2rfu,Control,sPTD,260,62,-5.8169974396812645,5.991405924051164e-9,1.7974217772153493e-8,****
NR1D1,Third,log2rfu,PPROM,sPTD,4,62,-5.727457383183663,1.0194703654105336e-8,2.038940730821067e-8,****
GREM1,Third,log2rfu,PPROM,sPTD,4,62,-5.725798789015011,1.0294818087690099e-8,2.0589636175380198e-8,****
FETUB,Third,log2rfu,PPROM,sPTD,4,62,-5.72314503834517,1.045699186304926e-8,2.091398372609852e-8,****
CSK,Second,log2rfu,PPROM,sPTD,4,62,-5.706644817024865,1.1522487528565583e-8,2.3044975057131165e-8,****
SSRP1,Second,log2rfu,PPROM,sPTD,4,62,5.704028023660968,1.1700882728379547e-8,2.3401765456759094e-8,****
FGF23,Second,log2rfu,PPROM,sPTD,4,62,-5.701701985115281,1.1861707208885106e-8,2.3723414417770212e-8,****
GFAP,Second,log2rfu,PPROM,sPTD,4,62,-5.695886888751064,1.227322290922232e-8,2.454644581844464e-8,****
STAB2,Third,log2rfu,Control,sPTD,260,62,5.70637728938074,1.1540603754602389e-8,3.462181126380717e-8,****
FGF7,Second,log2rfu,Control,sPTD,306,62,5.692257308725082,1.2537072747203315e-8,3.761121824160994e-8,****
GFAP,Third,log2rfu,PPROM,sPTD,4,62,-5.609697197209481,2.026809298112007e-8,4.053618596224014e-8,****
TBP,Second,log2rfu,PPROM,sPTD,4,62,5.603717611378216,2.098024199190885e-8,4.19604839838177e-8,****
GDF2,Second,log2rfu,PPROM,sPTD,4,62,5.593831947559046,2.2211195233707175e-8,4.442239046741435e-8,****
OSM,Second,log2rfu,Control,sPTD,306,62,5.630524809606136,1.796620940426628e-8,5.389862821279884e-8,****
TNFSF18,Second,log2rfu,Control,sPTD,306,62,5.617502560647179,1.9373730408001426e-8,5.812119122400428e-8,****
TBP,Third,log2rfu,PPROM,sPTD,4,62,5.527430926444421,3.2495410067786e-8,6.4990820135572e-8,****
GPNMB,Third,log2rfu,Control,sPTD,260,62,-5.590653169865374,2.262170329324611e-8,6.786510987973832e-8,****
BGN,Third,log2rfu,PPROM,sPTD,4,62,-5.475019350715066,4.3746380425579934e-8,8.749276085115987e-8,****
GCKR,Second,log2rfu,PPROM,sPTD,4,62,5.46589982754626,4.605643904028249e-8,9.211287808056498e-8,****
CBX5,Second,log2rfu,Control,sPTD,306,62,5.531217842950482,3.180150845591783e-8,9.540452536775349e-8,****
PSME1,Second,log2rfu,Control,sPTD,306,62,5.507974888322119,3.6298517014363324e-8,1.0889555104308998e-7,****
CHST2,Second,log2rfu,PPROM,sPTD,4,62,5.429991607497216,5.635670214058783e-8,1.1271340428117567e-7,****
FST,Second,log2rfu,Control,sPTD,306,62,5.492341150517878,3.966402603346285e-8,1.1899207810038855e-7,****
DLL4,Third,log2rfu,PPROM,sPTD,4,62,-5.3249165784522035,1.0099938095511066e-7,2.0199876191022133e-7,****
PDE5A,Third,log2rfu,Control,sPTD,260,62,5.351185738327375,8.737977805574339e-8,2.621393341672302e-7,****
ABL2,Third,log2rfu,Control,sPTD,260,62,-5.333871361009141,9.614064423152181e-8,2.8842193269456543e-7,****
ESAM,Third,log2rfu,Control,sPTD,260,62,5.282822355048278,1.2720872973827122e-7,3.816261892148137e-7,****
AREG,Second,log2rfu,Control,sPTD,306,62,5.261122321434744,1.4317873807823105e-7,4.295362142346932e-7,****
MICA,Second,log2rfu,PPROM,sPTD,4,62,-5.1715105741077485,2.3220912952840724e-7,4.644182590568145e-7,****
HTRA2,Second,log2rfu,Control,sPTD,306,62,-5.244108929146205,1.5703940670879468e-7,4.7111822012638404e-7,****
FST,Third,log2rfu,PPROM,sPTD,4,62,5.165857397678627,2.393392202732517e-7,4.786784405465034e-7,****
PAK6,Second,log2rfu,PPROM,sPTD,4,62,-5.162933306970527,2.4310977539091776e-7,4.862195507818355e-7,****
TLR2,Third,log2rfu,Control,sPTD,260,62,5.221099720035936,1.7786372751336806e-7,5.335911825401042e-7,****
PDK1,Third,log2rfu,PPROM,sPTD,4,62,-5.140480906898275,2.7403617115955477e-7,5.480723423191095e-7,****
ALCAM,Second,log2rfu,Control,sPTD,306,62,5.215614840613309,1.8320850997179897e-7,5.496255299153969e-7,****
DKK3,Second,log2rfu,Control,sPTD,306,62,5.2012551714910025,1.9794710536291304e-7,5.938413160887391e-7,****
GNS,Third,log2rfu,Control,sPTD,260,62,-5.188128824013047,2.1241764364229489e-7,6.372529309268846e-7,****
RBM39,Third,log2rfu,PPROM,sPTD,4,62,-5.0975233179302295,3.4412603787119866e-7,6.882520757423973e-7,****
LCK,Third,log2rfu,PPROM,sPTD,4,62,5.08243011099551,3.7263643714291015e-7,7.452728742858203e-7,****
AURKB,Second,log2rfu,Control,sPTD,306,62,5.115716593464386,3.1255205685768203e-7,9.376561705730461e-7,****
DKK1,Second,log2rfu,PPROM,sPTD,4,62,5.0334020354575815,4.818511065632692e-7,9.637022131265383e-7,****
PIM1,Third,log2rfu,PPROM,sPTD,4,62,5.027530644013181,4.968361105779578e-7,9.936722211559155e-7,****
NANOG,Third,log2rfu,Control,sPTD,260,62,-5.089858789002453,3.583302570104104e-7,1.0749907710312311e-6,****
LRP8,Third,log2rfu,PPROM,sPTD,4,62,-5.0101154052423515,5.439740504258229e-7,1.0879481008516459e-6,****
TFPI,Second,log2rfu,PPROM,sPTD,4,62,5.008542498500551,5.484376644196747e-7,1.0968753288393494e-6,****
SHBG,Second,log2rfu,Control,sPTD,306,62,-5.0732429446977125,3.910926675869079e-7,1.1732780027607236e-6,****
C3,Second,log2rfu,Control,sPTD,306,62,5.0692447623146375,3.9939734094365355e-7,1.1981920228309606e-6,****
PPIB,Third,log2rfu,PPROM,sPTD,4,62,-4.975119068283828,6.520754607657451e-7,1.3041509215314902e-6,****
ARSB,Third,log2rfu,PPROM,sPTD,4,62,4.970309145194742,6.68462330345175e-7,1.33692466069035e-6,****
WNT7A,Third,log2rfu,Control,sPTD,260,62,-5.045897594305266,4.5139714493450985e-7,1.3541914348035295e-6,****
PIGR,Third,log2rfu,Control,sPTD,260,62,-4.98351367860998,6.243989749226828e-7,1.8731969247680484e-6,****
TNFSF15,Third,log2rfu,Control,sPTD,260,62,-4.981129342626405,6.321426911334335e-7,1.8964280734003006e-6,****
LCK,Second,log2rfu,Control,sPTD,306,62,4.975350827793818,6.512957382529619e-7,1.9538872147588857e-6,****
SPINT2,Second,log2rfu,PPROM,sPTD,4,62,4.844120648802301,1.271736422471824e-6,2.543472844943648e-6,****
DHH,Second,log2rfu,Control,sPTD,306,62,4.923663058006997,8.493903764295508e-7,2.5481711292886525e-6,****
ETHE1,Second,log2rfu,Control,sPTD,306,62,-4.907712562795649,9.214476520716894e-7,2.7643429562150684e-6,****
CD48,Second,log2rfu,PPROM,sPTD,4,62,-4.814318279935687,1.477032384514332e-6,2.954064769028664e-6,****
SHBG,Third,log2rfu,PPROM,sPTD,4,62,-4.797317773404501,1.6080438655979528e-6,3.2160877311959057e-6,****
FGF23,Third,log2rfu,PPROM,sPTD,4,62,-4.7906833967299,1.6621422019079243e-6,3.3242844038158485e-6,****
JAG1,Second,log2rfu,Control,sPTD,306,62,4.801584753306898,1.57414857782494e-6,4.72244573347482e-6,****
C5,Third,log2rfu,Control,sPTD,260,62,4.798876660881802,1.5955801035994962e-6,4.786740310798489e-6,****
SBDS,Third,log2rfu,Control,sPTD,260,62,-4.766948911851726,1.8703671187579906e-6,5.611101356273972e-6,****
HIPK3,Third,log2rfu,Control,sPTD,260,62,4.747492357673247,2.0595416952078006e-6,6.178625085623402e-6,****
TSLP,Second,log2rfu,Control,sPTD,306,62,-4.741766876737595,2.118623324626816e-6,6.355869973880448e-6,****
BMPER,Second,log2rfu,PPROM,sPTD,4,62,4.6548392621470205,3.242335505135977e-6,6.484671010271954e-6,****
CRTAM,Third,log2rfu,Control,sPTD,260,62,-4.723518604463383,2.3179874301019836e-6,6.953962290305951e-6,****
MBD4,Second,log2rfu,PPROM,sPTD,4,62,4.625763780325934,3.732204733747112e-6,7.464409467494224e-6,****
GCKR,Third,log2rfu,Control,sPTD,260,62,4.6995075960037775,2.6078952267917e-6,7.8236856803751e-6,****
PPID,Second,log2rfu,PPROM,sPTD,4,62,-4.613261323142866,3.9639940329306224e-06,7.927988065861245e-6,****
MAPK14,Second,log2rfu,Control,sPTD,306,62,-4.678211262764397,2.893883059275009e-6,8.681649177825027e-6,****
C9,Second,log2rfu,PPROM,sPTD,4,62,-4.562960739592384,5.043724917220766e-6,1.0087449834441531e-5,****
CFC1,Second,log2rfu,PPROM,sPTD,4,62,-4.539700354135514,5.633422855197068e-6,1.1266845710394136e-5,****
C6,Second,log2rfu,PPROM,sPTD,4,62,-4.492888828403563,7.026346899508799e-6,1.4052693799017598e-5,****
SHBG,Second,log2rfu,PPROM,sPTD,4,62,-4.491871186539825,7.060012246181661e-6,1.4120024492363323e-5,****
NCAM1,Third,log2rfu,Control,sPTD,260,62,-4.550281693156675,5.357414487200023e-6,1.6072243461600067e-5,****
BPI,Second,log2rfu,PPROM,sPTD,4,62,-4.444478151171452,8.810546080092983e-6,1.7621092160185966e-5,****
MDM2,Second,log2rfu,Control,sPTD,306,62,-4.520501269291197,6.16933751925119e-6,1.850801255775357e-5,****
CKAP2,Third,log2rfu,Control,sPTD,260,62,4.50432734259822,6.658350621371349e-6,1.9975051864114048e-5,****
C9,Third,log2rfu,PPROM,sPTD,4,62,-4.410367753858356,1.031952133596227e-5,2.063904267192454e-5,****
MAPK14,Second,log2rfu,PPROM,sPTD,4,62,-4.403190966985508,1.0667019138642177e-5,2.1334038277284353e-5,****
HIPK3,Third,log2rfu,PPROM,sPTD,4,62,4.402572361265699,1.0697489329352297e-5,2.1394978658704595e-5,****
C6,Third,log2rfu,Control,sPTD,260,62,-4.4809403595718145,7.431487781982007e-6,2.2294463345946023e-5,****
GCKR,Third,log2rfu,PPROM,sPTD,4,62,4.391957358586337,1.1233473438036783e-5,2.2466946876073566e-5,****
FST,Second,log2rfu,PPROM,sPTD,4,62,4.380948223392376,1.1816395024521315e-5,2.363279004904263e-5,****
EPHB2,Second,log2rfu,Control,sPTD,306,62,-4.4662231278195685,7.96125781549086e-6,2.388377344647258e-5,****
ADAM12,Second,log2rfu,PPROM,sPTD,4,62,4.3411148132974855,1.41761619604594e-5,2.83523239209188e-5,****
LRP8,Second,log2rfu,PPROM,sPTD,4,62,-4.302299045066334,1.6903495742407988e-5,3.3806991484815976e-5,****
ERBB4,Second,log2rfu,Control,sPTD,306,62,-4.389384819908233,1.136717647014447e-5,3.410152941043341e-5,****
UFC1,Third,log2rfu,Control,sPTD,260,62,4.3765790912281775,1.2055645849131583e-5,3.6166937547394746e-5,****
SBDS,Second,log2rfu,PPROM,sPTD,4,62,-4.27118827951777,1.944341641788437e-5,3.888683283576874e-5,****
GPNMB,Third,log2rfu,PPROM,sPTD,4,62,-4.22991270830919,2.337820102223037e-5,4.675640204446074e-5,****
PTK6,Second,log2rfu,Control,sPTD,306,62,-4.306661863278149,1.6573666410635268e-5,4.97209992319058e-5,****
MDM2,Second,log2rfu,PPROM,sPTD,4,62,-4.199226462010579,2.678283571827466e-5,5.356567143654932e-5,****
HINT1,Second,log2rfu,PPROM,sPTD,4,62,4.176692963599235,2.957778383687304e-5,5.915556767374608e-5,****
FGR,Third,log2rfu,Control,sPTD,260,62,-4.245151883945976,2.184454034962995e-5,6.553362104888984e-5,****
BCAM,Third,log2rfu,PPROM,sPTD,4,62,-4.149968469380239,3.325210764014658e-5,6.650421528029316e-5,****
GPC5,Second,log2rfu,PPROM,sPTD,4,62,-4.123630209275751,3.72947472883589e-5,7.45894945767178e-5,****
PDE4D,Second,log2rfu,PPROM,sPTD,4,62,4.187741646691249,2.8174397323631788e-5,8.452319197089536e-5,****
DKK3,Second,log2rfu,PPROM,sPTD,4,62,4.092374066318082,4.269791393020301e-5,8.539582786040602e-5,****
CDON,Third,log2rfu,Control,PPROM,260,4,-4.085304033385956,4.4019139032081956e-5,8.803827806416391e-5,****
FYN,Third,log2rfu,Control,PPROM,260,4,4.085304033385956,4.4019139032081956e-5,8.803827806416391e-5,****
JAK2,Third,log2rfu,Control,PPROM,260,4,-4.085304033385956,4.4019139032081956e-5,8.803827806416391e-5,****
PCSK7,Third,log2rfu,Control,PPROM,260,4,-4.0852230400466745,4.403449711283001e-5,8.806899422566002e-5,****
PDPK1,Third,log2rfu,Control,PPROM,260,4,4.085142046707392,4.4049860276037104e-5,8.809972055207421e-5,****
LYVE1,Third,log2rfu,Control,PPROM,260,4,-4.084494099993136,4.417294874004453e-5,8.834589748008906e-5,****
NACA,Third,log2rfu,Control,PPROM,260,4,4.084332113314572,4.4203771791420355e-5,8.840754358284071e-5,****
SHC1,Third,log2rfu,Control,PPROM,260,4,4.081740326457546,4.469972359365725e-5,8.93994471873145e-5,****
SIRT2,Third,log2rfu,Control,PPROM,260,4,4.078986552921957,4.523245289401435e-5,9.04649057880287e-5,****
XPNPEP1,Third,log2rfu,Control,PPROM,260,4,4.078743572904111,4.5279746403833114e-5,9.055949280766623e-5,****
ECM1,Second,log2rfu,Control,sPTD,306,62,4.168485243243384,3.066306088062876e-5,9.198918264188628e-5,****
AIF1,Third,log2rfu,Control,PPROM,260,4,4.0742889392435995,4.615514957915055e-5,9.23102991583011e-5,****
MDM2,Third,log2rfu,Control,PPROM,260,4,4.073479005850778,4.631602834190522e-5,9.263205668381044e-5,****
DSC3,Third,log2rfu,Control,PPROM,260,4,-4.073155032493651,4.638052861814041e-5,9.276105723628082e-5,****
BTK,Third,log2rfu,Control,PPROM,260,4,4.071049205672318,4.6801861169273195e-5,9.360372233854639e-5,****
CHST2,Third,log2rfu,Control,PPROM,260,4,4.0700772856009335,4.69975440788285e-5,9.3995088157657e-5,****
MRC2,Third,log2rfu,Control,PPROM,260,4,-4.069348345547395,4.714481509957041e-5,9.428963019914082e-5,****
CRP,Third,log2rfu,PPROM,sPTD,4,62,-4.065546026195932,4.7920135605855635e-5,9.584027121171127e-5,****
FCRL3,Third,log2rfu,Control,PPROM,260,4,-4.063678811797653,4.8305285307989025e-5,9.661057061597805e-5,****
PTH,Third,log2rfu,Control,PPROM,260,4,-4.062949871744114,4.845643853145317e-5,9.691287706290633e-5,****
FCAR,Third,log2rfu,Control,PPROM,260,4,-4.0608440449227805,4.889562619365354e-5,9.779125238730708e-5,****
DKK1,Third,log2rfu,PPROM,sPTD,4,62,4.059740946605655,4.912718996072316e-5,9.825437992144632e-5,****
ERBB2,Second,log2rfu,Control,sPTD,306,62,4.1463192637991915,3.3786264170454024e-5,1.0135879251136208e-4,***
TGM3,Third,log2rfu,Control,sPTD,260,62,-4.14168474159618,3.447640141918512e-5,1.0342920425755536e-4,***
RELT,Third,log2rfu,Control,PPROM,260,4,-4.046346237191297,5.2023269335684716e-5,1.0404653867136943e-4,***
PCNA,Third,log2rfu,Control,PPROM,260,4,-4.046346237191297,5.2023269335684716e-5,1.0404653867136943e-4,***
TF,Third,log2rfu,Control,PPROM,260,4,-4.045941270494886,5.2113298100257546e-5,1.0422659620051509e-4,***
ETHE1,Third,log2rfu,Control,PPROM,260,4,-4.0453743171199115,5.2239586440749754e-5,1.0447917288149951e-4,***
BDNF,Third,log2rfu,Control,PPROM,260,4,4.035493129727503,5.448773411391295e-5,1.089754682278259e-4,***
CRK,Third,log2rfu,Control,PPROM,260,4,4.031281476084838,5.5473559535748656e-5,1.1094711907149731e-4,***
LSAMP,Third,log2rfu,Control,PPROM,260,4,-4.0300665759956065,5.5761057400479366e-5,1.1152211480095873e-4,***
TEC,Third,log2rfu,Control,PPROM,260,4,4.028851675906376,5.6049966343041656e-5,1.1209993268608331e-4,***
NXPH1,Third,log2rfu,Control,PPROM,260,4,-4.028689689227813,5.60885944989171e-5,1.121771889978342e-4,***
DMP1,Third,log2rfu,Control,PPROM,260,4,-4.0285277025492485,5.61272478715251e-5,1.122544957430502e-4,***
EPHA3,Third,log2rfu,Control,PPROM,260,4,-4.027636775817146,5.634029286067657e-5,1.1268058572135315e-4,***
CSK,Third,log2rfu,Control,PPROM,260,4,4.026826842424326,5.653463463518345e-5,1.130692692703669e-4,***
PRKACA,Third,log2rfu,Control,PPROM,260,4,4.026340882388633,5.665154431449454e-5,1.1330308862898909e-4,***
CNTF,Second,log2rfu,PPROM,sPTD,4,62,-4.0259365903568956,5.6748981209264324e-5,1.1349796241852865e-4,***
AMHR2,Third,log2rfu,Control,sPTD,260,62,4.110353076562,3.950545830479463e-5,1.185163749143839e-4,***
MAPK14,Third,log2rfu,Control,PPROM,260,4,4.010142214532226,6.0682187459935534e-5,1.2136437491987107e-4,***
CAMK2B,Second,log2rfu,Control,PPROM,306,4,-4.0099073017171625,6.074258987726809e-5,1.2148517975453619e-4,***
CAMK2D,Second,log2rfu,Control,PPROM,306,4,-4.0099073017171625,6.074258987726809e-5,1.2148517975453619e-4,***
CNTF,Third,log2rfu,Control,PPROM,260,4,-4.009818241175098,6.076550462238211e-5,1.2153100924476421e-4,***
CAMK2A,Second,log2rfu,Control,PPROM,306,4,-4.0086391463402755,6.106965120780206e-5,1.2213930241560412e-4,***
CHL1,Third,log2rfu,Control,PPROM,260,4,-4.008279367728739,6.11627424465727e-5,1.223254848931454e-4,***
JAG2,Third,log2rfu,Control,PPROM,260,4,-4.007550427675201,6.135176471751036e-5,1.2270352943502072e-4,***
ECM1,Second,log2rfu,PPROM,sPTD,4,62,4.006310640127662,6.167452634329404e-5,1.2334905268658808e-4,***
MATK,Third,log2rfu,Control,PPROM,260,4,-4.005849567550277,6.179496982672384e-5,1.2358993965344767e-4,***
PCSK7,Second,log2rfu,Control,PPROM,306,4,-4.005166816141656,6.197373035952065e-5,1.239474607190413e-4,***
PTN,Second,log2rfu,Control,PPROM,306,4,-3.9998828354046254,6.337385134445787e-5,1.2674770268891573e-4,***
KLRF1,Third,log2rfu,Control,PPROM,260,4,-3.996049373497151,6.440830653486423e-5,1.2881661306972847e-4,***
DSC3,Second,log2rfu,Control,PPROM,306,4,-3.9947498255457967,6.476260077424642e-5,1.2952520154849284e-4,***
ROBO3,Third,log2rfu,Control,PPROM,260,4,-3.9926476532473054,6.533962161522325e-5,1.306792432304465e-4,***
PTK6,Second,log2rfu,PPROM,sPTD,4,62,-3.991772899217118,6.55811617614532e-5,1.311623235229064e-4,***
BMX,Third,log2rfu,Control,PPROM,260,4,3.9899748730509983,6.608029522269505e-5,1.321605904453901e-4,***
FYN,Second,log2rfu,Control,PPROM,306,4,-3.9893752622818464,6.624754549107284e-5,1.3249509098214567e-4,***
CD70,Third,log2rfu,Control,PPROM,260,4,-3.988678979622486,6.644226327325352e-5,1.3288452654650705e-4,***
BMPR1A,Third,log2rfu,Control,sPTD,260,62,-4.081564082322804,4.473363975887752e-5,1.3420091927663255e-4,***
LIN7B,Second,log2rfu,Control,PPROM,306,4,-3.9845743883550595,6.760117846829374e-5,1.3520235693658748e-4,***
COMMD7,Third,log2rfu,Control,PPROM,260,4,3.983819379265564,6.781642449052525e-5,1.356328489810505e-4,***
PA2G4,Second,log2rfu,Control,PPROM,306,4,3.980226427062875,6.884965769779215e-5,1.376993153955843e-4,***
HDAC8,Third,log2rfu,Control,PPROM,260,4,3.9783928255336676,6.938267336283295e-5,1.387653467256659e-4,***
FSTL3,Third,log2rfu,Control,PPROM,260,4,-3.974100178551719,7.064582605170932e-5,1.4129165210341864e-4,***
ERP29,Third,log2rfu,Control,PPROM,260,4,-3.9736952118553086,7.076610786265406e-5,1.4153221572530813e-4,***
ERP29,Second,log2rfu,Control,PPROM,306,4,-3.9680581742798866,7.246064782975374e-5,1.449212956595075e-4,***
PDPK1,Second,log2rfu,Control,PPROM,306,4,-3.9656426402286726,7.319846208994892e-5,1.4639692417989784e-4,***
RPS6KA3,Third,log2rfu,Control,PPROM,260,4,3.965271904569977,7.331232869355656e-5,1.4662465738711313e-4,***
NCAM1,Second,log2rfu,Control,sPTD,306,62,-4.053938725779005,5.0362413091984125e-5,1.5108723927595238e-4,***
NMT1,Third,log2rfu,Control,PPROM,260,4,3.9557956838739785,7.628033509649039e-5,1.5256067019298077e-4,***
HTRA2,Third,log2rfu,Control,PPROM,260,4,3.9547427704633127,7.661703887583341e-5,1.5323407775166682e-4,***
MICB,Third,log2rfu,Control,PPROM,260,4,-3.9528799236598253,7.7216190739205e-5,1.5443238147841e-4,***
FGR,Second,log2rfu,Control,PPROM,306,4,-3.952538368000839,7.73265255912356e-5,1.546530511824712e-4,***
IL24,Second,log2rfu,Control,PPROM,306,4,-3.9525081738251986,7.733628657186328e-5,1.5467257314372656e-4,***
C7,Second,log2rfu,PPROM,sPTD,4,62,-4.047307069495396,5.1810254582090415e-5,1.5543076374627124e-4,***
CAMK2B,Third,log2rfu,Control,PPROM,260,4,3.9451855564280316,7.973820696311201e-5,1.5947641392622403e-4,***
AIF1,Second,log2rfu,Control,PPROM,306,4,3.9447482706856745,7.988385149238456e-5,1.5976770298476911e-4,***
ERBB3,Third,log2rfu,Control,PPROM,260,4,-3.9428367495888526,8.052346944585719e-5,1.6104693889171438e-4,***
GP1BA,Third,log2rfu,Control,PPROM,260,4,-3.9378961558926484,8.21991515605867e-5,1.643983031211734e-4,***
LYN,Third,log2rfu,Control,PPROM,260,4,3.9366002624641356,8.264410019765179e-5,1.6528820039530358e-4,***
JAG2,Second,log2rfu,Control,PPROM,306,4,-3.9359919597500257,8.285374679760691e-5,1.6570749359521382e-4,***
BMX,Second,log2rfu,Control,PPROM,306,4,3.9351465228321008,8.3145954625277e-5,1.66291909250554e-4,***
RET,Third,log2rfu,Control,PPROM,260,4,-3.933279535553573,8.37946941446105e-5,1.67589388289221e-4,***
RPS6KA3,Second,log2rfu,Control,PPROM,306,4,-3.927597978922058,8.579847174084838e-5,1.7159694348169676e-4,***
PLCG1,Second,log2rfu,PPROM,sPTD,4,62,3.9203925913463484,8.840483169277693e-5,1.7680966338555387e-4,***
CCL28,Second,log2rfu,PPROM,sPTD,4,62,3.9190841946643986,8.888606306406264e-5,1.7777212612812528e-4,***
CAMK2D,Third,log2rfu,Control,PPROM,260,4,3.9130312007330628,9.11447527935813e-5,1.822895055871626e-4,***
FER,Third,log2rfu,Control,PPROM,260,4,3.9076856403404485,9.31844387153553e-5,1.863688774307106e-4,***
ASAH2,Third,log2rfu,Control,PPROM,260,4,-3.9051748468227054,9.415728216308714e-5,1.8831456432617428e-4,***
NCK1,Third,log2rfu,Control,PPROM,260,4,-3.900153259787219,9.613181443918008e-5,1.9226362887836017e-4,***
CDON,Second,log2rfu,Control,PPROM,306,4,-3.8987021528344155,9.670964398064504e-5,1.9341928796129008e-4,***
PYY,Third,log2rfu,Control,PPROM,260,4,-3.8975614729301937,9.716616221883252e-5,1.9433232443766504e-4,***
PCSK9,Second,log2rfu,Control,sPTD,306,62,3.992945327276651,6.525761900311564e-5,1.9577285700934693e-4,***
UFM1,Third,log2rfu,Control,PPROM,260,4,3.8948076993946046,9.827666559878002e-5,1.9655333119756005e-4,***
NCK1,Second,log2rfu,Control,PPROM,306,4,-3.8928142885845824,9.908800516576702e-5,1.9817601033153404e-4,***
METAP1,Third,log2rfu,Control,PPROM,260,4,3.8925398858947076,9.920018387485798e-5,1.9840036774971596e-4,***
PRL,Third,log2rfu,Control,PPROM,260,4,-3.875207311288352,1.065339619541041e-4,2.130679239082082e-4,***
CHST6,Third,log2rfu,Control,PPROM,260,4,-3.8748833379312235,1.0667579308559473e-4,2.1335158617118947e-4,***
CAMK1,Second,log2rfu,PPROM,sPTD,4,62,3.8728541785688697,1.0756819234294331e-4,2.1513638468588663e-4,***
PPIE,Second,log2rfu,Control,PPROM,306,4,3.872644579256949,1.0766077184394252e-4,2.1532154368788503e-4,***
ERBB4,Third,log2rfu,Control,PPROM,260,4,-3.8722915510741984,1.0781687349942276e-4,0.00021563374699884553,***
C3,Second,log2rfu,PPROM,sPTD,4,62,3.8714004044778156,1.0821187031205934e-4,2.1642374062411869e-4,***
CAMK2A,Third,log2rfu,Control,PPROM,260,4,3.865650097253071,1.1079368531904864e-4,2.2158737063809729e-4,***
IL22RA1,Second,log2rfu,Control,PPROM,306,4,3.8637372974430986,1.1166531153492809e-4,2.2333062306985617e-4,***
IDS,Third,log2rfu,PPROM,sPTD,4,62,-3.9613863124046853,7.451585972634941e-5,2.2354757917904825e-4,***
PCNA,Second,log2rfu,Control,PPROM,306,4,-3.862016229431609,1.1245509397390307e-4,2.2491018794780615e-4,***
C3,Third,log2rfu,Control,PPROM,260,4,-3.857550763324868,1.145288982892243e-4,2.290577965784486e-4,***
C2,Third,log2rfu,PPROM,sPTD,4,62,3.944800370718181,7.986648561380036e-5,2.395994568414011e-4,***
BMP10,Third,log2rfu,PPROM,sPTD,4,62,-3.842796829346179,1.2164016174894984e-4,2.4328032349789968e-4,***
CD70,Second,log2rfu,Control,PPROM,306,4,-3.8427523453731802,1.2166221885080899e-4,2.4332443770161798e-4,***
ESAM,Second,log2rfu,Control,PPROM,306,4,3.8402160346194054,1.2292608802477563e-4,2.4585217604955126e-4,***
LCK,Second,log2rfu,PPROM,sPTD,4,62,3.836655203701616,1.24721386163672e-4,2.49442772327344e-4,***
ASGR1,Third,log2rfu,Control,PPROM,260,4,-3.8330907748616925,1.265432309161774e-4,2.530864618323548e-4,***
DAPK2,Third,log2rfu,Control,PPROM,260,4,3.8304179946653854,1.2792576259606798e-4,2.5585152519213596e-4,***
GP1BA,Second,log2rfu,Control,PPROM,306,4,-3.8269305973377308,1.297510785948129e-4,2.595021571896258e-4,***
ALCAM,Third,log2rfu,Control,PPROM,260,4,-3.8256393876477452,1.304331069640789e-4,2.608662139281578e-4,***
SHC1,Second,log2rfu,Control,PPROM,306,4,-3.812920499840692,1.3733429777846941e-4,2.7466859555693883e-4,***
PYY,Second,log2rfu,PPROM,sPTD,4,62,-3.8110687796990588,1.3836725864500594e-4,2.767345172900119e-4,***
OLR1,Second,log2rfu,PPROM,sPTD,4,62,-3.910070795299862,9.226907432763406e-5,2.7680722298290217e-4,***
RASA1,Third,log2rfu,PPROM,sPTD,4,62,-3.801663693963649,1.4372773183795104e-4,2.874554636759021e-4,***
BMPER,Third,log2rfu,Control,PPROM,260,4,-3.8010174125060057,1.4410317393664306e-4,2.882063478732861e-4,***
NMT1,Second,log2rfu,Control,sPTD,306,62,3.9002128365818978,9.610816081912728e-5,2.8832448245738184e-4,***
IL22RA1,Third,log2rfu,Control,PPROM,260,4,3.774127623864369,1.60568550267305e-4,3.2113710053461e-4,***
BCAM,Second,log2rfu,Control,PPROM,306,4,3.772883022941826,1.613719591524876e-4,3.227439183049752e-4,***
CD22,Third,log2rfu,Control,PPROM,260,4,3.771859810364472,1.6203529007410036e-4,3.240705801482007e-4,***
EDA,Third,log2rfu,Control,PPROM,260,4,-3.771292856989498,1.624039398779447e-4,3.248078797558894e-4,***
ROBO3,Second,log2rfu,Control,PPROM,306,4,-3.7694408869188467,1.6361365224229217e-4,3.2722730448458433e-4,***
FER,Second,log2rfu,Control,PPROM,306,4,-3.7588729254447872,0.00017068049294117268,3.4136098588234535e-4,***
EPHA3,Second,log2rfu,Control,PPROM,306,4,-3.755672342826929,1.7287674777770768e-4,3.4575349555541536e-4,***
MAPKAPK3,Third,log2rfu,Control,PPROM,260,4,3.7548512091152446,1.7344448277284866e-4,3.468889655456973e-4,***
ACE2,Second,log2rfu,Control,PPROM,306,4,-3.751022439778343,1.7611493530021898e-4,3.5222987060043795e-4,***
PARK7,Third,log2rfu,Control,PPROM,260,4,-3.7436741282943236,1.8134882246916904e-4,3.626976449383381e-4,***
ING1,Second,log2rfu,Control,PPROM,306,4,-3.7369217597543836,1.8628685800327495e-4,3.725737160065499e-4,***
FSTL3,Second,log2rfu,Control,PPROM,306,4,-3.7361970995390195,1.868242505897102e-4,3.736485011794204e-4,***
ABL2,Second,log2rfu,PPROM,sPTD,4,62,3.7325649787821225,1.895397798606975e-4,3.79079559721395e-4,***
PDE9A,Third,log2rfu,Control,PPROM,260,4,-3.729743273937813,1.916749661818356e-4,3.833499323636712e-4,***
LBP,Third,log2rfu,Control,PPROM,260,4,-3.725369633616583,1.9502922669744848e-4,3.9005845339489697e-4,***
PLCG1,Third,log2rfu,Control,sPTD,260,62,-3.8240092270343973,1.3129899773426428e-4,3.938969932027928e-4,***
PIGR,Second,log2rfu,Control,sPTD,306,62,-3.8223397878073384,1.321913642206082e-4,3.9657409266182457e-4,***
PDE4D,Second,log2rfu,Control,sPTD,306,62,3.7184785535427967,2.004263047731083e-4,4.008526095462166e-4,***
PTN,Third,log2rfu,Control,PPROM,260,4,-3.7182422197597633,2.0061386633364034e-4,4.0122773266728067e-4,***
ESAM,Third,log2rfu,Control,PPROM,260,4,3.7178372530633537,2.0093564344523163e-4,4.0187128689046325e-4,***
PA2G4,Third,log2rfu,Control,PPROM,260,4,3.716784339652687,2.0177453464346312e-4,4.0354906928692625e-4,***
SPHK2,Second,log2rfu,Control,PPROM,306,4,-3.712675836715327,2.050794862398615e-4,4.10158972479723e-4,***
XPNPEP1,Second,log2rfu,PPROM,sPTD,4,62,-3.8132494408356403,1.3715156335153067e-4,4.1145469005459203e-4,***
IDE,Third,log2rfu,Control,PPROM,260,4,3.7065791789031506,2.1007757848159482e-4,4.2015515696318964e-4,***
WNT7A,Third,log2rfu,Control,PPROM,260,4,-3.7050403054567913,2.1135712135053532e-4,4.2271424270107064e-4,***
STAB2,Third,log2rfu,Control,PPROM,260,4,3.698074878278536,2.172408120643453e-4,4.344816241286906e-4,***
BTK,Second,log2rfu,Control,PPROM,306,4,3.697790108124723,2.1748459884270358e-4,4.3496919768540716e-4,***
TNFSF15,Third,log2rfu,Control,PPROM,260,4,-3.6962120314750497,2.188402251689482e-4,4.376804503378964e-4,***
PTK6,Third,log2rfu,Control,PPROM,260,4,-3.695402098082229,2.1953906484601786e-4,4.3907812969203573e-4,***
HRG,Third,log2rfu,Control,PPROM,260,4,3.6937012379573066,2.2101345362418652e-4,4.4202690724837304e-4,***
RAN,Second,log2rfu,PPROM,sPTD,4,62,-3.690841662368862,2.2351324484790147e-4,4.4702648969580295e-4,***
MATN2,Third,log2rfu,Control,PPROM,260,4,-3.680013363618642,2.3322173116972918e-4,4.6644346233945836e-4,***
MATK,Second,log2rfu,Control,PPROM,306,4,-3.675325641448436,2.3754622757772968e-4,4.7509245515545937e-4,***
CBX5,Third,log2rfu,Control,PPROM,260,4,-3.662923769030132,2.4935276270906365e-4,4.987055254181273e-4,***
FGR,Third,log2rfu,Control,PPROM,260,4,-3.661789862280184,2.5045926598327807e-4,5.009185319665561e-4,***
KYNU,Third,log2rfu,Control,PPROM,260,4,3.658712115387466,2.534858904761573e-4,5.069717809523146e-4,***
TGM3,Third,log2rfu,Control,PPROM,260,4,-3.656201321869723,2.55980347796797e-4,5.11960695593594e-4,***
NANOG,Second,log2rfu,Control,sPTD,306,62,-3.7568132388565667,1.7209082863990784e-4,5.162724859197235e-4,***
TNFSF15,Second,log2rfu,Control,sPTD,306,62,-3.7501754114142454,1.767109124627502e-4,5.301327373882506e-4,***
PPIB,Second,log2rfu,Control,PPROM,306,4,3.6430178735134544,2.6946011941458056e-4,5.389202388291611e-4,***
ERBB4,Second,log2rfu,Control,PPROM,306,4,-3.641719523960927,2.7082304533665365e-4,5.416460906733073e-4,***
FCRL3,Second,log2rfu,Control,PPROM,306,4,-3.6058186491247644,3.111703976515969e-4,6.223407953031938e-4,***
EPHB2,Third,log2rfu,Control,PPROM,260,4,-3.587842943515684,3.334250238275837e-4,6.668500476551674e-4,***
TFPI,Third,log2rfu,PPROM,sPTD,4,62,3.685727961574984,2.2804984832623963e-4,6.841495449787188e-4,***
CD109,Third,log2rfu,Control,sPTD,260,62,-3.68555940517557,2.2820084377100507e-4,6.846025313130152e-4,***
LRIG3,Third,log2rfu,Control,PPROM,260,4,-3.573183149105635,3.5266791305337426e-4,7.053358261067485e-4,***
NMT1,Second,log2rfu,Control,PPROM,306,4,3.572212531637255,3.539779516687513e-4,7.079559033375026e-4,***
SGTA,Third,log2rfu,Control,PPROM,260,4,3.5687285154451227,3.5871789744011163e-4,7.174357948802233e-4,***
CKAP2,Second,log2rfu,PPROM,sPTD,4,62,3.5669801098110283,3.6111887873993987e-4,7.222377574798797e-4,***
ACE2,Third,log2rfu,Control,PPROM,260,4,-3.559576268106253,3.714536486656113e-4,7.429072973312226e-4,***
CHST6,Second,log2rfu,Control,PPROM,306,4,-3.556602142831287,3.756824509168953e-4,7.513649018337906e-4,***
C5,Second,log2rfu,PPROM,sPTD,4,62,3.5472087821726883,3.893359188619663e-4,7.786718377239326e-4,***
PDE5A,Second,log2rfu,PPROM,sPTD,4,62,-3.543428969535947,3.949596890394552e-4,7.899193780789104e-4,***
TNFSF15,Second,log2rfu,Control,PPROM,306,4,-3.5418673851188838,3.973051641884889e-4,7.946103283769778e-4,***
RAC1,Second,log2rfu,Control,PPROM,306,4,3.533141268358875,4.1065297624890887e-4,8.213059524978177e-4,***
PLCG1,Third,log2rfu,Control,PPROM,260,4,-3.5324434994467704,4.117381996254961e-4,8.234763992509923e-4,***
TEC,Second,log2rfu,PPROM,sPTD,4,62,-3.5252567933977677,4.2307245775426866e-4,8.461449155085373e-4,***
CHL1,Second,log2rfu,PPROM,sPTD,4,62,3.620624373770935,2.9389293191026177e-4,8.816787957307853e-4,***
CAPG,Third,log2rfu,Control,PPROM,260,4,-3.5134100647154916,4.423941493509666e-4,8.847882987019332e-4,***
LY86,Second,log2rfu,PPROM,sPTD,4,62,3.5072299946686933,4.5279760676826867e-4,9.055952135365373e-4,***
LRIG3,Second,log2rfu,PPROM,sPTD,4,62,-3.4979258404859457,4.6889149395002843e-4,9.377829879000569e-4,***
OMD,Third,log2rfu,Control,PPROM,260,4,-3.496725436823392,4.710063339826903e-4,9.420126679653806e-4,***
UFC1,Third,log2rfu,Control,PPROM,260,4,3.4929997432164184,4.7762696833065815e-4,9.552539366613163e-4,***
HTRA2,Second,log2rfu,Control,PPROM,306,4,-3.485434470847406,4.913385508490416e-4,9.826771016980833e-4,***
IDUA,Second,log2rfu,Control,PPROM,306,4,-3.5918387458033654,3.283530118870177e-4,9.85059035661053e-4,***
ROBO2,Second,log2rfu,PPROM,sPTD,4,62,-3.5847161537218915,3.374449965257566e-4,0.0010123349895772699,**
TFF3,Third,log2rfu,Control,PPROM,260,4,-3.476153128645754,5.08661761462448e-4,0.001017323522924896,**
PSME3,Second,log2rfu,Control,PPROM,306,4,-3.5736618520679837,3.520234805179186e-4,0.001056070441553756,**
LYVE1,Second,log2rfu,Control,PPROM,306,4,-3.4595580623237803,5.410626118598902e-4,0.0010821252237197803,**
GOT1,Third,log2rfu,Control,PPROM,260,4,3.4569577072359117,5.463105812726071e-4,0.0010926211625452143,**
CNDP1,Second,log2rfu,Control,PPROM,306,4,3.564060104214409,3.651622823043506e-4,0.001095486846913052,**
PDE4D,Second,log2rfu,Control,PPROM,306,4,-3.263688444945996,0.0010997202333274674,0.0010997202333274674,**
GDF2,Third,log2rfu,PPROM,sPTD,4,62,3.560172383008146,3.7061142557768336e-4,0.00111183427673305,**
ASGR1,Second,log2rfu,Control,PPROM,306,4,-3.554458356360835,3.7875848804553474e-4,0.0011362754641366041,**
MICB,Second,log2rfu,Control,PPROM,306,4,-3.4426795181409253,5.759814415357948e-4,0.0011519628830715897,**
PDE4D,Third,log2rfu,Control,PPROM,260,4,-3.5437825669462555,3.9443039078917286e-4,0.0011832911723675186,**
IDUA,Third,log2rfu,Control,PPROM,260,4,-3.5377080665001026,4.0361604295760853e-4,0.0012108481288728257,**
HRG,Second,log2rfu,Control,sPTD,306,62,3.527480876109108,4.195340661674044e-4,0.001258602198502213,**
CAMK1D,Third,log2rfu,Control,PPROM,260,4,-3.4144362041128424,6.391415939876248e-4,0.0012782831879752496,**
MAPK14,Second,log2rfu,Control,PPROM,306,4,3.218940676647264,0.0012866510084134106,0.0012866510084134106,**
TSLP,Second,log2rfu,Control,PPROM,306,4,-3.4106434977867046,6.48097704374157e-4,0.001296195408748314,**
CD5L,Second,log2rfu,PPROM,sPTD,4,62,-3.5120274491691723,4.4470206621117874e-4,0.001334106198633536,**
COMMD7,Second,log2rfu,Control,PPROM,306,4,-3.511099520141551,4.4625729902123863e-4,0.001338771897063716,**
SHBG,Second,log2rfu,Control,PPROM,306,4,3.20052222950676,0.0013717878730063863,0.0013717878730063863,**
CD5L,Second,log2rfu,Control,PPROM,306,4,3.392798739983364,6.918244825016522e-4,0.0013836489650033044,**
LBP,Second,log2rfu,Control,PPROM,306,4,-3.492771655527967,4.780350914327312e-4,0.0014341052742981937,**
FGF9,Third,log2rfu,Control,PPROM,260,4,-3.4895170296272906,4.8389422532266673e-4,0.0014516826759680003,**
GCKR,Third,log2rfu,Control,PPROM,260,4,-3.1786645934628317,0.0014795518889034987,0.0014795518889034987,**
HIPK3,Third,log2rfu,Control,PPROM,260,4,-3.1760728066058066,0.0014928347967997095,0.0014928347967997095,**
IL24,Third,log2rfu,Control,PPROM,260,4,3.476315115324318,5.083545991835174e-4,0.0015250637975505522,**
DBNL,Third,log2rfu,Control,PPROM,260,4,3.470483594896012,5.19522077406746e-4,0.0015585662322202378,**
PPIE,Third,log2rfu,Control,PPROM,260,4,3.3597657000974674,7.800859933574122e-4,0.0015601719867148244,**
BST1,Third,log2rfu,Control,PPROM,260,4,-3.3588747733653648,7.826052275261939e-4,0.0015652104550523877,**
TSLP,Third,log2rfu,Control,PPROM,260,4,-3.468863728110371,5.226644917051646e-4,0.0015679934751154938,**
DKK3,Third,log2rfu,Control,PPROM,260,4,-3.46327518769991,5.336423203483609e-4,0.0016009269610450826,**
ENPP7,Third,log2rfu,Control,PPROM,260,4,-3.4537179736646304,5.529152713201638e-4,0.0016587458139604913,**
XPNPEP1,Second,log2rfu,Control,PPROM,306,4,3.3414686413950747,8.333642967047687e-4,0.0016667285934095374,**
CD5L,Third,log2rfu,Control,sPTD,260,62,-3.446650802383725,5.67581694735456e-4,0.0017027450842063679,**
HCK,Second,log2rfu,Control,PPROM,306,4,3.3338295149581114,8.565914304398721e-4,0.0017131828608797442,**
UBE2N,Second,log2rfu,PPROM,sPTD,4,62,3.328851913696321,8.720475803106873e-4,0.0017440951606213747,**
PSME3,Third,log2rfu,Control,PPROM,260,4,-3.320240950527833,8.993978577446409e-4,0.0017987957154892817,**
IDUA,Second,log2rfu,Control,sPTD,306,62,-3.319561314082266,9.015900346973355e-4,0.001803180069394671,**
TLR2,Second,log2rfu,PPROM,sPTD,4,62,3.308062944194243,9.394369233326777e-4,0.0018788738466653553,**
NXPH1,Second,log2rfu,Control,sPTD,306,62,3.4160808155553535,6.352939002685369e-4,0.0019058817008056107,**
GPNMB,Second,log2rfu,PPROM,sPTD,4,62,-3.4104086402044715,6.486561175877635e-4,0.0019459683527632905,**
UFC1,Second,log2rfu,PPROM,sPTD,4,62,-3.294397467738332,9.863292096672902e-4,0.0019726584193345805,**
C7,Second,log2rfu,Control,PPROM,306,4,3.2928560186144002,9.917524815578917e-4,0.0019835049631157834,**
C7,Second,log2rfu,Control,sPTD,306,62,-3.0929037916615125,0.001982083812156028,0.0019835049631157834,**
NAGK,Third,log2rfu,Control,PPROM,260,4,-3.3960507160958198,6.836569095875952e-4,0.0020509707287627854,**
HGF,Third,log2rfu,Control,PPROM,260,4,-3.3937829025959227,6.893431668782324e-4,0.002068029500634697,**
HGF,Third,log2rfu,PPROM,sPTD,4,62,3.3216665415562145,8.948156342092906e-4,0.002068029500634697,**
SHBG,Third,log2rfu,Control,PPROM,260,4,3.0796907328601826,0.002072156428102791,0.002072156428102791,**
DAPK2,Second,log2rfu,Control,PPROM,306,4,3.386971264084811,7.066878936281446e-4,0.0021200636808844336,**
FGF23,Third,log2rfu,Control,PPROM,260,4,3.068108685342851,0.0021541825461779763,0.0021541825461779763,**
AGR2,Second,log2rfu,Control,sPTD,306,62,3.3801746036960916,7.243979477908535e-4,0.0021731938433725605,**
PAK6,Second,log2rfu,Control,PPROM,306,4,3.0611459147517346,0.002204916130425424,0.002204916130425424,**
SKP1,Second,log2rfu,PPROM,sPTD,4,62,3.2561632091436015,0.0011292881710411467,0.0022585763420822935,**
HRG,Second,log2rfu,Control,PPROM,306,4,3.2559587359821127,0.0011301017428072863,0.0022602034856145726,**
MDM2,Second,log2rfu,Control,PPROM,306,4,3.0535067883147713,0.0022618360447849597,0.0022618360447849597,**
TPSB2,Second,log2rfu,PPROM,sPTD,4,62,3.3667954174728405,7.604708163814062e-4,0.002281412449144219,**
RELT,Second,log2rfu,Control,PPROM,306,4,-3.2455719395618936,0.0011721494440495876,0.0023442988880991752,**
FUT5,Second,log2rfu,Control,PPROM,306,4,3.357501748660005,7.865024599088957e-4,0.002359507379726687,**
CHL1,Second,log2rfu,Control,PPROM,306,4,-3.2410730073915084,0.0011908068224762947,0.0023816136449525895,**
SPINT2,Third,log2rfu,PPROM,sPTD,4,62,3.235419644786392,0.0012146406868989992,0.0024292813737979983,**
TNFSF18,Second,log2rfu,PPROM,sPTD,4,62,3.2291230110499902,0.0012417047219851962,0.0024834094439703924,**
PIM1,Third,log2rfu,Control,PPROM,260,4,-3.0234813553984483,0.0024988442607043406,0.0024988442607043406,**
KIF23,Second,log2rfu,Control,PPROM,306,4,3.3398985442617852,8.380900124126615e-4,0.0025142700372379843,**
TPSB2,Third,log2rfu,Control,PPROM,260,4,-3.3394363719376754,8.394857977041065e-4,0.0025184573931123196,**
SLPI,Third,log2rfu,Control,PPROM,260,4,-3.338302465187727,8.429193965719556e-4,0.002528758189715867,**
IDS,Third,log2rfu,Control,PPROM,260,4,3.1517748048211955,0.0016228137780661459,0.002530452736787774,**
IDS,Third,log2rfu,Control,sPTD,260,62,-3.223752643169094,0.001265226368393887,0.002530452736787774,**
PDE3A,Second,log2rfu,PPROM,sPTD,4,62,3.2128407412301816,0.001314291452559194,0.002628582905118388,**
RBM39,Third,log2rfu,Control,PPROM,260,4,3.006391760809939,0.0026436815424710305,0.0026436815424710305,**
GCKR,Second,log2rfu,Control,PPROM,306,4,-2.9982212527176197,0.002715604472808116,0.002715604472808116,**
TFPI,Third,log2rfu,Control,sPTD,260,62,3.201278413761404,0.0013681926266990792,0.0027363852533981584,**
RSPO2,Third,log2rfu,Control,PPROM,260,4,3.197131074819136,0.0013880183838147241,0.0027760367676294482,**
DBNL,Third,log2rfu,PPROM,sPTD,4,62,-3.1967744006568375,0.0013897357261585652,0.0027794714523171303,**
C2,Third,log2rfu,Control,PPROM,260,4,-3.1954302146942135,0.001396225438699395,0.00279245087739879,**
C2,Third,log2rfu,Control,sPTD,260,62,3.007588370345582,0.002633295509190493,0.00279245087739879,**
DAPK2,Second,log2rfu,PPROM,sPTD,4,62,-3.188562713909573,0.0014298199104589597,0.0028596398209179193,**
ENPP7,Second,log2rfu,PPROM,sPTD,4,62,3.1818753530907227,0.0014632477851017592,0.0029264955702035184,**
ZAP70,Third,log2rfu,PPROM,sPTD,4,62,-3.1806860372209282,0.0014692676768410734,0.002938535353682147,**
STK16,Third,log2rfu,PPROM,sPTD,4,62,-3.180354318387198,0.0014709507848880642,0.0029419015697761284,**
ERBB3,Second,log2rfu,Control,PPROM,306,4,3.178148345357394,0.0014821889428915688,0.0029643778857831376,**
FST,Second,log2rfu,Control,PPROM,306,4,-2.9708351354119857,0.002969911665761622,0.002969911665761622,**
GNS,Second,log2rfu,Control,sPTD,306,62,-3.2889484704484824,0.0010056243300549442,0.0030168729901648324,**
IL24,Third,log2rfu,PPROM,sPTD,4,62,-3.1728906446282714,0.0015092936163443207,0.0030185872326886415,**
NID2,Third,log2rfu,Control,PPROM,260,4,3.1720231396417047,0.0015138094455482876,0.003027618891096575,**
ING1,Third,log2rfu,Control,PPROM,260,4,3.1688643994097054,0.0015303577579830721,0.0030607155159661443,**
RAD51,Third,log2rfu,PPROM,sPTD,4,62,-3.1655928302862093,0.0015476726878726958,0.0030953453757453916,**
BMP10,Second,log2rfu,Control,sPTD,306,62,-3.2178681082930543,0.0012914718911973479,0.0031350821481962556,**
BMP10,Second,log2rfu,PPROM,sPTD,4,62,-3.278115197918523,0.0010450273827320852,0.0031350821481962556,**
ECM1,Second,log2rfu,Control,PPROM,306,4,-2.953171542662486,0.0031452712622410547,0.0031452712622410547,**
RASA1,Second,log2rfu,Control,PPROM,306,4,3.159488344811769,0.0015804642176591884,0.0031609284353183767,**
ENPP7,Third,log2rfu,PPROM,sPTD,4,62,3.1572998594429573,0.0015923750558440235,0.003184750111688047,**
SSRP1,Second,log2rfu,Control,PPROM,306,4,-2.948763193019021,0.003190483434745535,0.003190483434745535,**
CSK,Second,log2rfu,Control,PPROM,306,4,2.948219697857498,0.0031960983620655833,0.0031960983620655833,**
RAC1,Third,log2rfu,Control,PPROM,260,4,3.1533946716068364,0.0016138345532735131,0.0032276691065470263,**
OLR1,Second,log2rfu,Control,PPROM,306,4,3.1416435870084283,0.001680024089045091,0.003360048178090182,**
OLR1,Second,log2rfu,Control,sPTD,306,62,-3.1309709929426117,0.0017422936867508246,0.003360048178090182,**
FETUB,Second,log2rfu,Control,PPROM,306,4,2.9316129012554044,0.0033720677191184686,0.0033720677191184686,**
TSLP,Third,log2rfu,PPROM,sPTD,4,62,3.122303522484433,0.001794418344593674,0.003588836689187348,**
NACA,Second,log2rfu,Control,PPROM,306,4,3.2384763082864536,0.0012017000115789034,0.00360510003473671,**
FGF7,Second,log2rfu,PPROM,sPTD,4,62,3.1183454253116465,0.001818695131340734,0.003637390262681468,**
TBP,Third,log2rfu,Control,PPROM,260,4,-2.901424393100419,0.0037147040895880745,0.0037147040895880745,**
PTK6,Second,log2rfu,Control,PPROM,306,4,2.9000297935357864,0.0037312719221153532,0.0037312719221153532,**
CRTAM,Third,log2rfu,Control,PPROM,260,4,-3.1066615148411008,0.0018921291382672316,0.0037842582765344633,**
DKK1,Second,log2rfu,Control,PPROM,306,4,-2.891484841829618,0.003834260886282325,0.003834260886282325,**
CHST2,Second,log2rfu,Control,PPROM,306,4,-2.887740764050237,0.003880195202908973,0.003880195202908973,**
MAPKAPK3,Second,log2rfu,Control,PPROM,306,4,2.8835437736362532,0.003932279908782409,0.003932279908782409,**
GFAP,Third,log2rfu,Control,PPROM,260,4,2.881338044958473,0.003959906825214004,0.003959906825214004,**
FGF9,Third,log2rfu,PPROM,sPTD,4,62,3.0917853897812653,0.001989566317032096,0.003979132634064192,**
TFPI,Third,log2rfu,Control,PPROM,260,4,-2.8758304978872946,0.00402966040746304,0.00402966040746304,**
PDK1,Third,log2rfu,Control,PPROM,260,4,2.870484937494681,0.004098427224097402,0.004098427224097402,**
GPNMB,Second,log2rfu,Control,PPROM,306,4,3.0825535852806154,0.002052327766933668,0.004104655533867336,**
CAPG,Second,log2rfu,Control,PPROM,306,4,3.1998579576426764,0.0013749533127937511,0.004124859938381254,**
PRL,Second,log2rfu,Control,PPROM,306,4,-2.868023967357206,0.004130442425445382,0.004130442425445382,**
AGR2,Third,log2rfu,Control,PPROM,260,4,-3.0781518594138237,0.002082887433045433,0.004165774866090866,**
PPIB,Third,log2rfu,Control,PPROM,260,4,2.864653417066374,0.004174658774768929,0.004174658774768929,**
PIM1,Second,log2rfu,Control,PPROM,306,4,-2.8642195012265446,0.0041803821641983405,0.0041803821641983405,**
GFAP,Second,log2rfu,Control,PPROM,306,4,2.860596200149724,0.004228452439997889,0.004228452439997889,**
TBP,Second,log2rfu,Control,PPROM,306,4,-2.8572748408293056,0.0042729567127481475,0.0042729567127481475,**
KYNU,Second,log2rfu,Control,sPTD,306,62,-3.183531605362356,0.0014549022920922242,0.004364706876276672,**
CNTN2,Second,log2rfu,PPROM,sPTD,4,62,-3.059467574623944,0.0022173078876077867,0.004434615775215573,**
FST,Third,log2rfu,Control,PPROM,260,4,-2.844486075585146,0.004448313007468553,0.004448313007468553,**
HIPK3,Second,log2rfu,Control,PPROM,306,4,-2.8393395004990443,0.0045207030713199006,0.0045207030713199006,**
NANOG,Third,log2rfu,Control,PPROM,260,4,-3.0518290241471617,0.0022745161758281,0.0045490323516562,**
SSRP1,Third,log2rfu,Control,PPROM,260,4,-2.8359817749605325,0.004568505292828395,0.004568505292828395,**
SIRT2,Second,log2rfu,Control,PPROM,306,4,3.031797176029489,0.002431024914525804,0.004862049829051608,**
JAG1,Second,log2rfu,Control,PPROM,306,4,3.0304988264769617,0.0024415013582455,0.004883002716491,**
ERBB2,Third,log2rfu,Control,PPROM,260,4,-3.029231882487473,0.002451764203673483,0.004903528407346966,**
C6,Second,log2rfu,Control,PPROM,306,4,2.8127988201113348,0.004911236740628054,0.004911236740628054,**
FETUB,Third,log2rfu,Control,PPROM,260,4,2.8008306657121285,0.005097125754839028,0.005097125754839028,**
NR1D1,Second,log2rfu,Control,PPROM,306,4,2.7959504701041196,0.005174733025929407,0.005174733025929407,**
KIF23,Second,log2rfu,PPROM,sPTD,4,62,-3.0096031233007787,0.0026158925947417297,0.005231785189483459,**
RBM39,Second,log2rfu,Control,PPROM,306,4,2.79066648936709,0.005259964045730365,0.005259964045730365,**
GREM1,Third,log2rfu,Control,PPROM,260,4,2.7869808046949,0.005320163025422629,0.005320163025422629,**
LYN,Second,log2rfu,PPROM,sPTD,4,62,-3.0016073657999796,0.002685583161789817,0.005371166323579634,**
FGF23,Second,log2rfu,Control,PPROM,306,4,2.780762799757114,0.005423134582010888,0.005423134582010888,**
COMMD7,Second,log2rfu,PPROM,sPTD,4,62,2.9965191564812894,0.0027308107967490094,0.005461621593498019,**
BPI,Second,log2rfu,Control,PPROM,306,4,2.7723084305778665,0.005566027034451779,0.005566027034451779,**
ABL1,Second,log2rfu,Control,PPROM,306,4,-2.985509504773108,0.002831063397760883,0.005662126795521766,**
GPNMB,Third,log2rfu,Control,PPROM,260,4,2.762763796249571,0.00573142265100724,0.00573142265100724,**
DKK3,Second,log2rfu,Control,PPROM,306,4,-2.755580857273212,0.005858802149252975,0.005858802149252975,**
FGF7,Third,log2rfu,PPROM,sPTD,4,62,2.9731959067227596,0.0029471627835921535,0.005894325567184307,**
PCSK9,Third,log2rfu,PPROM,sPTD,4,62,2.9705421560529186,0.002972746023374895,0.00594549204674979,**
CPNE1,Second,log2rfu,Control,PPROM,306,4,-2.967392999389006,0.003003367989785968,0.006006735979571936,**
LCK,Third,log2rfu,Control,PPROM,260,4,-2.739437714536344,0.006154437495600113,0.006154437495600113,**
LY9,Second,log2rfu,Control,PPROM,306,4,-2.9574893097790302,0.00310155503493368,0.00620311006986736,**
ECM1,Third,log2rfu,Control,PPROM,260,4,-2.952045230151692,0.003156766872253323,0.006313533744506646,**
ROBO2,Second,log2rfu,Control,PPROM,306,4,2.9508767853138327,0.003168732964346068,0.006337465928692136,**
ARSB,Second,log2rfu,PPROM,sPTD,4,62,2.9475269696127566,0.0032032680919744753,0.006406536183948951,**
TFF3,Second,log2rfu,Control,sPTD,306,62,-3.0666551611923505,0.002164684273928194,0.0064940528217845815,**
PSME1,Third,log2rfu,Control,PPROM,260,4,2.938276362473746,0.0033004267525964253,0.0066008535051928505,**
PSME3,Second,log2rfu,Control,sPTD,306,62,-2.929710375518567,0.0033927806583795243,0.0067855613167590485,**
DBNL,Second,log2rfu,PPROM,sPTD,4,62,-2.9289186612472604,0.003401434190971507,0.006802868381943014,**
FGFR4,Second,log2rfu,Control,PPROM,306,4,2.7051565839541283,0.006827219927065779,0.006827219927065779,**
IDUA,Third,log2rfu,PPROM,sPTD,4,62,2.921447768660866,0.003484086896705533,0.006968173793411066,**
PSME3,Second,log2rfu,PPROM,sPTD,4,62,2.695297164814822,0.007032588047282398,0.007032588047282398,**
GRN,Second,log2rfu,Control,PPROM,306,4,2.9110506676444485,0.0036021559906570864,0.007204311981314173,**
PARK7,Second,log2rfu,Control,PPROM,306,4,-2.9022943567087993,0.0037044028282593867,0.0074088056565187735,**
EDA,Second,log2rfu,PPROM,sPTD,4,62,2.897371763471381,0.0037630354361912633,0.007526070872382527,**
PDE4D,Third,log2rfu,PPROM,sPTD,4,62,2.89656885613111,0.0037726784112140596,0.007545356822428119,**
IDE,Second,log2rfu,PPROM,sPTD,4,62,-2.894900347516588,0.003792789181830957,0.007585578363661914,**
GDF2,Third,log2rfu,Control,PPROM,260,4,-2.8866836053510876,0.0038932551752359004,0.007786510350471801,**
GDF2,Third,log2rfu,Control,sPTD,260,62,2.7043026959971783,0.006844790536958709,0.007786510350471801,**
NAGK,Second,log2rfu,Control,PPROM,306,4,-2.8833626085824124,0.003934542398880639,0.007869084797761277,**
DKK3,Third,log2rfu,PPROM,sPTD,4,62,2.874841272521789,0.0040423065583994324,0.008084613116798865,**
CRP,Second,log2rfu,PPROM,sPTD,4,62,-2.871639962059718,0.0040834790950321255,0.008166958190064251,**
WNT7A,Second,log2rfu,Control,PPROM,306,4,-2.9910652330908993,0.002780060984525141,0.008340182953575423,**
TFPI,Second,log2rfu,Control,PPROM,306,4,-2.621458329079576,0.008755446528463098,0.008755446528463098,**
ROR1,Third,log2rfu,Control,PPROM,260,4,-2.8441621022280184,0.004452838743389171,0.008905677486778342,**
ROBO2,Second,log2rfu,Control,sPTD,306,62,-2.6151632312050923,0.008918482219376122,0.008918482219376122,**
TPSB2,Second,log2rfu,Control,PPROM,306,4,-2.66478697112322,0.007703710630910982,0.008973519746571658,**
TPSB2,Second,log2rfu,Control,sPTD,306,62,2.841743324037445,0.004486759873285829,0.008973519746571658,**
LBP,Second,log2rfu,PPROM,sPTD,4,62,2.841401460965787,0.004491573025100795,0.00898314605020159,**
TPSB2,Third,log2rfu,PPROM,sPTD,4,62,2.8413376703150504,0.004492471662902154,0.008984943325804308,**
IDUA,Second,log2rfu,PPROM,sPTD,4,62,2.6077799645333477,0.009113151353810826,0.009113151353810826,**
KIF23,Third,log2rfu,Control,PPROM,260,4,2.831041181264328,0.004639674691502214,0.009279349383004428,**
DLL4,Second,log2rfu,Control,PPROM,306,4,-2.826386199149411,0.004707646819983978,0.009415293639967955,**
PTH,Second,log2rfu,Control,PPROM,306,4,-2.815999402729193,0.0048625757078047446,0.009725151415609489,**
DMP1,Second,log2rfu,Control,PPROM,306,4,-2.81554649009459,0.004869435103254442,0.009738870206508885,**
FGFR4,Third,log2rfu,Control,PPROM,260,4,2.5761551425437568,0.009990580857221891,0.009990580857221891,**
FUT5,Second,log2rfu,Control,sPTD,306,62,2.8007337983969682,0.005098655896395177,0.010197311792790355,*
C3,Second,log2rfu,Control,PPROM,306,4,-2.5655991041452615,0.010299779347681117,0.010299779347681117,*
PSME1,Second,log2rfu,Control,PPROM,306,4,2.7972488196566467,0.005153982460385129,0.010307964920770258,*
OSM,Third,log2rfu,PPROM,sPTD,4,62,-2.7887602351688314,0.00529102199513837,0.01058204399027674,*
LCK,Second,log2rfu,Control,PPROM,306,4,-2.5559671621160467,0.010589311152486357,0.010589311152486357,*
ASGR1,Second,log2rfu,PPROM,sPTD,4,62,2.7877571970058805,0.005307430576200124,0.010614861152400248,*
C5,Third,log2rfu,PPROM,sPTD,4,62,2.784613749747206,0.005359151996533137,0.010718303993066274,*
NAGK,Third,log2rfu,Control,sPTD,260,62,-2.779008785545087,0.005452505038131234,0.010905010076262468,*
NAGK,Third,log2rfu,PPROM,sPTD,4,62,2.555396035639716,0.010606704106630102,0.010905010076262468,*
BDNF,Second,log2rfu,Control,PPROM,306,4,2.777592411314896,0.005476326516532747,0.010952653033065494,*
BOC,Third,log2rfu,Control,PPROM,260,4,-2.776046703891825,0.0055024303675295485,0.011004860735059097,*
TBK1,Third,log2rfu,PPROM,sPTD,4,62,2.7733353094003825,0.005548491706411828,0.011096983412823657,*
PAK3,Third,log2rfu,PPROM,sPTD,4,62,-2.763549603805345,0.0057176401014645516,0.011435280202929103,*
UFM1,Second,log2rfu,Control,PPROM,306,4,-2.759415517579514,0.005790485691568329,0.011580971383136658,*
FAM107B,Second,log2rfu,Control,PPROM,306,4,-2.756245129137296,0.00584691602066776,0.01169383204133552,*
FUT5,Second,log2rfu,PPROM,sPTD,4,62,-2.5192451223881362,0.011760675153497364,0.011760675153497364,*
ASGR1,Second,log2rfu,Control,sPTD,306,62,-2.517841277633993,0.011807651732830198,0.011807651732830198,*
CNDP1,Second,log2rfu,Control,sPTD,306,62,2.7237758265762797,0.006454029761062497,0.012230860157989486,*
CNDP1,Second,log2rfu,PPROM,sPTD,4,62,-2.741527180910351,0.006115430078994743,0.012230860157989486,*
CD48,Third,log2rfu,Control,PPROM,260,4,-2.7256688468583983,0.006417134520308063,0.012834269040616126,*
CD27,Third,log2rfu,Control,PPROM,260,4,2.723967986733475,0.006450275848103565,0.01290055169620713,*
HINT1,Second,log2rfu,Control,PPROM,306,4,-2.4797268686246174,0.013148305648584258,0.013148305648584258,*
LGMN,Third,log2rfu,PPROM,sPTD,4,62,2.7106404498253966,0.006715340138809974,0.013430680277619948,*
BMP10,Second,log2rfu,Control,PPROM,306,4,2.469792984839001,0.013519126166755846,0.013519126166755846,*
NR1D1,Third,log2rfu,Control,PPROM,260,4,2.4697298947271604,0.013521510481858923,0.013521510481858923,*
MBD4,Third,log2rfu,PPROM,sPTD,4,62,2.695049664640083,0.0070378140154903415,0.014075628030980683,*
NANOG,Second,log2rfu,PPROM,sPTD,4,62,-2.6929711262691343,0.007081840174835265,0.01416368034967053,*
TLR2,Third,log2rfu,Control,PPROM,260,4,2.6858201239316357,0.007235202816891474,0.014470405633782948,*
TNFSF15,Second,log2rfu,PPROM,sPTD,4,62,2.4427766051986755,0.0145747559586124,0.0145747559586124,*
RTN4,Second,log2rfu,Control,PPROM,306,4,2.6790688162010206,0.007382721930197083,0.014765443860394165,*
TGM3,Third,log2rfu,PPROM,sPTD,4,62,2.4361431149137505,0.014844809948927827,0.014844809948927827,*
NMT1,Second,log2rfu,PPROM,sPTD,4,62,-2.431873299515768,0.015020960720447712,0.015020960720447712,*
FGR,Third,log2rfu,PPROM,sPTD,4,62,2.4132545153863747,0.015810774564707104,0.015810774564707104,*
PLCG1,Third,log2rfu,PPROM,sPTD,4,62,2.4023077938732817,0.016291993744332735,0.016291993744332735,*
CRP,Third,log2rfu,Control,PPROM,260,4,2.400237609623172,0.01638443257136551,0.01638443257136551,*
GDF2,Second,log2rfu,Control,PPROM,306,4,-2.387574244570818,0.01695997671207463,0.01695997671207463,*
ALCAM,Second,log2rfu,Control,PPROM,306,4,2.624840076751275,0.008668967365288839,0.017337934730577678,*
CNTN2,Third,log2rfu,Control,PPROM,260,4,-2.624265186077287,0.00868361458243366,0.01736722916486732,*
BMPER,Second,log2rfu,Control,PPROM,306,4,-2.3748021082750257,0.017558360927653723,0.017558360927653723,*
ERBB4,Second,log2rfu,PPROM,sPTD,4,62,2.3676164846911645,0.017903083312992753,0.017903083312992753,*
UBE2N,Third,log2rfu,Control,PPROM,260,4,2.608633471595854,0.009090455290242414,0.01818091058048483,*
BGN,Third,log2rfu,Control,PPROM,260,4,2.359740939982154,0.018287700917142095,0.018287700917142095,*
SBDS,Second,log2rfu,Control,PPROM,306,4,2.3590105544152165,0.01832373460804477,0.01832373460804477,*
JAG1,Third,log2rfu,Control,PPROM,260,4,-2.6025589711497013,0.009253090017215419,0.018506180034430837,*
SLPI,Third,log2rfu,Control,sPTD,260,62,-2.597966899417144,0.009377753329581465,0.01875550665916293,*
SLPI,Third,log2rfu,PPROM,sPTD,4,62,2.548595799548249,0.010815757626963587,0.01875550665916293,*
FLRT1,Third,log2rfu,Control,PPROM,260,4,2.593001757114421,0.00951422844972201,0.01902845689944402,*
PPID,Second,log2rfu,Control,PPROM,306,4,2.338508709155541,0.0193608744142583,0.0193608744142583,*
CD226,Third,log2rfu,PPROM,sPTD,4,62,-2.5723136961599504,0.010102131080359397,0.020204262160718793,*
PAK3,Second,log2rfu,Control,PPROM,306,4,2.5660520167798637,0.010286340124438166,0.020572680248876332,*
NACA,Second,log2rfu,PPROM,sPTD,4,62,-2.551518907209543,0.010725450448714178,0.021450900897428356,*
BCAR3,Second,log2rfu,Control,PPROM,306,4,2.546274831735552,0.010887942901701964,0.02177588580340393,*
PCSK9,Second,log2rfu,Control,PPROM,306,4,2.5398132781485563,0.011091166468363374,0.022182332936726747,*
MIA,Third,log2rfu,Control,PPROM,260,4,-2.5295029791173036,0.011422420430918708,0.022844840861837416,*
CAPG,Second,log2rfu,Control,sPTD,306,62,2.5245706127717042,0.011583973027284408,0.023167946054568817,*
CAPG,Second,log2rfu,PPROM,sPTD,4,62,-2.4400144344256725,0.014686675064751239,0.023167946054568817,*
NACA,Second,log2rfu,Control,sPTD,306,62,2.2510963455801263,0.02437943583746371,0.02437943583746371,*
AURKB,Second,log2rfu,PPROM,sPTD,4,62,2.5060157781595414,0.012210017109296497,0.024420034218592995,*
TNFSF15,Third,log2rfu,PPROM,sPTD,4,62,2.245238926102086,0.02475279841572493,0.02475279841572493,*
DLL4,Third,log2rfu,Control,PPROM,260,4,2.2445684115230966,0.024795852535676864,0.024795852535676864,*
STK16,Second,log2rfu,PPROM,sPTD,4,62,2.4994737947497963,0.012437789757130181,0.024875579514260362,*
FCN2,Third,log2rfu,Control,PPROM,260,4,-2.4979155767973094,0.012492594115363765,0.02498518823072753,*
WNT7A,Third,log2rfu,PPROM,sPTD,4,62,2.2361166581745087,0.025344130541694227,0.025344130541694227,*
C9,Second,log2rfu,Control,PPROM,306,4,2.2254013272074635,0.02605430852830604,0.02605430852830604,*
HRG,Second,log2rfu,PPROM,sPTD,4,62,-2.2239836044949914,0.026149547367557684,0.026149547367557684,*
UFC1,Third,log2rfu,PPROM,sPTD,4,62,-2.2123987615628073,0.02693912438932469,0.02693912438932469,*
TFF3,Second,log2rfu,Control,PPROM,306,4,-2.463935314764808,0.013742090932160417,0.027484181864320834,*
FCN1,Second,log2rfu,Control,PPROM,306,4,2.4547562853701965,0.014098013156323913,0.028196026312647827,*
ESAM,Third,log2rfu,PPROM,sPTD,4,62,-2.1837050824451554,0.028983926073857264,0.028983926073857264,*
WNT7A,Second,log2rfu,PPROM,sPTD,4,62,2.444811888926152,0.014492771077258519,0.028985542154517038,*
PDE3A,Third,log2rfu,Control,PPROM,260,4,2.440491299246345,0.014667299267493897,0.029334598534987794,*
ARSB,Third,log2rfu,Control,PPROM,260,4,-2.17272731957993,0.029800846333637908,0.029800846333637908,*
SPINT2,Second,log2rfu,Control,PPROM,306,4,-2.155773558181231,0.031101351145687052,0.031101351145687052,*
FCN1,Third,log2rfu,PPROM,sPTD,4,62,2.4119276400514544,0.01586843050209788,0.03173686100419576,*
HINT1,Third,log2rfu,PPROM,sPTD,4,62,2.4081128734635584,0.016035222498060827,0.032070444996121654,*
CCL28,Second,log2rfu,Control,PPROM,306,4,-2.1176383143476962,0.034205710712210936,0.034205710712210936,*
PLCG1,Second,log2rfu,Control,PPROM,306,4,-2.1005182167597196,0.03568327985013721,0.03568327985013721,*
LBP,Second,log2rfu,Control,sPTD,306,62,-2.0962371687709136,0.03606115728294881,0.03606115728294881,*
MICA,Third,log2rfu,PPROM,sPTD,4,62,-2.353213406481229,0.01861194897365103,0.03722389794730206,*
EDAR,Third,log2rfu,PPROM,sPTD,4,62,2.349564499310198,0.01879538741699121,0.03759077483398242,*
GREM1,Second,log2rfu,Control,PPROM,306,4,-2.3494993890885634,0.018798674958491197,0.037597349916982395,*
MICA,Second,log2rfu,Control,PPROM,306,4,2.065311807963281,0.03889350703608396,0.03889350703608396,*
PDE4D,Third,log2rfu,Control,sPTD,260,62,-2.0603457041828936,0.03936550355860629,0.03936550355860629,*
XPNPEP1,Second,log2rfu,Control,sPTD,306,62,-2.050279188526035,0.040337194263242414,0.040337194263242414,*
STAB2,Third,log2rfu,PPROM,sPTD,4,62,-2.04836379828328,0.04052436598764574,0.04052436598764574,*
TSLP,Second,log2rfu,PPROM,sPTD,4,62,2.0470592976136737,0.0406522627251195,0.0406522627251195,*
LBP,Third,log2rfu,PPROM,sPTD,4,62,2.0447148911122492,0.040882974668318264,0.040882974668318264,*
MAPKAPK3,Third,log2rfu,PPROM,sPTD,4,62,-2.032109575430506,0.04214256423095388,0.04214256423095388,*
PDE5A,Third,log2rfu,Control,PPROM,260,4,2.298428982145652,0.02153738556652169,0.04307477113304338,*
BTK,Second,log2rfu,PPROM,sPTD,4,62,-2.0165300417015315,0.043744580085855043,0.043744580085855043,*
AREG,Second,log2rfu,PPROM,sPTD,4,62,2.28809504191049,0.02213198692534366,0.04426397385068732,*
CAMK1,Third,log2rfu,Control,PPROM,260,4,2.2850650811641153,0.022309011934873255,0.04461802386974651,*
SKP1,Third,log2rfu,PPROM,sPTD,4,62,2.272771589301683,0.02303994796711513,0.04607989593423026,*
IDE,Third,log2rfu,PPROM,sPTD,4,62,-1.986498235792619,0.04697802853305233,0.04697802853305233,*
HTRA2,Second,log2rfu,PPROM,sPTD,4,62,1.9844016342892294,0.0472110839916564,0.0472110839916564,*
CFC1,Second,log2rfu,Control,PPROM,306,4,1.983123261870738,0.047353662833354196,0.047353662833354196,*
RSPO2,Second,log2rfu,Control,PPROM,306,4,2.258735697114212,0.023899830549483865,0.04779966109896773,*
GPC5,Third,log2rfu,Control,PPROM,260,4,-2.255664499004736,0.02409165049408541,0.04818330098817082,*
CBX5,Second,log2rfu,PPROM,sPTD,4,62,2.2530590863160787,0.024255423706428764,0.04851084741285753,*
GAS1,Second,log2rfu,Control,PPROM,306,4,-2.235003075061038,0.025417146864837533,0.050834293729675066,ns
IDUA,Third,log2rfu,Control,sPTD,260,62,-1.9478814190200706,0.05142915358819019,0.05142915358819019,ns
BMPR1A,Second,log2rfu,PPROM,sPTD,4,62,2.2108996376755017,0.027042787784164427,0.05408557556832885,ns
BCAM,Third,log2rfu,Control,PPROM,260,4,1.9241587613233577,0.05433468644983072,0.05433468644983072,ns
BOC,Second,log2rfu,PPROM,sPTD,4,62,-2.199850954583489,0.02781747141179381,0.05563494282358762,ns
CD48,Second,log2rfu,Control,PPROM,306,4,1.8643091807266683,0.06227829830309984,0.06227829830309984,ns
MEPE,Third,log2rfu,Control,PPROM,260,4,-2.149563224545267,0.03158977998286556,0.06317955996573112,ns
LY86,Third,log2rfu,Control,PPROM,260,4,2.14729541104537,0.03176977093537234,0.06353954187074468,ns
DKK3,Third,log2rfu,Control,sPTD,260,62,-1.8526570006759975,0.0639315368532718,0.0639315368532718,ns
HRG,Third,log2rfu,PPROM,sPTD,4,62,-1.8499959357126885,0.06431413537813842,0.06431413537813842,ns
LGMN,Second,log2rfu,Control,PPROM,306,4,2.1416124898059916,0.03222467784298958,0.06444935568597916,ns
LRP8,Third,log2rfu,Control,PPROM,260,4,1.8461621755947561,0.0648686612053477,0.0648686612053477,ns
TEC,Second,log2rfu,Control,PPROM,306,4,1.8456189860054029,0.0649475477809932,0.0649475477809932,ns
BMPER,Third,log2rfu,PPROM,sPTD,4,62,1.8430298402043568,0.06532465379097747,0.06532465379097747,ns
HCK,Third,log2rfu,Control,PPROM,260,4,-2.1352274034923466,0.032742439528103,0.065484879056206,ns
MIF,Second,log2rfu,Control,PPROM,306,4,2.1339129750177483,0.032849905170084334,0.06569981034016867,ns
PDE9A,Third,log2rfu,PPROM,sPTD,4,62,1.8375564794478105,0.06612778674678124,0.06612778674678124,ns
ABL2,Third,log2rfu,Control,PPROM,260,4,-2.11627496210035,0.03432142892625443,0.06864285785250886,ns
EPHA3,Second,log2rfu,PPROM,sPTD,4,62,1.818962142727241,0.06891720593009865,0.06891720593009865,ns
FCRL3,Second,log2rfu,PPROM,sPTD,4,62,1.81038487559002,0.07023612306985227,0.07023612306985227,ns
ACE2,Third,log2rfu,PPROM,sPTD,4,62,1.804550455491667,0.07114505693702343,0.07114505693702343,ns
LRP8,Second,log2rfu,Control,PPROM,306,4,1.8021695672591984,0.07151873118304575,0.07151873118304575,ns
ADAM12,Second,log2rfu,Control,PPROM,306,4,-1.7997238390323442,0.07190425496934294,0.07190425496934294,ns
METAP1,Second,log2rfu,Control,PPROM,306,4,-2.0779631675565122,0.03771275170334419,0.07542550340668838,ns
GOT1,Second,log2rfu,Control,PPROM,306,4,2.0669120992722103,0.03874243743673684,0.07748487487347368,ns
PTK6,Third,log2rfu,PPROM,sPTD,4,62,1.761924585357351,0.07808204012996421,0.07808204012996421,ns
PAK6,Third,log2rfu,PPROM,sPTD,4,62,-2.063291145801134,0.03908497479777629,0.07816994959555258,ns
TNFSF18,Second,log2rfu,Control,PPROM,306,4,-1.755489371719495,0.07917563703961343,0.07917563703961343,ns
ROBO3,Second,log2rfu,PPROM,sPTD,4,62,1.7526700441751613,0.07965866048821174,0.07965866048821174,ns
WNT7A,Second,log2rfu,Control,sPTD,306,62,-1.752337171398602,0.07971584794422511,0.07971584794422511,ns
MBD4,Second,log2rfu,Control,PPROM,306,4,-1.7518358764670343,0.07980203324935403,0.07980203324935403,ns
CD22,Third,log2rfu,PPROM,sPTD,4,62,-1.746167940755172,0.08078177383073482,0.08078177383073482,ns
GAS1,Third,log2rfu,Control,PPROM,260,4,-2.046944663674926,0.04066351808000009,0.08132703616000019,ns
ALCAM,Third,log2rfu,PPROM,sPTD,4,62,1.7421873147504108,0.08147567293747147,0.08147567293747147,ns
CRTAM,Third,log2rfu,PPROM,sPTD,4,62,1.7400311423311654,0.08185354975715949,0.08185354975715949,ns
PPIB,Second,log2rfu,PPROM,sPTD,4,62,-1.7394406999465666,0.08195727444943554,0.08195727444943554,ns
CD226,Second,log2rfu,PPROM,sPTD,4,62,-2.0418257108858775,0.04116882291738238,0.08233764583476476,ns
KYNU,Second,log2rfu,PPROM,sPTD,4,62,-2.0403719367948234,0.04131329481336688,0.08262658962673376,ns
CFC1,Third,log2rfu,PPROM,sPTD,4,62,2.028128949425745,0.04254708900141758,0.08509417800283516,ns
NANOG,Second,log2rfu,Control,PPROM,306,4,1.7208264580845798,0.08528231976752411,0.08528231976752411,ns
PPID,Third,log2rfu,PPROM,sPTD,4,62,2.022323869835468,0.043142904231188016,0.08628580846237603,ns
DHH,Third,log2rfu,PPROM,sPTD,4,62,2.020333556833088,0.04334880028864227,0.08669760057728454,ns
FCAR,Second,log2rfu,PPROM,sPTD,4,62,-2.016093909474215,0.04379015681002041,0.08758031362004082,ns
CHL1,Second,log2rfu,Control,sPTD,306,62,1.6995583483206271,0.08921403057437978,0.08921403057437978,ns
AREG,Third,log2rfu,PPROM,sPTD,4,62,1.9997669891418228,0.04552543072270116,0.09105086144540232,ns
IL22RA1,Third,log2rfu,PPROM,sPTD,4,62,-1.6828096435127253,0.09241194758818294,0.09241194758818294,ns
ROBO2,Third,log2rfu,Control,PPROM,260,4,-1.9908972728917567,0.046492182093617,0.092984364187234,ns
ING1,Second,log2rfu,PPROM,sPTD,4,62,1.6658797309392146,0.0957373714751718,0.0957373714751718,ns
C9,Third,log2rfu,Control,PPROM,260,4,1.6625502754423773,0.09640249164539488,0.09640249164539488,ns
JAG1,Second,log2rfu,PPROM,sPTD,4,62,-1.6600646345749972,0.09690145051663475,0.09690145051663475,ns
PDE9A,Second,log2rfu,PPROM,sPTD,4,62,1.9726260641516893,0.04853818121548658,0.09707636243097316,ns
SET,Second,log2rfu,Control,PPROM,306,4,-1.9679053973480924,0.049078923685138276,0.09815784737027655,ns
GPC2,Third,log2rfu,Control,PPROM,260,4,-1.951048549964994,0.05105127069272816,0.10210254138545632,ns
COLEC12,Second,log2rfu,Control,PPROM,306,4,1.9406702509206586,0.05229828700114444,0.10459657400228888,ns
FGF7,Second,log2rfu,Control,PPROM,306,4,-1.6212460668232986,0.10496487666574178,0.10496487666574178,ns
BPI,Third,log2rfu,PPROM,sPTD,4,62,-1.9352476759813206,0.052959909807230005,0.10591981961446001,ns
ASGR1,Third,log2rfu,PPROM,sPTD,4,62,1.603528842251235,0.10881794663468161,0.10881794663468161,ns
RASA1,Third,log2rfu,Control,PPROM,260,4,1.5999424241773628,0.10961135670405527,0.10961135670405527,ns
SPARCL1,Second,log2rfu,Control,PPROM,306,4,1.9186586968789745,0.05502754188932401,0.11005508377864802,ns
SET,Third,log2rfu,Control,PPROM,260,4,-1.918570220912897,0.05503874732369898,0.11007749464739797,ns
PDE7A,Second,log2rfu,Control,PPROM,306,4,1.916756463813644,0.05526887824852749,0.11053775649705498,ns
JAK2,Second,log2rfu,Control,PPROM,306,4,-1.9141597647085893,0.055599745038083966,0.11119949007616793,ns
MEPE,Second,log2rfu,PPROM,sPTD,4,62,-1.910840665281878,0.05602506005013171,0.11205012010026343,ns
COMMD7,Second,log2rfu,Control,sPTD,306,62,-1.5878978427876944,0.11230944138857657,0.11230944138857657,ns
NANOG,Third,log2rfu,PPROM,sPTD,4,62,1.5861136034804055,0.11271354152559739,0.11271354152559739,ns
TFF3,Second,log2rfu,PPROM,sPTD,4,62,1.575745737293843,0.11508441225586148,0.11508441225586148,ns
TF,Second,log2rfu,Control,PPROM,306,4,1.893476754395073,0.058294496691362774,0.11658899338272555,ns
PSME3,Third,log2rfu,PPROM,sPTD,4,62,1.5682007864589809,0.11683428093495292,0.11683428093495292,ns
GNS,Third,log2rfu,PPROM,sPTD,4,62,-1.8816750843339118,0.0598801446763479,0.1197602893526958,ns
ERBB4,Third,log2rfu,PPROM,sPTD,4,62,1.5511172665218815,0.12087358404657891,0.12087358404657891,ns
SHC1,Second,log2rfu,PPROM,sPTD,4,62,1.5433265750633305,0.12275155883240446,0.12275155883240446,ns
PRL,Third,log2rfu,PPROM,sPTD,4,62,1.5391753885075985,0.12376148431744408,0.12376148431744408,ns
TPSB2,Third,log2rfu,Control,sPTD,260,62,-1.5334819623120437,0.12515714763041308,0.12515714763041308,ns
TFF3,Third,log2rfu,PPROM,sPTD,4,62,1.5244139004066095,0.12740534989101754,0.12740534989101754,ns
RAN,Third,log2rfu,Control,PPROM,260,4,1.5662491950360353,0.11729028978881248,0.12982813630439702,ns
RAN,Third,log2rfu,PPROM,sPTD,4,62,1.8458494502910627,0.06491406815219851,0.12982813630439702,ns
JAK2,Second,log2rfu,PPROM,sPTD,4,62,-1.5097443935599744,0.13110865881308695,0.13110865881308695,ns
C5,Third,log2rfu,Control,PPROM,260,4,-1.5050182305388151,0.1323193897945591,0.1323193897945591,ns
SPARCL1,Second,log2rfu,PPROM,sPTD,4,62,1.5043654294230728,0.13248730051815816,0.13248730051815816,ns
GPNMB,Second,log2rfu,Control,sPTD,306,62,-1.4937082680202358,0.1352518865608501,0.1352518865608501,ns
OSM,Second,log2rfu,Control,PPROM,306,4,1.8222788882355512,0.06841267987180936,0.13682535974361873,ns
SET,Third,log2rfu,PPROM,sPTD,4,62,-1.4774756854338025,0.13954817128264432,0.13954817128264432,ns
GP1BA,Second,log2rfu,PPROM,sPTD,4,62,1.4758714572384073,0.13997840319767182,0.13997840319767182,ns
RGMA,Second,log2rfu,PPROM,sPTD,4,62,1.8116932722719692,0.07003360374648616,0.14006720749297233,ns
LY9,Third,log2rfu,Control,PPROM,260,4,-1.809067226203583,0.07044055995189433,0.14088111990378865,ns
ENPP7,Second,log2rfu,Control,PPROM,306,4,-1.4676482953417525,0.14219978216636758,0.14219978216636758,ns
CD27,Second,log2rfu,Control,PPROM,306,4,1.800871217706671,0.07172318049974923,0.14344636099949845,ns
EDAR,Second,log2rfu,PPROM,sPTD,4,62,1.8006445891799556,0.07175891642061379,0.14351783284122757,ns
CDC37,Third,log2rfu,Control,PPROM,260,4,1.7995100121683023,0.07193804158552748,0.14387608317105496,ns
NRP1,Second,log2rfu,PPROM,sPTD,4,62,-1.799045437679796,0.07201149345906391,0.14402298691812782,ns
UFM1,Third,log2rfu,PPROM,sPTD,4,62,-1.4588994307449175,0.1445927898487939,0.1445927898487939,ns
RSPO2,Third,log2rfu,PPROM,sPTD,4,62,-1.4506064599016653,0.14688947547105807,0.14688947547105807,ns
CKAP2,Third,log2rfu,Control,PPROM,260,4,1.7889808780616374,0.0736178951606066,0.1472357903212132,ns
ZAP70,Third,log2rfu,Control,PPROM,260,4,1.447917926344979,0.14764000553159523,0.14764000553159523,ns
SET,Second,log2rfu,PPROM,sPTD,4,62,-1.4440338046443162,0.14872946657138714,0.14872946657138714,ns
COLEC12,Third,log2rfu,PPROM,sPTD,4,62,1.765905211362112,0.0774117527601773,0.1548235055203546,ns
FCN2,Second,log2rfu,Control,PPROM,306,4,-1.7623132554141732,0.07801638551356985,0.1560327710271397,ns
ASAH2,Third,log2rfu,PPROM,sPTD,4,62,1.4164394200274666,0.15664688922903658,0.15664688922903658,ns
CNTF,Second,log2rfu,Control,PPROM,306,4,1.4158954782945008,0.15680610903425657,0.15680610903425657,ns
ESAM,Second,log2rfu,PPROM,sPTD,4,62,-1.4119053972320144,0.1579778183464893,0.1579778183464893,ns
BCAM,Second,log2rfu,PPROM,sPTD,4,62,-1.4116146424138036,0.15806345863537663,0.15806345863537663,ns
PRKACA,Second,log2rfu,PPROM,sPTD,4,62,1.7548507053117433,0.07928484784568661,0.15856969569137322,ns
CBX5,Third,log2rfu,PPROM,sPTD,4,62,1.4083123086010794,0.15903861253921606,0.15903861253921606,ns
HDAC8,Second,log2rfu,PPROM,sPTD,4,62,-1.7464188155836273,0.08073820280009118,0.16147640560018237,ns
PCSK9,Second,log2rfu,PPROM,sPTD,4,62,-1.399693694867158,0.1616050627184195,0.1616050627184195,ns
FLRT1,Second,log2rfu,Control,PPROM,306,4,1.7437136432198288,0.08120903516060186,0.16241807032120373,ns
SPHK2,Second,log2rfu,PPROM,sPTD,4,62,1.3770148190467093,0.1685076662446147,0.1685076662446147,ns
PDK1,Second,log2rfu,Control,PPROM,306,4,-1.5648131525518203,0.11762672687900519,0.17066806395266296,ns
PDK1,Second,log2rfu,PPROM,sPTD,4,62,-1.7205416367628594,0.08533403197633148,0.17066806395266296,ns
AMHR2,Third,log2rfu,Control,PPROM,260,4,1.719731572975496,0.08548124589023166,0.17096249178046333,ns
CDC37,Third,log2rfu,PPROM,sPTD,4,62,1.3683401891366047,0.1712056164943264,0.1712056164943264,ns
GPC2,Second,log2rfu,Control,PPROM,306,4,-1.7139723802142608,0.08653379853428655,0.1730675970685731,ns
GPC2,Second,log2rfu,PPROM,sPTD,4,62,-1.4652589063737103,0.14285029354480502,0.1730675970685731,ns
OMD,Third,log2rfu,PPROM,sPTD,4,62,1.3590520617921615,0.17413009194381357,0.17413009194381357,ns
GAS1,Third,log2rfu,PPROM,sPTD,4,62,-1.3544079981199402,0.17560624732160682,0.17560624732160682,ns
METAP1,Second,log2rfu,PPROM,sPTD,4,62,-1.352009904680574,0.17637214678616525,0.17637214678616525,ns
RGMB,Third,log2rfu,Control,PPROM,260,4,-1.687496223941245,0.09150797539353661,0.18301595078707322,ns
ABL2,Second,log2rfu,Control,PPROM,306,4,-1.3195760580023577,0.18697660084004689,0.18697660084004689,ns
RASA1,Second,log2rfu,PPROM,sPTD,4,62,-1.3094143238126805,0.1903940420650228,0.1903940420650228,ns
CD5L,Third,log2rfu,PPROM,sPTD,4,62,-1.6682140148286015,0.09527324975274207,0.19054649950548413,ns
BGN,Second,log2rfu,Control,PPROM,306,4,-1.6679262623630013,0.09533036552361682,0.19066073104723363,ns
METAP1,Third,log2rfu,PPROM,sPTD,4,62,-1.305977048395348,0.19156036279757482,0.19156036279757482,ns
RET,Third,log2rfu,PPROM,sPTD,4,62,1.301332984723127,0.19314450149212525,0.19314450149212525,ns
EDA,Second,log2rfu,Control,PPROM,306,4,-1.2964775136376274,0.1948110221709398,0.1948110221709398,ns
CD70,Second,log2rfu,PPROM,sPTD,4,62,1.2915329024927116,0.19651895355474952,0.19651895355474952,ns
LYN,Third,log2rfu,PPROM,sPTD,4,62,-1.2877325125401935,0.19783909180590317,0.19783909180590317,ns
PYY,Third,log2rfu,PPROM,sPTD,4,62,1.2854104807040827,0.19864888067593836,0.19864888067593836,ns
GP1BA,Third,log2rfu,PPROM,sPTD,4,62,1.282425011200512,0.19969359504925968,0.19969359504925968,ns
PIGR,Second,log2rfu,PPROM,sPTD,4,62,-1.637095003936338,0.10161062034645416,0.2032212406929083,ns
LY9,Third,log2rfu,PPROM,sPTD,4,62,-1.2723075867717442,0.20326385403765,0.20326385403765,ns
PRKACA,Second,log2rfu,Control,PPROM,306,4,1.2686686778730307,0.20455925830581626,0.20455925830581626,ns
NRP1,Second,log2rfu,Control,PPROM,306,4,-1.2666154739294992,0.2052928167618172,0.2052928167618172,ns
ERBB3,Third,log2rfu,PPROM,sPTD,4,62,1.2621901623429765,0.20688036777197094,0.20688036777197094,ns
GPC2,Third,log2rfu,PPROM,sPTD,4,62,-1.2590388334225409,0.20801630570044183,0.20801630570044183,ns
COLEC12,Second,log2rfu,PPROM,sPTD,4,62,1.2588229854439879,0.2080942761176377,0.2080942761176377,ns
NCAM1,Third,log2rfu,Control,PPROM,260,4,-1.6155741386587958,0.10618641905258505,0.2123728381051701,ns
PSME1,Second,log2rfu,PPROM,sPTD,4,62,-1.2418138285786517,0.21430525936436187,0.21430525936436187,ns
NID2,Second,log2rfu,Control,PPROM,306,4,1.605937619773732,0.10828761671517187,0.21657523343034374,ns
LRIG3,Second,log2rfu,Control,PPROM,306,4,1.2335226574278726,0.21738082878839615,0.21738082878839615,ns
C3,Third,log2rfu,PPROM,sPTD,4,62,1.2329989049747292,0.2175761727149839,0.2175761727149839,ns
AIP,Second,log2rfu,Control,PPROM,306,4,-1.276126639256153,0.20191075607321415,0.21854238201152215,ns
AIP,Second,log2rfu,PPROM,sPTD,4,62,-1.6014775387055058,0.10927119100576108,0.21854238201152215,ns
PPID,Third,log2rfu,Control,PPROM,260,4,1.2264821367478893,0.22001729347519874,0.22001729347519874,ns
SBDS,Third,log2rfu,PPROM,sPTD,4,62,-1.595899309075443,0.110511275827129,0.221022551654258,ns
HTRA2,Third,log2rfu,PPROM,sPTD,4,62,-1.213427493784654,0.22496641995411992,0.22496641995411992,ns
KYNU,Second,log2rfu,Control,PPROM,306,4,1.2105146955900634,0.22608145523225057,0.22608145523225057,ns
DBNL,Second,log2rfu,Control,PPROM,306,4,1.2056836274876361,0.227939500278511,0.227939500278511,ns
C6,Third,log2rfu,PPROM,sPTD,4,62,-1.5794792268058038,0.11422617761044106,0.22845235522088211,ns
LY86,Third,log2rfu,PPROM,sPTD,4,62,1.1976708491824752,0.23104518215788283,0.23104518215788283,ns
MATN3,Third,log2rfu,Control,PPROM,260,4,-1.5707848220358291,0.1162326387712514,0.2324652775425028,ns
MATN3,Third,log2rfu,PPROM,sPTD,4,62,-1.3507590909489098,0.17677261655278864,0.2324652775425028,ns
TLR2,Third,log2rfu,PPROM,sPTD,4,62,-1.1926950666765237,0.23298881842621397,0.23298881842621397,ns
GOT1,Second,log2rfu,PPROM,sPTD,4,62,1.190640980573538,0.2337945564774461,0.2337945564774461,ns
RAN,Second,log2rfu,Control,PPROM,306,4,1.1878388696842956,0.23489689737277614,0.23489689737277614,ns
DLL1,Third,log2rfu,PPROM,sPTD,4,62,-1.5637225822036247,0.11788273209831551,0.23576546419663102,ns
GPC5,Third,log2rfu,PPROM,sPTD,4,62,-1.181914204580296,0.2372397451702895,0.2372397451702895,ns
CAMK1D,Second,log2rfu,Control,PPROM,306,4,1.5561172299674513,0.11968021857310288,0.23936043714620575,ns
MATN2,Third,log2rfu,PPROM,sPTD,4,62,1.1761091249900193,0.23955127199184098,0.23955127199184098,ns
RPS6KA3,Third,log2rfu,PPROM,sPTD,4,62,-1.1703040453997424,0.2418786345003309,0.2418786345003309,ns
DLL1,Third,log2rfu,Control,PPROM,260,4,-1.160715545250875,0.24575759792017665,0.24575759792017665,ns
MEPE,Second,log2rfu,Control,PPROM,306,4,-1.1606641116081424,0.24577852200113587,0.24577852200113587,ns
NCK1,Second,log2rfu,PPROM,sPTD,4,62,1.1586579505703414,0.24659563720639774,0.24659563720639774,ns
FGF9,Third,log2rfu,Control,sPTD,260,62,-1.1543445994861232,0.24835891846566732,0.24835891846566732,ns
AURKB,Second,log2rfu,Control,PPROM,306,4,-1.1531155676980998,0.2488629526488176,0.2488629526488176,ns
MEPE,Third,log2rfu,PPROM,sPTD,4,62,-1.1528888066289134,0.24895602698901156,0.24895602698901156,ns
ALCAM,Second,log2rfu,PPROM,sPTD,4,62,-1.152552099387913,0.2490942737566043,0.2490942737566043,ns
FLRT1,Second,log2rfu,PPROM,sPTD,4,62,1.148772286751172,0.2506498896503551,0.2506498896503551,ns
DKK1,Third,log2rfu,Control,PPROM,260,4,-1.1408721771267762,0.2539231191745808,0.2539231191745808,ns
NCK1,Third,log2rfu,PPROM,sPTD,4,62,1.13962005327971,0.2544446271311953,0.2544446271311953,ns
ACE2,Second,log2rfu,PPROM,sPTD,4,62,1.13830511329558,0.25499309960273436,0.25499309960273436,ns
MIF,Third,log2rfu,Control,PPROM,260,4,1.2763740337456242,0.20182333071553607,0.2551421168175597,ns
MIF,Third,log2rfu,PPROM,sPTD,4,62,1.5237504627391487,0.12757105840877986,0.2551421168175597,ns
GNS,Second,log2rfu,Control,PPROM,306,4,-1.521635481386377,0.12810044196297204,0.2562008839259441,ns
ROBO2,Third,log2rfu,PPROM,sPTD,4,62,-1.124858565178721,0.26064897251286007,0.26064897251286007,ns
COLEC12,Third,log2rfu,Control,PPROM,260,4,1.1242685425739585,0.26089911930326337,0.26089911930326337,ns
PDE3A,Second,log2rfu,Control,PPROM,306,4,-1.1186338191170253,0.2632963895264733,0.2632963895264733,ns
HDAC8,Third,log2rfu,PPROM,sPTD,4,62,-1.1165655943354693,0.2641801093444132,0.2641801093444132,ns
IDE,Second,log2rfu,Control,PPROM,306,4,1.1116589645441461,0.2662848097102972,0.2662848097102972,ns
MATN3,Second,log2rfu,PPROM,sPTD,4,62,-1.5007309941954372,0.13342515310743494,0.2668503062148699,ns
GAS1,Second,log2rfu,PPROM,sPTD,4,62,-1.1076304799743326,0.2680214343498304,0.2680214343498304,ns
PDE5A,Second,log2rfu,Control,PPROM,306,4,1.1061334304019947,0.2686687709037621,0.2686687709037621,ns
DHH,Second,log2rfu,PPROM,sPTD,4,62,1.4970965589678014,0.13436813500514164,0.2687362700102833,ns
SPARCL1,Third,log2rfu,Control,PPROM,260,4,1.333312351260896,0.18242932209054408,0.27424205737751917,ns
SPARCL1,Third,log2rfu,PPROM,sPTD,4,62,1.4865979533613802,0.13712102868875958,0.27424205737751917,ns
ERBB2,Second,log2rfu,Control,PPROM,306,4,1.4775519849517282,0.13952773418622944,0.27905546837245887,ns
OLR1,Third,log2rfu,PPROM,sPTD,4,62,-1.4754853724314216,0.14008209803353816,0.2801641960670763,ns
CD27,Second,log2rfu,PPROM,sPTD,4,62,1.0724491469708166,0.28351834331376297,0.28351834331376297,ns
HCK,Second,log2rfu,PPROM,sPTD,4,62,-1.0648895216973335,0.28692592730935595,0.28692592730935595,ns
ROBO3,Third,log2rfu,PPROM,sPTD,4,62,1.058183079598974,0.2899719837933254,0.2899719837933254,ns
NID2,Second,log2rfu,PPROM,sPTD,4,62,1.053259328968899,0.2922221536286748,0.2922221536286748,ns
FSTL3,Third,log2rfu,PPROM,sPTD,4,62,1.0530414376761574,0.2923220009331638,0.2923220009331638,ns
BOC,Second,log2rfu,Control,PPROM,306,4,-1.0522066327086508,0.2927047570809215,0.2927047570809215,ns
MICA,Third,log2rfu,Control,PPROM,260,4,-1.036633749470794,0.2999065783272259,0.2999065783272259,ns
RELT,Second,log2rfu,PPROM,sPTD,4,62,1.030144320921134,0.30294226239886074,0.30294226239886074,ns
ERP29,Third,log2rfu,PPROM,sPTD,4,62,1.027664946895806,0.3041074620057322,0.3041074620057322,ns
FSTL3,Second,log2rfu,PPROM,sPTD,4,62,1.0204040345110699,0.30753688124521983,0.30753688124521983,ns
KLRF1,Third,log2rfu,PPROM,sPTD,4,62,1.0172158036333083,0.3090507796017114,0.3090507796017114,ns
AMHR2,Second,log2rfu,Control,PPROM,306,4,1.0423331372743152,0.297257254075846,0.309920613843374,ns
AMHR2,Second,log2rfu,PPROM,sPTD,4,62,1.4222271932785002,0.154960306921687,0.309920613843374,ns
CAMK1,Third,log2rfu,PPROM,sPTD,4,62,1.0049422067852953,0.3149246793594036,0.3149246793594036,ns
JAG2,Third,log2rfu,PPROM,sPTD,4,62,0.9971468141926381,0.31869325253786696,0.31869325253786696,ns
CHL1,Third,log2rfu,PPROM,sPTD,4,62,0.99416134468906725,0.320144323884396,0.320144323884396,ns
RPS6KA3,Second,log2rfu,PPROM,sPTD,4,62,0.9911831752808767,0.32159614448184903,0.32159614448184903,ns
MATK,Second,log2rfu,PPROM,sPTD,4,62,0.9890025141442951,0.3226619115880137,0.3226619115880137,ns
C1QBP,Second,log2rfu,Control,PPROM,306,4,0.9981590583127461,0.31820223590500235,0.32373307637259213,ns
C1QBP,Second,log2rfu,PPROM,sPTD,4,62,1.3988214304125255,0.16186653818629607,0.32373307637259213,ns
MAPK14,Third,log2rfu,PPROM,sPTD,4,62,-0.9865318115132747,0.3238722127627483,0.3238722127627483,ns
CD226,Second,log2rfu,Control,PPROM,306,4,-0.9800727471042845,0.32705021058391626,0.32705021058391626,ns
TSLP,Third,log2rfu,Control,sPTD,260,62,-0.9693257154480747,0.3323827027518555,0.3323827027518555,ns
NMT1,Third,log2rfu,PPROM,sPTD,4,62,-0.9657993844051445,0.33414457661229763,0.33414457661229763,ns
BMX,Third,log2rfu,PPROM,sPTD,4,62,-0.9609894613160591,0.3365574667717203,0.3365574667717203,ns
JAG2,Second,log2rfu,PPROM,sPTD,4,62,0.9507682555495649,0.34172203051296984,0.34172203051296984,ns
ERBB3,Second,log2rfu,PPROM,sPTD,4,62,-0.9491691040494047,0.34253461252404876,0.34253461252404876,ns
EDA,Third,log2rfu,PPROM,sPTD,4,62,0.9374374241212226,0.34853359795612815,0.34853359795612815,ns
NID2,Third,log2rfu,PPROM,sPTD,4,62,-0.9316323445309463,0.3515265615654977,0.3515265615654977,ns
KIF23,Second,log2rfu,Control,sPTD,306,62,0.9208067434145568,0.3571513336799684,0.3571513336799684,ns
PRKACA,Third,log2rfu,PPROM,sPTD,4,62,-0.9201880447672582,0.3574745006855774,0.3574745006855774,ns
FER,Third,log2rfu,PPROM,sPTD,4,62,-0.9195246070997976,0.3578212408586378,0.3578212408586378,ns
CSK,Third,log2rfu,PPROM,sPTD,4,62,-0.9181977317648772,0.35851535595833206,0.35851535595833206,ns
EPHA3,Third,log2rfu,PPROM,sPTD,4,62,0.9148805434275767,0.36025434531748346,0.36025434531748346,ns
ADAM12,Third,log2rfu,PPROM,sPTD,4,62,1.3386513535177615,0.1806841998295702,0.3613683996591404,ns
CHST6,Second,log2rfu,PPROM,sPTD,4,62,0.9116617325002022,0.3619468144776078,0.3619468144776078,ns
SGTA,Second,log2rfu,Control,PPROM,306,4,-1.1873557628740525,0.23508732128939336,0.3628964976364028,ns
SGTA,Second,log2rfu,PPROM,sPTD,4,62,-1.3363091444971866,0.1814482488182014,0.3628964976364028,ns
RGMB,Third,log2rfu,PPROM,sPTD,4,62,-0.9095730420878954,0.3630477209165675,0.3630477209165675,ns
DHH,Third,log2rfu,Control,PPROM,260,4,0.9091502334408678,0.36327082960784535,0.36327082960784535,ns
AIF1,Second,log2rfu,PPROM,sPTD,4,62,-0.9086088069089874,0.3635566561229347,0.3635566561229347,ns
LSAMP,Third,log2rfu,PPROM,sPTD,4,62,0.9049289784156742,0.36550301382468553,0.36550301382468553,ns
ABL1,Second,log2rfu,PPROM,sPTD,4,62,0.9032298427720867,0.36640392240777303,0.36640392240777303,ns
GREM1,Second,log2rfu,PPROM,sPTD,4,62,-0.9017760686810323,0.3671758348399986,0.3671758348399986,ns
OLR1,Third,log2rfu,Control,PPROM,260,4,-0.9015368595483564,0.3673029450694824,0.3673029450694824,ns
LGMN,Second,log2rfu,PPROM,sPTD,4,62,0.901339936453716,0.36740760604527356,0.36740760604527356,ns
BMX,Second,log2rfu,PPROM,sPTD,4,62,-0.9007584268172938,0.36771677607214037,0.36771677607214037,ns
AREG,Second,log2rfu,Control,PPROM,306,4,-0.8894902201837739,0.3737396768888881,0.3737396768888881,ns
BDNF,Third,log2rfu,PPROM,sPTD,4,62,-0.8827038165557588,0.3773963195335603,0.3773963195335603,ns
EPHB2,Third,log2rfu,PPROM,sPTD,4,62,0.8777280340498071,0.3800913271306392,0.3800913271306392,ns
AREG,Third,log2rfu,Control,PPROM,260,4,0.8777248177994373,0.3800930729482793,0.3800930729482793,ns
FGR,Second,log2rfu,PPROM,sPTD,4,62,0.8711014353597848,0.3836987704764402,0.3836987704764402,ns
LYN,Second,log2rfu,Control,PPROM,306,4,0.8648517728613948,0.38712015060281185,0.38712015060281185,ns
FCN2,Second,log2rfu,PPROM,sPTD,4,62,-0.8597619974495606,0.38992025162154526,0.38992025162154526,ns
NXPH1,Third,log2rfu,PPROM,sPTD,4,62,0.8564980286910817,0.39172236276692324,0.39172236276692324,ns
SKP1,Third,log2rfu,Control,PPROM,260,4,0.851968935907749,0.3942313336091939,0.3942313336091939,ns
UBE2N,Third,log2rfu,PPROM,sPTD,4,62,0.8432292753418782,0.39910022846011567,0.39910022846011567,ns
ETHE1,Third,log2rfu,PPROM,sPTD,4,62,0.842234118840688,0.39965691943941345,0.39965691943941345,ns
RELT,Third,log2rfu,PPROM,sPTD,4,62,0.8382534928359269,0.4018883496304824,0.4018883496304824,ns
PCNA,Third,log2rfu,PPROM,sPTD,4,62,0.8382534928359269,0.4018883496304824,0.4018883496304824,ns
CD70,Third,log2rfu,PPROM,sPTD,4,62,0.8311215379107302,0.4059049736766483,0.4059049736766483,ns
DMP1,Third,log2rfu,PPROM,sPTD,4,62,0.8301263814095398,0.4064673327496477,0.4064673327496477,ns
OSM,Third,log2rfu,Control,PPROM,260,4,0.8241072271947285,0.40987863401109065,0.40987863401109065,ns
COMMD7,Third,log2rfu,PPROM,sPTD,4,62,-0.8239895829855332,0.40994547694876193,0.40994547694876193,ns
PYY,Second,log2rfu,Control,PPROM,306,4,0.8202851696165037,0.41205355876157596,0.41205355876157596,ns
CAMK2B,Third,log2rfu,PPROM,sPTD,4,62,-0.8200089569807723,0.41221100106001285,0.41221100106001285,ns
CRK,Third,log2rfu,PPROM,sPTD,4,62,-0.8188479410627169,0.41287317470795903,0.41287317470795903,ns
PAK3,Second,log2rfu,PPROM,sPTD,4,62,-0.8136773587631366,0.41582980803483144,0.41582980803483144,ns
TF,Third,log2rfu,PPROM,sPTD,4,62,0.8128770020555753,0.4162885813700212,0.4162885813700212,ns
IL24,Third,log2rfu,Control,sPTD,260,62,0.8112423769744859,0.41722649408342743,0.41722649408342743,ns
BMPR1A,Third,log2rfu,PPROM,sPTD,4,62,-1.2568826610032953,0.20879612797459662,0.41759225594919325,ns
TEC,Third,log2rfu,PPROM,sPTD,4,62,-0.8017644211256177,0.4226892430560937,0.4226892430560937,ns
GPC5,Second,log2rfu,Control,PPROM,306,4,0.800296625342711,0.42353895784664203,0.42353895784664203,ns
CFC1,Third,log2rfu,Control,PPROM,260,4,0.7988373053387332,0.42438475605336673,0.42438475605336673,ns
ERP29,Second,log2rfu,PPROM,sPTD,4,62,0.7963774470795897,0.42581268273954237,0.42581268273954237,ns
IL24,Second,log2rfu,PPROM,sPTD,4,62,0.7901262184880559,0.4294540594512655,0.4294540594512655,ns
MICB,Third,log2rfu,PPROM,sPTD,4,62,0.788495667776414,0.4304068316315502,0.4304068316315502,ns
ENPP7,Third,log2rfu,Control,sPTD,260,62,-0.7875946071998772,0.4309338701063483,0.4309338701063483,ns
RAC1,Second,log2rfu,PPROM,sPTD,4,62,-0.7812581965326237,0.43465065151546795,0.43465065151546795,ns
FLRT1,Third,log2rfu,PPROM,sPTD,4,62,0.7792075404319714,0.435857468986457,0.435857468986457,ns
FCAR,Third,log2rfu,PPROM,sPTD,4,62,0.7788758215982415,0.4360528679428897,0.4360528679428897,ns
CBX5,Second,log2rfu,Control,PPROM,306,4,-0.77882856646255,0.4360807076862533,0.4360807076862533,ns
PDE5A,Third,log2rfu,PPROM,sPTD,4,62,-0.7787099621813768,0.43615058635587856,0.43615058635587856,ns
MIA,Third,log2rfu,PPROM,sPTD,4,62,0.7785441027645116,0.436248317390639,0.436248317390639,ns
CNTN2,Third,log2rfu,PPROM,sPTD,4,62,-0.7720755855067748,0.44006966135949704,0.44006966135949704,ns
CNTF,Third,log2rfu,PPROM,sPTD,4,62,0.7715780072561796,0.440364404177653,0.440364404177653,ns
PTH,Third,log2rfu,PPROM,sPTD,4,62,0.7702511319212594,0.44115093826779045,0.44115093826779045,ns
FCRL3,Third,log2rfu,PPROM,sPTD,4,62,0.7672656624176886,0.44292357972164575,0.44292357972164575,ns
BST1,Third,log2rfu,PPROM,sPTD,4,62,0.7611288639936821,0.44658010179655405,0.44658010179655405,ns
DLL4,Second,log2rfu,PPROM,sPTD,4,62,0.7500020535749551,0.45325346793811133,0.45325346793811133,ns
CD5L,Second,log2rfu,Control,sPTD,306,62,-0.7490538382261575,0.4538247563591215,0.4538247563591215,ns
STK16,Third,log2rfu,Control,PPROM,260,4,0.7482974616267418,0.45428075527041767,0.45428075527041767,ns
CD22,Second,log2rfu,Control,PPROM,306,4,1.171413238136043,0.2414327136583166,0.45604422927055205,ns
CD22,Second,log2rfu,PPROM,sPTD,4,62,1.2054694763022924,0.22802211463527602,0.45604422927055205,ns
MRC2,Third,log2rfu,PPROM,sPTD,4,62,0.7440453440565826,0.4568490433059066,0.4568490433059066,ns
CD5L,Third,log2rfu,Control,PPROM,260,4,0.7412510411092041,0.4585412408653539,0.4585412408653539,ns
CHST2,Third,log2rfu,PPROM,sPTD,4,62,-0.7410598745530124,0.4586571374185378,0.4586571374185378,ns
BTK,Third,log2rfu,PPROM,sPTD,4,62,-0.7370792485482502,0.46107415779922983,0.46107415779922983,ns
IL22RA1,Second,log2rfu,PPROM,sPTD,4,62,-0.7308122355730375,0.4648938489085247,0.4648938489085247,ns
BGN,Second,log2rfu,PPROM,sPTD,4,62,-0.7297945937092991,0.46551574959996006,0.46551574959996006,ns
DSC3,Third,log2rfu,PPROM,sPTD,4,62,0.7284545588712685,0.4663353756334991,0.4663353756334991,ns
CD48,Third,log2rfu,PPROM,sPTD,4,62,-0.7277911212038084,0.4667414604753947,0.4667414604753947,ns
MDM2,Third,log2rfu,PPROM,sPTD,4,62,-0.7271276835363485,0.4671477414402747,0.4671477414402747,ns
CDON,Second,log2rfu,PPROM,sPTD,4,62,0.7247063843906087,0.4686321775779915,0.4686321775779915,ns
AIF1,Third,log2rfu,PPROM,sPTD,4,62,-0.7238104951990472,0.4691820851552968,0.4691820851552968,ns
TYK2,Second,log2rfu,Control,PPROM,306,4,1.0593626523353714,0.2894346517532396,0.47620912927570813,ns
TYK2,Second,log2rfu,PPROM,sPTD,4,62,1.1797376748906299,0.23810456463785407,0.47620912927570813,ns
CRTAM,Second,log2rfu,Control,PPROM,306,4,-1.1749459566859428,0.24001633785034657,0.48003267570069313,ns
CRTAM,Second,log2rfu,PPROM,sPTD,4,62,-0.8709560579506794,0.3837781464951093,0.48003267570069313,ns
XPNPEP1,Third,log2rfu,PPROM,sPTD,4,62,-0.7055659593438927,0.4804580996770508,0.4804580996770508,ns
CAMK1D,Second,log2rfu,PPROM,sPTD,4,62,0.7052258115704801,0.4806697207149899,0.4806697207149899,ns
SIRT2,Third,log2rfu,PPROM,sPTD,4,62,-0.7045708028427021,0.4810773737413537,0.4810773737413537,ns
DBNL,Third,log2rfu,Control,sPTD,260,62,0.703276663218179,0.48188335111677405,0.48188335111677405,ns
FYN,Second,log2rfu,PPROM,sPTD,4,62,0.6937409962511505,0.4878446512506696,0.4878446512506696,ns
SHC1,Third,log2rfu,PPROM,sPTD,4,62,-0.693292362495879,0.4881260950599284,0.4881260950599284,ns
CRP,Second,log2rfu,Control,PPROM,306,4,0.6896651657971276,0.49040477661703386,0.49040477661703386,ns
PAK6,Third,log2rfu,Control,PPROM,260,4,-0.68860537057588,0.49107164046213364,0.49107164046213364,ns
NACA,Third,log2rfu,PPROM,sPTD,4,62,-0.6826773598165166,0.49481073893986927,0.49481073893986927,ns
LYVE1,Third,log2rfu,PPROM,sPTD,4,62,0.6820139221490565,0.4952301475949121,0.4952301475949121,ns
TF,Second,log2rfu,PPROM,sPTD,4,62,0.6800755197952396,0.49645664407184775,0.49645664407184775,ns
PDPK1,Third,log2rfu,PPROM,sPTD,4,62,-0.6793601714792163,0.4969096793686781,0.4969096793686781,ns
PCSK7,Third,log2rfu,PPROM,sPTD,4,62,0.6790284526454857,0.4971198340656708,0.4971198340656708,ns
CDON,Third,log2rfu,PPROM,sPTD,4,62,0.6786967338117557,0.49733003610460985,0.49733003610460985,ns
FYN,Third,log2rfu,PPROM,sPTD,4,62,-0.6786967338117557,0.49733003610460985,0.49733003610460985,ns
JAK2,Third,log2rfu,PPROM,sPTD,4,62,0.6786967338117557,0.49733003610460985,0.49733003610460985,ns
DSC3,Second,log2rfu,PPROM,sPTD,4,62,0.6678638174303825,0.5042205255632141,0.5042205255632141,ns
CD27,Third,log2rfu,PPROM,sPTD,4,62,0.6667548557974728,0.504928733066297,0.504928733066297,ns
BOC,Third,log2rfu,PPROM,sPTD,4,62,-0.6637693862939018,0.5068379222057413,0.5068379222057413,ns
PPIE,Second,log2rfu,PPROM,sPTD,4,62,-0.6608857017933218,0.5086856162185666,0.5086856162185666,ns
PCNA,Second,log2rfu,PPROM,sPTD,4,62,0.6579781536112127,0.5105521691760517,0.5105521691760517,ns
NXPH1,Second,log2rfu,PPROM,sPTD,4,62,1.131326997658519,0.25791748519793106,0.5158349703958621,ns
CHST6,Third,log2rfu,PPROM,sPTD,4,62,0.6483444605254528,0.5167621836945364,0.5167621836945364,ns
PTN,Second,log2rfu,PPROM,sPTD,4,62,0.643149657882458,0.520126995362465,0.520126995362465,ns
DAPK2,Third,log2rfu,PPROM,sPTD,4,62,-0.6412125056002561,0.5213846257223043,0.5213846257223043,ns
PDE7A,Third,log2rfu,Control,PPROM,260,4,1.1235396025204198,0.2612083909383171,0.5224167818766342,ns
PDE7A,Third,log2rfu,PPROM,sPTD,4,62,1.0329724482354872,0.30161679243724215,0.5224167818766342,ns
BMP10,Third,log2rfu,Control,PPROM,260,4,0.6261595059894295,0.5312103247325289,0.5312103247325289,ns
MATK,Third,log2rfu,PPROM,sPTD,4,62,0.6256217204149419,0.5315630886451675,0.5315630886451675,ns
EDAR,Second,log2rfu,Control,PPROM,306,4,0.6210941929183009,0.5345376498622758,0.5345376498622758,ns
RTN4,Second,log2rfu,PPROM,sPTD,4,62,-0.6210522916984311,0.5345652179152536,0.5345652179152536,ns
PIGR,Second,log2rfu,Control,PPROM,306,4,0.6203393385272966,0.5350344008412501,0.5350344008412501,ns
RGMA,Second,log2rfu,Control,PPROM,306,4,0.6121567169288105,0.5404340754237509,0.5404340754237509,ns
FCN2,Third,log2rfu,PPROM,sPTD,4,62,-0.6060503092248668,0.5444813462682065,0.5444813462682065,ns
ABL2,Third,log2rfu,PPROM,sPTD,4,62,0.6055527309742715,0.5448117990340483,0.5448117990340483,ns
HDAC8,Second,log2rfu,Control,PPROM,306,4,-0.6042156487354458,0.5457002782399563,0.5457002782399563,ns
PA2G4,Second,log2rfu,PPROM,sPTD,4,62,-0.602589360742041,0.5467818998427161,0.5467818998427161,ns
CAMK2A,Second,log2rfu,PPROM,sPTD,4,62,0.600990209241881,0.5478465074452155,0.5478465074452155,ns
GNS,Second,log2rfu,PPROM,sPTD,4,62,0.5964835095596125,0.5508522669976738,0.5508522669976738,ns
CAMK2B,Second,log2rfu,PPROM,sPTD,4,62,0.5948843580594525,0.5519207737126992,0.5519207737126992,ns
CAMK2D,Second,log2rfu,PPROM,sPTD,4,62,0.5948843580594525,0.5519207737126992,0.5519207737126992,ns
PDPK1,Second,log2rfu,PPROM,sPTD,4,62,0.5916860550591329,0.5540608362673296,0.5540608362673296,ns
PCSK7,Second,log2rfu,PPROM,sPTD,4,62,0.5906684131953949,0.5547426160385733,0.5547426160385733,ns
CAMK1D,Third,log2rfu,PPROM,sPTD,4,62,0.587639913952847,0.5567740141502338,0.5567740141502338,ns
LIN7B,Second,log2rfu,PPROM,sPTD,4,62,0.5816550138308577,0.5607990788585249,0.5607990788585249,ns
TBK1,Third,log2rfu,Control,PPROM,260,4,-0.5704360885633878,0.5683819583905151,0.5683819583905151,ns
CAMK1,Second,log2rfu,Control,PPROM,306,4,-0.5659596281993501,0.571421225231669,0.571421225231669,ns
CAPG,Third,log2rfu,PPROM,sPTD,4,62,0.5607706884207101,0.5749538710912541,0.5749538710912541,ns
SKP1,Second,log2rfu,Control,PPROM,306,4,-0.559256521207232,0.5759866638577517,0.5759866638577517,ns
AMHR2,Third,log2rfu,PPROM,sPTD,4,62,-0.5534728740786481,0.579939650168948,0.579939650168948,ns
PDE3A,Third,log2rfu,PPROM,sPTD,4,62,-0.5483312321558318,0.5834644858249557,0.5834644858249557,ns
CAMK2D,Third,log2rfu,PPROM,sPTD,4,62,-0.5461750597365864,0.584945608153451,0.584945608153451,ns
EPHB2,Second,log2rfu,Control,PPROM,306,4,-1.048824885036952,0.2942587219662716,0.5885174439325432,ns
CDC37,Second,log2rfu,Control,PPROM,306,4,0.8449538111145225,0.3981366282189731,0.5969221386128348,ns
CDC37,Second,log2rfu,PPROM,sPTD,4,62,1.0397392299220931,0.2984610693064174,0.5969221386128348,ns
TLR2,Second,log2rfu,Control,PPROM,306,4,-0.5203966171583332,0.6027871673852279,0.6027871673852279,ns
MICB,Second,log2rfu,PPROM,sPTD,4,62,0.5137637637786181,0.6074171653489868,0.6074171653489868,ns
CKAP2,Third,log2rfu,PPROM,sPTD,4,62,-0.5131690357804425,0.6078330836793524,0.6078330836793524,ns
GRN,Second,log2rfu,PPROM,sPTD,4,62,-0.5046049870049757,0.6138363064515535,0.6138363064515535,ns
CAMK2A,Third,log2rfu,PPROM,sPTD,4,62,-0.4969148129276691,0.6192491251987883,0.6192491251987883,ns
UFM1,Second,log2rfu,PPROM,sPTD,4,62,-0.4958823424586492,0.619977424843148,0.619977424843148,ns
LGMN,Third,log2rfu,Control,PPROM,260,4,-0.48012851526391676,0.6311360131377526,0.6311360131377526,ns
MBD4,Third,log2rfu,Control,PPROM,260,4,0.4798045419067885,0.6313663829716613,0.6313663829716613,ns
CD226,Third,log2rfu,Control,PPROM,260,4,-0.47624083497837866,0.6339028106593345,0.6339028106593345,ns
GNS,Third,log2rfu,Control,PPROM,260,4,0.47130024128217446,0.6374263433885516,0.6374263433885516,ns
BCAR3,Second,log2rfu,PPROM,sPTD,4,62,0.4701505410469864,0.6382474672214478,0.6382474672214478,ns
UFC1,Second,log2rfu,Control,PPROM,306,4,0.4558414696396494,0.6485039810042464,0.6485039810042464,ns
PTH,Second,log2rfu,PPROM,sPTD,4,62,-0.44383722999890235,0.6571602693098821,0.6571602693098821,ns
CKAP2,Second,log2rfu,Control,PPROM,306,4,-0.4385402069978318,0.6609947305040327,0.6609947305040327,ns
ECM1,Third,log2rfu,PPROM,sPTD,4,62,-0.4383664387743084,0.6611206711019515,0.6611206711019515,ns
KIF23,Third,log2rfu,PPROM,sPTD,4,62,-0.4357126881044678,0.6630451988393345,0.6630451988393345,ns
DAPK2,Second,log2rfu,Control,sPTD,306,62,0.4280237256471702,0.6686338469809424,0.6686338469809424,ns
PARK7,Second,log2rfu,PPROM,sPTD,4,62,-0.42668269572446077,0.6696104560124833,0.6696104560124833,ns
DMP1,Second,log2rfu,PPROM,sPTD,4,62,-0.41461637076870933,0.6784227619847898,0.6784227619847898,ns
PSME1,Third,log2rfu,PPROM,sPTD,4,62,0.4090093219891956,0.6825328200910654,0.6825328200910654,ns
HINT1,Third,log2rfu,Control,PPROM,260,4,-0.3823695547504978,0.7021872695843137,0.7021872695843137,ns
STK16,Second,log2rfu,Control,PPROM,306,4,0.3787255450546548,0.7048916818062195,0.7048916818062195,ns
ROR1,Third,log2rfu,PPROM,sPTD,4,62,-0.37500814153186207,0.707654411723606,0.707654411723606,ns
SIRT2,Second,log2rfu,PPROM,sPTD,4,62,0.37420145103739744,0.7082544445209635,0.7082544445209635,ns
KYNU,Third,log2rfu,PPROM,sPTD,4,62,-0.3711933749439663,0.710493507229621,0.710493507229621,ns
CPNE1,Second,log2rfu,PPROM,sPTD,4,62,-0.36155361644522443,0.7176856315456703,0.7176856315456703,ns
C6,Third,log2rfu,Control,PPROM,260,4,0.3602583731265014,0.7186539256475739,0.7186539256475739,ns
GOT1,Third,log2rfu,PPROM,sPTD,4,62,-0.3594173563465485,0.7192828925207184,0.7192828925207184,ns
FAM107B,Second,log2rfu,PPROM,sPTD,4,62,0.3576284263993777,0.7206214022403766,0.7206214022403766,ns
PAK3,Third,log2rfu,Control,PPROM,260,4,0.35499380607316894,0.722594231474604,0.722594231474604,ns
PARK7,Third,log2rfu,PPROM,sPTD,4,62,0.34764133774913003,0.728109557339599,0.728109557339599,ns
ADAM12,Third,log2rfu,Control,PPROM,260,4,0.34665149212711904,0.7288531566201719,0.7288531566201719,ns
PTN,Third,log2rfu,PPROM,sPTD,4,62,0.34366071174436896,0.7311014609538747,0.7311014609538747,ns
FER,Second,log2rfu,PPROM,sPTD,4,62,0.34338144030704465,0.7313115201720246,0.7313115201720246,ns
SPINT2,Third,log2rfu,Control,PPROM,260,4,-0.33879513821676144,0.7347640640556732,0.7347640640556732,ns
NCAM1,Third,log2rfu,PPROM,sPTD,4,62,0.3312212554794908,0.7404773659775257,0.7404773659775257,ns
C5,Second,log2rfu,Control,PPROM,306,4,-0.3303242815034617,0.7411549476902843,0.7411549476902843,ns
EDAR,Third,log2rfu,Control,PPROM,260,4,0.32283945037820005,0.7468168343021326,0.7468168343021326,ns
ERBB2,Second,log2rfu,PPROM,sPTD,4,62,-0.3220109611685455,0.7474443906271102,0.7474443906271102,ns
LY9,Second,log2rfu,PPROM,sPTD,4,62,-0.3138698262586408,0.7536199082963086,0.7536199082963086,ns
CNTN2,Second,log2rfu,Control,PPROM,306,4,0.31368729072572804,0.7537585544470387,0.7537585544470387,ns
LY86,Second,log2rfu,Control,PPROM,306,4,-0.3105470964591502,0.756144950670254,0.756144950670254,ns
ERBB2,Third,log2rfu,PPROM,sPTD,4,62,0.29987382569199755,0.7642734001307581,0.7642734001307581,ns
SBDS,Third,log2rfu,Control,PPROM,260,4,0.2968405884686662,0.7665882161854237,0.7665882161854237,ns
PA2G4,Third,log2rfu,PPROM,sPTD,4,62,-0.2955614808535066,0.7675649937915815,0.7675649937915815,ns
JAG1,Third,log2rfu,PPROM,sPTD,4,62,0.29008812009696017,0.7717488240215965,0.7717488240215965,ns
FCAR,Second,log2rfu,Control,PPROM,306,4,-0.2839460277201605,0.7764517424898079,0.7764517424898079,ns
FCN1,Second,log2rfu,PPROM,sPTD,4,62,0.27287339689090706,0.7849505369340749,0.7849505369340749,ns
AGR2,Second,log2rfu,PPROM,sPTD,4,62,0.8453696339481225,0.39790449329639516,0.7958089865927903,ns
OSM,Second,log2rfu,PPROM,sPTD,4,62,-0.2576087689348361,0.7967088614504934,0.7967088614504934,ns
PCSK9,Third,log2rfu,Control,PPROM,260,4,0.2500264383636488,0.8025669029571569,0.8025669029571569,ns
TBK1,Second,log2rfu,Control,PPROM,306,4,0.7969148776710117,0.4255004697204408,0.8068905373971821,ns
TBK1,Second,log2rfu,PPROM,sPTD,4,62,0.835483970128953,0.40344526869859104,0.8068905373971821,ns
PDE9A,Second,log2rfu,Control,PPROM,306,4,0.23560515252024802,0.8137390748744411,0.8137390748744411,ns
FCN1,Third,log2rfu,Control,PPROM,260,4,-0.2296161168645756,0.8183900820209962,0.8183900820209962,ns
SGTA,Third,log2rfu,PPROM,sPTD,4,62,-0.22606638518705366,0.8211497885626409,0.8211497885626409,ns
PIGR,Third,log2rfu,Control,PPROM,260,4,-0.5569911942425696,0.5775334456100806,0.8229100055334738,ns
PIGR,Third,log2rfu,PPROM,sPTD,4,62,-0.8213358323156926,0.4114550027667369,0.8229100055334738,ns
NXPH1,Second,log2rfu,Control,PPROM,306,4,-0.21431825869392795,0.8302988804454738,0.8302988804454738,ns
MIF,Second,log2rfu,PPROM,sPTD,4,62,-0.19029902851901853,0.8490748148717249,0.8490748148717249,ns
FGF7,Third,log2rfu,Control,PPROM,260,4,0.1846648135630449,0.8534919461701869,0.8534919461701869,ns
RSPO2,Second,log2rfu,PPROM,sPTD,4,62,-0.18419317733658952,0.8538619116091238,0.8538619116091238,ns
EPHB2,Second,log2rfu,PPROM,sPTD,4,62,-0.18259402583643014,0.8551165722295149,0.8551165722295149,ns
LRIG3,Third,log2rfu,PPROM,sPTD,4,62,0.18078676438289676,0.8565349524154097,0.8565349524154097,ns
RAD51,Third,log2rfu,Control,PPROM,260,4,0.17761839304550786,0.8590226786700971,0.8590226786700971,ns
DHH,Second,log2rfu,Control,PPROM,306,4,-0.17204641279768995,0.8634010408359892,0.8634010408359892,ns
BMPR1A,Second,log2rfu,Control,PPROM,306,4,-0.16981204380031695,0.8651579549138919,0.8651579549138919,ns
MATN3,Second,log2rfu,Control,PPROM,306,4,-0.1600593250685421,0.8728343419038607,0.8728343419038607,ns
HCK,Third,log2rfu,PPROM,sPTD,4,62,0.14943933459540365,0.8812069756646289,0.8812069756646289,ns
BMPR1A,Third,log2rfu,Control,PPROM,260,4,0.14198132376141118,0.8870947577064697,0.8870947577064697,ns
NAGK,Second,log2rfu,PPROM,sPTD,4,62,0.12415230737604416,0.9011946831909325,0.9011946831909325,ns
ING1,Third,log2rfu,PPROM,sPTD,4,62,0.10979893396465792,0.9125688365068392,0.9125688365068392,ns
BPI,Third,log2rfu,Control,PPROM,260,4,0.0951671736563938,0.9241820432423553,0.9241820432423553,ns
ETHE1,Second,log2rfu,Control,PPROM,306,4,-0.7331749728946128,0.4634517176645196,0.9269034353290392,ns
ETHE1,Second,log2rfu,PPROM,sPTD,4,62,-0.6097128537882073,0.542052038304656,0.9269034353290392,ns
AGR2,Third,log2rfu,PPROM,sPTD,4,62,-0.08972994452398815,0.9285018196286221,0.9285018196286221,ns
AGR2,Second,log2rfu,Control,PPROM,306,4,0.06887291463522824,0.945090778300288,0.945090778300288,ns
ARSB,Second,log2rfu,Control,PPROM,306,4,0.06742359420449981,0.9462444864651767,0.9462444864651767,ns
PPIE,Third,log2rfu,PPROM,sPTD,4,62,0.05357259164740924,0.9572756938396962,0.9572756938396962,ns
PDE7A,Second,log2rfu,PPROM,sPTD,4,62,-0.046084638686423963,0.9632427895522334,0.9632427895522334,ns
RAC1,Third,log2rfu,PPROM,sPTD,4,62,-0.03466461812479401,0.9723471746069068,0.9723471746069068,ns
LYVE1,Second,log2rfu,PPROM,sPTD,4,62,0.026894820684506045,0.9785436245197286,0.9785436245197286,ns
HGF,Third,log2rfu,Control,sPTD,260,62,0.026013478133312364,0.979246588093627,0.979246588093627,ns
BDNF,Second,log2rfu,PPROM,sPTD,4,62,-0.011484815319329409,0.9908366446160747,0.9908366446160747,ns
UBE2N,Second,log2rfu,Control,PPROM,306,4,-0.00501223315626807,0.9960008332943082,0.9960008332943082,ns
CD109,Third,log2rfu,Control,PPROM,260,4,-0.4708952745857642,0.6377155226928758,1,ns
CD109,Third,log2rfu,PPROM,sPTD,4,62,-0.5498239669076173,0.5824401183557464,1,ns
NCAM1,Second,log2rfu,Control,PPROM,306,4,-0.6326585621884859,0.526956635399372,1,ns
NCAM1,Second,log2rfu,PPROM,sPTD,4,62,-0.47727403409315305,0.6331669984088515,1,ns
