leiden,gene,rowsum,norm_rank
1,PABPC1,64583369,1
1,PABPC4,63773459,0.9999441028507546
1,PCBP2,63594758,0.9998882057015093
1,SAMD1,63565508,0.9998323085522638
1,NR2F6,63426839,0.9997764114030184
1,ANXA2P2,63381323,0.9997205142537731
1,MTHFD1,63276331,0.9996646171045277
1,SFPQ,63186868,0.9996087199552823
1,PABPC3,62965767,0.9995528228060369
1,HNRNPKP1,62782545,0.9994969256567915
1,CD81,62751475,0.9994410285075461
1,BRD4,62576294,0.9993851313583008
1,TUBA1B,62451136,0.9993292342090553
1,PABPC1P4,62450232,0.9992733370598099
1,EIF3B,62407975,0.9992174399105646
1,RPS2,62376112,0.9991615427613192
1,PPME1,62363407,0.9991056456120738
1,PPP1CC,62340564,0.9990497484628283
1,WDR18,62320668,0.998993851313583
1,HNRNPK,62291590,0.9989379541643376
1,HNRNPKP4,62246542,0.9988820570150923
1,HIC2,61992028,0.9988261598658469
1,YBX1,61953709,0.9987702627166014
1,PABPC1P3,61914770,0.998714365567356
1,MYBL2,61760670,0.9986584684181107
1,PRAMEF19,61736201,0.9986025712688653
1,MGST1,61697107,0.99854667411962
1,ANXA2,61692349,0.9984907769703745
1,ACAT1,61625528,0.9984348798211291
1,IFNL3P1,61580032,0.9983789826718837
1,TRAP1,61568519,0.9983230855226384
1,SKP2,61559202,0.998267188373393
1,YTHDF1,61411263,0.9982112912241475
1,STMN1,61405343,0.9981553940749022
1,VDAC3,61396145,0.9980994969256568
1,TRIM28,61376810,0.9980435997764114
1,FAM136A,61346441,0.997987702627166
1,SNAP23,61337863,0.9979318054779206
1,SLC34A2,61324724,0.9978759083286752
1,PDHB,61289816,0.9978200111794299
1,LPCAT3,61252548,0.9977641140301845
1,ANXA8L1,61226602,0.997708216880939
1,UTP4,61214820,0.9976523197316937
1,MDH1,61042395,0.9975964225824483
1,GNAS,60971596,0.9975405254332029
1,CCDC71,60953839,0.9974846282839576
1,PGAM1,60896039,0.9974287311347121
1,EIF4G2,60891049,0.9973728339854667
1,GNPNAT1,60824778,0.9973169368362214
1,JPT2,60814466,0.997261039686976
1,ANXA5,60782842,0.9972051425377306
1,ZNF703,60769778,0.9971492453884852
1,BECN1,60642749,0.9970933482392398
1,ABCE1,60637691,0.9970374510899944
1,CCDC51,60634366,0.996981553940749
1,USP7,60514925,0.9969256567915036
1,FGFR3,60466366,0.9968697596422582
1,ATP5F1C,60431412,0.9968138624930128
1,TUBBP1,60413873,0.9967579653437675
1,TAF1D,60400063,0.9967020681945221
1,TPT1,60392230,0.9966461710452766
1,SDHC,60214599,0.9965902738960313
1,CCT5P2,60196260,0.9965343767467859
1,GNB2,60163278,0.9964784795975405
1,PRAMEF18,60157823,0.9964225824482952
1,MT-ND6,60116336,0.9963666852990497
1,DAZAP1,60111680,0.9963107881498043
1,ANXA6,60073780,0.996254891000559
1,SF1,60073768,0.9961989938513136
1,MBD3,59973164,0.9961430967020682
1,NDUFA8,59968318,0.9960871995528228
1,SLC9A1,59963548,0.9960313024035774
1,IFRD2,59960131,0.995975405254332
1,SNHG1,59895984,0.9959195081050867
1,ALYREF,59887803,0.9958636109558413
1,OGA,59832632,0.9958077138065958
1,COG3,59758982,0.9957518166573505
1,CCNE1,59703616,0.9956959195081051
1,HMGCS1,59691019,0.9956400223588597
1,TMSB4X,59688264,0.9955841252096143
1,NOP53,59684866,0.9955282280603689
1,MTCH2,59665653,0.9954723309111235
1,BPTF,59582634,0.9954164337618782
1,PTGES,59577356,0.9953605366126328
1,RPL3P4,59552799,0.9953046394633873
1,ATP5F1A,59549476,0.995248742314142
1,AP3D1,59531405,0.9951928451648966
1,GTF2A2,59525212,0.9951369480156512
1,GPAT3,59463344,0.9950810508664059
1,AL391261.1,59428336,0.9950251537171604
1,TIMMDC1,59413917,0.994969256567915
1,PLEC,59406344,0.9949133594186697
1,TRIP13,59393079,0.9948574622694243
1,ACO2,59355356,0.9948015651201789
1,BTG1,59322805,0.9947456679709334
1,SLC25A19,59312903,0.9946897708216881
1,ENAH,59306989,0.9946338736724427
1,SEC23B,59301813,0.9945779765231973
1,HMGN2,59297696,0.994522079373952
1,GSTK1,59275352,0.9944661822247065
1,HLA-DRB1,59267577,0.9944102850754611
1,GART,59249401,0.9943543879262158
1,ATP5MC1,59207332,0.9942984907769704
1,UBE2M,59183532,0.9942425936277249
1,HAS3,59154039,0.9941866964784796
1,AC019129.1,59108247,0.9941307993292342
1,SLC46A1,59082765,0.9940749021799888
1,SRRM2,59053781,0.9940190050307435
1,ZNRF1,59009797,0.993963107881498
1,GATA2,58976236,0.9939072107322526
1,ADI1,58943174,0.9938513135830073
1,CDC25A,58887980,0.9937954164337619
1,PEX3,58872540,0.9937395192845165
1,WLS,58835424,0.9936836221352711
1,GNB1,58813914,0.9936277249860257
1,LMNA,58799836,0.9935718278367803
1,HNRNPF,58763052,0.993515930687535
1,TUBB6,58756845,0.9934600335382896
1,MLEC,58729707,0.9934041363890441
1,DLD,58721378,0.9933482392397988
1,CIAO2B,58695825,0.9932923420905534
1,RRBP1,58677320,0.993236444941308
1,ACADM,58667401,0.9931805477920626
1,RAB8A,58661268,0.9931246506428172
1,ODC1,58649158,0.9930687534935718
1,F3,58624192,0.9930128563443265
1,LONP1,58620035,0.9929569591950811
1,DAB2,58602554,0.9929010620458356
1,SNX17,58599480,0.9928451648965902
1,PSMD7,58584635,0.9927892677473449
1,MYLPF,58575582,0.9927333705980995
1,SLC11A2,58572058,0.9926774734488542
1,CAP1,58512680,0.9926215762996087
1,CAST,58450381,0.9925656791503633
1,AC073534.1,58442003,0.992509782001118
1,CCNI,58422421,0.9924538848518726
1,ATP5F1B,58371147,0.9923979877026272
1,FDPS,58358085,0.9923420905533817
1,MSH2,58356254,0.9922861934041364
1,ULK1,58356097,0.992230296254891
1,SLC35A4,58333411,0.9921743991056456
1,SNHG18,58330429,0.9921185019564003
1,YWHAQ,58295231,0.9920626048071548
1,CCT4,58282772,0.9920067076579094
1,VPS29,58279401,0.9919508105086641
1,ACIN1,58267805,0.9918949133594187
1,ATAD3B,58235856,0.9918390162101732
1,MRPS7,58193547,0.9917831190609279
1,UBA3,58185037,0.9917272219116825
1,MARK3,58182325,0.9916713247624371
1,ACTR3P2,58144242,0.9916154276131918
1,TRIR,58115181,0.9915595304639463
1,GALM,58102575,0.9915036333147009
1,SLC7A5,58098100,0.9914477361654556
1,HSPB11,58037875,0.9913918390162102
1,NDUFS1,58024032,0.9913359418669648
1,MYL12BP1,58020381,0.9912800447177194
1,TCF19,58003379,0.991224147568474
1,MRPS9,57987113,0.9911682504192286
1,LYN,57985734,0.9911123532699833
1,PRKAG1,57981812,0.9910564561207379
1,NFS1,57971818,0.9910005589714924
1,ERH,57969026,0.990944661822247
1,DDX5,57933675,0.9908887646730017
1,MAP2K2,57926693,0.9908328675237563
1,MYL12B,57904545,0.9907769703745108
1,GHITM,57895920,0.9907210732252655
1,PNPT1,57886363,0.9906651760760201
1,CASP6,57883957,0.99060927892677475
1,PRRC2C,57864833,0.9905533817775294
1,CDC42,57821896,0.9904974846282839
1,SPAG16,57808457,0.9904415874790385
1,PDCL3,57802322,0.9903856903297932
1,NDUFS2,57800416,0.9903297931805478
1,PRMT5,57784235,0.9902738960313024
1,H2AFX,57739788,0.990217998882057
1,KCMF1,57718042,0.9901621017328116
1,ATP5PF,57712103,0.9901062045835662
1,KIAA2013,57619169,0.9900503074343209
1,API5,57616265,0.9899944102850755
1,NMU,57604080,0.98993851313583
1,AC099541.2,57556508,0.9898826159865847
1,MRPS18B,57525769,0.9898267188373393
1,EIF4A3,57515020,0.9897708216880939
1,SNX2,57488905,0.9897149245388486
1,TMEM184C,57458312,0.9896590273896031
1,NIM1K,57454504,0.9896031302403577
1,SNHG12,57443968,0.9895472330911124
1,HENMT1,57440626,0.989491335941867
1,RBM25,57372399,0.9894354387926215
1,SUZ12,57356734,0.9893795416433762
1,TLE1,57352043,0.9893236444941308
1,MKI67,57346841,0.9892677473448854
1,FADD,57321472,0.9892118501956401
1,CD99P1,57303427,0.9891559530463946
1,CNDP2,57287363,0.9891000558971492
1,SMARCC1,57278287,0.9890441587479039
1,SLC39A7,57274934,0.9889882615986585
1,RTP3,57263520,0.9889323644494131
1,MAPRE1,57245735,0.9888764673001676
1,COCH,57234662,0.9888205701509223
1,CHCHD4,57226353,0.9887646730016769
1,KRT8P11,57224560,0.9887087758524316
1,GALK1,57218127,0.9886528787031862
1,LTV1,57194888,0.9885969815539407
1,LAMP1,57185443,0.9885410844046953
1,CYP26A1,57177301,0.98848518725545
1,CTSB,57165753,0.9884292901062046
1,CNBP,57163270,0.9883733929569591
1,ST6GALNAC2,57150073,0.9883174958077138
1,TM9SF3,57140591,0.9882615986584684
1,C1orf122,57136288,0.988205701509223
1,GOT2P2,57134689,0.9881498043599777
1,CHD8,57126843,0.9880939072107322
1,IL17RE,57114952,0.9880380100614868
1,THEM6,57089260,0.9879821129122415
1,RBBP7,57087732,0.9879262157629961
1,AC246787.1,57077278,0.9878703186137507
1,LDHB,57071055,0.9878144214645053
1,PHB,57066775,0.9877585243152599
1,HAVCR1,57063541,0.9877026271660145
1,ANXA3,57063155,0.9876467300167692
1,ABRAXAS1,57026656,0.9875908328675238
1,DFFA,57021609,0.9875349357182783
1,ATP5PB,57011680,0.987479038569033
1,NMD3,57010816,0.9874231414197876
1,ADK,57001862,0.9873672442705422
1,ATP5F1AP3,56993340,0.9873113471212969
1,VDAC3P1,56986755,0.9872554499720514
1,RAC1,56964980,0.987199552822806
1,GREB1L,56953649,0.9871436556735607
1,UQCRC2,56950902,0.9870877585243153
1,ZNF248,56947770,0.9870318613750698
1,TMEM106C,56938256,0.9869759642258245
1,PELP1,56933283,0.9869200670765791
1,ANKRD2,56930248,0.9868641699273337
1,NRSN2,56914718,0.9868082727780884
1,PIN1,56902610,0.9867523756288429
1,XRCC6,56898620,0.9866964784795975
1,ARPC5,56874154,0.9866405813303522
1,COPG1,56872235,0.9865846841811068
1,PYGB,56864484,0.9865287870318614
1,TMX2,56858531,0.9864728898826159
1,MED13,56840158,0.9864169927333706
1,SAPCD2,56785263,0.9863610955841252
1,KRT8P45,56784831,0.9863051984348798
1,DHCR7,56779402,0.9862493012856345
1,RACK1,56778748,0.986193404136389
1,B3GNT7,56777806,0.9861375069871436
1,LINC00479,56768966,0.9860816098378983
1,SERTAD2,56738935,0.9860257126886529
1,MKNK2,56715709,0.9859698155394074
1,XBP1,56706256,0.9859139183901621
1,CERS5,56699612,0.9858580212409167
1,CHD7,56699388,0.9858021240916713
1,FKBP1A,56680849,0.985746226942426
1,RFC2,56674914,0.9856903297931805
1,IVNS1ABP,56632879,0.9856344326439351
1,NIF3L1,56619373,0.9855785354946898
1,TOMM40,56616898,0.9855226383454444
1,FAM83H,56595170,0.985466741196199
1,PDXK,56568156,0.9854108440469536
1,SRD5A3,56566895,0.9853549468977082
1,ADA,56550759,0.9852990497484628
1,C1QBP,56542689,0.9852431525992175
1,ADSL,56539259,0.9851872554499721
1,PPP4R2,56513498,0.9851313583007266
1,AC025539.1,56503624,0.9850754611514813
1,OAT,56491834,0.9850195640022359
1,SDHB,56484185,0.9849636668529905
1,SLC25A11,56477572,0.9849077697037452
1,MLX,56468531,0.9848518725544997
1,ACAT2,56459695,0.9847959754052543
1,PTBP1,56417909,0.984740078256009
1,RPLP2,56414495,0.9846841811067636
1,FRAT2,56394514,0.9846282839575181
1,PSMC2,56391323,0.9845723868082727
1,UQCRC1,56389532,0.9845164896590274
1,IRX2,56377277,0.984460592509782
1,PSMB1,56328198,0.9844046953605367
1,NOP16,56322272,0.9843487982112912
1,CLPTM1L,56303722,0.9842929010620458
1,XPO6,56276011,0.9842370039128004
1,HMBS,56263184,0.9841811067635551
1,LARP1,56256871,0.9841252096143097
1,HNRNPKP2,56236230,0.9840693124650642
1,MYL12A,56234416,0.9840134153158189
1,PRIM1,56232933,0.9839575181665735
1,CDT1,56196437,0.9839016210173281
1,GLIPR2,56170824,0.9838457238680828
1,MIDN,56167904,0.9837898267188373
1,PHBP11,56166858,0.9837339295695919
1,MDH2,56141169,0.9836780324203466
1,RFC4,56134635,0.9836221352711012
1,EMP2,56113284,0.9835662381218558
1,VASP,56091937,0.9835103409726104
1,ZMIZ1,56078648,0.983454443823365
1,SPTSSA,56055634,0.9833985466741196
1,ERGIC1,56051078,0.9833426495248743
1,NDUFB6,56035019,0.9832867523756288
1,ARID1A,56026532,0.9832308552263834
1,YY1,56026100,0.9831749580771381
1,GLRX,56016112,0.9831190609278927
1,ABT1,56004567,0.9830631637786473
1,MRPL2,56004164,0.9830072666294019
1,PUS1,55979698,0.9829513694801565
1,SPART,55965796,0.9828954723309111
1,UPF1,55939272,0.9828395751816658
1,PFDN6,55915119,0.9827836780324204
1,RPL36A,55908527,0.9827277808831749
1,SELENOP,55900723,0.9826718837339296
1,METTL23,55880603,0.9826159865846842
1,MRPL22,55877951,0.9825600894354388
1,SNHG5,55866082,0.9825041922861935
1,GLRX3,55862277,0.982448295136948
1,GLMP,55848170,0.9823923979877026
1,RCN1,55843787,0.9823365008384572
1,HSPA4,55829669,0.9822806036892119
1,MIEN1,55820270,0.9822247065399664
1,SH3GL1,55804373,0.982168809390721
1,RPS8,55799035,0.9821129122414757
1,SEC61A1,55795160,0.9820570150922303
1,DNMT3B,55793595,0.982001117942985
1,PPP1R8,55792788,0.9819452207937395
1,TXNIP,55776906,0.9818893236444941
1,PDHX,55766140,0.9818334264952487
1,MX1,55754431,0.9817775293460034
1,METTL5,55749840,0.981721632196758
1,ANXA7,55747196,0.9816657350475125
1,KRT8,55747186,0.9816098378982672
1,SPEN,55743256,0.9815539407490218
1,DDX21,55738085,0.9814980435997764
1,TOMM70,55732035,0.9814421464505311
1,UBE2R2,55731585,0.9813862493012856
1,MRPS25,55726847,0.9813303521520402
1,AC005840.4,55723910,0.9812744550027949
1,PICALM,55718912,0.9812185578535495
1,AC069544.1,55713727,0.9811626607043041
1,CHCHD10,55688381,0.9811067635550587
1,PGM3,55683180,0.9810508664058133
1,RFC3,55661108,0.9809949692565679
1,AL512625.3,55655678,0.9809390721073226
1,PPP1CA,55649333,0.9808831749580771
1,H1FX,55648814,0.9808272778088317
1,ACTN1,55647139,0.9807713806595864
1,GRHPR,55635290,0.980715483510341
1,RNF125,55611335,0.9806595863610956
1,RPUSD3,55605155,0.9806036892118501
1,EAF2,55602807,0.9805477920626048
1,CTSC,55599253,0.9804918949133594
1,CDCA4,55575231,0.980435997764114
1,ATP5PO,55573552,0.9803801006148687
1,TIAL1,55568097,0.9803242034656232
1,TUBB4A,55563341,0.9802683063163778
1,TMED4,55556888,0.9802124091671325
1,SLC35F5,55552265,0.9801565120178871
1,MIPEP,55552035,0.9801006148686418
1,RBBP6,55539333,0.9800447177193963
1,SNRNP70,55519032,0.9799888205701509
1,BEX3,55501286,0.9799329234209055
1,GSTM4,55490075,0.9798770262716602
1,DVL1,55476627,0.9798211291224147
1,HLA-DRB6,55470521,0.9797652319731693
1,RYBP,55465061,0.979709334823924
1,BAZ1B,55463609,0.9796534376746786
1,MRPL37,55455248,0.9795975405254332
1,ARMC9,55454083,0.9795416433761878
1,SRI,55451320,0.9794857462269424
1,MYC,55446069,0.979429849077697
1,LDHA,55443722,0.9793739519284517
1,ZFYVE21,55434709,0.9793180547792063
1,BCR,55434002,0.9792621576299608
1,SLC7A4,55424634,0.9792062604807155
1,HUWE1,55413103,0.9791503633314701
1,MSTO1,55407935,0.9790944661822247
1,MT-ND2,55397926,0.9790385690329794
1,RRM1,55389576,0.9789826718837339
1,CES2,55370903,0.9789267747344885
1,LINC01836,55369838,0.9788708775852432
1,PSMC3,55363080,0.9788149804359978
1,C4orf19,55351051,0.9787590832867524
1,CYC1,55342708,0.978703186137507
1,NUP153,55341981,0.9786472889882616
1,FBRSL1,55335560,0.9785913918390162
1,TPI1P1,55335044,0.9785354946897709
1,WAC,55333118,0.9784795975405254
1,ENO1,55331135,0.97842370039128
1,GNG10,55318691,0.9783678032420347
1,COQ9,55299109,0.9783119060927893
1,AGFG1,55287511,0.9782560089435439
1,CCDC18-AS1,55282571,0.9782001117942984
1,BOP1,55280639,0.9781442146450531
1,TFRC,55280329,0.9780883174958077
1,HNRNPU,55277544,0.9780324203465623
1,TP53I13,55271837,0.977976523197317
1,BEND3P1,55267188,0.9779206260480715
1,NLRP7,55263917,0.9778647288988261
1,B3GNT2,55263762,0.9778088317495808
1,DDX1,55263243,0.9777529346003354
1,GPN3,55227892,0.97769703745109
1,DIMT1,55219803,0.9776411403018446
1,ZFAS1,55218888,0.9775852431525992
1,RABGGTB,55217544,0.9775293460033538
1,SEC13,55217219,0.9774734488541085
1,PDIA6,55168893,0.977417551704863
1,SMIM1,55157755,0.9773616545556176
1,MED1,55156707,0.9773057574063723
1,IFITM2,55155973,0.9772498602571269
1,MRPS12,55148627,0.9771939631078815
1,HMGCR,55143242,0.9771380659586361
1,NDUFV3,55127854,0.9770821688093907
1,FH,55119407,0.9770262716601453
1,MRPL16,55119196,0.9769703745109
1,TUBG1,55119018,0.9769144773616546
1,SENP5,55101441,0.9768585802124091
1,MRPL14,55100353,0.9768026830631638
1,LINC00667,55099865,0.9767467859139184
1,SLC25A33,55098694,0.976690888764673
1,NSUN2,55094857,0.9766349916154277
1,GAS5,55086508,0.9765790944661822
1,TEAD1,55070211,0.9765231973169368
1,MTAP,55069797,0.9764673001676915
1,AP003392.4,55062853,0.9764114030184461
1,COPB2,55049671,0.9763555058692007
1,ALAD,55035760,0.9762996087199552
1,BAZ1A,55030934,0.9762437115707099
1,PSME4,55022510,0.9761878144214645
1,CRK,55012853,0.9761319172722192
1,CDIPT,55012760,0.9760760201229737
1,TMEM43,55007042,0.9760201229737283
1,PTPRF,54997044,0.975964225824483
1,CYBRD1,54986420,0.9759083286752376
1,HTATIP2,54979950,0.9758524315259922
1,C1orf43,54976050,0.9757965343767467
1,INTS4,54966676,0.9757406372275014
1,PLEKHJ1,54966247,0.975684740078256
1,BOLA1,54965134,0.9756288429290106
1,ETFA,54953333,0.9755729457797653
1,ACAA1,54942457,0.9755170486305198
1,RRAS2,54931705,0.9754611514812744
1,EIF5A,54926322,0.9754052543320291
1,GATB,54913924,0.9753493571827837
1,LDOC1,54912609,0.9752934600335383
1,TBL3,54904828,0.9752375628842929
1,PAIP2B,54885137,0.9751816657350475
1,WDR55,54876122,0.9751257685858021
1,SGK1,54874329,0.9750698714365568
1,COPS6,54873495,0.9750139742873114
1,RACGAP1,54832717,0.9749580771380659
1,TMEM131,54820051,0.9749021799888206
1,PSMD12,54806870,0.9748462828395752
1,DEPP1,54801349,0.9747903856903298
1,EIF3L,54782701,0.9747344885410844
1,NME1,54778705,0.974678591391839
1,ECEL1P2,54773367,0.9746226942425936
1,PTMAP5,54772003,0.9745667970933483
1,PPCS,54759248,0.9745108999441029
1,LMNB1,54755291,0.9744550027948574
1,RDM1,54753804,0.974399105645612
1,MYLIP,54750291,0.9743432084963667
1,ZBTB7A,54745918,0.9742873113471213
1,RNF187,54736273,0.974231414197876
1,UBR5,54735840,0.9741755170486305
1,LHFPL6,54728907,0.9741196198993851
1,C16orf74,54722266,0.9740637227501397
1,PPP4R3A,54715336,0.9740078256008944
1,AIMP2,54711836,0.973951928451649
1,FAM120A,54708967,0.9738960313024035
1,CACYBPP2,54703694,0.9738401341531582
1,PPP2R5A,54694006,0.9737842370039128
1,TSR1,54692256,0.9737283398546674
1,PRPS2,54687471,0.973672442705422
1,PMPCA,54675339,0.9736165455561766
1,CCDC47,54665987,0.9735606484069312
1,C11orf88,54662228,0.9735047512576859
1,PNMA1,54644542,0.9734488541084405
1,PYGL,54625786,0.973392956959195
1,BCL9L,54620242,0.9733370598099497
1,ATP13A3,54615375,0.9732811626607043
1,HDDC2,54596530,0.9732252655114589
1,PRDX3,54573568,0.9731693683622136
1,IL6,54571508,0.9731134712129681
1,CACYBP,54568567,0.9730575740637227
1,VRK1,54568388,0.9730016769144774
1,RMDN1,54559271,0.972945779765232
1,KMT2B,54558939,0.9728898826159866
1,SCRIB,54550168,0.9728339854667412
1,PSMD7P1,54549023,0.9727780883174958
1,ATP5MC3,54548412,0.9727221911682504
1,FAN1,54545240,0.9726662940190051
1,PPOX,54537277,0.9726103968697597
1,SLC27A4,54537208,0.9725544997205142
1,NDUFS8,54526815,0.9724986025712689
1,CDCA5,54518298,0.9724427054220235
1,MROH6,54518055,0.9723868082727781
1,MDK,54516664,0.9723309111235326
1,EIF2B3,54505860,0.9722750139742873
1,CA2,54502018,0.9722191168250419
1,TRIP12,54497240,0.9721632196757966
1,PSMB5,54491921,0.9721073225265512
1,FOXP4,54478869,0.9720514253773057
1,HNRNPD,54465469,0.9719955282280603
1,ABCB6,54461872,0.971939631078815
1,NCOA4,54455831,0.9718837339295696
1,DPH1,54454461,0.9718278367803243
1,DPP3,54450627,0.9717719396310788
1,MPG,54438743,0.9717160424818334
1,MARCKSL1,54432864,0.971660145332588
1,PRELID1,54429855,0.9716042481833427
1,NAP1L1,54424931,0.9715483510340973
1,DYNLT1,54423021,0.9714924538848518
1,ZNF483,54409089,0.9714365567356065
1,LINC00668,54401571,0.9713806595863611
1,RPL10P16,54387973,0.9713247624371157
1,TPM3,54363440,0.9712688652878703
1,DUS1L,54361884,0.9712129681386249
1,TEKT2,54361159,0.9711570709893795
1,SLC15A2,54357901,0.9711011738401342
1,ZFP64,54357150,0.9710452766908888
1,AL445242.1,54353414,0.9709893795416433
1,FOLR1,54336811,0.970933482392398
1,DIAPH1,54262467,0.9708775852431526
1,CPNE1,54262262,0.9708216880939072
1,WDR34,54260993,0.9707657909446619
1,AC098614.3,54250814,0.9707098937954164
1,SUCLA2,54245638,0.970653996646171
1,HARS,54235048,0.9705980994969257
1,KPNB1,54218462,0.9705422023476803
1,DNMT3L,54211564,0.9704863051984349
1,PIGP,54208160,0.9704304080491895
1,ARL2BP,54206138,0.9703745108999441
1,RAD51B,54195626,0.9703186137506987
1,PDLIM1,54192209,0.9702627166014534
1,NOC2L,54191362,0.970206819452208
1,RBM38,54185645,0.9701509223029625
1,CERS4,54160894,0.9700950251537171
1,KIFC1,54157623,0.9700391280044718
1,KCTD11,54153832,0.9699832308552264
1,WDR61,54153624,0.9699273337059809
1,MAEA,54146654,0.9698714365567356
1,C16orf72,54143379,0.9698155394074902
1,CLIC3,54141088,0.9697596422582448
1,DLST,54125274,0.9697037451089995
1,AC096746.1,54121324,0.969647847959754
1,FOXK2,54117248,0.9695919508105086
1,PSPC1,54113794,0.9695360536612633
1,MT-TL1,54110385,0.9694801565120179
1,RABL6,54104844,0.9694242593627725
1,ZBTB10,54102562,0.9693683622135271
1,RBBP4,54099173,0.9693124650642817
1,MYH9,54097909,0.9692565679150363
1,TSPAN4,54091626,0.969200670765791
1,CDX1,54076125,0.9691447736165456
1,PLEKHF2,54071561,0.9690888764673001
1,RECQL4,54069996,0.9690329793180548
1,CTDNEP1,54066495,0.9689770821688094
1,NAXE,54055399,0.968921185019564
1,ABHD10,54054518,0.9688652878703186
1,TOP1,54041301,0.9688093907210732
1,SLC7A2,54035473,0.9687534935718278
1,ARHGDIA,54025220,0.9686975964225825
1,CORO1C,54022327,0.9686416992733371
1,TCF3,54013618,0.9685858021240916
1,AL138878.2,54009514,0.9685299049748463
1,ACTBP11,54006265,0.9684740078256009
1,PTMA,53969872,0.9684181106763555
1,AP006621.3,53969092,0.9683622135271102
1,LRRC40,53955109,0.9683063163778647
1,KDM6B,53948038,0.9682504192286193
1,ATP11AUN,53947652,0.968194522079374
1,SF3A3,53945820,0.9681386249301286
1,GTF2H5,53938210,0.9680827277808832
1,SEC24C,53931499,0.9680268306316377
1,LDHBP2,53924306,0.9679709334823924
1,AC090515.4,53920008,0.967915036333147
1,RAD23B,53915848,0.9678591391839017
1,FBXL5,53904731,0.9678032420346563
1,ANKRD11,53893363,0.9677473448854108
1,UBE2Q2,53876139,0.9676914477361654
1,AFDN,53875095,0.9676355505869201
1,KIF1BP,53854293,0.9675796534376747
1,ACTR1A,53849744,0.9675237562884292
1,SNRNP40,53845619,0.9674678591391839
1,YBX1P6,53819013,0.9674119619899385
1,MCM2,53817987,0.9673560648406931
1,TRAPPC4,53816106,0.9673001676914478
1,HIKESHI,53809120,0.9672442705422023
1,NUDT4,53808664,0.9671883733929569
1,PRKX,53795987,0.9671324762437116
1,GLOD4,53794442,0.9670765790944662
1,PDIA3,53792593,0.9670206819452208
1,TRMT112,53787933,0.9669647847959754
1,G3BP1,53782610,0.96690888764673
1,TRIB3,53777717,0.9668529904974846
1,AC110619.1,53777691,0.9667970933482393
1,WAPL,53776581,0.9667411961989939
1,RPL13,53764643,0.9666852990497484
1,PCMT1,53734586,0.9666294019005031
1,ZNF552,53715879,0.9665735047512577
1,ZSCAN10,53712215,0.9665176076020123
1,TWF2,53711871,0.9664617104527669
1,RPRD1B,53706175,0.9664058133035215
1,CD2AP,53704924,0.9663499161542761
1,GNAI2,53674834,0.9662940190050308
1,COA7,53673140,0.9662381218557854
1,EPB41L3,53673056,0.9661822247065399
1,PABPN1,53669519,0.9661263275572946
1,DGKZ,53662332,0.9660704304080492
1,YBX3,53660200,0.9660145332588038
1,PLEKHB2,53658235,0.9659586361095585
1,RBM19,53649756,0.965902738960313
1,MGST3,53642163,0.9658468418110676
1,TBCCD1,53632854,0.9657909446618222
1,APEH,53628852,0.9657350475125769
1,RPS6KB2,53598842,0.9656791503633315
1,UFC1,53598277,0.965623253214086
1,FNBP4,53596469,0.9655673560648407
1,LINC02663,53581424,0.9655114589155953
1,AC231533.2,53575882,0.96545556176635
1,DNAJA3,53568890,0.9653996646171046
1,MARK2,53567681,0.9653437674678591
1,AC007663.1,53565276,0.9652878703186137
1,BABAM1,53555389,0.9652319731693684
1,GPD2,53551732,0.965176076020123
1,SP6,53538372,0.9651201788708775
1,UGCG,53530152,0.9650642817216322
1,TXN2,53512760,0.9650083845723868
1,WNT9A,53508897,0.9649524874231414
1,SEMA4C,53506697,0.9648965902738961
1,CNPY4,53490450,0.9648406931246506
1,TSC22D1,53490350,0.9647847959754052
1,EXO5,53480924,0.9647288988261599
1,PSMD4,53480107,0.9646730016769145
1,CHCHD3P3,53479888,0.9646171045276691
1,STT3B,53472069,0.9645612073784237
1,IQCG,53470475,0.9645053102291783
1,PPP2R2A,53466599,0.9644494130799329
1,PACSIN2,53455592,0.9643935159306876
1,C1QTNF6,53455536,0.9643376187814422
1,SMAD5,53440495,0.9642817216321967
1,AC004156.1,53433015,0.9642258244829514
1,TUBBP6,53430072,0.964169927333706
1,MT-ND1,53429562,0.9641140301844606
1,CENPP,53429252,0.9640581330352153
1,APOE,53424844,0.9640022358859698
1,RNF26,53423722,0.9639463387367244
1,PRMT6,53416758,0.963890441587479
1,FILIP1,53400995,0.9638345444382337
1,TEKT5,53387109,0.9637786472889882
1,GALE,53383276,0.9637227501397428
1,SDR39U1,53381874,0.9636668529904975
1,RFC5,53375516,0.9636109558412521
1,TXNL4A,53374868,0.9635550586920067
1,SYNE3,53363088,0.9634991615427613
1,VPS33A,53357380,0.9634432643935159
1,NOLC1,53352347,0.9633873672442705
1,DRG1,53332950,0.9633314700950252
1,FYB2,53322122,0.9632755729457798
1,PPP1R14B,53317284,0.9632196757965343
1,KIF1C,53303083,0.963163778647289
1,INO80C,53301516,0.9631078814980436
1,DARS2,53297406,0.9630519843487982
1,MORN1,53297402,0.9629960871995529
1,RNF13,53294047,0.9629401900503074
1,DPH2,53290012,0.962884292901062
1,KRT18P35,53286328,0.9628283957518167
1,BRD7,53281460,0.9627724986025713
1,MRPL18,53275686,0.9627166014533258
1,CAPN15,53268882,0.9626607043040805
1,PDPR,53264331,0.9626048071548351
1,TSPAN1,53261460,0.9625489100055897
1,LINC01019,53253312,0.9624930128563444
1,NCOA4P2,53244336,0.9624371157070989
1,NOP56,53232731,0.9623812185578535
1,FBXO36P1,53231524,0.9623253214086082
1,IDH2,53225602,0.9622694242593628
1,CEBPB,53219951,0.9622135271101174
1,RNF44,53207836,0.962157629960872
1,NAPA,53207150,0.9621017328116266
1,MAFG,53206873,0.9620458356623812
1,DVL3,53200891,0.9619899385131359
1,RANBP2,53198676,0.9619340413638905
1,BMI1,53180351,0.961878144214645
1,VAPA,53180007,0.9618222470653996
1,AL354707.1,53166199,0.9617663499161543
1,MRPL57,53156237,0.9617104527669089
1,ATG16L1,53124189,0.9616545556176636
1,HGS,53123395,0.9615986584684181
1,RPS4XP6,53108261,0.9615427613191727
1,PFN2,53106683,0.9614868641699273
1,NOB1,53103362,0.961430967020682
1,NOC2LP1,53098053,0.9613750698714365
1,ANKRD17,53094989,0.9613191727221911
1,TJP1,53087016,0.9612632755729458
1,IDH3A,53074407,0.9612073784237004
1,HPRT1,53070141,0.961151481274455
1,GCSH,53069906,0.9610955841252096
1,AHSA1,53064793,0.9610396869759642
1,MLLT1,53062367,0.9609837898267188
1,AC243960.2,53045556,0.9609278926774735
1,LMBR1L,53039046,0.9608719955282281
1,NPBWR1,53038255,0.9608160983789826
1,SNAP29,53037600,0.9607602012297373
1,VARS,53035658,0.9607043040804919
1,TAOK1,53027305,0.9606484069312465
1,CRBN,53024287,0.9605925097820012
1,LIPC,53020870,0.9605366126327557
1,GTSF1,52986871,0.9604807154835103
1,TMEM230,52985593,0.960424818334265
1,GSTO1,52982818,0.9603689211850196
1,EXOSC7,52975566,0.9603130240357741
1,EHD4,52967435,0.9602571268865288
1,PHYKPL,52936167,0.9602012297372834
1,BAZ2A,52929474,0.960145332588038
1,BRD2,52911188,0.9600894354387927
1,CIAPIN1,52906902,0.9600335382895472
1,ALKBH5,52902459,0.9599776411403018
1,ADAT1,52900841,0.9599217439910565
1,ATN1,52881278,0.9598658468418111
1,MID1IP1,52874747,0.9598099496925657
1,FP565260.1,52874684,0.9597540525433202
1,PRMT3,52873298,0.9596981553940749
1,PAXIP1-AS1,52867965,0.9596422582448295
1,CCDC85B,52867366,0.9595863610955842
1,PRSS41,52866513,0.9595304639463388
1,CREBBP,52863017,0.9594745667970933
1,OLFML1,52861773,0.9594186696478479
1,TRUB2,52856847,0.9593627724986026
1,SMIM10,52848875,0.9593068753493572
1,ARF4,52844165,0.9592509782001118
1,AARS,52829830,0.9591950810508664
1,HM13,52824278,0.959139183901621
1,SLC6A21P,52817626,0.9590832867523756
1,MFSD1,52817203,0.9590273896031303
1,AL031864.2,52810094,0.9589714924538848
1,RPSA,52787556,0.9589155953046394
1,STARD10,52786787,0.9588596981553941
1,NPM3,52782110,0.9588038010061487
1,CRYGD,52768769,0.9587479038569033
1,NOC2LP2,52768232,0.9586920067076579
1,UTY,52758860,0.9586361095584125
1,ETV3,52758599,0.9585802124091671
1,RBPMS,52755790,0.9585243152599218
1,IL17RB,52751742,0.9584684181106764
1,GADD45A,52740179,0.9584125209614309
1,PEX11A,52733883,0.9583566238121856
1,CLSTN1,52726518,0.9583007266629402
1,NIPBL,52718363,0.9582448295136948
1,PKMYT1,52707742,0.9581889323644495
1,EIF4A1P9,52704910,0.958133035215204
1,UQCR10,52702381,0.9580771380659586
1,HBQ1,52692758,0.9580212409167133
1,CCT2,52687922,0.9579653437674679
1,ADH5P4,52686412,0.9579094466182224
1,PPP2CA,52675762,0.957853549468977
1,OXA1L,52674489,0.9577976523197317
1,AAK1,52659927,0.9577417551704863
1,SCCPDH,52651237,0.957685858021241
1,ILK,52643756,0.9576299608719955
1,PDPN,52642660,0.9575740637227501
1,ZNF341,52635459,0.9575181665735047
1,WDR77,52632641,0.9574622694242594
1,DDX11-AS1,52628338,0.957406372275014
1,ALDH6A1,52625704,0.9573504751257685
1,PRRC2A,52609733,0.9572945779765232
1,AL136418.1,52608034,0.9572386808272778
1,NARS2,52603016,0.9571827836780324
1,SF3A1,52601784,0.9571268865287871
1,KLHDC3,52601122,0.9570709893795416
1,MPLKIP,52587073,0.9570150922302962
1,PEBP1,52584672,0.9569591950810509
1,LINC01804,52574963,0.9569032979318055
1,TMEM141,52572620,0.9568474007825601
1,RPS20,52560891,0.9567915036333147
1,GATAD2A,52540448,0.9567356064840693
1,RPS16,52523028,0.9566797093348239
1,PANK3,52518289,0.9566238121855786
1,GTPBP6,52518043,0.9565679150363331
1,CHKB,52515182,0.9565120178870877
1,TMEM88,52514680,0.9564561207378424
1,ARPC2,52504104,0.956400223588597
1,UBE2N,52503913,0.9563443264393516
1,GPI,52482553,0.9562884292901062
1,TMEM223,52479463,0.9562325321408608
1,SGPP1,52474274,0.9561766349916154
1,SUMO1,52468869,0.9561207378423701
1,PLRG1,52459388,0.9560648406931247
1,PRELID3B,52451709,0.9560089435438792
1,APH1A,52431205,0.9559530463946339
1,R3HDM4,52419221,0.9558971492453885
1,PAICS,52419138,0.9558412520961431
1,PFN1P1,52415329,0.9557853549468978
1,ARFIP1,52412910,0.9557294577976523
1,PPIAP59,52386603,0.9556735606484069
1,RPS21,52385003,0.9556176634991616
1,IQCA1,52380885,0.9555617663499162
1,SPPL3,52380168,0.9555058692006708
1,BBS2,52375256,0.9554499720514253
1,FLAD1,52369029,0.95539407490218
1,MT-ND3,52361676,0.9553381777529346
1,SRP14,52356556,0.9552822806036892
1,AJUBA,52347459,0.9552263834544438
1,NNT,52347277,0.9551704863051984
1,STT3A,52329785,0.955114589155953
1,RABL2A,52313902,0.9550586920067077
1,ZFY,52303742,0.9550027948574623
1,TMEM248,52293294,0.9549468977082168
1,RPS6KB1,52270681,0.9548910005589715
1,ATRX,52269148,0.9548351034097261
1,SHMT1,52265721,0.9547792062604807
1,SEPT8,52254120,0.9547233091112354
1,GSE1,52248888,0.9546674119619899
1,FASN,52235456,0.9546115148127445
1,CTNNB1,52224906,0.9545556176634992
1,NECAP1,52220439,0.9544997205142538
1,PARK7,52217482,0.9544438233650084
1,ZBTB14,52209581,0.954387926215763
1,DDX54,52192685,0.9543320290665176
1,CCT7,52192289,0.9542761319172722
1,PRSS36,52187151,0.9542202347680269
1,SP140L,52151396,0.9541643376187814
1,STAU2,52141884,0.954108440469536
1,PHF23,52134371,0.9540525433202907
1,AC011453.1,52126759,0.9539966461710453
1,EIF2B1,52123809,0.9539407490217999
1,GYG2P1,52118681,0.9538848518725545
1,METRNL,52115753,0.9538289547233091
1,COQ4,52115032,0.9537730575740637
1,RELA-DT,52103628,0.9537171604248184
1,GLRX3P2,52097681,0.953661263275573
1,KLHL22,52080824,0.9536053661263275
1,RPL13A,52068547,0.9535494689770821
1,DUSP5,52062129,0.9534935718278368
1,SAFB2,52057439,0.9534376746785914
1,CASP3,52032116,0.953381777529346
1,SMIM30,52027187,0.9533258803801006
1,FBRS,52019551,0.9532699832308552
1,DNAJC17,52012135,0.9532140860816098
1,KRT18,52009891,0.9531581889323645
1,AKIP1,52007336,0.9531022917831191
1,THRAP3,52006832,0.9530463946338736
1,RFK,52002585,0.9529904974846283
1,IFITM3,52001448,0.9529346003353829
1,PGS1,52001390,0.9528787031861375
1,CEP350,52001212,0.9528228060368921
1,PRDX2,51989680,0.9527669088876467
1,PPP5C,51983067,0.9527110117384013
1,OTUD5,51982210,0.952655114589156
1,MGME1,51981100,0.9525992174399106
1,RPIA,51974266,0.9525433202906651
1,PAK4,51967569,0.9524874231414198
1,THAP7,51960538,0.9524315259921744
1,TMEM79,51957863,0.952375628842929
1,CYP51A1,51950337,0.9523197316936837
1,CDC34,51941210,0.9522638345444382
1,KNSTRN,51928031,0.9522079373951928
1,EIF1,51917514,0.9521520402459475
1,AUNIP,51913970,0.9520961430967021
1,HSD17B4,51907118,0.9520402459474567
1,THYN1,51903098,0.9519843487982113
1,CCDC6,51894606,0.9519284516489659
1,UBA2,51889108,0.9518725544997205
1,MPI,51883607,0.9518166573504752
1,ARMT1,51879754,0.9517607602012297
1,PDS5A,51873298,0.9517048630519843
1,ASAP1,51871265,0.951648965902739
1,CBSL,51863855,0.9515930687534936
1,PTDSS2,51860179,0.9515371716042482
1,CLUH,51859109,0.9514812744550027
1,ACAA2,51855094,0.9514253773057574
1,ACTB,51855071,0.951369480156512
1,ANXA2P3,51843863,0.9513135830072666
1,TMEM70,51842430,0.9512576858580213
1,TOE1,51840826,0.9512017887087758
1,TYRO3,51839593,0.9511458915595304
1,MTUS2,51836372,0.9510899944102851
1,EXOSC8,51830471,0.9510340972610397
1,CCNJ,51829461,0.9509782001117943
1,AC074085.2,51823096,0.9509223029625489
1,RNF39,51813189,0.9508664058133035
1,SLC52A2,51808408,0.9508105086640581
1,DLC1,51801159,0.9507546115148128
1,CLNS1A,51798263,0.9506987143655674
1,EXOSC3,51796113,0.9506428172163219
1,RPL7,51790587,0.9505869200670766
1,THAP12,51771127,0.9505310229178312
1,GSK3A,51761881,0.9504751257685858
1,PPFIBP2,51755555,0.9504192286193404
1,TAB1,51751906,0.950363331470095
1,CRTC2,51739143,0.9503074343208496
1,PYM1,51729464,0.9502515371716043
1,PTGR1,51717488,0.9501956400223589
1,DHX36,51713420,0.9501397428731134
1,OCLN,51712202,0.9500838457238681
1,CDC42SE2,51704081,0.9500279485746227
1,DOCK8,51693351,0.9499720514253773
1,RPL28,51683751,0.949916154276132
1,NIT2,51678754,0.9498602571268865
1,TPM1,51676617,0.9498043599776411
1,LAMTOR2,51676149,0.9497484628283958
1,MRPL9,51670749,0.9496925656791504
1,P4HB,51669199,0.949636668529905
1,ACP5,51668682,0.9495807713806595
1,TBC1D7,51665474,0.9495248742314142
1,UQCRFS1,51658427,0.9494689770821688
1,THOC6,51647641,0.9494130799329235
1,SLC29A2,51646738,0.949357182783678
1,LINC02617,51639799,0.9493012856344326
1,COX7A2,51635158,0.9492453884851872
1,HEXB,51620746,0.9491894913359419
1,ACTR3,51618869,0.9491335941866965
1,CCT5,51613904,0.949077697037451
1,MTRF1,51612730,0.9490217998882057
1,STIP1,51608461,0.9489659027389603
1,BOD1L1,51606260,0.9489100055897149
1,TDRKH,51603540,0.9488541084404696
1,CRYBB2P1,51597253,0.9487982112912241
1,FXN,51586555,0.9487423141419787
1,MRPS11,51580983,0.9486864169927334
1,MED4,51580608,0.948630519843488
1,XAGE2,51571680,0.9485746226942426
1,APP,51564679,0.9485187255449972
1,RTP1,51560632,0.9484628283957518
1,PDHA1,51559240,0.9484069312465064
1,TSEN2,51557969,0.9483510340972611
1,HNRNPC,51532448,0.9482951369480157
1,KANSL1,51528195,0.9482392397987702
1,AL035071.1,51525456,0.9481833426495249
1,NDUFAF8,51518983,0.9481274455002795
1,NDUFV2P1,51509841,0.9480715483510341
1,EEF1AKNMT,51508531,0.9480156512017887
1,GALNT14,51506051,0.9479597540525433
1,TPD52L1,51502269,0.9479038569032979
1,RBMS1,51498590,0.9478479597540526
1,MYL12BP2,51493056,0.9477920626048072
1,TCEANC,51492556,0.9477361654555617
1,MAN2A1,51492053,0.9476802683063164
1,ITM2A,51488816,0.947624371157071
1,RESF1,51485398,0.9475684740078256
1,CALM1P2,51483363,0.9475125768585803
1,ASXL2,51472502,0.9474566797093348
1,GTF3A,51465212,0.9474007825600894
1,AKAP12,51452040,0.947344885410844
1,GATA3,51451736,0.9472889882615987
1,NCOR2,51443249,0.9472330911123533
1,RFT1,51440739,0.9471771939631078
1,SLBP,51440461,0.9471212968138625
1,PIM3,51433741,0.9470653996646171
1,AC010487.1,51433513,0.9470095025153717
1,TPI1,51430506,0.9469536053661264
1,TPD52L2,51421177,0.9468977082168809
1,IL32,51415407,0.9468418110676355
1,FSCN1,51407405,0.9467859139183902
1,TLR5,51406945,0.9467300167691448
1,EEF1D,51396267,0.9466741196198993
1,GALNT11,51395948,0.946618222470654
1,GIT2,51394832,0.9465623253214086
1,XPO1,51389189,0.9465064281721632
1,ERAL1,51383707,0.9464505310229179
1,MMUT,51381073,0.9463946338736724
1,SLC30A9,51372563,0.946338736724427
1,PEX19,51361674,0.9462828395751817
1,RBBP4P5,51354209,0.9462269424259363
1,EIF1AY,51352154,0.9461710452766909
1,ACP6,51349220,0.9461151481274455
1,CCT5P1,51339266,0.9460592509782001
1,Z95115.1,51335887,0.9460033538289547
1,AL160162.1,51334478,0.9459474566797094
1,MIF-AS1,51327803,0.945891559530464
1,LCMT2,51326619,0.9458356623812185
1,CCNH,51326217,0.9457797652319732
1,PEX5,51320606,0.9457238680827278
1,ATF7IP,51314040,0.9456679709334824
1,MFSD3,51309812,0.945612073784237
1,APRT,51305774,0.9455561766349916
1,GLRXP3,51296460,0.9455002794857462
1,BLZF1,51289929,0.9454443823365009
1,MRPL42,51286252,0.9453884851872555
1,ROCK2,51283927,0.94533258803801
1,CHID1,51274251,0.9452766908887646
1,ASH2L,51267572,0.9452207937395193
1,SMAD1,51264354,0.9451648965902739
1,TCP11L1,51260212,0.9451089994410286
1,DAP3,51260040,0.9450531022917831
1,UBL7,51255968,0.9449972051425377
1,DERA,51240748,0.9449413079932923
1,TMEM69,51233412,0.944885410844047
1,RAB18,51223869,0.9448295136948016
1,TBRG4,51222704,0.9447736165455561
1,ING3,51218485,0.9447177193963108
1,EFHD2,51212164,0.9446618222470654
1,CCNY,51206041,0.94460592509782
1,DR1,51204580,0.9445500279485747
1,AL390800.1,51201101,0.9444941307993292
1,YAP1,51197187,0.9444382336500838
1,CCNE2,51196205,0.9443823365008385
1,RNF34,51179990,0.9443264393515931
1,MRPS21,51178943,0.9442705422023476
1,GRB10,51162994,0.9442146450531023
1,RCC1,51161718,0.9441587479038569
1,ECH1,51153685,0.9441028507546115
1,NCMAP,51150949,0.9440469536053662
1,SMARCA2,51148986,0.9439910564561207
1,SLC35B3,51148251,0.9439351593068753
1,SRF,51134341,0.94387926215763
1,PPP1R7,51128314,0.9438233650083846
1,ATP2A2,51118566,0.9437674678591392
1,KIF22,51110620,0.9437115707098938
1,HOMEZ,51091789,0.9436556735606484
1,EIF2S1,51089030,0.943599776411403
1,AC092919.1,51082282,0.9435438792621577
1,TRIAP1,51082147,0.9434879821129123
1,ZNF573,51079070,0.9434320849636668
1,WBP1L,51073642,0.9433761878144215
1,PCID2,51058716,0.9433202906651761
1,OGFOD1,51053254,0.9432643935159307
1,KIAA0930,51051872,0.9432084963666852
1,PRDX5,51049361,0.9431525992174399
1,PPA2,51043075,0.9430967020681945
1,NUP50-DT,51038336,0.9430408049189491
1,SLCO4C1,51038150,0.9429849077697038
1,AC092017.1,51037458,0.9429290106204583
1,EXOSC5,51035595,0.9428731134712129
1,UBLCP1,51022391,0.9428172163219676
1,FEN1,51021917,0.9427613191727222
1,CPVL,51019732,0.9427054220234768
1,ACADSB,51002964,0.9426495248742314
1,NMRAL1,50977667,0.942593627724986
1,UBALD2,50971675,0.9425377305757406
1,GIPC1,50970796,0.9424818334264953
1,VEGFA,50970451,0.9424259362772499
1,RPLP1,50968052,0.9423700391280044
1,WARS,50965901,0.9423141419787591
1,MT-ATP6,50955834,0.9422582448295137
1,UBE2O,50925937,0.9422023476802683
1,MRPL24,50923659,0.942146450531023
1,CBR4,50906966,0.9420905533817775
1,NLN,50903707,0.9420346562325321
1,MTHFD1L,50901138,0.9419787590832868
1,MAK16,50900546,0.9419228619340414
1,RAD51C,50898974,0.9418669647847959
1,CAPZA1,50894591,0.9418110676355506
1,HSPA8P9,50894001,0.9417551704863052
1,REPS1,50892928,0.9416992733370598
1,ARFIP2,50890481,0.9416433761878145
1,NT5C2,50853000,0.941587479038569
1,VKORC1L1,50848361,0.9415315818893236
1,RTCA,50838813,0.9414756847400783
1,SCARB1,50826198,0.9414197875908329
1,NFU1,50825372,0.9413638904415875
1,HAUS4,50816518,0.941307993292342
1,GNPDA1,50807118,0.9412520961430967
1,SUGCT,50799375,0.9411961989938513
1,NUTF2,50798045,0.941140301844606
1,SMARCA1,50797032,0.9410844046953606
1,CD99,50795792,0.9410285075461151
1,MRM3,50787792,0.9409726103968697
1,MYO1B,50782678,0.9409167132476244
1,SEMA6D,50776219,0.940860816098379
1,ZBTB25,50770903,0.9408049189491335
1,NGLY1,50767134,0.9407490217998882
1,TAF12,50765596,0.9406931246506428
1,HSPH1,50763773,0.9406372275013974
1,RPS10,50752202,0.9405813303521521
1,CRYBB2,50750566,0.9405254332029066
1,PPM1J,50743873,0.9404695360536612
1,JKAMP,50742272,0.9404136389044159
1,LY6E,50736224,0.9403577417551705
1,OXNAD1,50729896,0.9403018446059251
1,RPL27A,50729092,0.9402459474566797
1,C4BPB,50717796,0.9401900503074343
1,NACA3P,50709781,0.9401341531581889
1,CTNNA1,50709111,0.9400782560089436
1,STX7,50706952,0.9400223588596982
1,DDOST,50706891,0.9399664617104527
1,ITGB5,50704067,0.9399105645612074
1,CLDN3,50700990,0.939854667411962
1,KBTBD4,50699315,0.9397987702627166
1,TIGD1,50688160,0.9397428731134713
1,MBOAT7,50685569,0.9396869759642258
1,FBXO22,50681369,0.9396310788149804
1,BTN2A1,50677678,0.9395751816657351
1,SLC49A4,50674465,0.9395192845164897
1,EIF4A1P4,50666477,0.9394633873672442
1,RPS12,50657953,0.9394074902179989
1,PRDX1,50644195,0.9393515930687535
1,SHROOM3,50643285,0.9392956959195081
1,UROD,50639725,0.9392397987702628
1,DGUOK,50634341,0.9391839016210173
1,ATP5PD,50629701,0.9391280044717719
1,DNAJC2,50622639,0.9390721073225266
1,ACAD10,50616955,0.9390162101732812
1,NSMCE4A,50616495,0.9389603130240358
1,PEX10,50606518,0.9389044158747903
1,CHCHD3,50606314,0.938848518725545
1,RPS28,50605074,0.9387926215762996
1,CTSL3P,50595718,0.9387367244270542
1,RBL2,50592445,0.9386808272778089
1,PIGS,50581885,0.9386249301285634
1,POLR3E,50576648,0.938569032979318
1,PTMS,50564352,0.9385131358300727
1,AC016739.1,50558131,0.9384572386808273
1,AHCTF1,50554206,0.9384013415315818
1,SBF1,50546758,0.9383454443823365
1,PLAC8,50544510,0.9382895472330911
1,MED12,50538765,0.9382336500838457
1,KRT18P45,50533884,0.9381777529346004
1,RBM47,50528249,0.9381218557853549
1,ODAM,50511918,0.9380659586361095
1,FAM111B,50506252,0.9380100614868642
1,CCNDBP1,50501252,0.9379541643376188
1,ASRGL1,50493371,0.9378982671883734
1,SNF8,50493185,0.937842370039128
1,PRPF8,50490889,0.9377864728898826
1,LYPLA2,50489907,0.9377305757406372
1,UBE2E1,50487780,0.9376746785913919
1,COL4A3BP,50482013,0.9376187814421465
1,AC009065.4,50478844,0.937562884292901
1,CDKN1C,50474987,0.9375069871436557
1,CANT1,50468698,0.9374510899944103
1,DESI2,50467208,0.9373951928451649
1,NPIPB5,50463470,0.9373392956959196
1,LINC02109,50461629,0.9372833985466741
1,NDRG3,50453179,0.9372275013974287
1,PKP2,50448547,0.9371716042481834
1,CLPB,50443483,0.937115707098938
1,CPSF3,50433734,0.9370598099496925
1,ANKRD42,50423322,0.9370039128004471
1,POU2F1,50417788,0.9369480156512018
1,PRPF31,50406131,0.9368921185019564
1,RGS16,50404165,0.936836221352711
1,RPA2,50395312,0.9367803242034656
1,KHK,50393740,0.9367244270542202
1,ALDH16A1,50392133,0.9366685299049748
1,BOLA3,50388586,0.9366126327557295
1,MPPE1,50384089,0.9365567356064841
1,NUDT5,50383409,0.9365008384572386
1,AC109635.4,50378469,0.9364449413079933
1,BDP1,50369391,0.9363890441587479
1,COPS7A,50368656,0.9363331470095025
1,EIF1AX,50357227,0.9362772498602572
1,RPL8,50345973,0.9362213527110117
1,NOP10,50345439,0.9361654555617663
1,UFSP1,50341951,0.936109558412521
1,MAN1B1,50341626,0.9360536612632756
1,MSX2,50332137,0.9359977641140302
1,RWDD2B,50324732,0.9359418669647848
1,SPINT2,50321998,0.9358859698155394
1,CDK6,50319479,0.935830072666294
1,CAPN2,50308710,0.9357741755170487
1,MEX3D,50299028,0.9357182783678032
1,EIF2B4,50292572,0.9356623812185578
1,CDC123,50292514,0.9356064840693125
1,RPS19,50283221,0.9355505869200671
1,STARD3NL,50282287,0.9354946897708217
1,UCP2,50269698,0.9354387926215763
1,HSPA8,50264736,0.9353828954723309
1,CTSZ,50254784,0.9353269983230855
1,ALDH9A1,50252663,0.9352711011738402
1,TRIM33,50251916,0.9352152040245948
1,PRSS21,50242723,0.9351593068753493
1,TMEM143,50239887,0.935103409726104
1,OLFML3,50238094,0.9350475125768586
1,ABHD5,50223004,0.9349916154276132
1,HDDC3,50215651,0.9349357182783679
1,ACD,50214164,0.9348798211291224
1,TUBA1C,50213346,0.934823923979877
1,SLC6A8,50203064,0.9347680268306316
1,GTF2H1,50196260,0.9347121296813863
1,DCAKD,50195210,0.9346562325321408
1,FKBP11,50194677,0.9346003353828954
1,PLBD2,50191787,0.9345444382336501
1,FUOM,50179981,0.9344885410844047
1,SPATC1L,50172266,0.9344326439351593
1,HSBP1P2,50171546,0.9343767467859139
1,RTF2,50164873,0.9343208496366685
1,TXNDC9,50163705,0.9342649524874231
1,SMARCD2,50160613,0.9342090553381778
1,RPL39,50158321,0.9341531581889324
1,POM121C,50143364,0.9340972610396869
1,MRPL49,50137016,0.9340413638904416
1,RNF146,50133907,0.9339854667411962
1,YAE1,50132503,0.9339295695919508
1,COMMD2,50114978,0.9338736724427055
1,SRSF11,50113492,0.93381777529346
1,DDIAS,50112864,0.9337618781442146
1,ACAD8,50109895,0.9337059809949693
1,AFG3L2,50105436,0.9336500838457239
1,AL161716.1,50104659,0.9335941866964785
1,FKBP3,50097113,0.9335382895472331
1,LRRC47,50087985,0.9334823923979877
1,PIWIL3,50086876,0.9334264952487423
1,XYLB,50080383,0.933370598099497
1,ATP5MC2,50072227,0.9333147009502515
1,ENTPD5,50067980,0.9332588038010061
1,FGF13,50065469,0.9332029066517608
1,TMEM171,50064204,0.9331470095025154
1,USP9X,50053749,0.93309111235327
1,AC125807.1,50048203,0.9330352152040245
1,NTHL1,50044253,0.9329793180547792
1,LSS,50039850,0.9329234209055338
1,FOLR3,50039514,0.9328675237562885
1,COQ7,50039341,0.9328116266070431
1,STARD7,50033352,0.9327557294577976
1,M1AP,50032413,0.9326998323085522
1,MRPS18A,50026524,0.9326439351593069
1,GAPDHP70,50025733,0.9325880380100615
1,SLC9A3R1,50024444,0.93253214086081615
1,FAM207A,50021193,0.9324762437115707
1,AL158801.4,50017761,0.9324203465623253
1,YTHDC1,50016749,0.9323644494130799
1,AC002480.1,50016360,0.9323085522638346
1,MTERF3,49998585,0.9322526551145891
1,TUBB4B,49991228,0.9321967579653437
1,GTF3C4,49988047,0.9321408608160984
1,TLCD1,49982839,0.932084963666853
1,PNKD,49971393,0.9320290665176076
1,CENPX,49970592,0.9319731693683622
1,NCKAP1,49965668,0.9319172722191168
1,SOX13,49959722,0.9318613750698714
1,RAB17,49942879,0.9318054779206261
1,MT-TF,49942122,0.9317495807713807
1,BAHD1,49941940,0.9316936836221352
1,AC006230.1,49940932,0.9316377864728899
1,RGS13,49937745,0.9315818893236445
1,NUBP1,49930924,0.9315259921743991
1,MYADM,49929642,0.9314700950251538
1,ADGRE5,49927283,0.9314141978759083
1,PWP1,49923262,0.9313583007266629
1,MTRNR2L8,49907158,0.9313024035774176
1,NECTIN2,49904802,0.9312465064281722
1,MCL1,49903922,0.9311906092789268
1,SNRNP25,49893705,0.9311347121296814
1,CIAO2A,49889013,0.931078814980436
1,MYO19,49888827,0.9310229178311906
1,ANKFY1,49888558,0.9309670206819453
1,AC104297.1,49885761,0.9309111235326998
1,XIAP,49885543,0.9308552263834544
1,MGLL,49883071,0.930799329234209
1,NKD2,49875500,0.9307434320849637
1,RCC2,49869133,0.9306875349357183
1,ZNRF3,49868757,0.9306316377864728
1,CENPE,49868723,0.9305757406372275
1,ATP6V1F,49863729,0.9305198434879821
1,PEX11G,49860567,0.9304639463387367
1,AC009053.1,49859915,0.9304080491894914
1,AP002360.1,49857899,0.9303521520402459
1,LEPR,49856665,0.9302962548910005
1,CCL28,49852800,0.9302403577417552
1,QARS,49840386,0.9301844605925098
1,ZNF98,49837645,0.9301285634432644
1,TSTA3,49834037,0.930072666294019
1,AL133215.2,49825603,0.9300167691447736
1,PSEN2,49824440,0.9299608719955282
1,RPL12P6,49823679,0.9299049748462829
1,CCT6A,49823606,0.9298490776970374
1,SLC19A1,49818095,0.929793180547792
1,MRPL46,49816839,0.9297372833985467
1,RPS5,49815694,0.9296813862493013
1,PPP1R14A,49815245,0.9296254891000559
1,CBX4,49798275,0.9295695919508105
1,SMIM26,49794141,0.9295136948015651
1,EIF4G3,49788419,0.9294577976523197
1,PIP5K1B,49775785,0.9294019005030744
1,MRLN,49772319,0.929346003353829
1,TPGS2,49772223,0.9292901062045835
1,EIF3A,49771685,0.9292342090553382
1,MRPS16,49771085,0.9291783119060928
1,MKRN1,49771050,0.9291224147568474
1,VCP,49770332,0.9290665176076021
1,XPNPEP1,49764500,0.9290106204583566
1,PFKL,49763489,0.9289547233091112
1,CDC37,49761557,0.9288988261598659
1,TMED2,49760117,0.9288429290106205
1,KRT18P1,49749279,0.9287870318613751
1,IDI1,49742062,0.9287311347121296
1,NIPSNAP1,49726335,0.9286752375628843
1,LYRM7,49725738,0.9286193404136389
1,SART1,49723645,0.9285634432643936
1,AGK,49709428,0.9285075461151481
1,FAM241B,49706779,0.9284516489659027
1,ATP5MC2P4,49706740,0.9283957518166573
1,THSD1,49704363,0.928339854667412
1,NCAPGP2,49702767,0.9282839575181666
1,TRAPPC2L,49700832,0.9282280603689211
1,PYCR3,49696297,0.9281721632196758
1,MYO7A,49677810,0.9281162660704304
1,ABITRAM,49676750,0.928060368921185
1,PCSK7,49673592,0.9280044717719397
1,BIRC6,49673100,0.9279485746226942
1,PAPSS1,49672546,0.9278926774734488
1,CMAS,49671150,0.9278367803242035
1,RNFT1,49671049,0.9277808831749581
1,BCKDK,49670594,0.9277249860257127
1,TP53,49668208,0.9276690888764673
1,CHD2,49657295,0.9276131917272219
1,GABBR2,49647933,0.9275572945779765
1,KRT18P17,49647458,0.9275013974287312
1,TUBB4AP1,49645612,0.9274455002794858
1,DNMT1,49641688,0.9273896031302403
1,SUCLG2,49634306,0.927333705980995
1,C19orf57,49629442,0.9272778088317496
1,CTBP1-DT,49619235,0.9272219116825042
1,TOMM5,49616874,0.9271660145332588
1,KRT8P37,49614528,0.9271101173840134
1,RPARP-AS1,49607786,0.927054220234768
1,PDZD2,49601413,0.9269983230855227
1,PQLC3,49601285,0.9269424259362773
1,RABL2B,49597424,0.9268865287870318
1,DSN1,49596998,0.9268306316377865
1,ERCC2,49594556,0.9267747344885411
1,RARRES1,49592594,0.9267188373392957
1,AC244153.1,49592166,0.9266629401900504
1,ARF5,49591832,0.9266070430408049
1,ACTG2,49588556,0.9265511458915595
1,CLDN12,49579768,0.9264952487423141
1,ZC3HC1,49577567,0.9264393515930688
1,RFPL4B,49574790,0.9263834544438234
1,SETD1A,49570297,0.9263275572945779
1,ERCC6,49570200,0.9262716601453326
1,AL139384.1,49560561,0.9262157629960872
1,RNF5P1,49551071,0.9261598658468418
1,PUF60,49542866,0.9261039686975964
1,ANKLE2,49523921,0.926048071548351
1,MPC2,49518754,0.9259921743991056
1,ZMYND19,49518451,0.9259362772498603
1,TRIM17,49510218,0.9258803801006149
1,NCF2,49508749,0.9258244829513694
1,DIS3,49508327,0.9257685858021241
1,TLE3,49498389,0.9257126886528787
1,PRIMPOL,49493980,0.9256567915036333
1,HDGF,49492152,0.925600894354388
1,LINC00189,49491475,0.9255449972051425
1,RPL15P3,49485096,0.9254891000558971
1,SPHK2,49484137,0.9254332029066518
1,AC023512.1,49483704,0.9253773057574064
1,ERVV-2,49483660,0.925321408608161
1,TRIT1,49481408,0.9252655114589156
1,RPL10,49476418,0.9252096143096702
1,PAGE5,49471986,0.9251537171604248
1,GLE1,49468192,0.9250978200111795
1,NUDT19,49467404,0.9250419228619341
1,LONP2,49464098,0.9249860257126886
1,FSTL1,49463740,0.9249301285634433
1,KRT8P8,49454188,0.9248742314141979
1,RPSAP53,49449187,0.9248183342649525
1,LAMA5,49438716,0.924762437115707
1,FAF1,49438008,0.9247065399664617
1,HNRNPAB,49436932,0.9246506428172163
1,CCAR1,49436024,0.924594745667971
1,BRPF3,49435223,0.9245388485187256
1,EXD3,49422306,0.9244829513694801
1,RBPMS2,49418061,0.9244270542202347
1,ZNF346,49412663,0.9243711570709894
1,DTL,49405633,0.924315259921744
1,FRMD4B,49405163,0.9242593627724986
1,ADD1,49398943,0.9242034656232532
1,URI1,49397118,0.9241475684740078
1,IL34,49391662,0.9240916713247624
1,AC022400.8,49389700,0.9240357741755171
1,CLEC20A,49382453,0.9239798770262717
1,MBLAC2,49370161,0.9239239798770262
1,GUF1,49365852,0.9238680827277809
1,WIPF3,49359198,0.9238121855785355
1,POLE4,49350734,0.9237562884292901
1,SLK,49348561,0.9237003912800447
1,ZDHHC5,49346572,0.9236444941307993
1,SNHG29,49338303,0.9235885969815539
1,RPS27A,49338058,0.9235326998323086
1,BSG,49330447,0.9234768026830632
1,ZNF232,49324240,0.9234209055338177
1,CCNC,49322199,0.9233650083845724
1,MRPL15,49314118,0.923309111235327
1,SNW1,49311339,0.9232532140860816
1,LIPT2,49306982,0.9231973169368363
1,NUP88,49302400,0.9231414197875908
1,QPRT,49299495,0.9230855226383454
1,NFKB2,49295420,0.9230296254891001
1,MPZL1,49283507,0.9229737283398547
1,AC099850.1,49280757,0.9229178311906093
1,DNAJC30,49277439,0.9228619340413639
1,DOHH,49274027,0.9228060368921185
1,PLGRKT,49267673,0.9227501397428731
1,TRAPPC3,49259894,0.9226942425936278
1,KRT19P1,49253618,0.9226383454443824
1,CNOT6,49247270,0.9225824482951369
1,RPS6KA4,49244632,0.9225265511458915
1,SRRM2-AS1,49241748,0.9224706539966462
1,RPA2P2,49225823,0.9224147568474008
1,TUFM,49224994,0.9223588596981553
1,HMCES,49223795,0.92230296254891
1,CFAP300,49221453,0.9222470653996646
1,B4GAT1,49220293,0.9221911682504192
1,NDUFB5,49214985,0.9221352711011739
1,ENTR1,49208994,0.9220793739519284
1,MFSD14B,49208977,0.922023476802683
1,ADH5,49203481,0.9219675796534377
1,SMUG1,49203033,0.9219116825041923
1,RTL10,49196927,0.9218557853549469
1,HCFC1,49181889,0.9217998882057015
1,IRF1,49160239,0.9217439910564561
1,ST5,49158499,0.9216880939072107
1,MECR,49158167,0.9216321967579654
1,SLC39A14,49157531,0.92157629960872
1,VPS26C,49156043,0.9215204024594745
1,NELFB,49152515,0.9214645053102292
1,CLDND1,49151570,0.9214086081609838
1,TACC1,49149099,0.9213527110117384
1,MTA3,49143181,0.921296813862493
1,JMJD4,49139396,0.9212409167132476
1,DTYMK,49130138,0.9211850195640022
1,HPS4,49122565,0.9211291224147569
1,AMOTL2,49118119,0.9210732252655115
1,CLIC4,49117116,0.921017328116266
1,ILVBL,49114150,0.9209614309670207
1,KXD1,49107972,0.9209055338177753
1,NDUFA6,49101318,0.9208496366685299
1,CMTM7,49098793,0.9207937395192846
1,CPSF7,49091005,0.9207378423700391
1,KIAA1217,49088687,0.9206819452207937
1,AKT2,49086974,0.9206260480715484
1,ILRUN,49086358,0.920570150922303
1,NDUFA5,49085292,0.9205142537730576
1,ZNF549,49079982,0.9204583566238121
1,REXO4,49079400,0.9204024594745668
1,HSPA9P1,49075380,0.9203465623253214
1,ECEL1P1,49070718,0.920290665176076
1,ZNF594,49065836,0.9202347680268307
1,COG4,49065293,0.9201788708775852
1,IDH1,49061629,0.9201229737283398
1,PITPNA,49056383,0.9200670765790945
1,SMARCA4,49049121,0.9200111794298491
1,HSBP1L1,49046818,0.9199552822806036
1,ATP1B1,49036418,0.9198993851313583
1,SGF29,49036098,0.9198434879821129
1,RPL18AP15,49034049,0.9197875908328675
1,S100P,49032068,0.9197316936836222
1,ZDHHC6,49016400,0.9196757965343767
1,AMN1,48994292,0.9196198993851313
1,ADIPOR1,48990993,0.919564002235886
1,PIEZO1,48988241,0.9195081050866406
1,MTPAP,48980137,0.9194522079373952
1,PUS7,48965486,0.9193963107881498
1,ABHD17A,48965050,0.9193404136389044
1,NSL1,48964671,0.919284516489659
1,IMPAD1,48962095,0.9192286193404137
1,CCDC106,48940293,0.9191727221911683
1,GNA11,48937115,0.9191168250419228
1,PMPCB,48936472,0.9190609278926775
1,AC087857.1,48922690,0.9190050307434321
1,RPS29,48916642,0.9189491335941867
1,BRWD3,48904001,0.9188932364449413
1,IDH3B,48891505,0.9188373392956959
1,SETD3,48891378,0.9187814421464505
1,HPDL,48890269,0.9187255449972052
1,TPK1,48883427,0.9186696478479598
1,TNIP2,48872202,0.9186137506987143
1,TMEM147,48869750,0.918557853549469
1,FBXO43,48864014,0.9185019564002236
1,RAD23A,48863469,0.9184460592509782
1,ZNF33B,48862639,0.9183901621017329
1,UBTD2,48860821,0.9183342649524874
1,TYMS,48859350,0.918278367803242
1,CPNE3,48856580,0.9182224706539966
1,PRSS23,48852310,0.9181665735047513
1,ASNA1,48847905,0.9181106763555059
1,RAB34,48845942,0.9180547792062604
1,CDK8,48845151,0.9179988820570151
1,SLC40A1,48843250,0.9179429849077697
1,RPS4Y2,48843052,0.9178870877585243
1,DCTN1,48818072,0.917831190609279
1,AL050341.2,48813984,0.9177752934600335
1,WDSUB1,48810045,0.9177193963107881
1,KRT18P16,48803175,0.9176634991615428
1,NFYC-AS1,48802003,0.9176076020122974
1,RPS9,48801732,0.9175517048630519
1,RPL7A,48800392,0.9174958077138066
1,RRP1,48800125,0.9174399105645612
1,NUB1,48794477,0.9173840134153158
1,POLD1,48792979,0.9173281162660705
1,UBN1,48785589,0.917272219116825
1,CHMP6,48778683,0.9172163219675796
1,ANLN,48768042,0.9171604248183343
1,DPPA3,48767568,0.9171045276690889
1,DNAJC11,48766152,0.9170486305198435
1,PIPSL,48760613,0.9169927333705981
1,FDPSP4,48760278,0.9169368362213527
1,ATP6V1E1,48751171,0.9168809390721073
1,TIGD4,48748344,0.916825041922862
1,EAPP,48746633,0.9167691447736166
1,NAE1,48742092,0.9167132476243711
1,C16orf58,48741600,0.9166573504751258
1,TUBG2,48731394,0.9166014533258804
1,KDM8,48719149,0.916545556176635
1,TM9SF2,48712511,0.9164896590273897
1,AHCYL1,48711956,0.9164337618781442
1,QDPR,48705762,0.9163778647288988
1,PRSS8,48697582,0.9163219675796535
1,SNHG17,48694549,0.9162660704304081
1,ATG10,48689661,0.9162101732811626
1,BAP1,48683863,0.9161542761319172
1,ORMDL2,48678956,0.9160983789826719
1,KDM5D,48678293,0.9160424818334265
1,EIF5B,48673928,0.9159865846841811
1,MT-RNR1,48673452,0.9159306875349357
1,ARV1,48661565,0.9158747903856903
1,GOLGA4,48652297,0.9158188932364449
1,FOXO6,48651722,0.9157629960871996
1,ZNF235,48643057,0.9157070989379542
1,EXOC3,48642286,0.9156512017887087
1,EDIL3,48631372,0.9155953046394634
1,PTPRU,48630245,0.915539407490218
1,COG6,48628039,0.9154835103409726
1,FBXO5,48611401,0.9154276131917273
1,DCAF13,48610151,0.9153717160424818
1,DBNDD2,48608677,0.9153158188932364
1,LAPTM4B,48606062,0.9152599217439911
1,GSTM3,48605901,0.9152040245947457
1,PSMC5,48602521,0.9151481274455002
1,CHD4,48600720,0.9150922302962549
1,STK16,48597099,0.9150363331470095
1,AC093677.1,48596892,0.9149804359977641
1,PLS3,48596231,0.9149245388485188
1,H2AFZ,48592676,0.9148686416992733
1,IAH1,48591536,0.9148127445500279
1,NPLOC4,48591133,0.9147568474007826
1,ATP5MF,48590180,0.9147009502515372
1,DNPH1,48584225,0.9146450531022918
1,MMADHC,48583787,0.9145891559530464
1,PTPN12,48581933,0.914533258803801
1,H2AFZP2,48579820,0.9144773616545556
1,RBM12B,48577584,0.9144214645053103
1,SLC31A1,48577333,0.9143655673560649
1,DSG2,48571557,0.9143096702068194
1,SLC25A5P4,48570887,0.914253773057574
1,WDR97,48568813,0.9141978759083287
1,FAM168B,48566092,0.9141419787590833
1,ADAM18,48551209,0.914086081609838
1,DHX8,48550623,0.9140301844605925
1,RPS27AP16,48542356,0.9139742873113471
1,MOB3B,48533943,0.9139183901621017
1,VPS52,48533641,0.9138624930128564
1,TIRAP,48531828,0.9138065958636109
1,NAP1L1P1,48528393,0.9137506987143655
1,RPL14,48526056,0.9136948015651202
1,UBE2Q1,48523673,0.9136389044158748
1,ITM2B,48522878,0.9135830072666294
1,YWHAE,48519505,0.913527110117384
1,MRPL43,48515236,0.9134712129681386
1,AC006040.1,48514512,0.9134153158188932
1,S100A16,48511957,0.9133594186696479
1,DIS3L,48509431,0.9133035215204025
1,RPA3,48507737,0.913247624371157
1,JRK,48506911,0.9131917272219117
1,GSS,48504802,0.9131358300726663
1,TMPRSS13,48503268,0.9130799329234209
1,TJP3,48502091,0.9130240357741756
1,ACAD9,48488022,0.9129681386249301
1,NUBP2,48486989,0.9129122414756847
1,ZFP42,48483106,0.9128563443264394
1,ATIC,48478455,0.912800447177194
1,QRSL1,48472829,0.9127445500279485
1,ACTG1P19,48464477,0.9126886528787032
1,ZNF664,48464020,0.9126327557294578
1,ARMC8,48463761,0.9125768585802124
1,MPP6,48460448,0.9125209614309671
1,AC004771.3,48454650,0.9124650642817216
1,MRPL10,48443772,0.9124091671324762
1,MRPL13,48440418,0.9123532699832309
1,EPB41L4A-AS1,48435689,0.9122973728339855
1,AK4,48427004,0.9122414756847401
1,ACSF3,48425508,0.9121855785354946
1,AC119403.1,48424647,0.9121296813862493
1,GOLPH3,48422950,0.9120737842370039
1,EHHADH,48414743,0.9120178870877585
1,AC011444.1,48411995,0.9119619899385132
1,NOP9,48400527,0.9119060927892677
1,PGAM5,48400133,0.9118501956400223
1,MRPL28,48392214,0.911794298490777
1,EEF1AKMT1,48389830,0.9117384013415316
1,FLVCR1,48386216,0.9116825041922862
1,ZNF75D,48376966,0.9116266070430408
1,FLNA,48370852,0.9115707098937954
1,ATF6B,48369014,0.91151481274455
1,INTS7,48365706,0.9114589155953047
1,ACOX1,48362729,0.9114030184460592
1,NDUFA4,48350660,0.9113471212968138
1,COPS5,48339617,0.9112912241475685
1,PTPMT1,48335048,0.9112353269983231
1,ZBTB1,48331509,0.9111794298490777
1,ENOSF1,48331412,0.9111235326998323
1,ZNF169,48329815,0.9110676355505869
1,ECI1,48324752,0.9110117384013415
1,AL118496.1,48324097,0.9109558412520962
1,YWHAH,48321752,0.9108999441028508
1,TMEM179B,48320870,0.9108440469536053
1,MCAT,48310797,0.91078814980436
1,AC073389.1,48307577,0.9107322526551146
1,LINC00543,48296116,0.9106763555058692
1,MCM3,48295514,0.9106204583566239
1,PDCD11,48292787,0.9105645612073784
1,SNX1,48292365,0.910508664058133
1,TALDO1,48282112,0.9104527669088877
1,SCLY,48271084,0.9103968697596423
1,MPV17,48267986,0.9103409726103968
1,CNNM4,48266031,0.9102850754611514
1,ARPC3,48265747,0.9102291783119061
1,ALPL,48262304,0.9101732811626607
1,UBE2D4,48260990,0.9101173840134154
1,LINC00665,48258425,0.9100614868641699
1,WRNIP1,48248884,0.9100055897149245
1,RBM14,48242280,0.9099496925656791
1,RAB1B,48240177,0.9098937954164338
1,COA3,48234382,0.9098378982671884
1,ECD,48229810,0.9097820011179429
1,ZNF598,48228278,0.9097261039686976
1,SNHG25,48222527,0.9096702068194522
1,TIMM17A,48219244,0.9096143096702068
1,TRMT11,48219078,0.9095584125209615
1,SUGT1,48214446,0.909502515371716
1,PLEKHH1,48209264,0.9094466182224706
1,RNF11,48208767,0.9093907210732253
1,PSMC1,48204286,0.9093348239239799
1,ABCF3,48192244,0.9092789267747345
1,CYP51A1P1,48184063,0.9092230296254891
1,SF3B4,48181483,0.9091671324762437
1,RPL35AP21,48177052,0.9091112353269983
1,TMEM64,48176805,0.909055338177753
1,CCDC25,48165616,0.9089994410285075
1,TTC23,48162371,0.9089435438792621
1,ELF3,48161732,0.9088876467300168
1,LUC7L3,48157356,0.9088317495807714
1,RCHY1,48151571,0.908775852431526
1,NONO,48149844,0.9087199552822806
1,PPP1R13L,48149612,0.9086640581330352
1,ARMC2,48149521,0.9086081609837898
1,TFAP2C,48147049,0.9085522638345445
1,RNF212,48140040,0.9084963666852991
1,TMEM150C,48139208,0.9084404695360536
1,ATAD3A,48138137,0.9083845723868083
1,SEC16A,48133752,0.9083286752375629
1,STRN4,48119016,0.9082727780883175
1,PAAF1,48115545,0.9082168809390722
1,RANGAP1,48111470,0.9081609837898267
1,NANS,48109095,0.9081050866405813
1,RPL13AP5,48106815,0.908049189491336
1,STC2,48106025,0.9079932923420906
1,SERPINC1,48102146,0.9079373951928452
1,REEP5,48096995,0.9078814980435997
1,SNX12,48086377,0.9078256008943544
1,MRPS14,48084747,0.907769703745109
1,SNAPC4,48081432,0.9077138065958636
1,CBY1,48079134,0.9076579094466182
1,DNAJC14,48078643,0.9076020122973728
1,BCKDHB,48069003,0.9075461151481274
1,HAND1,48068621,0.9074902179988821
1,MTX1,48067926,0.9074343208496367
1,GORASP2,48067842,0.9073784237003912
1,RNF5,48067403,0.9073225265511459
1,SESN2,48065191,0.9072666294019005
1,TSPY2,48063981,0.9072107322526551
1,C6orf203,48060749,0.9071548351034098
1,SSBP1,48052775,0.9070989379541643
1,PRXL2A,48048045,0.9070430408049189
1,LINC01297,48047982,0.9069871436556736
1,PDCL3P7,48045177,0.9069312465064282
1,PPIA,48041274,0.9068753493571828
1,SRM,48039177,0.9068194522079374
1,HSP90AB2P,48030844,0.906763555058692
1,AP001599.1,48028194,0.9067076579094466
1,NDUFV1,48020354,0.9066517607602013
1,MTMR10,48015057,0.9065958636109558
1,VGLL4,48011694,0.9065399664617104
1,ALAS1,48008140,0.9064840693124651
1,THOC2,48007516,0.9064281721632197
1,RPL38,48004903,0.9063722750139743
1,PCNT,48001205,0.9063163778647289
1,CKAP5,47990786,0.9062604807154835
1,OTUB1,47982657,0.9062045835662381
1,UBR5-AS1,47982645,0.9061486864169928
1,POMC,47975616,0.9060927892677474
1,ZNF589,47966808,0.9060368921185019
1,CCDC153,47966110,0.9059809949692565
1,LRRC8A,47963887,0.9059250978200112
1,AL450309.1,47960965,0.9058692006707658
1,AAMP,47954261,0.9058133035215205
1,ZNF793,47953995,0.905757406372275
1,URGCP,47945271,0.9057015092230296
1,CAVIN3,47944735,0.9056456120737842
1,MTRNR2L12,47944463,0.9055897149245389
1,TPPP,47944358,0.9055338177752935
1,PTGR2,47938538,0.905477920626048
1,CTSA,47935276,0.9054220234768027
1,ANKRD46,47935182,0.9053661263275573
1,PARD3,47929451,0.9053102291783119
1,LRRC41,47926729,0.9052543320290665
1,PPDPF,47922520,0.9051984348798211
1,KRT18P65,47920020,0.9051425377305757
1,NMI,47916836,0.9050866405813304
1,SPRED1,47916348,0.905030743432085
1,CCT8,47912227,0.9049748462828395
1,VDAC2,47890542,0.9049189491335942
1,CD47,47889008,0.9048630519843488
1,NIFK,47885537,0.9048071548351034
1,PGP,47880039,0.9047512576858581
1,GCDH,47878499,0.9046953605366126
1,TMEM254-AS1,47873921,0.9046394633873672
1,COMMD5,47871700,0.9045835662381219
1,PRMT7,47871395,0.9045276690888765
1,PPP2R5E,47871308,0.9044717719396311
1,NUFIP2,47869685,0.9044158747903857
1,ARHGAP29,47864896,0.9043599776411403
1,STAT1,47864849,0.9043040804918949
1,LAMTOR5,47862402,0.9042481833426496
1,PTGES3P3,47862140,0.9041922861934041
1,SLC39A1,47857716,0.9041363890441587
1,PDGFRL,47853237,0.9040804918949134
1,RPLP0P2,47851405,0.904024594745668
1,RNF139-AS1,47846298,0.9039686975964226
1,MT-TS2,47838445,0.9039128004471771
1,SLC5A6,47836373,0.9038569032979318
1,HEATR5B,47828835,0.9038010061486864
1,TAF5L,47828791,0.903745108999441
1,TOM1L1,47819971,0.9036892118501957
1,ZNF414,47818139,0.9036333147009502
1,IMPA2,47816690,0.9035774175517048
1,RHOU,47816061,0.9035215204024595
1,C1orf74,47814085,0.9034656232532141
1,UBE2Z,47812082,0.9034097261039687
1,AC026410.3,47810768,0.9033538289547233
1,NDUFB8,47809778,0.9032979318054779
1,EMC1,47809325,0.9032420346562325
1,YRDC,47796565,0.9031861375069872
1,TRAM2,47795345,0.9031302403577418
1,APOD,47794279,0.9030743432084963
1,C11orf95,47792564,0.903018446059251
1,RPS11,47788085,0.9029625489100056
1,RAD21,47774430,0.9029066517607602
1,NME4,47774215,0.9028507546115148
1,LSM10,47765778,0.9027948574622694
1,TRABD,47765454,0.902738960313024
1,MRPL35,47764079,0.9026830631637787
1,MED27,47760094,0.9026271660145333
1,GTF3C6,47758979,0.9025712688652878
1,ZNF702P,47754858,0.9025153717160425
1,NF2,47754443,0.9024594745667971
1,SH3GLB2,47745217,0.9024035774175517
1,FAM234A,47744443,0.9023476802683064
1,TMEM116,47742256,0.9022917831190609
1,MTIF3,47737661,0.9022358859698155
1,NASP,47735116,0.9021799888205702
1,NELFE,47734571,0.9021240916713248
1,RECQL,47734004,0.9020681945220794
1,MRPL50,47733044,0.902012297372834
1,Z74021.1,47726441,0.9019564002235886
1,AC067852.5,47719444,0.9019005030743432
1,CORO2A,47717114,0.9018446059250979
1,PSMA4,47714608,0.9017887087758524
1,EGLN3,47714529,0.901732811626607
1,TRMT112P6,47707483,0.9016769144773616
1,GMPPB,47707136,0.9016210173281163
1,FAM13B,47706872,0.9015651201788709
1,MFSD13A,47706726,0.9015092230296254
1,PRKAR1B,47706208,0.9014533258803801
1,PSMC4,47700848,0.9013974287311347
1,BZW1,47699568,0.9013415315818893
1,SF3B6,47695797,0.901285634432644
1,BOD1,47691569,0.9012297372833985
1,ZNF732,47686270,0.9011738401341531
1,RCOR2,47685788,0.9011179429849078
1,DDX51,47683822,0.9010620458356624
1,BICD2,47682892,0.901006148686417
1,GLDC,47681643,0.9009502515371716
1,CYP51A1P2,47674499,0.9008943543879262
1,KHDRBS3,47673668,0.9008384572386808
1,DSG3,47668849,0.9007825600894355
1,SNAPC5,47650562,0.9007266629401901
1,JMJD6,47645229,0.9006707657909446
1,ATP11C,47644928,0.9006148686416993
1,HSDL1,47638524,0.9005589714924539
1,TTC38,47635803,0.9005030743432085
1,OTX1,47635556,0.90044717719396306
1,ADIPOR2,47634008,0.9003912800447177
1,ZNF609,47633058,0.9003353828954723
1,ESD,47632580,0.900279485746227
1,NEK6,47630609,0.9002235885969816
1,SEPT2,47626433,0.9001676914477361
1,AHCY,47621999,0.9001117942984908
1,MRPL39,47621216,0.9000558971492454
1,RPS20P10,47619669,0.9
1,MSANTD4,47618960,0.8999441028507547
1,CMTM8,47616817,0.8998882057015092
1,CTU2,47612446,0.8998323085522638
1,LRRC23,47608794,0.8997764114030185
1,PARS2,47600122,0.8997205142537731
1,UBE2G2,47598407,0.8996646171045277
1,SLC44A2,47597493,0.8996087199552822
1,UBAP2L,47594324,0.8995528228060369
1,SEPT9,47594271,0.8994969256567915
1,CYB561A3,47592207,0.8994410285075461
1,HACL1,47588713,0.8993851313583007
1,ATP6V0D2,47587230,0.8993292342090553
1,RFLNA,47576876,0.8992733370598099
1,RAB28,47576163,0.8992174399105646
1,SIGMAR1,47575937,0.8991615427613192
1,AL049792.1,47572664,0.8991056456120737
1,PCAT7,47570684,0.8990497484628284
1,SEC22C,47568898,0.898993851313583
1,ACTG1,47565464,0.8989379541643376
1,S100A13,47562593,0.8988820570150923
1,DNAJC8,47550647,0.8988261598658468
1,PAM,47549349,0.8987702627166014
1,CDC7,47534726,0.8987143655673561
1,USP25,47531699,0.8986584684181107
1,AP2B1,47529883,0.8986025712688653
1,PARPBP,47527494,0.8985466741196199
1,POLR2D,47523797,0.8984907769703745
1,NDUFB10,47521129,0.8984348798211291
1,CNN3,47519867,0.8983789826718838
1,AC114491.1,47518445,0.8983230855226384
1,ZNF79,47517247,0.8982671883733929
1,ATG5,47511714,0.8982112912241476
1,FUCA2,47511192,0.8981553940749022
1,RANGRF,47508493,0.8980994969256568
1,CLYBL,47493517,0.8980435997764113
1,EIF2A,47493314,0.897987702627166
1,IPPK,47487945,0.8979318054779206
1,HSPA9,47485878,0.8978759083286753
1,TANGO2,47477746,0.8978200111794299
1,SDHA,47476370,0.8977641140301844
1,METTL21A,47474974,0.897708216880939
1,POLI,47473871,0.8976523197316937
1,LAMC1,47459661,0.8975684740078256
1,GNAL,47459661,0.8975684740078256
1,NUDCD1,47458451,0.8974846282839575
1,TMEM109,47443717,0.8974287311347121
1,LRRFIP1,47442721,0.8973728339854667
1,AKTIP,47436595,0.8973169368362214
1,RPS4Y1,47436279,0.897261039686976
1,COX7A2L,47434040,0.8972051425377305
1,KIF20B,47432432,0.8971492453884852
1,ASB16-AS1,47429385,0.8970933482392398
1,GEMIN6,47428727,0.8970374510899944
1,LGR4,47426807,0.8969815539407491
1,MRPL20-AS1,47425617,0.8969256567915036
1,EWSR1,47421826,0.8968697596422582
1,AL512599.1,47421376,0.8968138624930129
1,SRSF5,47414598,0.8967579653437675
1,AC021269.3,47412984,0.896702068194522
1,AL157713.1,47408692,0.8966461710452767
1,PRR15,47406452,0.8965902738960313
1,GSEC,47405771,0.8965343767467859
1,AC025588.1,47402738,0.8964784795975406
1,ALOX5,47400371,0.8964225824482951
1,RPL12P50,47396436,0.8963666852990497
1,DPH6,47391498,0.8963107881498044
1,TAF9,47387259,0.896254891000559
1,ANKLE1,47378475,0.8961989938513136
1,DNAJC5,47372405,0.8961430967020682
1,SMIM12,47368648,0.8960871995528228
1,SUPT6H,47360722,0.8960313024035774
1,BASP1,47354512,0.8959754052543321
1,RPL12,47352817,0.8959195081050867
1,RCOR1,47352746,0.8958636109558412
1,STOML2,47352235,0.8958077138065959
1,PDE4DIP,47342023,0.8957518166573505
1,TENT4A,47340408,0.8956959195081051
1,C10orf25,47338330,0.8956400223588596
1,ERCC3,47336597,0.8955841252096143
1,OGDH,47336186,0.8955282280603689
1,LMAN2,47334057,0.8954723309111235
1,PHKA1,47333241,0.8954164337618782
1,GSK3B,47330464,0.8953605366126327
1,FTO,47328182,0.8953046394633873
1,STRADA,47322810,0.895248742314142
1,GABRA5,47321976,0.8951928451648966
1,NUDT16L1,47318247,0.8951369480156512
1,CTDP1,47317294,0.8950810508664058
1,AC011453.2,47314578,0.8950251537171604
1,MTRNR2L1,47311714,0.894969256567915
1,POLR2E,47308946,0.8949133594186697
1,PRKRA,47308809,0.8948574622694243
1,COX5B,47306051,0.8948015651201788
1,POLR3H,47304261,0.8947456679709335
1,ST14,47301568,0.8946897708216881
1,CSNK2A2,47299922,0.8946338736724427
1,M6PR,47297712,0.8945779765231974
1,PLS1,47297055,0.8945220793739519
1,DHFR,47295369,0.8944661822247065
1,SUCLG2P2,47292276,0.8944102850754612
1,SH3RF2,47288484,0.8943543879262158
1,PPIC,47286196,0.8942984907769703
1,JADE1,47281180,0.894242593627725
1,MAPKAPK2,47271131,0.8941866964784796
1,LDB1,47270261,0.8941307993292342
1,LRP1B,47264614,0.8940749021799889
1,DNAJB11,47261885,0.8940190050307434
1,CORO1B,47255844,0.893963107881498
1,NUS1,47254064,0.8939072107322527
1,PPT1,47245173,0.8938513135830073
1,AC117382.2,47240982,0.8937954164337619
1,DCAF11,47240164,0.8937395192845164
1,WDR82P2,47233092,0.8936836221352711
1,CSTF1,47223413,0.8936277249860257
1,SNHG6,47222665,0.8935718278367804
1,ZNF780B,47219290,0.893515930687535
1,BCAR1,47219028,0.8934600335382895
1,RPL13AP25,47211328,0.8934041363890441
1,ALG1,47203843,0.8933482392397988
1,TASOR2,47193691,0.8932923420905534
1,NFE2L1,47193516,0.8932364449413079
1,MFN1,47192244,0.8931805477920626
1,TMCO3,47191889,0.8931246506428172
1,ACSL4,47189225,0.8930687534935718
1,MESP1,47187660,0.8930128563443265
1,C13orf42,47185778,0.892956959195081
1,ESRRB,47184251,0.8929010620458356
1,RPL22L1,47179014,0.8928451648965903
1,AL122018.1,47173889,0.8927892677473449
1,TEX264,47168871,0.8927333705980995
1,AL365295.1,47154805,0.8926774734488541
1,PGF,47148370,0.8926215762996087
1,LSM4,47148294,0.8925656791503633
1,PSMD12P,47146698,0.892509782001118
1,ZC3H14,47143442,0.8924538848518726
1,SNHG16,47143434,0.8923979877026271
1,PLCG1,47137501,0.8923420905533818
1,CTTNBP2NL,47132959,0.8922861934041364
1,DNAJC28,47131364,0.892230296254891
1,CARM1,47129889,0.8921743991056457
1,NSUN3,47119787,0.8921185019564002
1,UNG,47118259,0.8920626048071548
1,SPTLC1,47110646,0.8920067076579095
1,AP001505.1,47108353,0.8919508105086641
1,SUCLA2P1,47105666,0.8918949133594186
1,SLC25A35,47102238,0.8918390162101733
1,LIG3,47087700,0.8917831190609279
1,UMPS,47087461,0.8917272219116825
1,DLGAP4,47085214,0.8916713247624372
1,TMEM127,47077043,0.8916154276131917
1,PIAS1,47074398,0.8915595304639463
1,AC123912.4,47067983,0.891503633314701
1,PRKAR1A,47067190,0.8914477361654556
1,SCAND1,47058288,0.8913918390162102
1,DOCK6,47057959,0.8913359418669647
1,PUM2,47055232,0.8912800447177194
1,KDM1A,47046678,0.891224147568474
1,MRI1,47032478,0.8911682504192286
1,ANAPC13,47029517,0.8911123532699833
1,CYP2S1,47029273,0.8910564561207378
1,GAA,47024084,0.8910005589714924
1,MFSD14A,47024024,0.8909446618222471
1,NUDC,47021779,0.8908887646730017
1,SSX4B,47018851,0.8908328675237562
1,CWC15,47014563,0.8907769703745109
1,AC005336.2,47009717,0.8907210732252655
1,AC092724.1,47007459,0.8906651760760201
1,MAML1,46994906,0.8906092789267748
1,CALM2,46994097,0.8905533817775293
1,VTI1B,46989190,0.8904974846282839
1,TMEM45B,46987707,0.8904415874790386
1,IFT57,46984659,0.8903856903297932
1,INPP5B,46984392,0.8903297931805478
1,TRIM61,46978405,0.8902738960313024
1,METTL17,46978201,0.890217998882057
1,RPL36,46970521,0.8901621017328116
1,PGRMC2,46969586,0.8901062045835663
1,AKAP17A,46965148,0.8900503074343209
1,ARFGEF1,46962530,0.8899944102850754
1,RNF4,46960147,0.8899385131358301
1,ALDOA,46958040,0.8898826159865847
1,TXLNGY,46957288,0.8898267188373393
1,TUBB,46954964,0.889770821688094
1,QTRT1,46951432,0.8897149245388485
1,THUMPD3,46949492,0.8896590273896031
1,AC006504.5,46948073,0.8896031302403578
1,STXBP1,46946512,0.8895472330911124
1,CHAF1A,46946452,0.8894913359418669
1,SERTAD3,46932837,0.8894354387926215
1,PSMA3,46927591,0.8893795416433762
1,HSP90AA1,46927179,0.8893236444941308
1,RETREG2,46921223,0.8892677473448855
1,AC007405.3,46915377,0.88921185019564
1,CSNK1G2,46914878,0.8891559530463946
1,AC005696.1,46909353,0.8891000558971492
1,TMEM14A,46907916,0.8890441587479039
1,MEX3C,46907355,0.8889882615986585
1,TINCR,46906503,0.888932364449413
1,MTMR14,46906307,0.8888764673001677
1,PRELID2,46904976,0.8888205701509223
1,EPSTI1,46901224,0.8887646730016769
1,NUPL2,46897450,0.8887087758524316
1,UBE2H,46896785,0.8886528787031861
1,PPIAP22,46887834,0.8885969815539407
1,PSKH1,46885994,0.8885410844046954
1,GOLGA7,46877036,0.88848518725545
1,DNAJC19,46875118,0.8884292901062046
1,PPID,46873731,0.8883733929569592
1,XPR1,46869107,0.8883174958077138
1,NUP37,46866165,0.8882615986584684
1,PROM1,46865477,0.8882057015092231
1,CAND1,46860239,0.8881498043599776
1,FBLN1,46856474,0.8880939072107322
1,ACTR8,46847793,0.8880380100614869
1,CYCSP6,46844685,0.8879821129122415
1,AL353194.1,46829861,0.8879262157629961
1,INTS14,46828992,0.8878703186137507
1,EXOC3L1,46828068,0.8878144214645053
1,WDR3,46825812,0.8877585243152599
1,SEPT2P1,46824966,0.8877026271660146
1,NIPSNAP2,46816621,0.8876467300167692
1,FUZ,46815777,0.8875908328675237
1,CIC,46810037,0.8875349357182784
1,ITGB1,46806777,0.887479038569033
1,OGFOD2,46806297,0.8874231414197876
1,PAFAH1B1,46805322,0.8873672442705423
1,USF2,46805310,0.8873113471212968
1,SUCLG1,46798565,0.8872554499720514
1,SEH1L,46797363,0.887199552822806
1,DAZAP2,46795560,0.8871436556735607
1,CENPT,46792801,0.8870877585243152
1,ZNF738,46787543,0.8870318613750698
1,SMC1A,46769780,0.8869759642258245
1,ATP23,46769754,0.8869200670765791
1,TPP1,46761811,0.8868641699273337
1,BRMS1,46756864,0.8868082727780883
1,FARSA,46754644,0.8867523756288429
1,B3GNT10,46750642,0.8866964784795975
1,AC006538.1,46750106,0.8866405813303522
1,UQCR11,46748757,0.8865846841811068
1,NIPSNAP3A,46746960,0.8865287870318613
1,CDX2,46742902,0.886472889882616
1,MRPL32,46742433,0.8864169927333706
1,AP001324.1,46738988,0.8863610955841252
1,CHORDC1,46738218,0.8863051984348799
1,NCSTN,46736263,0.8862493012856344
1,PPTC7,46735827,0.886193404136389
1,SUN3,46729046,0.8861375069871437
1,DALRD3,46728911,0.8860816098378983
1,ALDH7A1,46723449,0.8860257126886529
1,RUVBL1,46720619,0.8859698155394075
1,SERAC1,46718698,0.8859139183901621
1,DHX15,46705355,0.8858580212409167
1,CDC25C,46702995,0.8858021240916714
1,CLDN10,46701755,0.8857462269424259
1,CTR9,46692419,0.8856903297931805
1,TRIM27,46690185,0.8856344326439352
1,HINT1,46686250,0.8855785354946898
1,MRPL17,46685070,0.8855226383454444
1,LINC00909,46682410,0.885466741196199
1,ATXN7L3B,46677967,0.8854108440469536
1,AC016065.1,46675802,0.8853549468977082
1,TKT,46674726,0.8852990497484629
1,NDUFC1,46672075,0.8852431525992175
1,LAMA1,46670895,0.885187255449972
1,TTI1,46668725,0.8851313583007266
1,GFM2,46662262,0.8850754611514813
1,TP53TG1,46659268,0.8850195640022359
1,EAF1,46659222,0.8849636668529905
1,ZGPAT,46652513,0.8849077697037451
1,GOLGA8A,46652181,0.8848518725544997
1,SNX6,46646840,0.8847959754052543
1,ZFP57,46645330,0.884740078256009
1,GCN1,46644506,0.8846841811067635
1,SLC25A17,46640724,0.8846282839575181
1,RBM39,46638784,0.8845723868082728
1,FAM98A,46634732,0.8845164896590274
1,DNASE1,46632339,0.884460592509782
1,SLC6A19,46618744,0.8844046953605366
1,CDK13,46617781,0.8843487982112912
1,SDHAF4,46615422,0.8842929010620458
1,GATA6-AS1,46613936,0.8842370039128005
1,DUSP6,46613670,0.8841811067635551
1,PAGE2B,46596727,0.8841252096143096
1,TDP1,46591586,0.8840693124650643
1,VTA1,46590364,0.8840134153158189
1,ABHD11,46587190,0.8839575181665735
1,GAK,46585629,0.8839016210173282
1,MOCOS,46582996,0.8838457238680827
1,CALU,46582393,0.8837898267188373
1,BOK-AS1,46579553,0.883733929569592
1,SRBD1,46571371,0.8836780324203466
1,TMEM25,46571262,0.8836221352711012
1,GPX1,46556320,0.8835662381218558
1,TBXA2R,46553952,0.8835103409726104
1,KDELR2,46549899,0.883454443823365
1,TP53RK,46540677,0.8833985466741197
1,KCTD2,46539964,0.8833426495248742
1,RPL23AP7,46522083,0.8832867523756288
1,AL357055.2,46519353,0.8832308552263834
1,TKFC,46516524,0.8831749580771381
1,MAP2K6,46505024,0.8831190609278927
1,SPINDOC,46496972,0.8830631637786472
1,TNKS1BP1,46495501,0.8830072666294019
1,TRMO,46491828,0.8829513694801565
1,GALNT10,46491791,0.8828954723309111
1,AC091799.1,46490427,0.8828395751816658
1,PRAP1,46490260,0.8827836780324203
1,KMT2C,46490099,0.8827277808831749
1,SRP9,46480117,0.8826718837339296
1,NECTIN4,46471669,0.8826159865846842
1,SNX10,46469357,0.8825600894354388
1,MT-ATP8,46469205,0.8825041922861934
1,DNASE1L1,46462702,0.882448295136948
1,CMIP,46456297,0.8823923979877026
1,PMS2P1,46453854,0.8823365008384573
1,GPD1L,46426953,0.8822806036892118
1,ZNF18,46423714,0.8822247065399664
1,FAM234B,46422267,0.8821688093907211
1,ZNF514,46421948,0.8821129122414757
1,EDEM2,46416618,0.8820570150922303
1,CYFIP1,46413659,0.8820011179429849
1,ZNF445,46413013,0.8819452207937395
1,VPS16,46406886,0.8818893236444941
1,MCCC1,46405187,0.8818334264952488
1,TPM4,46400171,0.8817775293460034
1,SP1,46399458,0.8817216321967579
1,PARP2,46395830,0.8816657350475126
1,TMSB10,46383347,0.8816098378982672
1,PTDSS1,46377021,0.8815539407490218
1,MTRR,46371803,0.8814980435997765
1,PARVB,46368624,0.881442146450531
1,PCCB,46367030,0.8813862493012856
1,BRCC3,46352897,0.8813303521520403
1,HMOX1,46350035,0.8812744550027949
1,TRIM16,46346956,0.8812185578535495
1,C19orf73,46332681,0.881162660704304
1,BCOR,46325663,0.8811067635550587
1,LINC02434,46324303,0.8810508664058133
1,RMDN3,46322603,0.880994969256568
1,EXOG,46311177,0.8809390721073225
1,SUMF1,46309605,0.8808831749580771
1,PUDP,46296035,0.8808272778088317
1,FADS3,46295829,0.8807713806595864
1,MKNK1,46294211,0.880715483510341
1,SELENOTP1,46293719,0.8806595863610955
1,RPE,46292936,0.8806036892118502
1,HIPK1,46286652,0.8805477920626048
1,KLHDC8B,46276193,0.8804918949133594
1,CTBP2,46270021,0.8804359977641141
1,SMNDC1,46267623,0.8803801006148686
1,TACSTD2,46266705,0.8803242034656232
1,MTCO2P22,46265812,0.8802683063163779
1,GAPDHP67,46263352,0.8802124091671325
1,C1GALT1C1,46263345,0.8801565120178871
1,MTRNR2L10,46261673,0.8801006148686417
1,AXIN1,46261148,0.8800447177193963
1,PLCD3,46256703,0.8799888205701509
1,PSAP,46256516,0.8799329234209056
1,INO80,46252612,0.8798770262716601
1,GLRX5,46246533,0.8798211291224147
1,ZNF687-AS1,46236223,0.8797652319731694
1,S100A6,46235054,0.879709334823924
1,DSP,46231108,0.8796534376746786
1,MRNIP,46230541,0.8795975405254332
1,RRAGA,46221456,0.8795416433761878
1,RUVBL2,46214677,0.8794857462269424
1,CTCF,46209076,0.8794298490776971
1,RPL19,46208444,0.8793739519284517
1,BROX,46206125,0.8793180547792062
1,AP003084.1,46205111,0.8792621576299608
1,CALB1,46204074,0.8792062604807155
1,GTF2H2,46203051,0.8791503633314701
1,BCL6,46201140,0.8790944661822248
1,EEF1G,46199870,0.8790385690329793
1,MIR4453HG,46195932,0.8789826718837339
1,SMYD2,46190842,0.8789267747344885
1,CDS2,46190780,0.8788708775852432
1,VPS35L,46186155,0.8788149804359978
1,PKN2,46185156,0.8787590832867523
1,PDPK1,46184221,0.878703186137507
1,HAT1,46182833,0.8786472889882616
1,HLCS,46179934,0.8785913918390162
1,SLC7A5P1,46178704,0.8785354946897708
1,FBXO34,46178124,0.8784795975405254
1,ZFPL1,46174099,0.87842370039128
1,USP9Y,46168039,0.8783678032420347
1,SLC2A9,46155518,0.8783119060927893
1,SH3BGRL2,46154611,0.8782560089435438
1,CNIH4,46148019,0.8782001117942985
1,AGAP3,46145185,0.8781442146450531
1,MINCR,46137555,0.8780883174958077
1,MYBBP1A,46130627,0.8780324203465624
1,TMED3,46123052,0.8779765231973169
1,DHX37,46121355,0.8779206260480715
1,MAGOH,46120196,0.8778647288988262
1,ZNF554,46112349,0.8778088317495808
1,ABR,46109108,0.8777529346003354
1,C4orf46,46100925,0.87769703745109
1,GAS6-DT,46100247,0.8776411403018446
1,SIRT5,46096885,0.8775852431525992
1,ZNF224,46094745,0.8775293460033539
1,AC046176.1,46086176,0.8774734488541085
1,ICE1,46084600,0.877417551704863
1,RAC3,46081650,0.8773616545556177
1,ATP6V1A,46079134,0.8773057574063723
1,LRP2,46073536,0.8772498602571269
1,GAPDHP65,46071266,0.8771939631078814
1,ZNF607,46070668,0.8771380659586361
1,AL158801.5,46065661,0.8770821688093907
1,HEXIM2,46061237,0.8770262716601454
1,PSMA1,46054192,0.8769703745109
1,MRPS22,46054168,0.8769144773616545
1,FNBP1,46050874,0.8768585802124091
1,NEMP2,46050798,0.8768026830631638
1,NUP50,46049273,0.8767467859139184
1,PTOV1,46045698,0.876690888764673
1,LHPP,46045007,0.8766349916154276
1,HNRNPR,46044778,0.8765790944661822
1,AC096861.2,46043837,0.8765231973169368
1,FPGS,46037696,0.8764673001676915
1,PPP2CB,46031380,0.8764114030184461
1,BOLA2-SMG1P6,46027164,0.8763555058692006
1,CCT3,46009178,0.8762996087199553
1,KPNA1,46005322,0.8762437115707099
1,PLEKHO2,46003485,0.8761878144214645
1,AP002387.2,46002579,0.8761319172722191
1,CEP63,45996766,0.8760760201229737
1,GLO1,45993759,0.8760201229737283
1,ELOBP2,45992925,0.875964225824483
1,C2CD5,45990855,0.8759083286752376
1,EEF1A1P5,45990824,0.8758524315259921
1,TRIM11,45987491,0.8757965343767468
1,COMTD1,45982541,0.8757406372275014
1,AL033519.3,45979748,0.875684740078256
1,FDPSP5,45979093,0.8756288429290107
1,TMEM80,45978257,0.8755729457797652
1,TET3,45972535,0.8755170486305198
1,WDR46,45972442,0.8754611514812745
1,RAD54L2,45966149,0.8754052543320291
1,NDUFAF6,45960376,0.8753493571827837
1,GPR108,45958700,0.8752934600335383
1,ABCF1,45957984,0.8752375628842929
1,WNT6,45953585,0.8751816657350475
1,CUTC,45949550,0.8751257685858022
1,ENO3,45947281,0.8750698714365568
1,TRAM1,45945197,0.8750139742873113
1,LRATD2,45936679,0.874958077138066
1,TTC28,45936039,0.8749021799888206
1,ACACA,45934803,0.8748462828395752
1,FUBP3,45929029,0.8747903856903297
1,S100A10,45928960,0.8747344885410844
1,PCBD1,45926784,0.874678591391839
1,RPL10P9,45910827,0.8746226942425936
1,NGRN,45905816,0.8745667970933483
1,SERGEF,45905348,0.8745108999441028
1,ATXN7L3,45901911,0.8744550027948574
1,EIF3I,45897599,0.8743991056456121
1,MINDY2,45897504,0.8743432084963667
1,AC133530.1,45892433,0.8742873113471213
1,SOX4,45884293,0.8742314141978759
1,JARID2,45884288,0.8741755170486305
1,DNAJC21,45869930,0.8741196198993851
1,MFHAS1,45868541,0.8740637227501398
1,ZG16,45867164,0.8740078256008944
1,AC025259.2,45864438,0.8739519284516489
1,SMIM13,45864214,0.8738960313024036
1,RPL24,45857849,0.8738401341531582
1,TMEM9B-AS1,45853860,0.8737842370039128
1,FEZ2,45850640,0.8737283398546674
1,ABCF2-1,45845631,0.873672442705422
1,PEBP1P2,45844871,0.8736165455561766
1,TOB2,45840553,0.8735606484069313
1,SSRP1,45836294,0.8735047512576859
1,C4B,45832216,0.8734488541084404
1,IARS,45830757,0.873392956959195
1,TCF20,45823410,0.8733370598099497
1,RBM7,45820466,0.8732811626607043
1,PROSER1,45817917,0.873225265511459
1,AL049794.1,45816562,0.8731693683622135
1,VSIG10,45811340,0.8731134712129681
1,RIBC2,45810591,0.8730575740637228
1,PIGT,45807805,0.8730016769144774
1,AC093849.2,45804421,0.872945779765232
1,ATP6V1B1,45803819,0.8728898826159865
1,RPS3,45801112,0.8728339854667412
1,DMAC1,45799103,0.8727780883174958
1,PPIL4,45796196,0.8727221911682504
1,ERP44,45793201,0.8726662940190051
1,VCX,45790712,0.8726103968697596
1,SMARCAL1,45785453,0.8725544997205142
1,TSPAN15,45777944,0.8724986025712689
1,AC234775.2,45777438,0.8724427054220235
1,SAMHD1,45774713,0.872386808272778
1,RWDD2A,45773712,0.8723309111235327
1,FGD3,45772595,0.8722750139742873
1,C14orf119,45772346,0.8722191168250419
1,CCNQ,45769163,0.8721632196757966
1,CCIN,45768749,0.8721073225265511
1,ADAMTS1,45766520,0.8720514253773057
1,PSMB6,45766244,0.8719955282280604
1,LINC02541,45764334,0.871939631078815
1,SNHG32,45761101,0.8718837339295696
1,AC097359.2,45758978,0.8718278367803242
1,KCTD3,45756124,0.8717719396310788
1,AL137803.1,45752854,0.8717160424818334
1,ZNF292,45747687,0.8716601453325881
1,C9orf147,45743574,0.8716042481833427
1,ZNF485,45741367,0.8715483510340972
1,SRPK1,45738819,0.8714924538848519
1,MRM1,45736499,0.8714365567356065
1,PRCC,45736044,0.8713806595863611
1,CLDN7,45731486,0.8713247624371157
1,CAB39,45729409,0.8712688652878703
1,B4GALT3,45721058,0.8712129681386249
1,JUND,45717066,0.8711570709893796
1,MOB4,45711422,0.8711011738401342
1,GAPDHP72,45708447,0.8710452766908887
1,DYNLL1,45707487,0.8709893795416433
1,RARS,45707443,0.870933482392398
1,GAGE1,45707194,0.8708775852431526
1,NLRP2B,45706160,0.8708216880939073
1,GEMIN4,45698313,0.8707657909446618
1,PIP4P1,45697555,0.8707098937954164
1,UBE3C,45695922,0.870653996646171
1,SLC16A5,45692207,0.8705980994969257
1,ATP6V1D,45691575,0.8705422023476803
1,BAG4,45683536,0.8704863051984348
1,AL162171.1,45676362,0.8704304080491895
1,FGFR4,45674378,0.8703745108999441
1,LRPAP1,45666000,0.8703186137506987
1,INPP5D,45662670,0.8702627166014534
1,GPAA1,45661783,0.8702068194522079
1,AL669983.1,45658511,0.8701509223029625
1,GANC,45657039,0.8700950251537172
1,TRIM13,45656392,0.8700391280044718
1,RNF183,45656260,0.8699832308552263
1,TGFBR3,45652694,0.869927333705981
1,PREB,45649898,0.8698714365567356
1,CCDC169,45640143,0.8698155394074902
1,RAB25,45633922,0.8697596422582449
1,ZNF133,45631557,0.8697037451089994
1,ARRDC4,45628277,0.869647847959754
1,ARL6,45627137,0.8695919508105087
1,C15orf39,45626659,0.8695360536612633
1,MRPL20,45620022,0.8694801565120179
1,TMEM120A,45619956,0.8694242593627725
1,NEFH,45616619,0.8693683622135271
1,MRPL3,45611760,0.8693124650642817
1,FAM193B,45607453,0.8692565679150364
1,UBQLN4,45607390,0.869200670765791
1,NOL7,45604968,0.8691447736165455
1,AKR1A1,45602710,0.8690888764673002
1,FIGN,45596024,0.8690329793180548
1,KMT2D,45595683,0.8689770821688094
1,PSD4,45593332,0.8689211850195641
1,SMC2,45592953,0.8688652878703186
1,ZFAND3,45584361,0.8688093907210732
1,HS1BP3,45583754,0.8687534935718279
1,KLF6,45581983,0.8686975964225825
1,RPL37A,45578579,0.868641699273337
1,PRPF38B,45577976,0.8685858021240916
1,TOR3A,45570324,0.8685299049748463
1,COG8,45565378,0.8684740078256009
1,RBM10,45563357,0.8684181106763555
1,FAM199X,45562076,0.8683622135271101
1,AL441992.1,45561725,0.8683063163778647
1,RFX5,45560022,0.8682504192286193
1,GNB1L,45558113,0.868194522079374
1,VPS72,45553045,0.8681386249301286
1,ST20-AS1,45547460,0.8680827277808831
1,DPP3P1,45543898,0.8680268306316378
1,COMMD9,45543671,0.8679709334823924
1,AC055713.1,45539854,0.867915036333147
1,ZNF121,45535196,0.8678591391839017
1,POLR3A,45534208,0.8678032420346562
1,SIGIRR,45532602,0.8677473448854108
1,CYB5D2,45530386,0.8676914477361655
1,TFDP2,45530330,0.8676355505869201
1,SETSIP,45530305,0.8675796534376746
1,KRT18P19,45530035,0.8675237562884293
1,ZNF610,45529183,0.8674678591391839
1,VPS35,45528556,0.8674119619899385
1,ZC3H18,45525258,0.8673560648406932
1,GMNN,45522584,0.8673001676914477
1,TPCN2,45521012,0.8672442705422023
1,RHOB,45520338,0.867188373392957
1,PLEKHA6,45513062,0.8671324762437116
1,KIT,45510663,0.8670765790944662
1,CHTF8,45508131,0.8670206819452208
1,FEM1B,45507329,0.8669647847959754
1,SCDP1,45504632,0.86690888764673
1,AL121832.2,45503902,0.8668529904974847
1,CALCOCO1,45503587,0.8667970933482393
1,RPS4X,45499601,0.8667411961989938
1,GOT1,45497757,0.8666852990497484
1,KRT18P24,45496503,0.8666294019005031
1,RPL7L1,45488389,0.8665735047512577
1,VRK2,45475995,0.8665176076020124
1,ZCRB1,45473753,0.8664617104527669
1,GALNT7,45471203,0.8664058133035215
1,CCDC32,45466879,0.8663499161542761
1,AC005531.1,45466081,0.8662940190050308
1,NMT1,45463581,0.8662381218557853
1,OFD1,45462541,0.8661822247065399
1,TCF7L1,45461358,0.8661263275572946
1,MAGEB1,45457660,0.8660704304080492
1,SLC16A10,45449480,0.8660145332588038
1,RIN2,45448464,0.8659586361095584
1,SAR1B,45439388,0.865902738960313
1,UBE2V2,45433747,0.8658468418110676
1,HMGB2,45432542,0.8657909446618223
1,RPL11,45421838,0.8657350475125769
1,ERI2,45410931,0.8656791503633314
1,PSMC6,45409602,0.8656232532140861
1,MTDH,45407300,0.8655673560648407
1,TRIM71,45402212,0.8655114589155953
1,DENND5B-AS1,45401674,0.86545556176635
1,CIB1,45400478,0.8653996646171045
1,SIRT4,45400082,0.8653437674678591
1,ESRP1,45393408,0.8652878703186138
1,GPCPD1,45393127,0.8652319731693684
1,RPS27AP11,45378192,0.8651760760201229
1,COX7A2P2,45372488,0.8651201788708776
1,CMTR1,45370127,0.8650642817216322
1,TCEAL9,45369798,0.8650083845723868
1,NRN1,45365206,0.8649524874231415
1,LUC7L2,45361695,0.864896590273896
1,NCR1,45354390,0.8648406931246506
1,PHF14,45344206,0.8647847959754053
1,NUTM1,45337453,0.8647288988261599
1,ATP5MG,45325495,0.8646730016769145
1,SAP30L,45318557,0.864617104527669
1,FAM89B,45312187,0.8645612073784237
1,TNK2,45310523,0.8645053102291783
1,GAMT,45301613,0.864449413079933
1,WNT16,45298419,0.8643935159306876
1,DEGS1,45296746,0.8643376187814421
1,ATP6V0A4,45295953,0.8642817216321967
1,MDN1,45290927,0.8642258244829514
1,GCH1,45278681,0.864169927333706
1,C17orf98,45277541,0.8641140301844606
1,PBRM1,45269926,0.8640581330352152
1,RAB3IP,45259518,0.8640022358859698
1,NAPEPLD,45255360,0.8639463387367244
1,ID1,45250583,0.8638904415874791
1,DDI2,45245283,0.8638345444382336
1,LPIN3,45244849,0.8637786472889882
1,MAST2,45236216,0.8637227501397429
1,EFEMP1,45236161,0.8636668529904975
1,TPM3P4,45234965,0.8636109558412521
1,STK40,45232977,0.8635550586920067
1,DCAF12,45230065,0.8634991615427613
1,TMLHE,45229882,0.8634432643935159
1,MCRS1,45224972,0.8633873672442706
1,SUMF2,45221427,0.8633314700950252
1,DCP1B,45220726,0.8632755729457797
1,KRT8P10,45216184,0.8632196757965344
1,PHETA2,45212259,0.863163778647289
1,DUS2,45208943,0.8631078814980436
1,MTFR1L,45205858,0.8630519843487983
1,AC062029.1,45205262,0.8629960871995528
1,FABP5,45203564,0.8629401900503074
1,HAPLN1,45200283,0.86288429290106206
1,PLXNA2,45196230,0.8628283957518167
1,GOLGA5,45195205,0.8627724986025712
1,AC010336.8,45190901,0.8627166014533258
1,LRRC59,45189530,0.8626607043040805
1,CYB5A,45186039,0.8626048071548351
1,COPRS,45181240,0.8625489100055898
1,HECTD1,45180223,0.8624930128563443
1,AC010624.5,45179913,0.8624371157070989
1,RGS19,45179846,0.8623812185578535
1,SNAPC3,45172790,0.8623253214086082
1,STK25,45171030,0.8622694242593628
1,SLC27A2,45165081,0.8622135271101173
1,SLC3A2,45161037,0.862157629960872
1,CTTN,45157840,0.8621017328116266
1,TBX20,45149972,0.8620458356623812
1,ENSA,45149880,0.8619899385131359
1,TUBGCP4,45146106,0.8619340413638904
1,NOL8,45135347,0.861878144214645
1,POLR3GP2,45132355,0.8618222470653997
1,AL137800.1,45117692,0.8617663499161543
1,AC136604.3,45111067,0.8617104527669089
1,SCOC,45108916,0.8616545556176635
1,ICMT,45106734,0.8615986584684181
1,NTN4,45104824,0.8615427613191727
1,POP5,45102060,0.8614868641699274
1,FP671120.5,45101817,0.8614309670206819
1,TRAPPC1,45094900,0.8613750698714365
1,EIF4E,45093317,0.8613191727221912
1,DDX46,45089718,0.8612632755729458
1,ZNF611,45085883,0.8612073784237004
1,TSNARE1,45084563,0.861151481274455
1,RSU1P1,45084544,0.8610955841252096
1,DLEU1,45082088,0.8610396869759642
1,DBR1,45076043,0.8609837898267189
1,DNAJC9,45074521,0.8609278926774735
1,UQCC3,45068488,0.860871995528228
1,MRPL4,45064992,0.8608160983789827
1,ATXN10,45064453,0.8607602012297373
1,TRIM41,45063791,0.8607043040804919
1,LAMTOR1,45063646,0.8606484069312466
1,SELENOT,45062449,0.8605925097820011
1,TCP1,45059386,0.8605366126327557
1,ST3GAL1,45058638,0.86048071548351035
1,AC015813.5,45051401,0.860424818334265
1,DDX3Y,45051174,0.8603689211850196
1,MAP4K4,45051035,0.8603130240357741
1,MICOS13,45049292,0.8602571268865288
1,ZNF701,45047935,0.8602012297372834
1,KIAA0232,45046393,0.860145332588038
1,CTH,45045588,0.8600894354387926
1,UTRN,45044122,0.8600335382895472
1,PSMD2,45043395,0.8599776411403018
1,RER1,45040360,0.8599217439910565
1,GTPBP1,45025496,0.8598658468418111
1,MAP2K7,45020714,0.8598099496925656
1,MAX,45019587,0.8597540525433203
1,TINAGL1,45013059,0.8596981553940749
1,HLA-E,45010160,0.8596422582448295
1,CYCS,44996166,0.8595863610955842
1,INPP5E,44995884,0.8595304639463387
1,PDZK1,44992908,0.8594745667970933
1,SPAG9,44990586,0.859418669647848
1,S100A14,44984169,0.8593627724986026
1,TSSC4,44983808,0.8593068753493572
1,TMEM170A,44982208,0.8592509782001118
1,PSMG4,44981830,0.8591950810508664
1,NFATC2,44974503,0.859139183901621
1,SETD1B,44969632,0.8590832867523757
1,VAMP8,44969249,0.8590273896031302
1,CD320,44967276,0.8589714924538848
1,COA4,44962293,0.8589155953046395
1,OXLD1,44960459,0.8588596981553941
1,ZNF468,44959910,0.8588038010061487
1,TWF1P1,44959668,0.8587479038569032
1,B4GALNT3,44959254,0.8586920067076579
1,KRT8P32,44955015,0.8586361095584125
1,AC025569.1,44946097,0.8585802124091672
1,EXOSC10,44945456,0.8585243152599218
1,C1orf146,44943478,0.8584684181106763
1,POLD2,44942927,0.858412520961431
1,LDHAP3,44936309,0.8583566238121856
1,MRPS34,44935665,0.8583007266629402
1,PEF1,44933766,0.8582448295136949
1,AC006213.3,44932870,0.8581889323644494
1,METTL15,44932507,0.858133035215204
1,APOC3,44924429,0.8580771380659586
1,RPL23P2,44923231,0.8580212409167133
1,PAM16,44918394,0.8579653437674679
1,AL356292.1,44918229,0.8579094466182224
1,ESYT2,44908416,0.8578535494689771
1,AL590762.3,44906420,0.8577976523197317
1,TMX1,44905761,0.8577417551704863
1,TLN1,44894518,0.8576858580212409
1,RAB11FIP3,44888610,0.8576299608719955
1,RETSAT,44886419,0.8575740637227501
1,ZNF41,44874326,0.8575181665735048
1,NAP1L1P3,44871999,0.8574622694242594
1,CDKN2AIPNLP1,44862133,0.8574063722750139
1,ZNF875,44856110,0.8573504751257686
1,DDIT4,44853210,0.8572945779765232
1,MEPCE,44852950,0.8572386808272778
1,MAP2K4,44843405,0.8571827836780325
1,ZFP82,44840440,0.857126886528787
1,MCUR1,44832737,0.8570709893795416
1,TMC7,44831250,0.8570150922302963
1,WDR59,44826174,0.8569591950810509
1,PDXDC1,44822069,0.8569032979318055
1,RPL30,44821930,0.85684740078256
1,RPL39L,44816652,0.8567915036333147
1,PAGE2,44816469,0.8567356064840693
1,PDIA4,44804398,0.856679709334824
1,H3F3B,44799430,0.8566238121855785
1,ZNF99,44798033,0.8565679150363331
1,LYPLA2P1,44797399,0.8565120178870878
1,CCKBR,44797142,0.8564561207378424
1,ENTPD8,44796022,0.856400223588597
1,RPL37,44789330,0.8563443264393515
1,GID8,44788187,0.8562884292901062
1,NOMO1,44788043,0.8562325321408608
1,EFR3B,44784925,0.8561766349916154
1,FOXR1,44781621,0.8561207378423701
1,GAPDHP1,44778745,0.8560648406931246
1,HMOX2,44778311,0.8560089435438792
1,DHX33,44777626,0.8559530463946339
1,CSTF2,44775841,0.8558971492453885
1,AC132192.2,44775318,0.8558412520961431
1,SPTLC3,44774985,0.8557853549468977
1,AC005229.1,44768120,0.8557294577976523
1,AP2S1,44767912,0.8556735606484069
1,FKBPL,44766962,0.8556176634991616
1,FHL2,44760636,0.8555617663499162
1,C2orf68,44759100,0.8555058692006707
1,NCDN,44755664,0.8554499720514254
1,MED13L,44749350,0.85539407490218
1,C2orf74,44749128,0.8553381777529346
1,PHF5A,44747734,0.8552822806036892
1,FAM96AP2,44747608,0.8552263834544438
1,PPP2R1A,44746933,0.8551704863051984
1,ZNF331,44745804,0.8551145891559531
1,FAM162A,44740791,0.8550586920067077
1,TMCO6,44740421,0.8550027948574622
1,ARHGEF39,44733556,0.8549468977082169
1,MED28,44731591,0.8548910005589715
1,AL121821.1,44729901,0.8548351034097261
1,DYNC1LI2,44726552,0.8547792062604808
1,WIPI2,44721181,0.8547233091112353
1,SIAE,44720238,0.8546674119619899
1,SLC44A5,44715393,0.8546115148127446
1,DDX41,44712067,0.8545556176634992
1,ISCA2,44705587,0.8544997205142538
1,SNX29,44705478,0.8544438233650083
1,TPR,44704053,0.854387926215763
1,SAMD12,44701869,0.8543320290665176
1,CRYZL1,44698416,0.8542761319172723
1,MRPS18BP2,44696707,0.8542202347680268
1,SKP1,44696308,0.8541643376187814
1,SYBU,44692581,0.854108440469536
1,EPHB4,44689489,0.8540525433202907
1,HBS1L,44686973,0.8539966461710453
1,CENPF,44685068,0.8539407490217998
1,COX11,44682198,0.8538848518725545
1,ZDHHC4,44680345,0.8538289547233091
1,STX12,44674235,0.8537730575740637
1,NDC1,44673195,0.8537171604248184
1,ARF3,44672521,0.8536612632755729
1,CD59,44670551,0.8536053661263275
1,GCM1,44666971,0.8535494689770822
1,ZC2HC1C,44662929,0.8534935718278368
1,AC073136.2,44659067,0.8534376746785914
1,LGMNP1,44653840,0.853381777529346
1,SSX4,44648764,0.8533258803801006
1,PAN3-AS1,44648222,0.8532699832308552
1,CMC1,44647841,0.8532140860816099
1,TFIP11,44643022,0.8531581889323645
1,PRKY,44641328,0.853102291783119
1,ARMC6,44635544,0.8530463946338737
1,CRKL,44628587,0.8529904974846283
1,FASTKD2,44626680,0.8529346003353829
1,CEBPZOS,44621197,0.8528787031861375
1,RIPK4,44620455,0.8528228060368921
1,C6orf62,44613963,0.8527669088876467
1,INTS1,44613524,0.8527110117384014
1,IVD,44600147,0.852655114589156
1,ENPEP,44597316,0.8525992174399105
1,KPNA4,44595502,0.8525433202906652
1,SLC39A10,44593092,0.8524874231414198
1,FADS2,44588608,0.8524315259921744
1,EPCAM,44587699,0.8523756288429291
1,PRAF2,44586551,0.8523197316936836
1,ELK2BP,44585417,0.8522638345444382
1,BAIAP2L1,44584277,0.8522079373951928
1,EP300,44584089,0.8521520402459475
1,PFN1,44579490,0.8520961430967021
1,PYCR1,44573414,0.8520402459474566
1,WDR73,44570719,0.8519843487982113
1,SUMO3,44562870,0.8519284516489659
1,C2orf76,44562770,0.8518725544997205
1,PPA1,44560511,0.8518166573504751
1,TVP23B,44556661,0.8517607602012297
1,HEBP2,44553600,0.8517048630519843
1,PSME1,44549121,0.851648965902739
1,COX14,44544138,0.8515930687534936
1,MTND4P35,44535615,0.8515371716042481
1,ZNF382,44534753,0.8514812744550028
1,HIST1H1D,44530739,0.8514253773057574
1,AP002982.1,44524853,0.851369480156512
1,HNRNPA1P60,44523722,0.8513135830072667
1,GOT2,44521900,0.8512576858580212
1,BCAT2,44515578,0.8512017887087758
1,DDX3X,44514333,0.8511458915595305
1,CD55,44512521,0.8510899944102851
1,DYNLL2,44492758,0.8510340972610397
1,DESI1,44489502,0.8509782001117943
1,PSMC1P1,44488205,0.8509223029625489
1,SCD,44483887,0.8508664058133035
1,STEAP1B,44483440,0.8508105086640582
1,GMPR2,44482497,0.8507546115148128
1,ZSCAN2,44480324,0.8506987143655673
1,KYAT3,44478886,0.850642817216322
1,DNPEP,44476941,0.8505869200670766
1,TOP2B,44474944,0.8505310229178312
1,PXN-AS1,44470346,0.8504751257685857
1,LRWD1,44468423,0.8504192286193404
1,PSMD11,44465092,0.850363331470095
1,AC010148.1,44452089,0.8503074343208497
1,SVOP,44447996,0.8502515371716043
1,HK2P1,44447485,0.8501956400223588
1,MATR3-1,44447351,0.8501397428731134
1,AC006333.2,44442515,0.8500838457238681
1,WNT7A,44439170,0.8500279485746227
1,SSR4,44437085,0.8499720514253774
1,HEBP1,44429998,0.8499161542761319
1,ZC4H2,44428126,0.8498602571268865
1,NAMPTP1,44427536,0.8498043599776411
1,FICD,44426803,0.8497484628283958
1,IL9RP3,44417291,0.8496925656791504
1,UNC45A,44414909,0.8496366685299049
1,PIK3R3,44414426,0.8495807713806596
1,ACTR3C,44411188,0.8495248742314142
1,PRKAR2A,44408885,0.8494689770821688
1,ALDH1B1,44406853,0.8494130799329235
1,XAB2,44404130,0.849357182783678
1,DHX9P1,44397877,0.8493012856344326
1,NUP58,44391761,0.8492453884851873
1,ENTPD1-AS1,44387562,0.8491894913359419
1,HARS2,44387115,0.8491335941866964
1,GTF3C2,44376757,0.8490776970374511
1,SLC50A1,44368691,0.8490217998882057
1,TEK,44363995,0.8489659027389603
1,TEAD3,44359896,0.848910005589715
1,AL450998.1,44357751,0.8488541084404695
1,BX890604.2,44352999,0.8487982112912241
1,FBXW8,44348718,0.8487423141419788
1,SMU1,44347912,0.8486864169927334
1,SCARA3,44345440,0.848630519843488
1,RPL18,44343855,0.8485746226942426
1,DDX56,44341731,0.8485187255449972
1,ALPP,44338883,0.8484628283957518
1,ZNF239,44336519,0.8484069312465065
1,HERC5,44335473,0.8483510340972611
1,TMEM259,44333446,0.8482951369480156
1,BTAF1,44332764,0.8482392397987703
1,SPACA9,44327486,0.8481833426495249
1,SDF2L1,44317451,0.8481274455002795
1,AC018904.1,44316324,0.848071548351034
1,SMPD1,44314198,0.8480156512017887
1,TMEM144,44313251,0.8479597540525433
1,RBM45,44311736,0.847903856903298
1,TTLL12,44310481,0.8478479597540526
1,SNHG7,44310240,0.8477920626048071
1,KRT18P20,44309193,0.8477361654555617
1,AK6P2,44307750,0.8476802683063164
1,COPS4,44298657,0.847624371157071
1,FAR1P1,44293278,0.8475684740078256
1,GLUD1P3,44292791,0.8475125768585802
1,CRLF3,44289204,0.8474566797093348
1,AC133963.1,44280125,0.8474007825600894
1,NDUFS4,44279872,0.8473448854108441
1,PHLPP1,44275939,0.8472889882615987
1,CISD3,44273992,0.8472330911123532
1,SOAT1,44266275,0.8471771939631079
1,COG2,44265244,0.8471212968138625
1,CAPZB,44263276,0.8470653996646171
1,AL512785.2,44261380,0.8470095025153718
1,ADAMTS12,44260657,0.8469536053661263
1,RPL9,44258565,0.8468977082168809
1,TRIM24,44252963,0.8468418110676356
1,AC104837.1,44252698,0.8467859139183902
1,EIF2B5,44249031,0.8467300167691447
1,PNRC2,44245214,0.8466741196198994
1,RBM3,44241839,0.846618222470654
1,BAX,44240816,0.8465623253214086
1,PI4KAP1,44239620,0.8465064281721633
1,CTBS,44235014,0.8464505310229178
1,PHF7,44231530,0.8463946338736724
1,SNHG15,44231323,0.846338736724427
1,RAB37,44225054,0.8462828395751817
1,RPS13,44223778,0.8462269424259363
1,ZNF101,44221291,0.8461710452766908
1,CCDC43,44221061,0.8461151481274455
1,FN3K,44219585,0.8460592509782001
1,CD53,44219495,0.8460033538289548
1,LSM3,44217596,0.8459474566797094
1,EDNRB,44216761,0.8458915595304639
1,AC090589.1,44207986,0.8458356623812185
1,SET,44201686,0.8457797652319732
1,GET4,44196973,0.8457238680827278
1,NPC2,44188506,0.8456679709334823
1,VPS37C,44187415,0.845612073784237
1,TMPOP2,44187386,0.8455561766349916
1,ACOT13,44183578,0.8455002794857462
1,FOXN4,44177614,0.8454443823365009
1,PCAT6,44177470,0.8453884851872554
1,SEC22B,44171134,0.84533258803801
1,PPM1A,44170954,0.8452766908887647
1,ELAVL1,44166292,0.8452207937395193
1,RAPGEF1,44164467,0.8451648965902739
1,STXBP6,44163829,0.8451089994410285
1,ZNF473,44161242,0.8450531022917831
1,MACO1,44159929,0.8449972051425377
1,SLC35B4,44158530,0.8449413079932924
1,CTDSP2,44150042,0.844885410844047
1,EIF4BP3,44149739,0.8448295136948015
1,AC027644.4,44149287,0.8447736165455562
1,LAMP2,44147235,0.8447177193963108
1,AC009078.1,44146861,0.8446618222470654
1,UTP20,44141420,0.8446059250978201
1,AC244090.1,44140496,0.8445500279485746
1,ZSCAN21,44139536,0.8444941307993292
1,TAGLN2,44131305,0.8444382336500839
1,CYB5D1,44129423,0.8443823365008385
1,MLYCD,44125130,0.844326439351593
1,SIRT7,44124415,0.8442705422023477
1,CIAO3,44124186,0.8442146450531023
1,RDH11,44121606,0.8441587479038569
1,ZNF599,44121012,0.8441028507546116
1,C6orf226,44119465,0.8440469536053661
1,MTFMT,44119053,0.8439910564561207
1,AC010733.1,44113164,0.8439351593068753
1,POMT2,44105054,0.84387926215763
1,SNRPGP2,44103729,0.8438233650083846
1,FAR1,44094913,0.8437674678591391
1,GSTA4,44091122,0.8437115707098938
1,DUSP14,44089357,0.8436556735606484
1,ITGB4,44081558,0.843599776411403
1,VDAC1P1,44081296,0.8435438792621577
1,NEMF,44078150,0.8434879821129122
1,PSME3,44077349,0.8434320849636668
1,ZNF787,44077100,0.8433761878144215
1,MINDY3,44075858,0.8433202906651761
1,ANO9,44074490,0.8432643935159306
1,ITPA,44069773,0.8432084963666853
1,SH3BP2,44051592,0.8431525992174399
1,SLC9B2,44045708,0.8430967020681945
1,ADCK5,44044920,0.8430408049189492
1,PYCR2,44042416,0.8429849077697037
1,PI4KA,44040163,0.8429290106204583
1,DNMT3A,44037499,0.842873113471213
1,IMPACT,44030846,0.8428172163219676
1,SLC35G1,44029775,0.8427613191727222
1,AC021723.1,44029114,0.8427054220234768
1,WDR74,44028210,0.8426495248742314
1,SLTM,44026434,0.842593627724986
1,AP003307.1,44025965,0.8425377305757407
1,JPT1,44021581,0.8424818334264953
1,SETD2,44019951,0.8424259362772498
1,RAB1A,44019317,0.8423700391280045
1,SSBP3,44019003,0.8423141419787591
1,UXT,44017974,0.8422582448295137
1,ARIH1,44012635,0.8422023476802684
1,GRK2,44009035,0.8421464505310229
1,LIG4,44004410,0.8420905533817775
1,HES1,44002082,0.8420346562325322
1,MSL1,44001688,0.8419787590832868
1,SLC7A1,43981567,0.8419228619340413
1,GATD3B,43979202,0.841866964784796
1,EFTUD2,43975536,0.8418110676355506
1,VCL,43971956,0.8417551704863052
1,QKI,43967663,0.84169927333705985
1,BCCIP,43963504,0.8416433761878144
1,NSUN7,43959136,0.841587479038569
1,C16orf91,43956934,0.8415315818893236
1,CRTC3-AS1,43954610,0.8414756847400783
1,SLC17A5,43953706,0.8414197875908329
1,GAS6,43942251,0.8413638904415874
1,SAP30BP,43938591,0.8413079932923421
1,NID1,43935520,0.8412520961430967
1,AC007318.2,43935483,0.8411961989938513
1,TEDC1,43931110,0.841140301844606
1,TAOK3,43922825,0.8410844046953605
1,AL358232.2,43919586,0.8410285075461151
1,ATRAID,43919098,0.8409726103968698
1,EARS2,43917722,0.8409167132476244
1,SRSF9,43915661,0.840860816098379
1,PXN,43912666,0.8408049189491336
1,ABRAXAS2,43911422,0.8407490217998882
1,E2F1,43910843,0.8406931246506428
1,TSR3,43909676,0.8406372275013975
1,FANCG,43907432,0.840581330352152
1,NLRP2,43906095,0.8405254332029066
1,NDUFS7,43899350,0.8404695360536613
1,SYNPO2L,43895405,0.8404136389044159
1,SLC12A8,43895193,0.8403577417551705
1,AL161670.1,43890821,0.840301844605925
1,AC092447.7,43890547,0.8402459474566797
1,GSR,43890111,0.8401900503074343
1,MRPS33,43889991,0.840134153158189
1,GYS1,43889858,0.8400782560089436
1,CSE1L,43888213,0.8400223588596981
1,S100A11,43887792,0.8399664617104527
1,CLN6,43887367,0.8399105645612074
1,LSP1P4,43886745,0.839854667411962
1,DPM1,43883900,0.8397987702627167
1,MT-TE,43879519,0.8397428731134712
1,PSMA6P4,43877091,0.8396869759642258
1,MFSD12,43869099,0.8396310788149804
1,TSPY13P,43856704,0.8395751816657351
1,TMEM268,43846998,0.8395192845164896
1,CDC16,43842341,0.8394633873672442
1,ERG28,43842262,0.8394074902179989
1,EFCAB14,43841282,0.8393515930687535
1,NRDC,43839005,0.8392956959195081
1,CABIN1,43830844,0.8392397987702627
1,SYNC,43830279,0.8391839016210173
1,AC012085.1,43829876,0.8391280044717719
1,CAP1P2,43829124,0.8390721073225266
1,PAPOLA,43826114,0.8390162101732812
1,AC011978.1,43823511,0.8389603130240357
1,AP000529.1,43821318,0.8389044158747904
1,NACAP2,43820983,0.838848518725545
1,AC012146.1,43818029,0.8387926215762996
1,RBM33,43817530,0.8387367244270543
1,FAM221A,43817445,0.8386808272778088
1,VCX3A,43816768,0.8386249301285634
1,ZW10,43815813,0.8385690329793181
1,TMEM125,43815656,0.8385131358300727
1,NLGN4X,43809993,0.8384572386808273
1,CD24,43808197,0.8384013415315819
1,UBE2NL,43807611,0.8383454443823365
1,SFXN2,43807353,0.8382895472330911
1,NMRK2,43802654,0.8382336500838458
1,LINC00278,43789329,0.8381777529346003
1,MZT1,43787564,0.8381218557853549
1,HMGN1,43780412,0.8380659586361096
1,TFCP2L1,43769247,0.8380100614868642
1,ZNF215,43769113,0.8379541643376188
1,NOP2,43764819,0.8378982671883733
1,AC005261.2,43764018,0.837842370039128
1,ADNP,43762120,0.8377864728898826
1,ATP11A,43761839,0.8377305757406373
1,BTBD10,43757949,0.8376746785913919
1,ARF4-AS1,43756938,0.8376187814421464
1,CLSTN3,43754688,0.837562884292901
1,EIF4HP1,43753261,0.8375069871436557
1,ZYX,43747133,0.8374510899944103
1,PTGES3P1,43740311,0.837395192845165
1,LINC01224,43734685,0.8373392956959195
1,KAT6A,43728187,0.8372833985466741
1,TDGF1,43726522,0.8372275013974287
1,AREL1,43725135,0.8371716042481834
1,TRAPPC8,43724254,0.8371157070989379
1,STK32C,43721929,0.8370598099496925
1,ARFGEF2,43720196,0.8370039128004472
1,RPP25L,43718248,0.8369480156512018
1,IRAK1BP1,43716277,0.8368921185019564
1,DNAJB2,43713964,0.836836221352711
1,MYT1L,43713232,0.8367803242034656
1,FUT10,43711875,0.8367244270542202
1,PRKAR2B,43711114,0.8366685299049749
1,RANBP6,43707693,0.8366126327557295
1,FAT1,43704693,0.836556735606484
1,SLC38A2,43704581,0.8365008384572387
1,RPL37AP1,43704548,0.8364449413079933
1,UBC,43702689,0.8363890441587479
1,CBLB,43699828,0.8363331470095026
1,KRT18P39,43699543,0.8362772498602571
1,DUT,43698701,0.8362213527110117
1,PDP2,43685749,0.8361654555617664
1,METTL3,43685209,0.836109558412521
1,IPO4,43684379,0.8360536612632756
1,ERBIN,43682541,0.8359977641140302
1,DYNC2LI1,43678175,0.8359418669647848
1,SGSH,43678117,0.8358859698155394
1,IQGAP2,43675233,0.835830072666294
1,ATG9A,43659179,0.8357741755170486
1,WDR5B,43654351,0.8357182783678032
1,TRAPPC6A,43650936,0.8356623812185578
1,DDX24,43646192,0.8356064840693125
1,AC010654.1,43643159,0.8355505869200671
1,MAPK6,43641327,0.8354946897708216
1,SNHG26,43636334,0.8354387926215763
1,CALR,43632787,0.8353828954723309
1,AUH,43631187,0.8353269983230855
1,SLC35E2B,43627581,0.8352711011738402
1,FAM107B,43624697,0.8352152040245947
1,ZNF252P,43623146,0.8351593068753493
1,CNTD1,43620222,0.835103409726104
1,CCN1,43614465,0.8350475125768586
1,RGP1,43613078,0.8349916154276132
1,RECK,43611599,0.8349357182783678
1,FXR2,43610196,0.8348798211291224
1,DHRS7B,43606728,0.834823923979877
1,MAP2K3,43606346,0.8347680268306317
1,SPOP,43605225,0.8347121296813862
1,RXRA,43598145,0.8346562325321408
1,PUSL1,43597440,0.8346003353828955
1,BRF2,43596445,0.8345444382336501
1,CIDEC,43595561,0.8344885410844047
1,PNPO,43594896,0.8344326439351593
1,UBE2K,43590435,0.8343767467859139
1,RBM42,43588413,0.8343208496366685
1,ZNF165,43587965,0.8342649524874232
1,RPS24P8,43586648,0.8342090553381778
1,SIAH2,43582386,0.8341531581889323
1,RNF135,43577935,0.834097261039687
1,PLXNB1,43575271,0.8340413638904416
1,HAGH,43575263,0.8339854667411962
1,CPLANE2,43569960,0.8339295695919509
1,LSM5,43563505,0.8338736724427054
1,MRPS23,43562743,0.83381777529346
1,AMACR,43561524,0.8337618781442147
1,IPO9,43560189,0.8337059809949693
1,GFM1,43558323,0.8336500838457239
1,EPB41L1,43558082,0.8335941866964784
1,COL1A1,43557917,0.8335382895472331
1,CDPF1,43553969,0.8334823923979877
1,AC011495.1,43553237,0.8334264952487423
1,CENPO,43545807,0.8333705980994969
1,SEC11A,43544583,0.8333147009502515
1,PLOD1,43543773,0.8332588038010061
1,NARS,43539069,0.8332029066517608
1,SSR3,43538130,0.8331470095025154
1,PES1,43537764,0.8330911123532699
1,ABHD14B,43533051,0.8330352152040246
1,PSMB3,43531882,0.8329793180547792
1,BTF3L4,43523104,0.8329234209055338
1,ARHGAP21,43521786,0.8328675237562885
1,AC105021.1,43518469,0.832811626607043
1,GEMIN2,43517825,0.8327557294577976
1,ARRDC1,43515025,0.8326998323085523
1,HSP90AB3P,43503611,0.8326439351593069
1,PRPS1,43503434,0.8325880380100615
1,PSMB2,43499893,0.8325321408608161
1,HIPK3,43492020,0.8324762437115707
1,DNTTIP2,43490509,0.8324203465623253
1,HDAC3,43485443,0.83236444941308
1,CALD1,43475233,0.8323085522638345
1,DLG1,43472102,0.8322526551145891
1,TMEM181,43472064,0.8321967579653438
1,LAMB3,43471367,0.8321408608160984
1,AL691420.1,43471298,0.832084963666853
1,GSTO2,43468046,0.8320290665176076
1,AL390195.1,43461846,0.8319731693683622
1,RNASEH2A,43461301,0.8319172722191168
1,ELOVL6,43460378,0.8318613750698715
1,TLR8-AS1,43458729,0.8318054779206261
1,EIF2S3,43457209,0.8317495807713806
1,CAP2,43457157,0.8316936836221352
1,FBXO36,43454522,0.8316377864728899
1,IPPKP1,43450036,0.8315818893236445
1,SLC35D2,43442443,0.8315259921743992
1,NAA11,43436751,0.8314700950251537
1,TEFM,43426167,0.8314141978759083
1,P2RY11,43418212,0.831358300726663
1,GNA13,43416787,0.8313024035774176
1,INVS,43408191,0.8312465064281722
1,STXBP5,43406207,0.8311906092789267
1,MIPEPP3,43402970,0.8311347121296814
1,EMD,43401682,0.831078814980436
1,POGLUT2,43399768,0.8310229178311906
1,MIEF2,43399718,0.8309670206819452
1,ZDHHC12,43399499,0.8309111235326998
1,SLC31A2,43394507,0.8308552263834544
1,DROSHA,43393104,0.8307993292342091
1,OXSR1,43391188,0.8307434320849637
1,SIRT2,43390248,0.8306875349357182
1,SCFD1,43385816,0.8306316377864729
1,AL512361.1,43382664,0.8305757406372275
1,RBFOX2,43380802,0.8305198434879821
1,RNF121,43379096,0.8304639463387368
1,LINC02690,43369539,0.8304080491894913
1,ZSCAN32,43362600,0.8303521520402459
1,LASP1,43362212,0.8302962548910006
1,RPA1,43360644,0.8302403577417552
1,CUL3,43355388,0.8301844605925098
1,KLC4,43355335,0.8301285634432644
1,PSMG1,43354563,0.830072666294019
1,FAAP24,43348898,0.8300167691447736
1,OTUB2,43341559,0.8299608719955283
1,ECHS1,43339533,0.8299049748462829
1,PPP1R11,43335588,0.8298490776970374
1,PLTP,43330965,0.829793180547792
1,C4orf3,43329644,0.8297372833985467
1,PPIP5K2,43327884,0.8296813862493013
1,RPL35,43325396,0.8296254891000558
1,TANK,43322923,0.8295695919508105
1,AC108052.1,43320005,0.8295136948015651
1,COMMD4,43319402,0.8294577976523198
1,ZNF777,43313459,0.8294019005030744
1,LAMB2,43313270,0.8293460033538289
1,MT-TI,43311952,0.8292901062045835
1,GOLGB1,43308402,0.8292342090553382
1,BCLAF1,43306741,0.8291783119060928
1,SLC18B1,43305575,0.8291224147568474
1,ZNF317,43302872,0.829066517607602
1,NTPCR,43302631,0.8290106204583566
1,SMOC2,43302572,0.8289547233091112
1,IFNGR2,43294318,0.8288988261598659
1,MCFD2,43291122,0.8288429290106205
1,SIK1,43290005,0.828787031861375
1,PTAR1,43289148,0.8287311347121297
1,TCEAL1,43287016,0.8286752375628843
1,ERP29,43285792,0.8286193404136389
1,KRT8P12,43285375,0.8285634432643935
1,RGN,43283318,0.8285075461151481
1,B4GALT1,43282706,0.8284516489659027
1,MEMO1P1,43281953,0.8283957518166574
1,CHRNA5,43267889,0.828339854667412
1,PSMB7,43262414,0.8282839575181665
1,ALG8,43261978,0.8282280603689212
1,AC006011.2,43261694,0.8281721632196758
1,TMTC4,43256253,0.8281162660704304
1,FOXH1,43253470,0.8280603689211851
1,MPHOSPH6,43252904,0.8280044717719396
1,CDK11B,43251195,0.8279485746226942
1,CDC73,43247888,0.8278926774734489
1,DCTD,43247060,0.8278367803242035
1,ZNF655,43245997,0.8277808831749581
1,AC113367.1,43245871,0.8277249860257127
1,COPZ1,43240596,0.8276690888764673
1,SVIL-AS1,43239930,0.8276131917272219
1,TPRA1,43236325,0.8275572945779766
1,MIS18BP1,43234936,0.8275013974287312
1,YY1AP1,43230038,0.8274455002794857
1,NCAPG2,43225130,0.8273896031302403
1,CHAC1,43223532,0.827333705980995
1,PSMD9,43219968,0.8272778088317496
1,YLPM1,43217615,0.8272219116825041
1,ACPP,43213061,0.8271660145332588
1,DNM1L,43212800,0.8271101173840134
1,MICOS10P2,43211062,0.827054220234768
1,UBR4,43208747,0.8269983230855227
1,XPA,43208290,0.8269424259362772
1,LINC00551,43200815,0.8268865287870318
1,INPP5F,43200571,0.8268306316377865
1,SLC2A14,43199801,0.8267747344885411
1,SLC29A3,43195049,0.8267188373392957
1,C1orf53,43191965,0.8266629401900503
1,MEST,43191510,0.8266070430408049
1,ACOX3,43190371,0.8265511458915595
1,YKT6,43189303,0.8264952487423142
1,OSTM1,43180794,0.8264393515930688
1,EXD2,43176948,0.8263834544438233
1,PPIL2,43171549,0.826327557294578
1,STARD7-AS1,43166347,0.8262716601453326
1,CHAC2,43164200,0.8262157629960872
1,PHLDA3,43163285,0.8261598658468418
1,RPL24P4,43161815,0.8261039686975964
1,EHD1,43159900,0.826048071548351
1,C8orf31,43154664,0.8259921743991057
1,AC136632.2,43153918,0.8259362772498603
1,TMEM54,43153304,0.8258803801006148
1,ACSS3,43151943,0.8258244829513695
1,TIMM8B,43151180,0.8257685858021241
1,MFF,43149072,0.8257126886528787
1,APBB2,43138067,0.8256567915036334
1,UQCRQ,43137793,0.8256008943543879
1,WWC2-AS2,43128213,0.8255449972051425
1,EML2,43127867,0.8254891000558972
1,TMEM177,43127637,0.8254332029066518
1,AC073909.1,43124593,0.8253773057574064
1,AL031767.2,43124110,0.825321408608161
1,PSMB10,43117949,0.8252655114589156
1,AL031668.2,43113719,0.8252096143096702
1,CNOT11,43112261,0.8251537171604248
1,URAD,43111690,0.8250978200111795
1,ZNF69,43108221,0.825041922861934
1,VRK3,43107388,0.8249860257126886
1,MED29,43104177,0.8249301285634433
1,TMEM214,43103005,0.8248742314141979
1,AKAP13,43096892,0.8248183342649524
1,MYOF,43093238,0.8247624371157071
1,ZSCAN20,43092858,0.8247065399664617
1,FAM110B,43090837,0.8246506428172163
1,AC245884.8,43087943,0.824594745667971
1,GHDC,43087872,0.8245388485187255
1,ZIK1,43082520,0.8244829513694801
1,SREK1,43081911,0.8244270542202348
1,IFNGR1,43081298,0.8243711570709894
1,ZFP90,43080064,0.824315259921744
1,MAPK1,43071630,0.8242593627724986
1,TXNDC12,43070632,0.8242034656232532
1,BCAS2,43067853,0.8241475684740078
1,PACRGL,43060114,0.8240916713247625
1,YBX1P1,43059382,0.8240357741755171
1,FAM189A2,43055414,0.8239798770262716
1,LIN28B,43053322,0.8239239798770263
1,VHL,43047749,0.8238680827277809
1,OAZ1,43045248,0.8238121855785355
1,SLC35A5,43044293,0.82375628842929
1,RAB5C,43039628,0.8237003912800447
1,GM2A,43034875,0.8236444941307993
1,RNPS1,43032829,0.823588596981554
1,OMA1,43031305,0.8235326998323086
1,ZCCHC14,43030550,0.8234768026830631
1,PTS,43025594,0.8234209055338177
1,NBPF3,43023244,0.8233650083845724
1,CCDC90B,43022355,0.823309111235327
1,RPS15A,43020674,0.8232532140860817
1,CHP1,43017783,0.8231973169368362
1,ANO10,43011675,0.8231414197875908
1,PRKAA2,43008587,0.8230855226383454
1,KDM5A,43007833,0.8230296254891001
1,L1TD1,43005111,0.8229737283398547
1,ADAMTS6,42985353,0.8229178311906092
1,SHC1,42984692,0.8228619340413639
1,COQ10B,42978766,0.8228060368921185
1,TRIM4,42977859,0.8227501397428731
1,CDC45,42977145,0.8226942425936278
1,DTD2,42964968,0.8226383454443823
1,NPHP1,42962384,0.8225824482951369
1,FIGNL1,42961047,0.8225265511458916
1,DLX6,42961029,0.8224706539966462
1,ARPC3P5,42955586,0.8224147568474007
1,YWHAG,42954193,0.8223588596981554
1,AK4P3,42948956,0.82230296254891
1,RPS17,42946187,0.8222470653996646
1,AGAP7P,42943935,0.8221911682504193
1,CYB5RL,42943526,0.8221352711011738
1,RPL4,42937301,0.8220793739519284
1,CAMSAP2,42931754,0.8220234768026831
1,HSD17B1,42930979,0.8219675796534377
1,AP1S1,42925109,0.8219116825041923
1,EFNB2,42920132,0.8218557853549469
1,MIER2,42918124,0.8217998882057015
1,OVOL1,42913651,0.8217439910564561
1,PTP4A2,42911303,0.8216880939072108
1,RPL13P2,42910577,0.8216321967579654
1,ZDHHC24,42907022,0.8215762996087199
1,IPP,42906982,0.8215204024594746
1,NUDT22,42905590,0.8214645053102292
1,PDCD6IPP2,42902881,0.8214086081609838
1,CSNK1G1,42899933,0.8213527110117385
1,ERICH5,42898522,0.821296813862493
1,SPTY2D1OS,42894640,0.8212409167132476
1,RAB26,42888331,0.8211850195640022
1,NSD2,42882333,0.8211291224147569
1,TMTC3,42881001,0.8210732252655114
1,MED18,42878728,0.821017328116266
1,WRB,42873938,0.8209614309670207
1,ZNF7,42873651,0.8209055338177753
1,APELA,42873115,0.82084963666853
1,UBBP4,42870638,0.8207937395192845
1,GSTO3P,42869704,0.8207378423700391
1,NDUFB3,42868174,0.8206819452207937
1,PCLAF,42865979,0.8206260480715484
1,YIPF2,42858553,0.820570150922303
1,PRR12,42853391,0.8205142537730575
1,BYSL,42853279,0.8204583566238122
1,ZNF716,42851625,0.8204024594745668
1,YIF1A,42851475,0.8203465623253214
1,NFX1,42848659,0.8202906651760761
1,TAF6,42848194,0.8202347680268306
1,LHFPL2,42844634,0.8201788708775852
1,COQ2,42842411,0.8201229737283399
1,ISCU,42834968,0.8200670765790945
1,EP400,42834182,0.820011179429849
1,DENND4C,42833880,0.8199552822806037
1,FKBP4,42821250,0.8198993851313583
1,LAYN,42819327,0.8198434879821129
1,C1orf61,42817617,0.8197875908328676
1,CDK4,42814762,0.8197316936836221
1,IMP4,42814377,0.8196757965343767
1,EIF5AP4,42812494,0.8196198993851314
1,AC106795.1,42812278,0.819564002235886
1,CBFB,42811967,0.8195081050866406
1,ALPG,42811380,0.8194522079373951
1,FAAP100,42811362,0.8193963107881498
1,IRF2BP2,42808204,0.8193404136389044
1,GRN,42801398,0.819284516489659
1,PMS1,42793692,0.8192286193404137
1,EEF1DP1,42789948,0.8191727221911682
1,AC093909.6,42778823,0.8191168250419228
1,AC004967.2,42776795,0.8190609278926775
1,FAM102A,42763335,0.8190050307434321
1,TOMM20,42762165,0.8189491335941868
1,PEX26,42761812,0.8188932364449413
1,AGO2,42755703,0.8188373392956959
1,TBC1D10B,42752661,0.8187814421464505
1,MAPKAPK5,42749933,0.8187255449972052
1,BBS4,42745708,0.8186696478479597
1,NDEL1,42745399,0.8186137506987143
1,BAK1,42745395,0.818557853549469
1,BX255925.3,42744055,0.8185019564002236
1,GCLC,42739332,0.8184460592509782
1,RPL21P107,42738335,0.8183901621017328
1,MORF4L1,42738067,0.8183342649524874
1,DPF2,42733214,0.818278367803242
1,BCL2L1,42730015,0.8182224706539967
1,TCIRG1,42727398,0.8181665735047513
1,AC116359.1,42727193,0.8181106763555058
1,NUDT15,42722903,0.8180547792062605
1,TFEB,42722360,0.8179988820570151
1,OARD1,42718446,0.8179429849077697
1,REXO5,42718385,0.8178870877585244
1,PCCA,42711491,0.8178311906092789
1,C17orf100,42711008,0.8177752934600335
1,PCGF7P,42708124,0.8177193963107882
1,ITPRIP,42694469,0.8176634991615428
1,AF129075.2,42690176,0.8176076020122973
1,RPN1,42689435,0.817551704863052
1,KRT18P68,42687293,0.8174958077138066
1,GGCT,42683036,0.8174399105645612
1,TMEM14B,42679045,0.8173840134153159
1,CARD8,42678757,0.8173281162660704
1,RPP40,42678753,0.817272219116825
1,PNN,42669508,0.8172163219675797
1,OOEP,42667975,0.8171604248183343
1,MRPL45,42667614,0.8171045276690889
1,PAWR,42667583,0.8170486305198434
1,AL033519.2,42659056,0.8169927333705981
1,TRPM6,42651820,0.8169368362213527
1,PTRH1,42645441,0.8168809390721073
1,DCAF4L2,42642157,0.816825041922862
1,SLC27A5,42640516,0.8167691447736165
1,HIBCH,42631894,0.8167132476243711
1,PPIG,42629897,0.8166573504751258
1,RNASE1,42626844,0.8166014533258804
1,UBR3,42624067,0.816545556176635
1,FAM83D,42620171,0.8164896590273896
1,CCNF,42617970,0.8164337618781442
1,BCAT1,42612167,0.8163778647288988
1,LAMTOR3,42604814,0.8163219675796535
1,AP001107.9,42603124,0.816266070430408
1,CTDSP1,42600578,0.8162101732811626
1,KRT18P21,42596947,0.8161542761319173
1,CUEDC2,42595206,0.8160983789826719
1,ATP1A1-AS1,42592371,0.8160424818334265
1,AKAP9,42589446,0.8159865846841811
1,SLC1A3,42587964,0.8159306875349357
1,RBBP8,42585129,0.8158747903856903
1,PURPL,42581004,0.815818893236445
1,KCNJ13,42574894,0.8157629960871996
1,FECH,42568746,0.8157070989379541
1,JMY,42568070,0.8156512017887088
1,DKC1,42561648,0.8155953046394634
1,MON1A,42560131,0.815539407490218
1,CSK,42560125,0.8154835103409727
1,THAP7-AS1,42557463,0.8154276131917272
1,ITFG1,42556087,0.8153717160424818
1,RELL1,42550536,0.8153158188932365
1,CHD3,42548864,0.8152599217439911
1,CTSLP1,42542907,0.8152040245947456
1,MRPS10,42533419,0.8151481274455002
1,BICDL1,42533208,0.8150922302962549
1,GMPPA,42529119,0.8150363331470095
1,RSF1,42528291,0.8149804359977642
1,APOC1,42526332,0.8149245388485187
1,ANP32E,42526174,0.8148686416992733
1,EIF3J-DT,42524640,0.814812744550028
1,TGIF2,42522736,0.8147568474007826
1,KRT8P2,42520012,0.8147009502515372
1,RIOX2,42516463,0.8146450531022917
1,GPBP1L1,42515988,0.8145891559530464
1,ZNF766,42514714,0.814533258803801
1,MICB,42512243,0.8144773616545556
1,ARIH2OS,42510174,0.8144214645053103
1,AP001000.1,42509256,0.8143655673560648
1,RBM4B,42507701,0.8143096702068194
1,RPEL1,42505911,0.8142537730575741
1,TBX3,42497292,0.8141978759083287
1,AC012615.1,42496803,0.8141419787590833
1,ANAPC11,42494739,0.8140860816098379
1,TRPV3,42492802,0.8140301844605925
1,FHIT,42492339,0.8139742873113471
1,C11orf58,42489609,0.8139183901621018
1,METTL26,42488944,0.8138624930128563
1,DECR1,42485810,0.8138065958636109
1,BPGM,42484181,0.8137506987143656
1,POMK,42476763,0.8136948015651202
1,CIRBP,42472406,0.8136389044158748
1,ABHD17C,42471106,0.8135830072666294
1,LRP1,42470272,0.813527110117384
1,ZWINT,42463518,0.8134712129681386
1,DLAT,42460745,0.8134153158188933
1,OS9,42456750,0.8133594186696479
1,TNFRSF12A,42454382,0.8133035215204024
1,MEAK7,42453857,0.813247624371157
1,RNF38,42452332,0.8131917272219117
1,TIPRL,42448343,0.8131358300726663
1,CHAMP1,42445946,0.813079932923421
1,VILL,42442697,0.8130240357741755
1,FAM114A2,42436245,0.8129681386249301
1,YWHAZP3,42432142,0.8129122414756847
1,POLD3,42430960,0.8128563443264394
1,VARS2,42428690,0.8128004471771939
1,VPS13A,42428472,0.8127445500279485
1,GRSF1,42425440,0.8126886528787032
1,AP2M1,42423890,0.8126327557294578
1,DDIT4L,42423016,0.8125768585802124
1,BBS12,42422324,0.812520961430967
1,NUP62,42414002,0.8124650642817216
1,NDUFAF1,42412173,0.8124091671324762
1,RILPL2,42405424,0.8123532699832309
1,TMED1,42399772,0.8122973728339855
1,AC116351.1,42398125,0.81224147568474
1,TRPV2,42397426,0.8121855785354947
1,KAT14,42393932,0.8121296813862493
1,ACTL6A,42393926,0.8120737842370039
1,CAMSAP3,42379631,0.8120178870877586
1,ATP6AP1,42377492,0.8119619899385131
1,MAD2L1BP,42377175,0.8119060927892677
1,IGDCC3,42375897,0.8118501956400224
1,TSG101,42368597,0.811794298490777
1,ACOT8,42363425,0.8117384013415316
1,ID3,42359265,0.8116825041922862
1,ATP5MFP5,42350026,0.8116266070430408
1,FO393409.1,42349311,0.8115707098937954
1,MAIP1,42348657,0.8115148127445501
1,OR51B5,42348614,0.8114589155953046
1,DHRS1,42347563,0.8114030184460592
1,OTULIN,42342924,0.8113471212968139
1,HORMAD2-AS1,42339739,0.8112912241475685
1,AL158206.1,42339589,0.8112353269983231
1,PI4K2A,42338559,0.8111794298490776
1,AC106864.1,42337707,0.8111235326998323
1,ZNF852,42335836,0.8110676355505869
1,SLC44A3,42335371,0.8110117384013416
1,PEG10,42335112,0.8109558412520962
1,SENP8,42333401,0.8108999441028507
1,AP005431.1,42327801,0.8108440469536053
1,PITHD1,42327653,0.81078814980436
1,ANO1,42322745,0.8107322526551146
1,DNAJC3-DT,42319501,0.8106763555058693
1,PPIL6,42312306,0.8106204583566238
1,TSN,42310105,0.8105645612073784
1,HAVCR2,42300739,0.810508664058133
1,RPL22,42294196,0.8104527669088877
1,ATP5F1AP8,42283533,0.8103968697596423
1,CCDC86,42281838,0.8103409726103968
1,ZCCHC9,42278720,0.8102850754611515
1,PTCD2,42277002,0.8102291783119061
1,WRAP73,42272908,0.8101732811626607
1,LINC02582,42271089,0.8101173840134153
1,SLC39A3,42270815,0.8100614868641699
1,MBD6,42270769,0.8100055897149245
1,PAN3,42264271,0.8099496925656792
1,DPP9,42263403,0.8098937954164338
1,SLC20A2,42258908,0.8098378982671883
1,CSTB,42257101,0.809782001117943
1,SMIM22,42256686,0.8097261039686976
1,LURAP1,42255696,0.8096702068194522
1,TPT1P9,42239382,0.8096143096702069
1,CAPZA2,42238963,0.8095584125209614
1,ENY2,42236466,0.809502515371716
1,RAP1B,42236229,0.8094466182224707
1,NPM1,42234128,0.8093907210732253
1,OPLAH,42232665,0.8093348239239799
1,AL118558.3,42232000,0.8092789267747345
1,CALM1,42229049,0.8092230296254891
1,AC026410.1,42227559,0.8091671324762437
1,RANP1,42219091,0.8091112353269984
1,ZNF146,42213813,0.8090553381777529
1,HMGB3,42213245,0.8089994410285075
1,ST3GAL4,42212770,0.8089435438792622
1,NOP14-AS1,42212565,0.8088876467300168
1,XPC,42210433,0.8088317495807714
1,UBE2D3P1,42208723,0.8087758524315259
1,ZWILCH,42207425,0.8087199552822806
1,GNPDA2,42207407,0.8086640581330352
1,DTX4,42205949,0.8086081609837898
1,PSMD10,42203379,0.8085522638345445
1,MTMR2,42203365,0.808496366685299
1,ZNF148,42202902,0.8084404695360536
1,MRPL44,42202297,0.8083845723868083
1,SLC6A9,42201189,0.8083286752375629
1,XRCC6P2,42197629,0.8082727780883175
1,KCNK1,42195328,0.8082168809390721
1,XRCC6P3,42192557,0.8081609837898267
1,NT5DC1,42191919,0.8081050866405813
1,H3F3C,42190327,0.808049189491336
1,ABRACL,42188711,0.8079932923420906
1,AL121877.1,42186143,0.8079373951928451
1,TSPAN14,42183285,0.8078814980435998
1,FAHD1,42180312,0.8078256008943544
1,MIB1,42177533,0.807769703745109
1,CDYL,42175272,0.8077138065958636
1,TMEM123,42174309,0.8076579094466182
1,TSNAX,42173312,0.8076020122973728
1,AC012339.1,42166227,0.8075461151481275
1,NEK2,42156572,0.8074902179988821
1,CAMK2D,42156155,0.8074343208496366
1,MFAP1,42155558,0.8073784237003913
1,SLC2A8,42150633,0.8073225265511459
1,ARSG,42150520,0.8072666294019005
1,OSGEPL1,42146338,0.8072107322526552
1,DNAJC7,42144995,0.8071548351034097
1,RALGAPA2,42144714,0.8070989379541643
1,ZFAND6,42144600,0.807043040804919
1,THAP1,42138325,0.8069871436556736
1,ZNF143,42138162,0.8069312465064282
1,H3F3A,42137598,0.8068753493571827
1,LDHAP1,42137417,0.8068194522079374
1,SPRYD4,42136798,0.806763555058692
1,MCOLN1,42133508,0.8067076579094467
1,AC093675.1,42133471,0.8066517607602012
1,C1orf174,42127484,0.8065958636109558
1,SETD9,42123605,0.8065399664617104
1,ECHDC1,42122527,0.8064840693124651
1,MYL7,42118828,0.8064281721632197
1,CNBD2,42107605,0.8063722750139742
1,KIF2C,42105105,0.8063163778647289
1,ZNF43,42104617,0.8062604807154835
1,AFG1L,42101027,0.8062045835662381
1,GALC,42100318,0.8061486864169928
1,CBX2,42098722,0.8060927892677473
1,E2F4,42098626,0.8060368921185019
1,CLPTM1,42093748,0.8059809949692566
1,CFAP70,42093563,0.8059250978200112
1,AASS,42087117,0.8058692006707658
1,RSL24D1,42083527,0.8058133035215204
1,TUBGCP5,42083170,0.805757406372275
1,KLHL23,42082728,0.8057015092230296
1,SYNCRIP,42082170,0.8056456120737843
1,CMTM6,42076825,0.8055897149245389
1,MGAT4A,42072806,0.8055338177752934
1,CTSV,42071666,0.8054779206260481
1,GATD3A,42069401,0.8054220234768027
1,RAB7A,42067466,0.8053661263275573
1,COX10,42066030,0.8053102291783119
1,BTBD7,42065068,0.8052543320290665
1,TFDP1,42061200,0.8051984348798211
1,CEP72,42053582,0.8051425377305758
1,MAGEA4,42052342,0.8050866405813304
1,ELMOD3,42051701,0.8050307434320849
1,IRAK1,42047518,0.8049748462828396
1,AL353572.2,42040543,0.8049189491335942
1,LYPD3,42035528,0.8048630519843488
1,DNAAF2,42033574,0.8048071548351035
1,GINS1,42025648,0.804751257685858
1,AAR2,42024037,0.8046953605366126
1,CITED4,42023567,0.8046394633873672
1,SRA1,42020754,0.8045835662381219
1,RPS24,42020469,0.8045276690888765
1,MAPRE3,42020439,0.804471771939631
1,MACF1,42019979,0.8044158747903857
1,UBE4B,42015331,0.8043599776411403
1,PRADC1,42014949,0.804304080491895
1,STRN,42011877,0.8042481833426495
1,RPSAP12,42007499,0.8041922861934041
1,AL034379.1,41998564,0.8041363890441587
1,TTYH1,41997294,0.8040804918949134
1,ATP5MPL,41997184,0.804024594745668
1,CEP68,41989831,0.8039686975964225
1,GPRC5D-AS1,41982574,0.8039128004471772
1,MESTP3,41982036,0.8038569032979318
1,BCDIN3D,41978793,0.8038010061486864
1,WDFY3,41976719,0.8037451089994411
1,HMGN2P18,41972942,0.8036892118501956
1,KIAA0513,41971653,0.8036333147009502
1,TTC9C,41968995,0.8035774175517049
1,HNRNPL,41964903,0.8035215204024595
1,TMEM243,41960756,0.8034656232532141
1,SPESP1,41959148,0.8034097261039687
1,ZNF347,41958877,0.8033538289547233
1,PEX13,41956501,0.8032979318054779
1,UBFD1,41956383,0.8032420346562326
1,GANAB,41951957,0.8031861375069872
1,PHIP,41950039,0.8031302403577417
1,RPL14P1,41944834,0.8030743432084964
1,DBNL,41940247,0.803018446059251
1,FURIN,41937464,0.8029625489100056
1,FAM98B,41931531,0.8029066517607601
1,POP4,41929652,0.8028507546115148
1,LRRC6,41926478,0.8027948574622694
1,CCDC174,41922866,0.802738960313024
1,AC012355.1,41922808,0.8026830631637787
1,KRT8P21,41922710,0.8026271660145332
1,AL162718.1,41921617,0.8025712688652878
1,KCTD13,41918281,0.8025153717160425
1,STUB1,41916366,0.8024594745667971
1,CCDC8,41916291,0.80240357741755175
1,SRSF3,41911170,0.8023476802683063
1,DHDDS,41910362,0.8022917831190609
1,ZNF337,41907685,0.8022358859698155
1,NUP43,41905060,0.8021799888205702
1,MED23,41897253,0.8021240916713248
1,ISOC2,41889337,0.8020681945220793
1,TIMM22,41885167,0.802012297372834
1,PHACTR2,41883784,0.8019564002235886
1,RCE1,41883725,0.8019005030743432
1,AP4M1,41882760,0.8018446059250979
1,SLC19A2,41882495,0.8017887087758524
1,NSD3,41880846,0.801732811626607
1,EMG1,41873865,0.8016769144773617
1,CNOT9,41872772,0.8016210173281163
1,ZNF808,41872564,0.8015651201788708
1,KAT2A,41872315,0.8015092230296255
1,RAMAC,41870831,0.8014533258803801
1,RPS4XP2,41870714,0.8013974287311347
1,PPP2R3C,41868245,0.8013415315818894
1,ERLIN1,41865773,0.8012856344326439
1,CFL1,41864975,0.8012297372833985
1,LAD1,41863777,0.8011738401341532
1,PSAT1P1,41862129,0.8011179429849078
1,CEPT1,41861603,0.8010620458356624
1,SNRPA,41860959,0.801006148686417
1,MRS2,41860613,0.8009502515371716
1,FBXO4,41858102,0.8008943543879262
1,Z97206.1,41857935,0.8008384572386809
1,ZNF562,41857380,0.8007825600894355
1,UCA1,41857258,0.80072666294019
1,CNP,41852980,0.8006707657909446
1,KDELR1,41851855,0.8006148686416993
1,SATB1,41844291,0.8005589714924539
1,RPL5P10,41837531,0.8005030743432084
1,MTMR12,41832973,0.8004471771939631
1,EZR,41831868,0.8003912800447177
1,ARPP19,41828703,0.8003353828954723
1,ANAPC4,41823454,0.800279485746227
1,TMEM14DP,41818415,0.8002235885969815
1,SPRED2,41817381,0.8001676914477361
1,IREB2,41814336,0.8001117942984908
1,LAMB4,41813518,0.8000558971492454
15,NOS1AP,45945645,0.9996242122911487
15,NKX1-2,45945645,0.9996242122911487
15,OTOA,45945645,0.9996242122911487
15,FAM157C,45945645,0.9996242122911487
15,SALL3,45945645,0.9996242122911487
15,ZNF285,45945645,0.9996242122911487
15,KLF2,45945645,0.9996242122911487
15,FAM124B,45945645,0.9996242122911487
15,PDCD6,45945645,0.9996242122911487
15,CNKSR3,45945645,0.9996242122911487
15,AC073114.1,45945645,0.9996242122911487
15,KCTD7,45945645,0.9996242122911487
15,DPP6,45945645,0.9996242122911487
15,AC009630.1,45945645,0.9996242122911487
15,LINC01145,45543215,0.9985546626582644
15,CPM,45543215,0.9985546626582644
15,TMEM229B,45543215,0.9985546626582644
15,LINC00605,45543215,0.9985546626582644
15,ARPIN,45543215,0.9985546626582644
15,TBC1D3L,45543215,0.9985546626582644
15,STAT5A,45543215,0.9985546626582644
15,AC061992.1,45543215,0.9985546626582644
15,GCKR,45543215,0.9985546626582644
15,TMEM247,45543215,0.9985546626582644
15,MYO3B,45543215,0.9985546626582644
15,AL023803.1,45543215,0.9985546626582644
15,FP565260.3,45543215,0.9985546626582644
15,COL18A1,45543215,0.9985546626582644
15,C3orf18,45543215,0.9985546626582644
15,CD96,45543215,0.9985546626582644
15,SLC10A4,45543215,0.9985546626582644
15,HNRNPA3P13,45543215,0.9985546626582644
15,DPY19L1P2,45543215,0.9985546626582644
15,CTAGE15,45543215,0.9985546626582644
15,PAG1,45543215,0.9985546626582644
15,AC087623.2,45543215,0.9985546626582644
15,SSX5,45543215,0.9985546626582644
15,UBE2U,41724149,0.9974562062785454
15,NEBL,41724149,0.9974562062785454
15,RNU4-1,41724149,0.9974562062785454
15,STAB2,41724149,0.9974562062785454
15,AL137001.2,41724149,0.9974562062785454
15,GPC6,41724149,0.9974562062785454
15,EML1,41724149,0.9974562062785454
15,KANSL1-AS1,41724149,0.9974562062785454
15,AC005523.1,41724149,0.9974562062785454
15,AC123912.4,41724149,0.9974562062785454
15,PSG6,41724149,0.9974562062785454
15,SYDE1,41724149,0.9974562062785454
15,CCDC74A,41724149,0.9974562062785454
15,AC007255.1,41724149,0.9974562062785454
15,PNMA2,41724149,0.9974562062785454
15,ZSWIM5,41663929,0.996097589177314
15,AL360270.2,41663929,0.996097589177314
15,NFASC,41663929,0.996097589177314
15,MALRD1,41663929,0.996097589177314
15,FJX1,41663929,0.996097589177314
15,FAT3,41663929,0.996097589177314
15,CACNA1C,41663929,0.996097589177314
15,HMGA2,41663929,0.996097589177314
15,TRHDE,41663929,0.996097589177314
15,ABCC6,41663929,0.996097589177314
15,PPY,41663929,0.996097589177314
15,DNAH17,41663929,0.996097589177314
15,LHB,41663929,0.996097589177314
15,AC008687.4,41663929,0.996097589177314
15,EEF1A2,41663929,0.996097589177314
15,TIMP3,41663929,0.996097589177314
15,DNAH12,41663929,0.996097589177314
15,AC117402.1,41663929,0.996097589177314
15,MECOM,41663929,0.996097589177314
15,PLCL2,41663929,0.996097589177314
15,AC078850.1,41663929,0.996097589177314
15,FTH1P10,41663929,0.996097589177314
15,ARHGEF28,41663929,0.996097589177314
15,TFAP2B,41663929,0.996097589177314
15,CLVS2,41663929,0.996097589177314
15,GFRA2,41663929,0.996097589177314
15,EBF2,41663929,0.996097589177314
15,NPM2,41663929,0.996097589177314
15,RN7SL396P,41663929,0.996097589177314
15,WHRN,41663929,0.996097589177314
15,NRARP,41663929,0.996097589177314
15,UXT-AS1,41663929,0.996097589177314
15,CAPZA1,40237626,0.9951436665317686
15,AC026410.1,40169461,0.995085853038099
15,TUBB4B,40146519,0.9950280395444296
15,LRP2,40134953,0.9949702260507602
15,H3F3B,40083992,0.9949124125570908
15,OAZ1,40018590,0.9948545990634214
15,ENO1,40014968,0.9947967855697519
15,TPI1P2,39984623,0.9947389720760825
15,SLC5A6,39943025,0.9946811585824131
15,PPIA,39910790,0.9946233450887437
15,RPL10P9,39889444,0.9945655315950743
15,PRPF3,39871809,0.9945077181014048
15,UHRF2,39828212,0.9944499046077354
15,RPL3,39763758,0.994392091114066
15,POLR2E,39722850,0.9943342776203966
15,KRT19,39628069,0.9942764641267272
15,TMTC3,39583108,0.9942186506330578
15,RPL10,39567724,0.9941608371393883
15,AC011447.3,39545047,0.9941030236457189
15,RAD18,39540669,0.9940452101520495
15,NCOR1,39496385,0.9939873966583801
15,UCKL1,39447339,0.9939295831647107
15,RPL18A,39424869,0.9938717696710412
15,RPL7,39398884,0.9938139561773718
15,CFL1,39389875,0.9937561426837024
15,GAPDH,39335768,0.993698329190033
15,RPS6,39324311,0.9936405156963636
15,GPR158,39306884,0.9930045672659998
15,DRD4,39306884,0.9930045672659998
15,AC063948.1,39306884,0.9930045672659998
15,TAPBPL,39306884,0.9930045672659998
15,CFAP54,39306884,0.9930045672659998
15,THSD4,39306884,0.9930045672659998
15,ZSWIM4,39306884,0.9930045672659998
15,ALDH16A1,39306884,0.9930045672659998
15,TMEFF2,39306884,0.9930045672659998
15,AC104634.1,39306884,0.9930045672659998
15,GGTLC1,39306884,0.9930045672659998
15,HMGB3P1,39306884,0.9930045672659998
15,DSCR4,39306884,0.9930045672659998
15,CRYBB1,39306884,0.9930045672659998
15,MAPK8IP2,39306884,0.9930045672659998
15,GPR78,39306884,0.9930045672659998
15,IGFBP3,39306884,0.9930045672659998
15,HEY1,39306884,0.9930045672659998
15,HHLA1,39306884,0.9930045672659998
15,GALNT12,39306884,0.9930045672659998
15,SSX6P,39306884,0.9930045672659998
15,S100A13,39293179,0.9923686188356362
15,HNRNPH1,39286110,0.9923108053419668
15,AC072061.1,39279491,0.9922529918482974
15,RPL28,39269120,0.992195178354628
15,RPL13A,39262324,0.9921373648609585
15,ALDOA,39204910,0.9920795513672891
15,TRA2A,39192707,0.9920217378736197
15,SERPINE2,39174791,0.9919639243799503
15,RCC1,39157930,0.9919061108862809
15,TPI1P1,39157252,0.9918482973926115
15,HNRNPF,39100285,0.991790483898942
15,GPAA1,39044068,0.9917326704052726
15,ELOF1,39036218,0.9916748569116032
15,FADS1,39014564,0.9916170434179338
15,MRPL1,39011836,0.9915592299242644
15,PIWIL3,38998541,0.9915014164305949
15,TUFMP1,38983823,0.9914436029369255
15,SMAD3,38981161,0.9913857894432561
15,UTP11,38979325,0.9913279759495867
15,GRB2,38950008,0.9912701624559173
15,ATP5F1B,38942876,0.9912123489622477
15,RPS3,38934329,0.9911545354685783
15,QARS,38933923,0.991096721974909
15,ENDOG,38910778,0.9910389084812395
15,RPLP1,38906437,0.9909810949875701
15,EXOSC6,38905148,0.9909232814939006
15,RPL8,38903873,0.9908654680002312
15,TPI1,38886615,0.9908076545065618
15,RPL7P9,38881552,0.9907498410128924
15,AP2S1,38879816,0.990692027519223
15,PUF60,38877995,0.9906342140255535
15,KRT8,38851482,0.9905764005318841
15,CCDC47,38851151,0.9905185870382147
15,RPS16,38828366,0.9904607735445453
15,RPS5,38818711,0.9904029600508759
15,POLR2L,38809085,0.9903451465572064
15,CLN6,38804121,0.990287333063537
15,SPINT2,38799898,0.9902295195698676
15,APP,38777012,0.9901717060761982
15,GAPDHP65,38775717,0.9901138925825288
15,FTLP2,38770661,0.9900560790888593
15,EGLN1,38764726,0.9893334104179916
15,RPS25P9,38764726,0.9893334104179916
15,EBF3,38764726,0.9893334104179916
15,OASL,38764726,0.9893334104179916
15,PDE3A,38764726,0.9893334104179916
15,MYO16,38764726,0.9893334104179916
15,ZNF319,38764726,0.9893334104179916
15,SLX1A,38764726,0.9893334104179916
15,MPP2,38764726,0.9893334104179916
15,RUNDC3A-AS1,38764726,0.9893334104179916
15,AC004231.1,38764726,0.9893334104179916
15,CLIP3,38764726,0.9893334104179916
15,PPAN,38764726,0.9893334104179916
15,MAG,38764726,0.9893334104179916
15,SAMD10,38764726,0.9893334104179916
15,SH3BP1,38764726,0.9893334104179916
15,CPNE9,38764726,0.9893334104179916
15,LINC00698,38764726,0.9893334104179916
15,GHR,38764726,0.9893334104179916
15,HIVEP2,38764726,0.9893334104179916
15,CREB5,38764726,0.9893334104179916
15,ADCY1,38764726,0.9893334104179916
15,ZAN,38764726,0.9893334104179916
15,HTRA4,38764726,0.9893334104179916
15,P4HB,38759661,0.9886107417471238
15,LAMC1,38748271,0.9885529282534543
15,TMEM33,38741183,0.9884951147597849
15,CLDN4,38735481,0.9884373012661155
15,TUFM,38727610,0.9883794877724461
15,AAAS,38725093,0.9883216742787767
15,HMOX2,38724112,0.9882638607851072
15,C19orf48,38714542,0.9882060472914378
15,SRA1,38703257,0.9881482337977684
15,SAR1B,38693178,0.988090420304099
15,KTN1,38690363,0.9880326068104296
15,TMEM191C,38687883,0.9879747933167601
15,RHOT2,38677438,0.9879169798230907
15,RPL15P3,38657478,0.9878591663294213
15,RPL10P16,38645474,0.9878013528357519
15,SF3B5,38642000,0.9877435393420825
15,RNH1,38618312,0.987685725848413
15,AHCY,38615936,0.9876279123547436
15,PPP2R1A,38608075,0.9875700988610742
15,CACYBPP2,38597771,0.9875122853674048
15,EIF3FP3,38582108,0.9874544718737354
15,MRPS34,38568856,0.987396658380066
15,BZW1P1,38568580,0.9873388448863964
15,RPL18,38563469,0.987281031392727
15,ACTB,38557739,0.9872232178990576
15,MYBBP1A,38554584,0.9871654044053882
15,RPL35,38551892,0.9871075909117188
15,NRBP1,38550600,0.9870497774180493
15,EIF5B,38548923,0.9869919639243799
15,UBIAD1,38547922,0.9869341504307105
15,COX7A2L,38544196,0.9868763369370411
15,LINC00630,38539942,0.9868185234433717
15,EDF1,38537242,0.9867607099497022
15,SPPL2A,38534927,0.9867028964560328
15,SLC25A6,38534272,0.9866450829623634
15,ALPG,38532033,0.986587269468694
15,YWHAE,38519502,0.9865294559750246
15,SP4,38518581,0.9864716424813551
15,RPLP2,38511195,0.9864138289876857
15,RPRD2,38502232,0.9863560154940163
15,POP7,38500174,0.9862982020003469
15,TFAP2C,38490410,0.9862403885066775
15,NDUFB7,38484751,0.986182575013008
15,RPS23,38443553,0.9861247615193386
15,ADAMTSL4,38441939,0.9860669480256692
15,EIF2S3,38438870,0.9860091345319998
15,EEF1A1,38429630,0.9859513210383304
15,AAMP,38426151,0.9858935075446609
15,AL450998.1,38426060,0.9858356940509915
15,RPL19,38424645,0.9857778805573221
15,NFIC,38418858,0.9857200670636527
15,RPS19,38416940,0.9856622535699833
15,NDUFA11,38411578,0.9856044400763138
15,MRPL16,38409212,0.9855466265826444
15,NOC2L,38404926,0.985488813088975
15,WDR74,38398339,0.9854309995953056
15,NUDT1,38387864,0.9853731861016362
15,MLF2,38366368,0.9853153726079666
15,ARF6,38363890,0.9852575591142972
15,TRAM1,38358157,0.9851997456206278
15,SYNCRIP,38355812,0.9851419321269584
15,MIEF1,38351182,0.985084118633289
15,AL359258.1,38343142,0.9850263051396196
15,NPM1,38332169,0.9849684916459501
15,NLRP2,38325119,0.9849106781522807
15,ZFP57,38324445,0.9848528646586113
15,ANP32E,38312166,0.9847950511649419
15,RPS15,38303615,0.9847372376712725
15,NDST1,38297431,0.984679424177603
15,CDCA5,38297042,0.9846216106839336
15,AL357055.1,38296928,0.9845637971902642
15,NDUFA5,38296518,0.9845059836965948
15,VPS4A,38296164,0.9844481702029254
15,RPL27A,38294307,0.9843903567092559
15,SELENOK,38293281,0.9843325432155865
15,AFDN,38288468,0.9842747297219171
15,WAPL,38285181,0.9842169162282477
15,AC004086.1,38265401,0.9841591027345783
15,IMPDH1,38265232,0.9841012892409088
15,UBA6,38263135,0.9840434757472394
15,RPL4,38261207,0.98398566225357
15,CHTF18,38255827,0.9839278487599006
15,AC093840.1,38249614,0.9838700352662312
15,LBR,38247794,0.9838122217725617
15,RPL32,38243691,0.9837544082788923
15,JUP,38236637,0.9836965947852229
15,TLK1,38235593,0.9836387812915535
15,LRWD1,38223108,0.9835809677978841
15,TJP1,38218637,0.9835231543042146
15,EPCAM,38218463,0.9834653408105452
15,IREB2,38199485,0.9834075273168758
15,SLC39A3,38187304,0.9833497138232064
15,ARMT1,38183806,0.983291900329537
15,RPL15,38174965,0.9832340868358674
15,RPS4X,38173636,0.983176273342198
15,RPL37A,38164860,0.9831184598485286
15,MAST4,38162797,0.9830606463548592
15,APRT,38152900,0.9830028328611898
15,SLC25A39,38151649,0.9829450193675204
15,RPS14,38140897,0.9828872058738509
15,ATP5PF,38140066,0.9828293923801815
15,TBRG4,38139870,0.9827715788865121
15,PSMA4,38134146,0.9827137653928427
15,SET,38133145,0.9826559518991733
15,ALPP,38128265,0.9825981384055038
15,PSMD8,38127067,0.9825403249118344
15,HEG1,38124045,0.982482511418165
15,MIIP,38122617,0.9824246979244956
15,RPL5,38115467,0.9823668844308262
15,RPL36,38112692,0.9823090709371567
15,HSBP1P2,38107048,0.9822512574434873
15,ZFAND4,38103210,0.9821934439498179
15,TMPO,38097647,0.9821356304561485
15,CRYBG2,38093679,0.9820778169624791
15,TMEM214,38089167,0.9820200034688096
15,ERVV-2,38067786,0.9819621899751402
15,PGBD2,38059794,0.9819043764814708
15,B3GNT2,38059588,0.9818465629878014
15,FAM76A,38059344,0.981788749494132
15,KIF20B,38051078,0.9817309360004625
15,UQCRH,38050426,0.9816731225067931
15,PAIP2B,38048531,0.9816153090131237
15,AC131235.1,38043386,0.9815574955194543
15,CDH1,38027192,0.9814996820257849
15,SND1,38013199,0.9814418685321153
15,SMARCA5-AS1,37999200,0.981384055038446
15,RPL39,37996106,0.9813262415447765
15,NSA2,37995192,0.9812684280511071
15,RPL29,37994123,0.9812106145574377
15,BCCIP,37992740,0.9811528010637682
15,SMPD4,37984639,0.9810949875700988
15,AHCYP7,37975922,0.9810371740764294
15,RIPK4,37965021,0.98097936058276
15,RPS18,37952839,0.9809215470890906
15,MT-ATP8,37951268,0.9808637335954211
15,SIVA1,37938132,0.9808059201017517
15,MINDY2,37936798,0.9807481066080823
15,PGAM1,37935919,0.9806902931144129
15,RABEP1,37934617,0.9806324796207435
15,TTF2,37934467,0.9805746661270741
15,NDUFB5,37922532,0.9805168526334046
15,NDUFS6,37919196,0.9804590391397352
15,AOPEP,37918175,0.9804012256460658
15,COQ8A,37910502,0.9803434121523964
15,FOXD3,37905895,0.9790137017979996
15,LHX8,37905895,0.9790137017979996
15,PRR9,37905895,0.9790137017979996
15,CAMK1D,37905895,0.9790137017979996
15,SYT13,37905895,0.9790137017979996
15,TMTC1,37905895,0.9790137017979996
15,AC025884.1,37905895,0.9790137017979996
15,ZNF444P1,37905895,0.9790137017979996
15,FBXL22,37905895,0.9790137017979996
15,PSTPIP1,37905895,0.9790137017979996
15,CLCN7,37905895,0.9790137017979996
15,CASKIN1,37905895,0.9790137017979996
15,CBLN1,37905895,0.9790137017979996
15,AC009078.1,37905895,0.9790137017979996
15,AC138969.2,37905895,0.9790137017979996
15,ADGRG5,37905895,0.9790137017979996
15,IRF8,37905895,0.9790137017979996
15,TBC1D3D,37905895,0.9790137017979996
15,LINC01925,37905895,0.9790137017979996
15,NPIPB1P,37905895,0.9790137017979996
15,ONECUT2,37905895,0.9790137017979996
15,CIRBP-AS1,37905895,0.9790137017979996
15,SIX5,37905895,0.9790137017979996
15,AC005261.5,37905895,0.9790137017979996
15,MZF1,37905895,0.9790137017979996
15,MFSD6,37905895,0.9790137017979996
15,KIAA2012,37905895,0.9790137017979996
15,PARD3B,37905895,0.9790137017979996
15,MATN4,37905895,0.9790137017979996
15,DAZL,37905895,0.9790137017979996
15,LRIT3,37905895,0.9790137017979996
15,EXOC3-AS1,37905895,0.9790137017979996
15,DMGDH,37905895,0.9790137017979996
15,NEUROG1,37905895,0.9790137017979996
15,OSMR,37905895,0.9790137017979996
15,PLAGL1,37905895,0.9790137017979996
15,AC004129.1,37905895,0.9790137017979996
15,AC034114.2,37905895,0.9790137017979996
15,SDC2,37905895,0.9790137017979996
15,GNE,37905895,0.9790137017979996
15,CAVIN4,37905895,0.9790137017979996
15,TSPY13P,37905895,0.9790137017979996
15,VCY,37905895,0.9790137017979996
15,TSPY2,37905895,0.9790137017979996
15,TXLNGY,37905895,0.9790137017979996
15,NSUN5,37903720,0.977683991443603
15,GUF1,37901764,0.9776261779499336
15,GMCL1,37898407,0.977568364456264
15,CSTB,37890468,0.9775105509625946
15,HNRNPA1P52,37889304,0.9774527374689252
15,AL691432.3,37889109,0.9768167890385616
15,RNU5D-1,37889109,0.9768167890385616
15,AL354714.3,37889109,0.9768167890385616
15,RF00003-6,37889109,0.9768167890385616
15,C1orf54,37889109,0.9768167890385616
15,OBSCN,37889109,0.9768167890385616
15,AP001350.2,37889109,0.9768167890385616
15,AVIL,37889109,0.9768167890385616
15,AC135068.6,37889109,0.9768167890385616
15,GRIN2A,37889109,0.9768167890385616
15,ABCC3,37889109,0.9768167890385616
15,DGKE,37889109,0.9768167890385616
15,AP001542.3,37889109,0.9768167890385616
15,C2CD4C,37889109,0.9768167890385616
15,AC006273.1,37889109,0.9768167890385616
15,ANGPT4,37889109,0.9768167890385616
15,RPSAP1,37889109,0.9768167890385616
15,ART3,37889109,0.9768167890385616
15,GCNT4,37889109,0.9768167890385616
15,U91328.1,37889109,0.9768167890385616
15,KIF12,37889109,0.9768167890385616
15,PLEKHH3,37888250,0.976180840608198
15,CDK2AP2,37882578,0.9761230271145286
15,REV3L,37882088,0.9760652136208591
15,DDX21,37880633,0.9760074001271897
15,AC233279.1,37879743,0.9759495866335203
15,TCF19,37877674,0.9758917731398509
15,STX18,37877026,0.9758339596461815
15,AC078991.1,37873585,0.975776146152512
15,RPS19P1,37873140,0.9757183326588426
15,RPL27,37870245,0.9756605191651732
15,DDX18,37867381,0.9756027056715038
15,IFRD2,37845977,0.9755448921778344
15,RPL7A,37828942,0.9754870786841648
15,NDUFB10,37826900,0.9754292651904954
15,ATP6V0E1,37824552,0.975371451696826
15,YWHAH,37820401,0.9753136382031566
15,GOLIM4,37818105,0.9752558247094872
15,HSD17B10,37814934,0.9751980112158177
15,EIF4H,37813679,0.9751401977221483
15,LAMB1,37812936,0.9750823842284789
15,GPX4,37812284,0.9750245707348095
15,NACA,37806390,0.9749667572411401
15,ACSL3,37804088,0.9749089437474706
15,GEMIN4,37803105,0.9748511302538012
15,RPL24P4,37793240,0.9747933167601318
15,RACK1,37788699,0.9747355032664624
15,MVD,37787147,0.974677689772793
15,RNASEH2C,37784059,0.9746198762791235
15,PFKL,37783084,0.9745620627854541
15,SLBP,37779272,0.9745042492917847
15,Z74021.1,37778435,0.9744464357981153
15,SHROOM2,37778212,0.9743886223044459
15,ATP1B1,37777435,0.9743308088107764
15,GPATCH3,37775430,0.974272995317107
15,PDCL3P7,37775320,0.9742151818234376
15,YES1,37769950,0.9741573683297682
15,R3HCC1,37768381,0.9740995548360988
15,NDFIP2,37768106,0.9740417413424293
15,NDUFS7,37752503,0.9739839278487599
15,FTL,37751928,0.9739261143550905
15,RAP1B,37744472,0.9738683008614211
15,RREB1,37734443,0.9738104873677517
15,VCP,37730700,0.9737526738740823
15,NUBP2,37729603,0.9736948603804128
15,ARFGAP1,37727194,0.9736370468867434
15,RPP40,37724032,0.973579233393074
15,ATP5F1D,37713444,0.9735214198994045
15,LAMTOR1,37712388,0.9734636064057351
15,SEPT9,37709670,0.9734057929120656
15,IGBP1,37702379,0.9733479794183962
15,TAF1D,37695348,0.9732901659247268
15,RPL26,37695324,0.9732323524310574
15,ERICH6-AS1,37693305,0.973174538937388
15,RPS12,37692691,0.9731167254437185
15,URB1-AS1,37684328,0.9730589119500491
15,CYP1B1,37682049,0.9730010984563797
15,C11orf58,37680224,0.9729432849627103
15,EIF3F,37677977,0.9728854714690409
15,LSM4,37676055,0.9728276579753714
15,RPS3A,37675171,0.972769844481702
15,ZNF718,37667561,0.9727120309880326
15,TXNP4,37665548,0.9726542174943632
15,AC016739.1,37662582,0.9725964040006938
15,RPL11,37661056,0.9725385905070243
15,ZNF644,37660268,0.9724807770133549
15,TUBA1C,37652536,0.9724229635196855
15,FMR1,37645057,0.9723651500260161
15,RPL37,37642189,0.9723073365323467
15,RPL10A,37640594,0.9722495230386772
15,IL2RB,37639682,0.9721917095450078
15,SPCS3,37636081,0.9721338960513384
15,PHF3,37632892,0.972076082557669
15,AL669983.1,37630369,0.9720182690639996
15,STK16,37629181,0.9719604555703301
15,SLC16A1,37627166,0.9719026420766607
15,RPL12,37616690,0.9718448285829913
15,RPS28,37615653,0.9717870150893219
15,FAF2,37598887,0.9717292015956525
15,RPL3P7,37596311,0.9716713881019831
15,POLR1B,37595953,0.9716135746083135
15,MARCH6,37593880,0.9715557611146441
15,EXOSC8,37588703,0.9714979476209747
15,HMGB1,37586710,0.9714401341273053
15,SNAP29,37584410,0.9713823206336359
15,GJA1,37578770,0.9713245071399664
15,GANAB,37577092,0.971266693646297
15,ACAD8,37573475,0.9712088801526276
15,ELK4,37572287,0.9711510666589582
15,SP2,37568225,0.9710932531652888
15,STK32B,37566776,0.9710354396716193
15,PSMC3,37562208,0.9709776261779499
15,DAAM1,37561061,0.9709198126842805
15,RPL3P4,37560859,0.9708619991906111
15,NDUFB11,37560549,0.9708041856969417
15,PRAMEF11,37559130,0.9694166618488755
15,PRAMEF10,37559130,0.9694166618488755
15,PRAMEF12,37559130,0.9694166618488755
15,PRAMEF7,37559130,0.9694166618488755
15,PRAMEF9,37559130,0.9694166618488755
15,PRAMEF31P,37559130,0.9694166618488755
15,PRAMEF5,37559130,0.9694166618488755
15,PRAMEF33,37559130,0.9694166618488755
15,PRAMEF17,37559130,0.9694166618488755
15,CDK18,37559130,0.9694166618488755
15,RYR2,37559130,0.9694166618488755
15,HSPA12A,37559130,0.9694166618488755
15,OR6D1P,37559130,0.9694166618488755
15,LDHC,37559130,0.9694166618488755
15,AC126177.5,37559130,0.9694166618488755
15,ZAR1L,37559130,0.9694166618488755
15,SPATA13,37559130,0.9694166618488755
15,AL512356.3,37559130,0.9694166618488755
15,NBEAP1,37559130,0.9694166618488755
15,CTRB2,37559130,0.9694166618488755
15,AC127496.1,37559130,0.9694166618488755
15,BAIAP2-DT,37559130,0.9694166618488755
15,AC114341.2,37559130,0.9694166618488755
15,FHOD3,37559130,0.9694166618488755
15,MBD3L2B,37559130,0.9694166618488755
15,DUXA,37559130,0.9694166618488755
15,MBD3L2,37559130,0.9694166618488755
15,APLF,37559130,0.9694166618488755
15,BBS5,37559130,0.9694166618488755
15,AL109840.2,37559130,0.9694166618488755
15,AL049541.1,37559130,0.9694166618488755
15,SCN5A,37559130,0.9694166618488755
15,LINC01208,37559130,0.9694166618488755
15,HNRNPA1P67,37559130,0.9694166618488755
15,AC113410.4,37559130,0.9694166618488755
15,LINC02240,37559130,0.9694166618488755
15,SLC2A12,37559130,0.9694166618488755
15,AL590550.1,37559130,0.9694166618488755
15,GTF2IRD2,37559130,0.9694166618488755
15,STK31,37559130,0.9694166618488755
15,ZNF679,37559130,0.9694166618488755
15,CDHR3,37559130,0.9694166618488755
15,C8orf82,37559130,0.9694166618488755
15,PDLIM2,37559130,0.9694166618488755
15,PPP1R26,37559130,0.9694166618488755
15,GPR143,37559130,0.9694166618488755
15,SSX4,37559130,0.9694166618488755
15,TSTA3,37555861,0.9680291380008094
15,RPL17-C18orf32,37549501,0.96797132450714
15,CIAO2A,37548841,0.9679135110134706
15,EEF1B2P2,37548507,0.9678556975198012
15,RPL4P5,37547872,0.9677978840261316
15,DDI2,37546685,0.9677400705324622
15,RBM8A,37537276,0.9676822570387928
15,MDM4,37527430,0.9676244435451234
15,CHD3,37525793,0.967566630051454
15,MEA1,37522512,0.9675088165577845
15,DDX49,37514097,0.9674510030641151
15,NABP2,37510674,0.9673931895704457
15,RPS4XP6,37510582,0.9673353760767763
15,ARF1,37510491,0.9672775625831069
15,ANKS3,37510018,0.9672197490894374
15,RPS21,37509296,0.967161935595768
15,PRR22,37500716,0.9671041221020986
15,ATP13A3,37497294,0.9670463086084292
15,DCLRE1A,37495477,0.9669884951147598
15,TRAP1,37494682,0.9669306816210904
15,SLC7A5,37492855,0.9668728681274209
15,CHMP1A,37492000,0.9668150546337515
15,RPS7,37489154,0.9667572411400821
15,MRPL33,37479961,0.9666994276464127
15,MRPL37,37476591,0.9666416141527433
15,PPIAP29,37474885,0.9665838006590738
15,RRP12,37472882,0.9665259871654044
15,FLNB,37472237,0.966468173671735
15,BCKDK,37469855,0.9664103601780656
15,TKT,37460181,0.9663525466843962
15,MT-TM,37458969,0.9662947331907267
15,SYNGR3,37458763,0.9662369196970573
15,FAM49B,37455443,0.9661791062033879
15,DDX6,37452687,0.9661212927097185
15,RPS8,37451427,0.9660634792160491
15,MIF,37449047,0.9660056657223796
15,CNIH4,37443738,0.9659478522287102
15,RBM23,37442290,0.9658900387350408
15,PLBD1,37441243,0.9658322252413714
15,SSB,37436985,0.965774411747702
15,MVK,37433672,0.9657165982540324
15,MPC1,37430633,0.965658784760363
15,G6PD,37429455,0.9656009712666936
15,AC091057.1,37426453,0.9655431577730242
15,SSBP1,37415337,0.9654853442793548
15,TBL3,37414559,0.9654275307856853
15,ZFR,37413833,0.9653697172920159
15,RPL30,37412543,0.9653119037983465
15,FRAS1,37412205,0.9652540903046771
15,TMA16,37409521,0.9651962768110077
15,WASF1,37409372,0.9651384633173382
15,NOC2LP1,37409061,0.9650806498236688
15,NIPA2,37407810,0.9650228363299994
15,CLPP,37405766,0.96496502283633
15,AL121772.1,37399139,0.9649072093426606
15,ATP6V0D1,37397728,0.9648493958489912
15,LSM5,37394996,0.9647915823553217
15,ORC2,37392837,0.9647337688616523
15,SRD5A3,37392178,0.9646759553679829
15,CFAP97,37391398,0.9646181418743135
15,FOXI3,37387185,0.9645603283806441
15,UBA52,37374542,0.9645025148869746
15,MRPS14,37373100,0.9644447013933052
15,PAPOLA,37367947,0.9643868878996358
15,TRAF2,37358425,0.9643290744059664
15,GTSF1,37346315,0.964271260912297
15,SLC7A4,37345329,0.9642134474186275
15,PPIAP59,37340436,0.9641556339249581
15,CDK7P1,37340112,0.9640978204312887
15,TAGLN2,37339024,0.9640400069376193
15,TUBA1B,37335654,0.9639821934439499
15,PRPF6,37333688,0.9639243799502804
15,MTCO2P22,37329438,0.963866566456611
15,ANKRD62,37329424,0.9638087529629416
15,COX6C,37325333,0.9637509394692721
15,CDC123,37323333,0.9636931259756027
15,VPS26A,37320896,0.9636353124819332
15,CEP350,37313068,0.9635774989882638
15,SLC44A2,37302251,0.9635196854945944
15,S100A11,37300890,0.963461872000925
15,EIF4A2,37300760,0.9634040585072556
15,SDHAF4,37298054,0.9633462450135861
15,ATP5F1C,37291893,0.9632884315199167
15,TIMM10,37290921,0.9632306180262473
15,ARHGAP11A,37286577,0.9631728045325779
15,AP3S1,37285539,0.9631149910389085
15,TMEM209,37285498,0.963057177545239
15,ATP5F1AP3,37284455,0.9629993640515696
15,RCN2,37284299,0.9629415505579002
15,LRRCC1,37280775,0.9628837370642308
15,TMCO1,37280675,0.9628259235705614
15,ARGLU1,37275228,0.9627681100768919
15,CXXC1,37274766,0.9627102965832225
15,ZNF75D,37261931,0.9626524830895531
15,EXPH5,37260670,0.9625946695958837
15,KRT18,37260114,0.9625368561022143
15,NDUFS5,37257783,0.9624790426085449
15,SMARCC1,37257485,0.9624212291148754
15,SRP14,37256956,0.962363415621206
15,HIPK3,37253483,0.9623056021275366
15,RAB10,37253185,0.9622477886338672
15,Z68871.1,37252805,0.9621899751401978
15,MARCH7,37252750,0.9621321616465283
15,UQCRHL,37252597,0.9620743481528589
15,SELENOP,37249205,0.9620165346591895
15,VSIG10,37248068,0.9619587211655201
15,NCAPH2,37247725,0.9619009076718507
15,TRPM4,37247682,0.9618430941781811
15,NLRP7,37246816,0.9617852806845117
15,JPT1,37246407,0.9617274671908423
15,DNAJC3,37243313,0.9616696536971729
15,SRSF6,37242139,0.9616118402035035
15,NME2P1,37239186,0.961554026709834
15,SPRYD7,37238435,0.9614962132161646
15,DDX3X,37237473,0.9614383997224952
15,PPIF,37231922,0.9613805862288258
15,CIAO2B,37227981,0.9613227727351564
15,ISOC2,37223408,0.9612649592414869
15,EXOSC5,37220669,0.9612071457478175
15,RAN,37217159,0.9611493322541481
15,AFF4,37210610,0.9610915187604787
15,RPSA,37208264,0.9610337052668093
15,WDR45B,37207536,0.9609758917731398
15,ATP1A1,37205519,0.9609180782794704
15,FLVCR1,37202498,0.960860264785801
15,HSPB8,37201398,0.9608024512921316
15,GLTP,37189333,0.9607446377984622
15,ARPC2,37187251,0.9606868243047927
15,TRAPPC11,37185017,0.9606290108111233
15,UTRN,37179692,0.9605711973174539
15,CCNC,37179204,0.9605133838237845
15,SCAF11,37178539,0.9604555703301151
15,NAA20,37175500,0.9603977568364457
15,RRP15,37173476,0.9603399433427762
15,DHX37,37170960,0.9602821298491068
15,INTS11,37168137,0.9602243163554374
15,ACTG1P19,37167191,0.960166502861768
15,SNRK,37165884,0.9601086893680986
15,SDHB,37164324,0.960050875874429
15,KCNC3,37161349,0.9599930623807597
15,CAPN1,37160050,0.9599352488870903
15,MZT1,37151007,0.9598774353934209
15,NME2,37150043,0.9598196218997515
15,AQP3,37143625,0.9597618084060819
15,ZBTB48,37138483,0.9597039949124125
15,INAVA,37137650,0.9596461814187431
15,FAM107B,37136271,0.9595883679250737
15,NUTM1,37135605,0.9595305544314043
15,DBI,37134857,0.9594727409377348
15,RPS9,37134186,0.9594149274440654
15,TTC4,37131334,0.959357113950396
15,TBCA,37130065,0.9592993004567266
15,HSBP1,37128731,0.9592414869630572
15,DSC2,37123688,0.9591836734693877
15,MYO1C,37121953,0.9591258599757183
15,CACYBP,37121584,0.9590680464820489
15,S100A16,37119931,0.9590102329883795
15,NCL,37119749,0.9589524194947101
15,DDX56,37118342,0.9588946060010406
15,NOD1,37117313,0.9588367925073712
15,SUPV3L1,37111543,0.9587789790137018
15,MYADM,37111173,0.9587211655200324
15,EIF4G2,37109387,0.958663352026363
15,MRPS12,37106197,0.9586055385326935
15,CALM2,37105791,0.9585477250390241
15,ROMO1,37099853,0.9584899115453547
15,CCT3,37098656,0.9584320980516853
15,LSM3,37096976,0.9583742845580159
15,MYL6P3,37096513,0.9583164710643464
15,UBE2V2,37094437,0.958258657570677
15,QKI,37093974,0.9582008440770076
15,DPF2,37093779,0.9581430305833382
15,RIF1,37092383,0.9580852170896688
15,SUZ12,37092296,0.9580274035959994
15,GRWD1,37090394,0.9579695901023298
15,RFPL4B,37088476,0.9579117766086604
15,SERP1,37080118,0.957853963114991
15,FKBP4,37077849,0.9577961496213216
15,FLRT2,37076632,0.9577383361276522
15,PRDX3,37074320,0.9576805226339827
15,SUCLG1,37070620,0.9576227091403133
15,EWSR1,37069420,0.9575648956466439
15,UBE2Z,37067474,0.9575070821529745
15,YIPF3,37066961,0.9574492686593051
15,AC073465.1,37066377,0.9573914551656356
15,ALS2,37058751,0.9573336416719662
15,PDRG1,37058695,0.9572758281782968
15,MAD2L1,37057609,0.9572180146846274
15,CLPTM1,37055995,0.957160201190958
15,KRTCAP2,37054136,0.9571023876972885
15,ITM2B,37049956,0.9570445742036191
15,ZNF672,37049952,0.9569867607099497
15,AC048334.1,37048860,0.9569289472162803
15,HIC2,37048853,0.9568711337226109
15,RPF2,37046904,0.9568133202289414
15,PARVA,37046742,0.956755506735272
15,CCDC117,37044110,0.9566976932416026
15,ANKRD16,37043304,0.9566398797479332
15,SF3B1,37040343,0.9565820662542638
15,CYP11A1,37034572,0.9565242527605943
15,AC107032.1,37033869,0.9564664392669249
15,POLR2I,37033231,0.9564086257732555
15,SUSD2,37031682,0.9563508122795861
15,HSP90AA4P,37030040,0.9562929987859167
15,GSTP1,37024767,0.9562351852922472
15,LEMD3,37023408,0.9561773717985778
15,SYNE2,37022202,0.9561195583049084
15,UBXN1,37018698,0.956061744811239
15,FILNC1,37018408,0.9560039313175696
15,NOLC1,37017852,0.9559461178239
15,RPL5P34,37017430,0.9558883043302306
15,HERC2P3,37014508,0.9558304908365612
15,SOX4,37012040,0.9557726773428918
15,ABCC4,37009535,0.9557148638492224
15,TGFBR3,37008580,0.955657050355553
15,CDC42EP1,37007662,0.9555992368618835
15,TIMM50,37003806,0.9555414233682141
15,AC010970.1,37002080,0.9554836098745447
15,CBX3,37000424,0.9554257963808753
15,BRIX1,36997851,0.9553679828872059
15,LRATD2,36997100,0.9553101693935364
15,SNRPB,36994481,0.955252355899867
15,DHX30,36993217,0.9551945424061976
15,PPFIBP1,36989980,0.9551367289125282
15,S100A6,36988178,0.9550789154188588
15,ANO10,36986561,0.9550211019251893
15,SPTBN1,36986457,0.9549632884315199
15,ANKRD13D,36985783,0.9549054749378505
15,TXN,36985289,0.9548476614441811
15,SLC35A1,36984321,0.9547898479505117
15,SLC39A7,36982673,0.9547320344568422
15,CTPS1,36982300,0.9546742209631728
15,KCNJ3,36977259,0.9546164074695034
15,NEK7,36968069,0.954558593975834
15,TUBBP1,36966174,0.9545007804821646
15,SRRM1,36961245,0.9544429669884951
15,PI4KAP2,36958860,0.9543851534948257
15,UBL7,36955810,0.9543273400011563
15,ZCCHC14,36954289,0.9542695265074869
15,PSAP,36953991,0.9542117130138175
15,PFKP,36953608,0.954153899520148
15,TAOK1,36947590,0.9540960860264786
15,YWHAZ,36945850,0.9540382725328092
15,AC004156.1,36944121,0.9539804590391397
15,ORC1,36944113,0.9539226455454703
15,PNPT1,36943367,0.9538648320518008
15,VMP1,36943179,0.9538070185581314
15,GATA3,36941721,0.953749205064462
15,AC114491.1,36936583,0.9536913915707926
15,TPMT,36936345,0.9536335780771232
15,LLPH,36935048,0.9535757645834538
15,MPDU1,36928754,0.9535179510897843
15,ARMC6,36927221,0.9534601375961149
15,GNPDA1,36924576,0.9534023241024455
15,EME1,36922418,0.9533445106087761
15,PEAK1,36919558,0.9532866971151067
15,DCUN1D1,36914240,0.9532288836214372
15,DUSP7,36911747,0.9531710701277678
15,ZNF121,36911447,0.9531132566340984
15,SOS1,36908213,0.953055443140429
15,RPL35A,36905163,0.9529976296467596
15,NAA10,36904878,0.9529398161530901
15,DDX23,36903136,0.9528820026594207
15,PCAT1,36902771,0.9528241891657513
15,CSNK2B,36902604,0.9527663756720819
15,PRMT1,36902205,0.9527085621784125
15,PSMB6,36901998,0.952650748684743
15,MAP2K3,36894884,0.9525929351910736
15,APOA1,36894480,0.9525351216974042
15,PPP3CA,36893567,0.9524773082037348
15,LSM2,36890996,0.9524194947100654
15,DCTN1,36890246,0.9523616812163959
15,TMA7,36888785,0.9523038677227265
15,HSPA8,36886061,0.9522460542290571
15,NUDC,36884954,0.9521882407353877
15,EARS2,36883884,0.9521304272417183
15,NCBP2AS2,36883803,0.9520726137480487
15,TMA16P1,36880908,0.9520148002543793
15,KLHL18,36878204,0.95195698676070994
15,PKN2,36873846,0.9518991732670405
15,BPTF,36871569,0.9518413597733711
15,UTP6,36870762,0.9517835462797016
15,LSS,36869395,0.9517257327860322
15,NUP188,36864524,0.9516679192923628
15,CHD1,36862414,0.9516101057986934
15,RASSF3,36862175,0.951552292305024
15,ACO2,36860737,0.9514944788113545
15,SORT1,36859133,0.9514366653176851
15,KRT8P17,36858559,0.9513788518240157
15,TMX1,36858455,0.9513210383303463
15,C20orf27,36857667,0.9512632248366769
15,MAP1S,36853214,0.9512054113430075
15,PRDX1,36849906,0.951147597849338
15,PRKCD,36843662,0.9510897843556686
15,RASGRP2,36836509,0.9510319708619992
15,NAPA,36836331,0.9509741573683298
15,RHOG,36834473,0.9509163438746604
15,CENPX,36833524,0.9508585303809909
15,RPL13,36832010,0.9508007168873215
15,PHKG2,36829098,0.9507429033936521
15,RYBP,36827727,0.9506850898999827
15,RPL5P3,36823956,0.9506272764063133
15,ERP29,36817077,0.9505694629126438
15,RHEBL1,36814446,0.9505116494189744
15,AFG3L1P,36812317,0.950453835925305
15,RPL14,36812247,0.9503960224316356
15,KEAP1,36811933,0.9503382089379662
15,PSPC1,36811268,0.9502803954442967
15,AC091429.1,36810822,0.9502225819506273
15,UBL4A,36809456,0.9501647684569579
15,DMAC2L,36808428,0.9501069549632885
15,RPLP0,36806736,0.950049141469619
15,NDUFA6,36804904,0.9499913279759495
15,SUN1,36804375,0.9499335144822801
15,NSUN2,36804334,0.9498757009886107
15,PRSS8,36799203,0.9498178874949413
15,RBM14,36798781,0.9497600740012719
15,RPL41,36797187,0.9497022605076024
15,DIAPH1,36797088,0.949644447013933
15,INSIG1,36792863,0.9495866335202636
15,TYW1,36791809,0.9495288200265942
15,CYBC1,36790536,0.9494710065329248
15,CENPF,36789470,0.9494131930392553
15,AL451081.2,36787302,0.9493553795455859
15,TIMM13,36783014,0.9492975660519165
15,AC083873.1,36782146,0.9492397525582471
15,OSBPL8,36781864,0.9491819390645777
15,GLUD1,36781284,0.9491241255709082
15,LAMA1,36779328,0.9490663120772388
15,AC079250.1,36775820,0.9490084985835694
15,GPC1,36775117,0.9489506850899
15,UQCRQ,36774827,0.9488928715962306
15,MARS,36773660,0.9488350581025612
15,AC073534.1,36772474,0.9487772446088917
15,GIGYF1,36772111,0.9487194311152223
15,DSG2,36771707,0.9486616176215529
15,RELA,36769875,0.9486038041278835
15,GPI,36767354,0.9485459906342141
15,RANBP1,36766641,0.9484881771405446
15,UQCRC1,36763264,0.9484303636468752
15,NANS,36763003,0.9483725501532058
15,TAF11,36762023,0.9483147366595364
15,UBE2H,36758866,0.948256923165867
15,RANGAP1,36751688,0.9481991096721974
15,PEPD,36750482,0.948141296178528
15,PRELID3B,36747911,0.9480834826848586
15,TRIM2,36747552,0.9480256691911892
15,SKIL,36746855,0.9479678556975198
15,AL359837.1,36746325,0.9479100422038503
15,ZNF770,36746060,0.9478522287101809
15,COX4I1,36745857,0.9477944152165115
15,MFSD14B,36745682,0.9477366017228421
15,WDR55,36741788,0.9476787882291727
15,TSR1,36740478,0.9476209747355032
15,RTKN,36738134,0.9475631612418338
15,PPP1R3B,36736884,0.9475053477481644
15,HCFC1,36736485,0.947447534254495
15,PFDN4,36735947,0.9473897207608256
15,CETN2,36733511,0.9473319072671561
15,BARD1,36731864,0.9472740937734867
15,EHMT2,36731753,0.9472162802798173
15,ASNSD1,36731446,0.9471584667861479
15,PPP1CB,36729671,0.9471006532924785
15,SOAT1,36721722,0.947042839798809
15,TIMM17A,36720481,0.9469850263051396
15,MRPL20-AS1,36719876,0.9469272128114702
15,MCRIP1,36719865,0.9468693993178008
15,CCDC124,36716319,0.9468115858241314
15,RPS29,36715829,0.946753772330462
15,TNPO1,36715485,0.9466959588367925
15,CIDEC,36711364,0.9466381453431231
15,CCDC137,36705309,0.9465803318494537
15,LARP7,36701849,0.9465225183557843
15,DNAJA1P2,36699862,0.9464647048621149
15,YEATS2,36698987,0.9464068913684454
15,CHPF2,36697909,0.946349077874776
15,STOML2,36696010,0.9462912643811066
15,DCUN1D4,36691981,0.9462334508874372
15,BTF3P13,36690984,0.9461756373937678
15,PTPRF,36690058,0.9461178239000982
15,MLXIP,36688194,0.9460600104064288
15,MT-ND4L,36687388,0.9460021969127594
15,C5orf30,36686903,0.94594438341909
15,SLC1A3,36685804,0.9458865699254206
15,NTMT1,36683480,0.9458287564317511
15,RHOC,36679858,0.9457709429380817
15,AC096733.2,36677804,0.9457131294444123
15,NHP2,36675289,0.9456553159507429
15,UBAP1L,36674953,0.9455975024570735
15,MAGED1,36674863,0.945539688963404
15,DNAJC15,36674494,0.9454818754697346
15,ZNF106,36673379,0.9454240619760652
15,RAE1,36671801,0.9453662484823958
15,SLC30A7,36670838,0.9453084349887264
15,NASP,36669809,0.9452506214950569
15,SLC7A2,36666447,0.9451928080013875
15,ENY2,36665503,0.9451349945077181
15,AL591845.1,36656961,0.9450771810140487
15,COMMD8,36656678,0.9450193675203793
15,PECAM1,36655841,0.9449615540267098
15,OSGEP,36655793,0.9449037405330404
15,ABCG8,36655239,0.944845927039371
15,MYH10,36655071,0.9447881135457016
15,MYO10,36654113,0.9447303000520322
15,RPL6P27,36652735,0.9446724865583627
15,MAFG,36650107,0.9446146730646933
15,H3F3C,36648625,0.9445568595710239
15,MT1XP1,36647748,0.9444990460773545
15,SNHG12,36647180,0.9444412325836851
15,RPL23P2,36644889,0.9443834190900157
15,ATP5MC3,36644821,0.9443256055963462
15,ADPRHL2,36641183,0.9442677921026768
15,CPVL,36638330,0.9442099786090073
15,TRAPPC2L,36637446,0.944152165115338
15,PRPF38AP2,36637146,0.9440943516216685
15,DTX2,36631111,0.944036538127999
15,EIF3L,36629908,0.9439787246343296
15,GAPDHP1,36629060,0.9439209111406602
15,ABRACL,36626189,0.9438630976469908
15,MDH2,36626131,0.9438052841533214
15,RPL13AP5,36626026,0.9437474706596519
15,SGTA,36625856,0.9436896571659825
15,RPL7P6,36625247,0.9436318436723131
15,POMP,36623498,0.9435740301786437
15,EEF1D,36619365,0.9435162166849743
15,RPS2,36619324,0.9434584031913048
15,RCL1,36617038,0.9434005896976354
15,STIP1,36614416,0.943342776203966
15,POLR2K,36610183,0.9432849627102966
15,LNX1,36606773,0.9432271492166272
15,CD53,36604276,0.9431693357229577
15,SMAD5,36604212,0.9431115222292883
15,AC005993.1,36602875,0.9430537087356189
15,TKTL1,36599225,0.9429958952419495
15,KRT8P31,36598880,0.9429380817482801
15,DSG3,36597524,0.9428802682546106
15,CHORDC1,36596574,0.9428224547609412
15,FBXW7,36592786,0.9427646412672718
15,TPCN2,36586833,0.9427068277736024
15,PROM1,36584369,0.942649014279933
15,RPS13,36583962,0.9425912007862635
15,AC068134.2,36583691,0.9425333872925941
15,UQCRC2,36581116,0.9424755737989247
15,SRRD,36578584,0.9424177603052553
15,TNRC6B,36577960,0.9423599468115859
15,SLC35A4,36577613,0.9423021333179165
15,FAM162A,36576977,0.942244319824247
15,CRELD2,36576640,0.9421865063305775
15,CYHR1,36574648,0.9421286928369081
15,HMGXB4,36573880,0.9420708793432387
15,CCND3,36573231,0.9420130658495693
15,AC245100.3,36565786,0.9419552523558998
15,BCLAF1,36564621,0.9418974388622304
15,INPP5F,36564523,0.941839625368561
15,MMS22L,36562915,0.9417818118748916
15,ETS2,36558879,0.9417239983812222
15,DHRS11,36555744,0.9416661848875527
15,CORO2A,36555321,0.9416083713938833
15,COA7,36554669,0.9415505579002139
15,NDUFB3,36554018,0.9414927444065445
15,MT-TL1,36551659,0.9414349309128751
15,AURKAIP1,36551244,0.9413771174192056
15,CHMP2B,36548903,0.9413193039255362
15,SHISA5,36548689,0.9412614904318668
15,CCDC14,36546100,0.9412036769381974
15,ISCU,36545223,0.941145863444528
15,NOP58,36542885,0.9410880499508585
15,AP4E1,36541479,0.9410302364571891
15,RBBP6,36538591,0.9409724229635197
15,KANSL1,36537007,0.9409146094698503
15,EIF3G,36534473,0.9408567959761809
15,SURF6,36533021,0.9407989824825114
15,PHF23,36532989,0.940741168988842
15,CHD8,36527264,0.9406833554951726
15,CHP1,36526641,0.9406255420015032
15,GALK1,36525552,0.9405677285078338
15,EIF3IP1,36524723,0.9405099150141643
15,GEMIN5,36524514,0.9404521015204949
15,SNU13,36522861,0.9403942880268255
15,NDUFB8,36521125,0.940336474533156
15,LINC01162,36520320,0.9402786610394867
15,MRPL13,36517665,0.9402208475458171
15,DCP1B,36517545,0.9401630340521477
15,PAFAH1B3,36514643,0.9401052205584783
15,NR2C2AP,36514604,0.9400474070648089
15,RPUSD3,36513403,0.9399895935711395
15,PIN1,36511833,0.9399317800774701
15,NDUFS3,36511577,0.9398739665838006
15,SETD9,36510802,0.9398161530901312
15,ODC1,36509414,0.9397583395964618
15,RPL13P12,36509115,0.9397005261027924
15,PLCB3,36508763,0.939642712609123
15,SON,36506571,0.9395848991154535
15,STARD10,36504280,0.9395270856217841
15,AL132656.2,36503876,0.9394692721281147
15,CCDC86,36501566,0.9394114586344453
15,LLGL2,36500786,0.9393536451407759
15,RPL31,36500144,0.9392958316471064
15,MRPS18C,36496502,0.939238018153437
15,VTA1,36494427,0.9391802046597676
15,NDUFV1,36493451,0.9391223911660982
15,RAB25,36492371,0.9390645776724288
15,FUT3,36489844,0.9390067641787593
15,H2AFX,36486735,0.9389489506850899
15,DYNC1I2,36482954,0.9388911371914205
15,IQGAP3,36480759,0.9388333236977511
15,MRPL50,36479696,0.9387755102040817
15,OBSL1,36478583,0.9387176967104122
15,TIMM8B,36476870,0.9386598832167428
15,EIF3D,36474597,0.9386020697230734
15,PDIA6,36474285,0.938544256229404
15,EIF2S2,36472112,0.9384864427357346
15,FBXW5,36471704,0.938428629242065
15,ZNF384,36470815,0.9383708157483956
15,RSL24D1,36469909,0.9383130022547262
15,TLR7,36466875,0.9382551887610568
15,TMEM143,36464819,0.9381973752673874
15,LDHB,36464774,0.9381395617737179
15,SLC6A19,36463570,0.9380817482800485
15,NR6A1,36460502,0.9380239347863791
15,HTATSF1,36458104,0.9379661212927097
15,NDUFB4,36458034,0.9379083077990403
15,HSP90AA6P,36457958,0.9378504943053708
15,PFAS,36456757,0.9377926808117014
15,YWHAB,36455309,0.937734867318032
15,OXSR1,36455282,0.9376770538243626
15,MKI67,36454765,0.9376192403306932
15,LAMP2,36450685,0.9375614268370238
15,LSM10,36449204,0.9375036133433543
15,CHST12,36447417,0.9374457998496849
15,NAP1L4,36446005,0.9373879863560155
15,AP1B1,36445351,0.9373301728623461
15,HIST1H1A,36444256,0.9372723593686767
15,RPL36AL,36441192,0.9372145458750072
15,SETDB2,36439638,0.9371567323813378
15,ZNF138,36437260,0.9370989188876684
15,CRABP2,36435063,0.937041105393999
15,AL031864.2,36433840,0.9369832919003296
15,SH3BP5L,36432092,0.9369254784066601
15,DYM,36429030,0.9368676649129907
15,HIST1H2BC,36427867,0.9368098514193213
15,MYCBP,36427370,0.9367520379256519
15,SYS1,36425088,0.9366942244319825
15,MRPS22,36423955,0.936636410938313
15,MRNIP,36423312,0.9365785974446436
15,PHB2P1,36420829,0.9365207839509742
15,SLC3A2,36419708,0.9364629704573048
15,NSDHL,36414491,0.9364051569636354
15,CSNK1D,36414081,0.9363473434699658
15,FAM193A,36412068,0.9362895299762964
15,NOP16,36411553,0.936231716482627
15,PAN3,36410948,0.9361739029889576
15,CEP164,36408708,0.9361160894952882
15,KTN1-AS1,36407884,0.9360582760016187
15,NUP155,36407015,0.9360004625079493
15,ASF1A,36406197,0.9359426490142799
15,WDR46,36402492,0.9358848355206105
15,SAMHD1,36400847,0.9358270220269411
15,NXF2,36400463,0.9357692085332716
15,C9orf16,36399341,0.9357113950396022
15,NACA3P,36398240,0.9356535815459328
15,MGRN1,36397635,0.9355957680522634
15,TRAF7,36395304,0.935537954558594
15,CDK10,36391705,0.9354801410649246
15,ORAI1,36389410,0.9354223275712551
15,LIN7C,36388294,0.9353645140775857
15,DPP4,36387608,0.9353067005839163
15,NDUFA1,36386834,0.9352488870902469
15,RPL24,36386646,0.9351910735965775
15,SLC19A2,36386560,0.935133260102908
15,ZC3H7B,36384362,0.9350754466092386
15,ACLY,36384103,0.9350176331155692
15,HSP90B3P,36381818,0.9349598196218998
15,AAR2,36381570,0.9349020061282304
15,CTSS,36381317,0.9335433890269988
15,ACTL8,36381317,0.9335433890269988
15,RAVER2,36381317,0.9335433890269988
15,HIST2H4A,36381317,0.9335433890269988
15,EGR2,36381317,0.9335433890269988
15,NRAP,36381317,0.9335433890269988
15,MSRB2,36381317,0.9335433890269988
15,AP003306.2,36381317,0.9335433890269988
15,SYTL2,36381317,0.9335433890269988
15,AP002444.1,36381317,0.9335433890269988
15,PGGHG,36381317,0.9335433890269988
15,SSU72P3,36381317,0.9335433890269988
15,CALCB,36381317,0.9335433890269988
15,ACCSL,36381317,0.9335433890269988
15,OOSP4A,36381317,0.9335433890269988
15,NCAM1,36381317,0.9335433890269988
15,DHH,36381317,0.9335433890269988
15,TMEM132D,36381317,0.9335433890269988
15,ZNF219,36381317,0.9335433890269988
15,LINC01467,36381317,0.9335433890269988
15,PATL2,36381317,0.9335433890269988
15,HDC,36381317,0.9335433890269988
15,TMOD2,36381317,0.9335433890269988
15,UNC13C,36381317,0.9335433890269988
15,SSTR5-AS1,36381317,0.9335433890269988
15,MT1M,36381317,0.9335433890269988
15,ATP2A3,36381317,0.9335433890269988
15,HSF5,36381317,0.9335433890269988
15,RPL31P7,36381317,0.9335433890269988
15,MAP3K3,36381317,0.9335433890269988
15,CNTD2,36381317,0.9335433890269988
15,NLRP11,36381317,0.9335433890269988
15,ZIM3,36381317,0.9335433890269988
15,DUXAP8,36381317,0.9335433890269988
15,GPR156,36381317,0.9335433890269988
15,SFRP2,36381317,0.9335433890269988
15,AC093817.2,36381317,0.9335433890269988
15,AC008940.1,36381317,0.9335433890269988
15,AC092353.1,36381317,0.9335433890269988
15,C2,36381317,0.9335433890269988
15,C4B,36381317,0.9335433890269988
15,AL022721.1,36381317,0.9335433890269988
15,WEE2,36381317,0.9335433890269988
15,NRG1,36381317,0.9335433890269988
15,AL360020.1,36381317,0.9335433890269988
15,MAGED4,36381317,0.9335433890269988
15,JDP2,36380940,0.9321847719257674
15,RPS24,36380655,0.932126958432098
15,MPLKIP,36379402,0.9320691449384286
15,PDK1,36378949,0.9320113314447592
15,METTL22,36378114,0.9319535179510898
15,PAXX,36378094,0.9318957044574203
15,PCGF2,36374533,0.9318378909637509
15,TASP1,36370417,0.9317800774700815
15,FAM120C,36366389,0.9317222639764121
15,AC122694.1,36365997,0.9316644504827427
15,C12orf66,36363315,0.9316066369890732
15,TMEM203,36361544,0.9315488234954038
15,RPL37P6,36360827,0.9314910100017344
15,HAVCR1,36360729,0.931433196508065
15,MRPS31,36359968,0.9313753830143956
15,PRDM1,36359124,0.9313175695207261
15,COX6B1,36355159,0.9312597560270567
15,VAMP7,36353914,0.9312019425333873
15,PDPR,36353454,0.9311441290397179
15,FAU,36353051,0.9310863155460485
15,MOSPD2,36350338,0.931028502052379
15,WIPF2,36350156,0.9309706885587096
15,U2AF1L4,36350118,0.9309128750650402
15,HNRNPD,36349331,0.9308550615713708
15,ADRM1,36348939,0.9307972480777014
15,RPS25,36346640,0.930739434584032
15,ARPC5L,36346294,0.9306816210903625
15,DDX50,36344415,0.930623807596693
15,IPO7,36343629,0.9305659941030237
15,ALKBH8,36343365,0.9305081806093543
15,ENOPH1,36339748,0.9304503671156849
15,ATPAF1,36337889,0.9303925536220153
15,AP2M1,36337412,0.9303347401283459
15,PRRG1,36336478,0.9302769266346765
15,AC011742.2,36336356,0.9302191131410071
15,ZNF202,36333688,0.9301612996473377
15,SENP5,36333456,0.9301034861536682
15,TRMT2A,36333098,0.9300456726599988
15,ARHGEF16,36333053,0.9299878591663294
15,ZBTB39,36332018,0.92993004567266
15,PFN1,36331317,0.9298722321789906
15,TRDMT1,36327339,0.9298144186853211
15,POR,36326189,0.9297566051916517
15,GOSR2,36325996,0.9296987916979823
15,EIF2S1,36325862,0.9296409782043129
15,C6orf62,36325825,0.9295831647106435
15,RSRC2,36325391,0.929525351216974
15,TMEM128,36324273,0.9294675377233046
15,BTF3L4,36321056,0.9294097242296352
15,CAMKK2,36320966,0.9293519107359658
15,CYCS,36318270,0.9292940972422964
15,TMED2,36317719,0.9292362837486269
15,CUTA,36315178,0.9291784702549575
15,GNB5,36315176,0.9291206567612881
15,CEP120,36315123,0.9290628432676187
15,RFK,36313489,0.9290050297739493
15,TMED4,36309195,0.9289472162802798
15,ANKRD33B,36308656,0.9288894027866104
15,RPL21P3,36306241,0.928831589292941
15,NDUFAB1,36302925,0.9287737757992716
15,NPIPB3,36302424,0.9287159623056022
15,USP46,36301061,0.9286581488119328
15,LRCH3,36298390,0.9286003353182632
15,RPS15A,36298351,0.9285425218245938
15,POLR2H,36294486,0.9284847083309244
15,LMAN1,36292566,0.928426894837255
15,ARID5B,36292461,0.9283690813435856
15,BASP1,36288753,0.9283112678499161
15,FP671120.5,36283989,0.9282534543562467
15,EEA1,36282639,0.9281956408625773
15,OSTC,36278895,0.9281378273689079
15,ING1,36277547,0.9280800138752385
15,PBX4,36273064,0.928022200381569
15,MPP7,36267534,0.9279643868878996
15,U2SURP,36265948,0.9279065733942302
15,HSP90AB1,36264296,0.9278487599005608
15,CLUH,36261337,0.9277909464068914
15,TOMM22,36254796,0.9277331329132219
15,PRR5,36253198,0.9276753194195525
15,NRF1,36251219,0.9276175059258831
15,INTS9,36250519,0.9275596924322137
15,PDCD11,36249117,0.9275018789385443
15,STX18-AS1,36248743,0.9274440654448748
15,MIR302CHG,36244784,0.9273862519512054
15,NUDT16L1,36243015,0.927328438457536
15,TMEM258,36241779,0.9272706249638666
15,TRIP11,36237630,0.9272128114701972
15,CMTR2,36236798,0.9271549979765277
15,DLAT,36236738,0.9270971844828583
15,H1FX,36234497,0.9270393709891889
15,AP4M1,36234154,0.9269815574955195
15,ZNF260,36233293,0.9269237440018501
15,GLIPR2,36231595,0.9268659305081806
15,AL357079.2,36231038,0.9267792102676765
15,APOL6,36231038,0.9267792102676765
15,ACVR1B,36230539,0.9266924900271724
15,SERF2,36229872,0.926634676533503
15,CWC15,36229702,0.9265768630398334
15,ASAH1,36227721,0.926519049546164
15,AHI1,36226944,0.9264612360524946
15,RPL23AP96,36222899,0.9264034225588252
15,TCF25,36222339,0.9263456090651558
15,FAM20B,36221704,0.9262877955714864
15,AP001000.1,36221536,0.9262299820778169
15,CYP51A1,36221388,0.9261721685841475
15,XBP1,36221384,0.9261143550904781
15,PRPS2,36221124,0.9260565415968087
15,SCD,36220644,0.9259987281031393
15,AC005261.2,36218018,0.9259409146094698
15,CALR,36216700,0.9258831011158004
15,PDGFA,36215609,0.925825287622131
15,TMBIM6,36214160,0.9257674741284616
15,UBL7-AS1,36214061,0.9257096606347922
15,CDV3,36212652,0.9256518471411227
15,TMEM30A,36212019,0.9255940336474533
15,TEX11,36211431,0.9255362201537839
15,EIF1AX,36211207,0.9254784066601145
15,TMX2,36210388,0.9254205931664451
15,RPL8P2,36210015,0.9253627796727756
15,YBX1,36209280,0.9253049661791062
15,CCDC51,36209111,0.9252471526854368
15,NR1H2,36208441,0.9251893391917674
15,ZNF578,36205569,0.925131525698098
15,SPAG9,36204406,0.9250737122044285
15,AKAP9,36202614,0.9250158987107591
15,RBPMS-AS1,36201996,0.9249580852170897
15,NUP205,36200416,0.9249002717234203
15,PRDX5,36200239,0.9248424582297509
15,AMPD2,36199960,0.9247846447360814
15,CCNB1,36197228,0.924726831242412
15,FOLR1,36193155,0.92466901774874255
15,CDH11,36192899,0.9246112042550731
15,SCNM1,36192146,0.9245533907614037
15,NENF,36187584,0.9244955772677342
15,ELOB,36186513,0.9244377637740648
15,NUTF2,36185710,0.9243799502803954
15,HMOX1,36185393,0.924322136786726
15,AC012414.7,36184520,0.9242643232930566
15,NDUFB6,36184127,0.9242065097993872
15,MPZL1,36180818,0.9241486963057177
15,NBEAL1,36178327,0.9240908828120483
15,PAFAH2,36176848,0.9240330693183789
15,ATAD3C,36168853,0.9239752558247095
15,GRN,36167330,0.9239174423310401
15,PKMYT1,36167320,0.9238596288373706
15,ZNF142,36165269,0.9238018153437012
15,ATP5MPL,36161650,0.9237440018500318
15,NT5DC3,36161039,0.9236861883563624
15,LDLRAP1,36160979,0.923628374862693
15,DCAF1,36159661,0.9235705613690235
15,NDUFC1,36158000,0.9235127478753541
15,NDUFA2,36157505,0.9234549343816847
15,CLDN10,36157480,0.9233971208880153
15,P3H1,36155715,0.9233393073943459
15,TEAD4,36154980,0.9232814939006764
15,FGF12,36154203,0.923223680407007
15,MCM3AP,36152117,0.9231658669133376
15,INPP5E,36151971,0.9231080534196682
15,CCDC173,36151934,0.9230502399259988
15,TRNT1,36150439,0.9229924264323293
15,TIMM8BP1,36149683,0.9229346129386599
15,CRYBA1,36142456,0.9228767994449905
15,TFIP11,36142176,0.9228189859513211
15,RAB2B,36141870,0.9227611724576517
15,CPSF7,36139671,0.9227033589639821
15,AL136126.1,36139012,0.9226455454703127
15,SERBP1,36138388,0.9225877319766433
15,PEMT,36138162,0.9225299184829739
15,HSP90B1,36135568,0.9224721049893045
15,TRADD,36135243,0.922414291495635
15,DPH2,36135131,0.9223564780019656
15,KRT8P11,36134442,0.9222986645082962
15,UBE2G1,36132320,0.9222408510146268
15,HTATIP2,36132198,0.9221830375209574
15,HOPX,36131784,0.9221252240272879
15,CIB1,36131054,0.9220674105336185
15,FAUP1,36130385,0.9220095970399491
15,SGK3,36130304,0.9219517835462797
15,TMED10,36129592,0.9218939700526103
15,ARPC3,36129348,0.9218361565589409
15,DEF8,36128712,0.9217783430652714
15,EIF4A1P9,36126814,0.921720529571602
15,KRT18P58,36126717,0.9216627160779326
15,ATP2B1,36124728,0.9216049025842632
15,ZNF93,36124106,0.9215470890905938
15,ATG101,36123207,0.9214892755969243
15,CCT6A,36122318,0.9214314621032549
15,BLOC1S2,36119369,0.9213736486095855
15,YIF1A,36118886,0.9213158351159161
15,UCHL5,36116493,0.9212580216222467
15,TMEM131L,36114499,0.9212002081285772
15,APOC1,36114323,0.9211423946349078
15,AP005018.2,36112420,0.9210845811412384
15,CHRNB1,36111416,0.921026767647569
15,THAP6,36107071,0.9209689541538996
15,BIRC6,36107062,0.92091114066023
15,IMP3,36106133,0.9208533271665607
15,SSR2,36104660,0.9207955136728913
15,UPP1,36101711,0.9207377001792219
15,CYP19A1,36098795,0.9206798866855525
15,RPL23AP48,36096316,0.9206220731918829
15,EIF4E,36095282,0.9205642596982135
15,SEM1,36094319,0.9205064462045441
15,SEPT7,36094211,0.9204486327108747
15,NCEH1,36093227,0.9203908192172053
15,GNPNAT1,36091823,0.9203330057235358
15,PDCL,36090936,0.9202751922298664
15,CBX4,36088803,0.920217378736197
15,EMC3,36085937,0.9201595652425276
15,RPUSD2,36084170,0.9201017517488582
15,PTRHD1,36082986,0.9200439382551887
15,CCT7,36082338,0.9199861247615193
15,SLC7A3,36081314,0.9199283112678499
15,TSEN54,36079924,0.9198704977741805
15,CCDC58,36078723,0.9198126842805111
15,RRM2,36078675,0.9197548707868416
15,ULK1,36075986,0.9196970572931722
15,SRP9,36075826,0.9196392437995028
15,PTEN,36072975,0.9195814303058334
15,SELENOO,36072477,0.919523616812164
15,THOC2,36071875,0.9194658033184946
15,FOXH1,36069933,0.9194079898248251
15,SLC25A5,36068728,0.9193501763311557
15,NDUFA8,36064960,0.9192923628374863
15,THADA,36064233,0.9192345493438169
15,SINHCAF,36062744,0.9191767358501475
15,EXOSC10,36061840,0.919118922356478
15,NPIPB5,36060929,0.9190611088628086
15,EIF4HP1,36059631,0.9190032953691392
15,MRPL28,36059487,0.9189454818754698
15,GNPTG,36058949,0.9188876683818004
15,PFN1P1,36057844,0.9188298548881308
15,HAUS2,36057770,0.9187720413944614
15,YTHDF3,36055921,0.918714227900792
15,TOMM5,36054341,0.9186564144071226
15,PSME1,36052149,0.9185986009134532
15,TMEM54,36051607,0.9185407874197837
15,NFATC2IP,36051306,0.9184829739261143
15,VAPA,36050573,0.9184251604324449
15,PRPF40A,36047419,0.9183673469387755
15,AC022868.1,36046382,0.9183095334451061
15,OST4,36043085,0.9182517199514366
15,VIRMA,36042147,0.9181939064577672
15,STRIP2,36041987,0.9181360929640978
15,COPE,36039528,0.9180782794704284
15,AC009302.1,36039471,0.918020465976759
15,SDHAF1,36039291,0.9179626524830895
15,EML4,36035672,0.9179048389894201
15,ATP6AP1,36035131,0.9178470254957507
15,PIEZO1,36034473,0.9177892120020813
15,KIF4A,36032867,0.9177313985084119
15,RBM38,36032649,0.9176735850147424
15,MGST3,36030244,0.917615771521073
15,AC026410.3,36028380,0.9175579580274036
15,PMS1,36027633,0.9175001445337342
15,FRG1,36027350,0.9174423310400648
15,ZFP36L2,36027193,0.9173845175463954
15,LIFR,36025252,0.9173267040527259
15,ZNF317,36024604,0.9172688905590565
15,RPL36AP21,36024068,0.9172110770653871
15,GEN1,36023743,0.9171532635717177
15,MFSD1,36022463,0.9170954500780483
15,MT-ND6,36021267,0.9170376365843788
15,GSPT1,36020910,0.9169798230907094
15,EBLN3P,36018404,0.91692200959704
15,LATS2,36017161,0.9168641961033706
15,RNF207,36014987,0.9168063826097012
15,IDH1,36013292,0.9167485691160316
15,PGD,36011346,0.9166907556223622
15,COPA,36011074,0.9166329421286928
15,EIF4EBP1,36010632,0.9165751286350234
15,NUDT5,36009999,0.916517315141354
15,FAM210A,36009888,0.9164595016476845
15,ECHDC1,36009610,0.9164016881540151
15,PDIA3,36005422,0.9163438746603457
15,ZNF321P,36003867,0.9162860611666763
15,AK6,36003178,0.9162282476730069
15,LDLR,36002812,0.9161704341793374
15,YTHDF2,36002381,0.916112620685668
15,TTC19,36002285,0.9160548071919986
15,RPS8P3,36002128,0.9159969936983292
15,TOMM34,36001136,0.9159391802046598
15,ALDH1B1,36000245,0.9158813667109903
15,B3GALNT2,35999705,0.9158235532173209
15,POLD2,35998010,0.9157657397236515
15,ZNF703,35996133,0.9157079262299821
15,BCAT2,35995733,0.9156501127363127
15,GTF3C6,35995151,0.9155922992426432
15,MT-ND5,35994017,0.9155344857489738
15,ZNF513,35993367,0.9154766722553044
15,ABCE1,35991823,0.915418858761635
15,ATG5,35987283,0.9153610452679656
15,STAG2,35987035,0.9153032317742961
15,OSBPL1A,35983209,0.9152454182806267
15,ZBTB7A,35982909,0.9151876047869573
15,H2AFZ,35982713,0.9151297912932879
15,NMU,35982388,0.9150719777996185
15,TSPYL4,35982248,0.9150141643059491
15,BANP,35978396,0.9149563508122796
15,USF1,35978060,0.91489853731861015
15,UQCR10,35977539,0.9148407238249407
15,POLR1D,35975881,0.9147829103312713
15,SPRYD3,35975867,0.914725096837602
15,SDC1,35975821,0.9146672833439324
15,PATL1,35975134,0.914609469850263
15,PLXNB1,35974262,0.9145516563565936
15,TCHP,35973017,0.9144938428629242
15,AC093752.1,35972071,0.9144360293692548
15,CBL,35971839,0.9143782158755853
15,AC007969.1,35970571,0.9143204023819159
15,EEF1B2,35970503,0.9142625888882465
15,URB1,35969042,0.9142047753945771
15,SNX6,35968084,0.9141469619009077
15,MTMR4,35964083,0.9140891484072382
15,MARCH1,35962742,0.9140313349135688
15,NUAK2,35962276,0.9139735214198994
15,RRP1,35962097,0.91391570792623
15,AIF1L,35961888,0.9138578944325606
15,GPS1,35961429,0.9138000809388911
15,ACTN4,35960440,0.9137422674452217
15,OGFOD1,35959481,0.9136844539515523
15,ANXA2P3,35959471,0.9136266404578829
15,AC074085.2,35958635,0.9135688269642135
15,DGCR2,35958411,0.913511013470544
15,AL031729.1,35957571,0.9134531999768746
15,PRKAA1,35956651,0.9133953864832052
15,CERS4,35952376,0.9133375729895358
15,VGLL1,35951486,0.9132797594958664
15,RPL38,35950942,0.9132219460021969
15,MAPKAP1,35950726,0.9131641325085275
15,SLC38A2,35950216,0.9131063190148581
15,PCNX4,35949794,0.9130485055211887
15,RRM2P2,35949087,0.9129906920275193
15,LAYN,35949080,0.9129328785338497
15,MICOS13,35943796,0.9128750650401803
15,RBIS,35942930,0.9128172515465109
15,AL109618.1,35940871,0.9127594380528415
15,USP12,35939864,0.9127016245591721
15,MAN2B1,35939496,0.9126438110655027
15,RPL5P10,35936958,0.9125859975718332
15,LPP,35934268,0.9125281840781638
15,POMC,35933620,0.9124703705844944
15,LAMTOR4,35932735,0.912412557090825
15,LYPLA2,35932617,0.9123547435971556
15,MSI2,35932115,0.9122969301034861
15,TWISTNB,35931438,0.9122391166098167
15,CCDC73,35931112,0.9121813031161473
15,CLIP1,35929065,0.9121234896224779
15,TMEM167A,35928238,0.9120656761288085
15,PDCD10,35927715,0.912007862635139
15,APOOL,35927066,0.9119500491414696
15,NID1,35926894,0.9118922356478002
15,ECT2,35926678,0.9118344221541308
15,SCP2,35925491,0.9117766086604614
15,CENPH,35925093,0.9117187951667919
15,CTDSP1,35924402,0.9116609816731225
15,ILF3,35923489,0.9116031681794531
15,BRMS1,35920990,0.9115453546857837
15,COL27A1,35919297,0.9114875411921143
15,LRRC69,35919087,0.9114297276984448
15,CCT6P4,35918339,0.9113719142047754
15,CCNL2,35917875,0.911314100711106
15,ATG4B,35917371,0.9112562872174366
15,ACTR3,35916754,0.9111984737237672
15,ATP5F1A,35916202,0.9111406602300977
15,SLC38A1,35916120,0.9110828467364283
15,NOSIP,35913856,0.9110250332427589
15,TCP1P1,35913467,0.9109672197490895
15,TXN2,35913433,0.91090940625542
15,CASP2,35912020,0.9108515927617505
15,DPM2,35911389,0.9107937792680811
15,ZBTB10,35910021,0.9107359657744117
15,DCUN1D5,35909774,0.9106781522807423
15,ARSK,35906842,0.9106203387870729
15,ATP5MC2,35906756,0.9105625252934035
15,UTP15,35906464,0.910504711799734
15,BX276092.2,35906385,0.9104468983060646
15,DCBLD1,35905285,0.9103890848123952
15,C15orf39,35902346,0.9103312713187258
15,DENND5B-AS1,35901493,0.9102734578250564
15,PRMT6,35900573,0.9102156443313869
15,DENR,35898244,0.9101578308377175
15,ABHD17C,35898165,0.9101000173440481
15,ESS2,35897909,0.9100422038503787
15,HMGN1,35897812,0.9099843903567093
15,CLCN6,35893392,0.9099265768630398
15,SNX30,35891139,0.9098687633693704
15,ACD,35889852,0.909810949875701
15,BOLA2B,35889681,0.9097531363820316
15,CMBL,35889299,0.9096953228883622
15,POLG,35889131,0.9096375093946927
15,GATA2-AS1,35889109,0.9095796959010233
15,GLB1,35889028,0.9095218824073539
15,RAB9A,35888188,0.9094640689136845
15,PLIN2,35887890,0.9094062554200151
15,DOT1L,35887834,0.9093484419263456
15,HDAC2,35886932,0.9092906284326762
15,SLC1A5,35886175,0.9092328149390068
15,AL008627.1,35885485,0.9091750014453374
15,ARMC7,35884450,0.909117187951668
15,CANX,35882494,0.9090593744579984
15,CACHD1,35882260,0.909001560964329
15,ATP5ME,35881759,0.9089437474706596
15,PAK1,35881509,0.9088859339769902
15,ARL4D,35876126,0.9088281204833208
15,AC021269.3,35874261,0.9087703069896513
15,TPMTP1,35873766,0.9087124934959819
15,AC012354.2,35872800,0.9086546800023125
15,KIF5B,35871725,0.9085968665086431
15,LIN28B,35871637,0.9085390530149737
15,PER3,35871220,0.9084812395213042
15,UQCC3,35870525,0.9084234260276348
15,L3MBTL2,35870351,0.9083656125339654
15,BRK1,35870264,0.908307799040296
15,SMARCA4,35868339,0.9082499855466266
15,NUS1,35868161,0.9081921720529572
15,FKBP3,35867669,0.9081343585592877
15,SEC24C,35865708,0.9080765450656183
15,ASXL2,35864315,0.9080187315719489
15,XAGE2,35863572,0.9079609180782795
15,EIF3K,35863403,0.9079031045846101
15,PRR13,35863104,0.9078452910909406
15,SNHG8,35862453,0.9077874775972712
15,UQCRB,35861084,0.9077296641036018
15,APEH,35860859,0.9076718506099324
15,EDRF1,35860829,0.907614037116263
15,AP1G1,35860645,0.9075562236225935
15,KRT19P1,35859623,0.9074984101289241
15,VPS72,35856805,0.9074405966352547
15,NELFCD,35855369,0.9073827831415853
15,NDUFS8,35853200,0.9073249696479159
15,PITRM1,35852981,0.9072671561542464
15,PPP2R5A,35851355,0.907209342660577
15,DLG1,35850627,0.9071515291669076
15,OXT,35849515,0.9070937156732382
15,PSMB2,35843686,0.9070359021795688
15,SEC62,35843503,0.9069780886858992
15,RALGAPA1,35842631,0.9069202751922298
15,PIGT,35842502,0.9068624616985604
15,PTPA,35840044,0.906804648204891
15,DPPA3,35838598,0.9067468347112216
15,TALDO1,35835355,0.9066890212175521
15,ASCC3,35834950,0.9066312077238827
15,ZNF778,35833755,0.9065733942302133
15,NCOA4P2,35832731,0.9065155807365439
15,RAB36,35832326,0.9064577672428745
15,CLDN7,35832289,0.906399953749205
15,CWC22,35830471,0.9063421402555356
15,HSF1,35830032,0.9062843267618662
15,TM9SF4,35828822,0.9062265132681968
15,NDN,35828347,0.9061686997745274
15,TMEM241,35827181,0.9061108862808579
15,SLC7A7,35826791,0.9060530727871885
15,FNBP1L,35825706,0.9059952592935191
15,CD2AP,35821084,0.9059374457998497
15,PLTP,35820197,0.9058796323061803
15,PALD1,35819151,0.905706191825172
15,LOXHD1,35819151,0.905706191825172
15,ABLIM2,35819151,0.905706191825172
15,RASSF6,35819151,0.905706191825172
15,AL645940.1,35819151,0.905706191825172
15,DHRS1,35817434,0.9055327513441638
15,TOMM20P4,35815970,0.9054749378504943
15,SLC12A2,35815917,0.9054171243568249
15,C12orf57,35815410,0.9053593108631555
15,PRMT7,35815122,0.9053014973694861
15,SELENOH,35814905,0.9052436838758167
15,TMEM161A,35813440,0.9051858703821472
15,IMPAD1,35813232,0.90512805688847775
15,VDAC2,35812821,0.9050702433948083
15,UBC,35812067,0.905012429901139
15,RCN1,35812018,0.9049546164074695
15,CS,35811503,0.9048968029138
15,DERL1,35810837,0.9048389894201306
15,TXNDC12,35810352,0.9047811759264612
15,RPUSD4,35809274,0.9047233624327918
15,PRRC2A,35807147,0.9046655489391224
15,PRPF31,35806228,0.9046077354454529
15,UBR1,35805911,0.9045499219517835
15,CHCHD6,35805708,0.9044921084581141
15,PLAC8L1,35804953,0.9044342949644447
15,ZNF516,35804819,0.9043764814707753
15,TOR3A,35804802,0.9043186679771058
15,NPM1P18,35803958,0.9042608544834364
15,GLRX,35803741,0.904203040989767
15,FXR1,35803042,0.9041452274960976
15,TIMM8A,35802565,0.9040874140024282
15,GRHL3,35801452,0.9040296005087587
15,TUBB,35800702,0.9039717870150893
15,COL6A1,35799829,0.9039139735214199
15,AC023424.1,35799232,0.9038561600277505
15,NDRG2,35798950,0.9037983465340811
15,VPS29,35798708,0.9037405330404117
15,LAMTOR2,35798543,0.9036827195467422
15,SEMA4C,35797378,0.9036249060530728
15,SRC,35796454,0.9035670925594034
15,TIAL1,35791298,0.903509279065734
15,COBL,35791083,0.9034514655720646
15,SMARCB1,35790896,0.9033936520783951
15,RNF2,35790526,0.9033358385847257
15,RPL7P44,35789647,0.9032780250910563
15,KPNA3,35789572,0.9032202115973869
15,EEF1DP1,35787052,0.9031623981037175
15,RAPGEF1,35786979,0.903104584610048
15,LRP1,35786469,0.9030467711163785
15,HIST1H3PS1,35784640,0.9029889576227091
15,NACA4P,35784448,0.9029311441290397
15,RPL30P7,35783318,0.9028733306353703
15,TFAMP1,35783192,0.9028155171417008
15,ZNF585A,35781844,0.9027577036480314
15,CBR3-AS1,35780974,0.902699890154362
15,SNRPC,35780325,0.9026420766606926
15,SQSTM1,35778386,0.9025842631670232
15,AHNAK,35777817,0.9025264496733537
15,TFAM,35777637,0.9024686361796843
15,TOP1,35776828,0.9024108226860149
15,SHMT1,35776313,0.9023530091923455
15,ARHGAP18,35775863,0.9022951956986761
15,AK6P2,35773669,0.9022373822050066
15,DNAJB6,35772688,0.9021795687113372
15,NDUFA4,35771911,0.9021217552176678
15,COA1,35770767,0.9020639417239984
15,KCTD5,35769051,0.902006128230329
15,ANKRD49,35768549,0.9019483147366595
15,MRPS16,35767559,0.9018905012429901
15,AC245297.1,35765511,0.9018326877493207
15,B3GLCT,35764338,0.9017748742556513
15,DCUN1D3,35764284,0.9017170607619819
15,CEBPG,35764279,0.9016592472683124
15,SHKBP1,35763389,0.901601433774643
15,ELF3,35763320,0.9015436202809736
15,NDUFB9,35762395,0.9014858067873042
15,CREB3,35761903,0.9014279932936348
15,ATPAF2,35760840,0.9013701797999654
15,HADH,35760494,0.9013123663062959
15,TMEM41B,35758405,0.9012545528126265
15,DMD,35757911,0.901196739318957
15,CCDC150,35757274,0.9011389258252877
15,GPM6B,35757042,0.9010811123316183
15,CSE1L,35756974,0.9010232988379487
15,BCAR1,35756858,0.9009654853442793
15,ZNHIT1,35754518,0.9009076718506099
15,CD164,35754478,0.9008498583569405
15,ZBTB41,35754155,0.9007920448632711
15,RPL7P13,35754036,0.9007342313696016
15,ANXA5,35753705,0.9006764178759322
15,OCIAD1,35751047,0.9006186043822628
15,XPR1,35749320,0.9005607908885934
15,NIPSNAP2,35748691,0.900502977394924
15,ALG5,35748666,0.9004451639012545
15,KIN,35748414,0.9003873504075851
15,PROSER1,35748198,0.9003295369139157
15,GFM1,35747054,0.9002717234202463
15,SEC61B,35745587,0.9002139099265769
15,A4GALT,35745513,0.9001560964329074
15,CDCA8,35745358,0.900098282939238
15,SCDP1,35744456,0.9000404694455686
15,PPIL1,35743750,0.8999826559518992
15,HIP1R,35743626,0.8999248424582298
15,HK1,35743524,0.8998670289645603
15,RPL34,35743501,0.8998092154708909
15,CALM2P4,35742007,0.8997514019772215
15,PGS1,35741862,0.8996935884835521
15,MYO19,35740544,0.8996357749898827
15,TUBB4A,35740145,0.8995779614962132
15,UBALD2,35739027,0.8995201480025438
15,PRKDC,35738675,0.8994623345088744
15,HSPD1P4,35737749,0.899404521015205
15,SLC34A2,35737310,0.8993467075215356
15,PPP2R3A,35737140,0.8992888940278662
15,MRPS10,35735975,0.8992310805341966
15,DUT,35733519,0.8991732670405272
15,GGA1,35731448,0.8991154535468578
15,RNF19B,35731044,0.8990576400531884
15,CAPZA2,35730904,0.898999826559519
15,CREB3L4,35729823,0.8989420130658495
15,CDK19,35729483,0.8988841995721801
15,MBTPS1,35727855,0.8988263860785107
15,SAR1A,35727077,0.8987685725848413
15,CCDC116,35726016,0.8987107590911719
15,ZNF480,35724774,0.8986529455975024
15,COX7B,35724659,0.898595132103833
15,FTLP3,35724074,0.8985373186101636
15,EBNA1BP2,35718781,0.8984795051164942
15,FILIP1,35718771,0.8984216916228248
15,YJU2,35717108,0.8983638781291553
15,ITM2C,35714996,0.8983060646354859
15,BAD,35710844,0.8982482511418165
15,CINP,35709896,0.8981904376481471
15,CDR2L,35706448,0.8981326241544777
15,ASXL1,35705716,0.8980748106608082
15,AC005906.1,35705625,0.8980169971671388
15,AP000873.2,35705566,0.8979591836734694
15,STX2,35703768,0.8979013701798
15,C1orf74,35703280,0.8978435566861306
15,THOC5,35701614,0.8977857431924611
15,DNAJC9,35700360,0.8977279296987917
15,GTF2B,35700332,0.8976701162051223
15,PSMA2P2,35699919,0.8976123027114529
15,EIF1,35698860,0.8975544892177835
15,WNT11,35698163,0.897496675724114
15,NUDCD3,35696715,0.8974388622304446
15,CHMP6,35695935,0.8973810487367752
15,METTL9,35694732,0.8973232352431058
15,TRIML1,35692731,0.8972654217494364
15,FAM98A,35691451,0.8972076082557668
15,INTS1,35689200,0.8971497947620974
15,ZCCHC3,35688805,0.897091981268428
15,SNHG15,35688591,0.8970341677747586
15,WDR43,35688463,0.8969763542810892
15,RAB1B,35688311,0.8969185407874198
15,SRRM2,35687964,0.8968607272937503
15,CALCOCO1,35687384,0.8968029138000809
15,GABARAPL2,35687117,0.8967451003064115
15,TBL1XR1,35686729,0.8966872868127421
15,SAP18,35685796,0.8966294733190727
15,RAP1GDS1,35685702,0.8965716598254032
15,PHB2,35683903,0.8965138463317338
15,ZNF568,35683162,0.8964560328380644
15,MT-ND2,35682829,0.896398219344395
15,PGK1,35682784,0.8963404058507256
15,ZCCHC17,35682071,0.8962825923570561
15,ATRAID,35681892,0.8962247788633867
15,RAB34,35681836,0.8961669653697173
15,POLDIP3,35680519,0.8961091518760479
15,CDK5,35680326,0.8960513383823785
15,RPL34P18,35679992,0.895993524888709
15,ASS1,35679526,0.8959357113950396
15,DCTPP1,35678789,0.8958778979013702
15,LDHAP3,35677634,0.8958200844077008
15,ATAD5,35676482,0.8957622709140314
15,KNL1,35676087,0.8957044574203619
15,ANK1,35674128,0.8956466439266925
15,H3F3A,35673837,0.8955888304330231
15,TUBB6,35673440,0.8955310169393537
15,RARS2,35672420,0.8954732034456843
15,HNRNPKP1,35671567,0.8954153899520148
15,RASSF4,35670699,0.89535757645834535
15,AGL,35668562,0.895299762964676
15,STRN4,35667880,0.8952419494710065
15,R3HCC1L,35667420,0.8951841359773371
15,LMNA,35666502,0.8951263224836676
15,CD274,35665847,0.8950685089899982
15,AC087190.1,35664592,0.8950106954963288
15,UBAP2,35663905,0.8949528820026594
15,RPL9,35663051,0.89489506850899
15,MCM3,35662701,0.8948372550153205
15,ZNF439,35660592,0.8947794415216511
15,LINC00843,35658713,0.8947216280279817
15,CDPF1,35656994,0.8946638145343123
15,LIMD1,35655824,0.8946060010406429
15,CACNB3,35654378,0.8945481875469735
15,RUVBL1,35654095,0.894490374053304
15,HS6ST2,35653726,0.8944325605596346
15,RPF2P1,35650757,0.8943747470659652
15,SYDE2,35650740,0.8943169335722958
15,SPNS3,35650679,0.8942591200786264
15,DHX9P1,35650467,0.8942013065849569
15,SLC39A14,35649697,0.8941434930912875
15,UBE2A,35649566,0.8940856795976181
15,GYG2P1,35648511,0.8940278661039487
15,NME1,35646993,0.8939700526102793
15,SF3B3,35646871,0.8939122391166098
15,FRYL,35646689,0.8938544256229404
15,AL590640.2,35645844,0.893796612129271
15,CFL1P4,35645675,0.8937387986356016
15,AC011479.1,35645361,0.8936809851419322
15,UBBP1,35644392,0.8936231716482627
15,AKAP8,35644027,0.8935653581545933
15,LINC02506,35642154,0.8935075446609239
15,PXK,35641510,0.8934497311672545
15,HNRNPA1P48,35641017,0.8933919176735851
15,DLX3,35640667,0.8933341041799155
15,ZNF165,35640471,0.8932762906862461
15,RPL19P16,35640212,0.8932184771925767
15,SGO2,35640055,0.8931606636989073
15,RCOR1,35638572,0.8931028502052379
15,TCAF1,35638356,0.8930450367115684
15,SNRNP40,35637883,0.892987223217899
15,C1GALT1C1,35637084,0.8929294097242296
15,DOK4,35636993,0.8928715962305602
15,LUC7L3,35634312,0.8928137827368908
15,DZIP3,35633856,0.8927559692432213
15,ZMYM5,35633042,0.8926981557495519
15,CENPW,35630462,0.8926403422558825
15,C8orf33,35626935,0.8925825287622131
15,TRAPPC2B,35625156,0.8925247152685437
15,ASH1L,35624222,0.8924669017748743
15,DR1,35624179,0.8924090882812048
15,MRPL9,35623124,0.8923512747875354
15,TCF7L1,35621634,0.892293461293866
15,ADCK5,35620747,0.8922356478001966
15,C12orf29,35618595,0.8921778343065272
15,ABI1,35617892,0.8921200208128577
15,MT-ATP6,35617496,0.8920622073191883
15,EP300,35617015,0.8920043938255189
15,CLIC1P1,35615645,0.8919465803318495
15,UBXN7,35615477,0.8918887668381801
15,QPCTL,35615115,0.8918309533445106
15,DNMT3L,35614459,0.8917731398508412
15,H2AFJ,35613482,0.8917153263571718
15,GGCT,35612768,0.8916575128635024
15,DLG2,35611643,0.891599699369833
15,KARS,35611245,0.8915418858761635
15,ELMSAN1,35611150,0.891484072382494
15,SENP6,35610908,0.8914262588888247
15,CTNNB1,35608533,0.8913684453951553
15,EP400P1,35606315,0.8913106319014859
15,ZP3,35605487,0.8912528184078163
15,PES1,35604273,0.8911950049141469
15,DPF3,35604234,0.8911371914204775
15,OLR1,35603616,0.8910793779268081
15,SYT2,35602385,0.8910215644331387
15,AC015689.2,35600896,0.8909637509394692
15,KCNAB2,35598512,0.8901254552812626
15,NFIA,35598512,0.8901254552812626
15,AL844170.1,35598512,0.8901254552812626
15,TMCC2,35598512,0.8901254552812626
15,EBLN1,35598512,0.8901254552812626
15,FGF8,35598512,0.8901254552812626
15,CD82,35598512,0.8901254552812626
15,C1R,35598512,0.8901254552812626
15,FAM86FP,35598512,0.8901254552812626
15,ACSS3,35598512,0.8901254552812626
15,HNRNPA1P30,35598512,0.8901254552812626
15,AKAP6,35598512,0.8901254552812626
15,CHRNA3,35598512,0.8901254552812626
15,CCDC33,35598512,0.8901254552812626
15,SLCO3A1,35598512,0.8901254552812626
15,RBFOX1,35598512,0.8901254552812626
15,AC138969.1,35598512,0.8901254552812626
15,ZNF625-ZNF20,35598512,0.8901254552812626
15,AFF3,35598512,0.8901254552812626
15,CSPG5,35598512,0.8901254552812626
15,ITGA9,35598512,0.8901254552812626
15,DNAH5,35598512,0.8901254552812626
15,AC005020.1,35598512,0.8901254552812626
15,AC091390.4,35598512,0.8901254552812626
15,FAM86B1,35598512,0.8901254552812626
15,SCARA3,35598512,0.8901254552812626
15,DNAJB5,35598512,0.8901254552812626
15,AL589843.1,35598512,0.8901254552812626
15,RPS11,35598181,0.889287159623056
15,FES,35598066,0.8892293461293866
15,PPIAP22,35597274,0.8891715326357171
15,NARF,35597048,0.8891137191420477
15,GHITM,35596571,0.8890559056483783
15,PTGFRN,35596078,0.8889980921547089
15,TAF13,35595016,0.8889402786610395
15,CDO1,35594474,0.88888246516737
15,SPRY1,35593971,0.8888246516737006
15,TPT1,35593486,0.8887668381800312
15,TRPM6,35593284,0.8887090246863618
15,PSMA6P2,35592877,0.8886512111926924
15,CLN5,35592017,0.8885933976990229
15,LINC02617,35591696,0.8885355842053535
15,CIP2A,35590107,0.8884777707116841
15,DDHD1,35589869,0.8884199572180147
15,TMEM159,35589493,0.8883621437243453
15,MCM5,35589430,0.8883043302306758
15,AC020656.2,35588324,0.8882465167370064
15,AC104073.4,35587084,0.888188703243337
15,STX4,35586013,0.8881308897496676
15,SPC24,35585697,0.8880730762559982
15,POLR2A,35584887,0.8880152627623287
15,PDAP1,35584606,0.8879574492686593
15,CEP128,35584055,0.8878996357749899
15,DPH3,35581733,0.8878418222813205
15,SMPDL3A,35579753,0.8877840087876511
15,FGFR4,35579396,0.8877261952939817
15,NUCB1,35578805,0.8876683818003122
15,ANKRD6,35578523,0.8876105683066428
15,YY1,35578344,0.8875527548129734
15,PSMD10,35577392,0.887494941319304
15,C4orf48,35576991,0.8874371278256346
15,CEP152,35574647,0.887379314331965
15,MALSU1,35572443,0.8873215008382956
15,TOR1AIP2,35572407,0.8872636873446262
15,SLC29A2,35571819,0.8872058738509568
15,NPFFR2,35571744,0.8871480603572874
15,TCEANC2,35571515,0.8870902468636179
15,PILRA,35570642,0.8870324333699485
15,PSMD3,35570627,0.8869746198762791
15,MED29,35569435,0.8869168063826097
15,ING2,35567503,0.8868589928889403
15,IFT43,35566496,0.8868011793952708
15,GMFB,35565963,0.8867433659016014
15,PKM,35565135,0.886685552407932
15,UBE2D2,35564529,0.8866277389142626
15,EIF5,35564205,0.8865699254205932
15,AC113367.1,35563355,0.8865121119269237
15,AC093107.1,35562527,0.8864542984332543
15,SRFBP1,35561334,0.8863964849395849
15,E2F3,35560983,0.8863386714459155
15,IMPDH1P8,35560683,0.8862808579522461
15,AC100757.1,35560202,0.8862230444585766
15,TP53BP2,35559767,0.8861652309649072
15,SPHK1,35559091,0.8861074174712378
15,ZFP3,35558290,0.8860496039775684
15,TPD52L2,35557404,0.885991790483899
15,AC011495.1,35556840,0.8859339769902295
15,CCS,35556497,0.8858761634965601
15,LTA4H,35555664,0.8858183500028907
15,SMYD5,35555623,0.8857605365092213
15,AIMP1,35555607,0.8857027230155519
15,MECR,35555481,0.8856449095218825
15,AIP,35552864,0.885587096028213
15,NT5C3A,35552144,0.8855292825345435
15,PKP2,35549763,0.8854714690408741
15,C17orf53,35547944,0.8854136555472047
15,ANAPC2,35544885,0.8853558420535353
15,WSCD1,35544238,0.8852980285598658
15,RPL21P17,35542980,0.8852402150661964
15,AHCYP4,35539426,0.885182401572527
15,IQCH-AS1,35537856,0.8851245880788576
15,GTF3C2,35536828,0.8850667745851882
15,PRKCSH,35536006,0.8850089610915187
15,LRIG3,35534951,0.8849511475978493
15,DNAJB14,35534346,0.8848933341041799
15,LMAN2,35533875,0.8848355206105105
15,ANLN,35533775,0.8847777071168411
15,TOM1,35533349,0.8847198936231716
15,OPA1,35530467,0.8846620801295022
15,SRSF1,35530386,0.8846042666358328
15,RIBC2,35528207,0.8845464531421634
15,SERTAD1,35527022,0.884488639648494
15,EIF3E,35525857,0.8844308261548245
15,POLD3,35525597,0.8843730126611551
15,MTDH,35525389,0.8843151991674857
15,PPOX,35525193,0.8842573856738163
15,PI4KA,35522724,0.8841995721801469
15,GNL1,35522514,0.8841417586864774
15,TMEM52B,35522295,0.884083945192808
15,CXorf56,35522109,0.8840261316991386
15,HSPB11,35521907,0.8839683182054692
15,AL138899.2,35520648,0.8839105047117998
15,UBTD2,35519912,0.8838526912181303
15,GABPA,35519533,0.8837948777244609
15,SPATA2,35519177,0.8837370642307915
15,MCM7,35519114,0.8836792507371221
15,ESCO1,35518380,0.8836214372434527
15,ADPRM,35518372,0.8835636237497831
15,TM9SF3,35517788,0.8835058102561137
15,ZDHHC16,35517050,0.8834479967624443
15,EDEM3,35516198,0.8833901832687749
15,AC233289.1,35515925,0.8833323697751055
15,MYL12A,35515554,0.8832745562814361
15,ASF1B,35515341,0.8832167427877666
15,SRP72,35514773,0.8831589292940972
15,PGRMC1,35514734,0.8831011158004278
15,MYDGF,35514683,0.8830433023067584
15,LBHD1,35514562,0.882985488813089
15,RBM15B,35513771,0.8829276753194195
15,ABCA13,35513562,0.8828698618257501
15,ABCF2P1,35513383,0.8828120483320807
15,BCL2L12,35513358,0.8827542348384113
15,C14orf39,35513037,0.8826964213447419
15,EIF2S2P3,35511953,0.8826386078510724
15,RAD54L2,35510533,0.882580794357403
15,MARCKS,35508215,0.8825229808637336
15,MRPL20,35506855,0.8824651673700642
15,CAMK2G,35505635,0.8824073538763948
15,MEAF6,35503984,0.8823495403827253
15,RNPC3,35501407,0.8822917268890559
15,HNRNPA3,35501079,0.8822339133953865
15,DDX27,35500608,0.8821760999017171
15,TK1,35500324,0.8821182864080477
15,HSF2BP,35499745,0.8820604729143782
15,SETD1B,35496883,0.8820026594207088
15,CHERP,35496229,0.8819448459270394
15,HMGB1P5,35496061,0.88188703243337
15,RPL37P2,35494900,0.8818292189397006
15,SEC61G,35494192,0.881771405446031
15,SLC25A6P2,35493254,0.8817135919523617
15,FBXW11,35492828,0.8816557784586923
15,ZBTB49,35490614,0.8815979649650229
15,PFN2,35490359,0.8815401514713535
15,GBF1,35489980,0.8814823379776839
15,AL158801.5,35489511,0.8814245244840145
15,ST14,35487727,0.8813667109903451
15,GTPBP4,35487181,0.8813088974966757
15,AC110056.1,35486663,0.8812510840030063
15,TM2D3,35485068,0.8811932705093369
15,BTG1,35484662,0.8811354570156674
15,AL445363.3,35483948,0.881077643521998
15,MKS1,35483404,0.8810198300283286
15,SGPP1,35483216,0.8809620165346592
15,NIN,35481938,0.8809042030409898
15,MCM4,35481812,0.8808463895473203
15,AC133963.1,35481763,0.8807885760536509
15,SREBF2,35480095,0.8807307625599815
15,CORO1A,35479157,0.8806729490663121
15,COX6A1,35479029,0.8806151355726427
15,FEN1,35478839,0.8805573220789732
15,SH2D3A,35478476,0.8804995085853038
15,UNKL,35478456,0.8804416950916344
15,PPP4R1L,35478254,0.880383881597965
15,ATP6V0A4,35478083,0.8803260681042956
15,BMI1,35477847,0.8802682546106261
15,ANXA6,35477428,0.8802104411169567
15,MID1,35477040,0.8801526276232873
15,C4orf51,35476904,0.8800948141296179
15,SLC2A1-AS1,35475325,0.8800370006359485
15,EXTL2,35473373,0.879979187142279
15,SERINC3,35470975,0.8799213736486096
15,ATP5MFP5,35469830,0.8798635601549402
15,TENM3,35468985,0.8798057466612708
15,TP53,35468121,0.8797479331676014
15,SLC20A2,35464894,0.8796901196739318
15,GSDME,35464423,0.8796323061802624
15,POLR2J,35464236,0.879574492686593
15,AC008753.2,35463927,0.8795166791929236
15,NUDT21,35463217,0.8794588656992542
15,TUBB4AP1,35462994,0.8794010522055847
15,ATP5MG,35462001,0.8793432387119153
15,ZC3H12A,35460453,0.8792854252182459
15,AC087311.1,35460283,0.8792276117245765
15,DDB1,35459653,0.8791697982309071
15,TAF15,35458433,0.8791119847372376
15,PRKACB,35458386,0.8790541712435682
15,COL4A2,35458285,0.8789963577498988
15,SUB1,35457237,0.8789385442562294
15,CENPT,35456440,0.87888073076256
15,ZRANB2,35456142,0.8788229172688906
15,SNRPD1,35453898,0.8787651037752211
15,CAPN10,35453842,0.8787072902815517
15,NBPF20,35453438,0.8786494767878823
15,CTU2,35452360,0.8785916632942129
15,AC009053.1,35451993,0.8785338498005435
15,CTSB,35451688,0.878476036306874
15,RBM15,35451603,0.8784182228132046
15,RC3H1,35449539,0.8783604093195352
15,IFRD1,35448862,0.8783025958258658
15,MRPL51,35448735,0.8782447823321964
15,COMMD5,35448142,0.8781869688385269
15,ABHD18,35448081,0.8781291553448575
15,NDUFC2,35448025,0.8780713418511881
15,ELAC2,35447007,0.8780135283575187
15,SNX2,35446388,0.8779557148638493
15,CTSC,35445922,0.8778979013701798
15,DHX33,35445285,0.8778400878765104
15,TUBGCP3,35444983,0.8777533676360062
15,AP000354.1,35444983,0.8777533676360062
15,TRIM28,35444765,0.8776666473955022
15,SLC25A10,35444463,0.8776088339018326
15,RPN1,35443990,0.8775510204081632
15,LRRC58,35443729,0.8774932069144938
15,ANKLE2,35443548,0.8774353934208244
15,FOXR1,35443259,0.877377579927155
15,RASA2,35442789,0.8773197664334855
15,C14orf119,35441272,0.8772619529398161
15,DIS3,35440852,0.8772041394461467
15,EPS15,35440004,0.8771463259524773
15,SBSPON,35439074,0.8770885124588079
15,CNDP2,35438904,0.8770306989651384
15,CDK11B,35438680,0.876972885471469
15,PNPLA8,35438525,0.8769150719777996
15,MRPS15,35438430,0.8768572584841302
15,TMEM245,35437963,0.8767994449904608
15,AL353072.1,35437635,0.8767416314967913
15,JUND,35437368,0.8766838180031219
15,IQCB2P,35435959,0.8766260045094525
15,ZSCAN25,35435395,0.8765681910157831
15,HNRNPC,35434700,0.8765103775221137
15,BLM,35432159,0.8764525640284443
15,UBE2D3,35431434,0.8763947505347748
15,RALY,35429734,0.8763369370411054
15,DNAJB11,35429584,0.876279123547436
15,TDRP,35428470,0.8762213100537666
15,ZNF724,35427680,0.8761634965600972
15,CDK7,35427396,0.8761056830664277
15,LIMK1,35424115,0.8760478695727583
15,TMX3,35424073,0.8759900560790889
15,FAM156B,35423778,0.8759322425854195
15,AL391422.1,35423401,0.8758744290917501
15,IFI27L1,35422254,0.87581661559808055
15,LRRC37A4P,35421991,0.8757588021044111
15,PHKA1P1,35421942,0.8757009886107417
15,TSC22D2,35420824,0.8756431751170723
15,METTL14,35419989,0.875585361623403
15,UBL5,35419620,0.8755275481297334
15,UFSP2,35419570,0.875469734636064
15,AL159987.1,35417486,0.8754119211423946
15,CDK4,35415290,0.8753541076487252
15,SNX9,35415238,0.8752962941550558
15,UPK2,35414464,0.8752384806613863
15,MGA,35414130,0.8751806671677169
15,SLC7A8,35413267,0.8751228536740475
15,SLC25A3,35412515,0.8750650401803781
15,RECQL4,35411704,0.8750072266867087
15,SMIM26,35409213,0.8749494131930392
15,SUMO2P1,35409006,0.8748915996993698
15,RPP30,35408941,0.8748337862057004
15,NEK2,35408495,0.874775972712031
15,POLR3D,35408075,0.8747181592183616
15,ENPEP,35406646,0.8746603457246921
15,SIGIRR,35406438,0.8746025322310227
15,PRPSAP2,35406374,0.8745447187373533
15,COASY,35406218,0.8744869052436839
15,VMA21,35405683,0.8744290917500145
15,PRDX2,35404632,0.8743712782563451
15,TBC1D25,35404147,0.8743134647626756
15,NPC2,35402014,0.8742556512690062
15,KCTD9,35401630,0.8741978377753368
15,MSMB,35400641,0.8741400242816674
15,PRKCI,35400386,0.874082210787998
15,SOS2,35399764,0.8740243972943285
15,CEP78,35399408,0.8739665838006591
15,ISYNA1,35398800,0.8739087703069897
15,KRT17,35398678,0.8738509568133203
15,STIM1,35396762,0.8737931433196509
15,NDUFA3,35396449,0.8737353298259813
15,FGFBP3,35396095,0.8736775163323119
15,RAB1A,35395717,0.8736197028386425
15,SYMPK,35395657,0.8735618893449731
15,MRPL54,35392552,0.8735040758513037
15,WDR3,35389619,0.8734462623576342
15,ATP6V0C,35388519,0.8733884488639648
15,HCG18,35388479,0.8733306353702954
15,RPL21,35387379,0.873272821876626
15,F11R,35386480,0.8732150083829566
15,SYNGR2,35386351,0.8731571948892871
15,RAB22A,35385354,0.8730993813956177
15,IARS,35385064,0.8730415679019483
15,ZCCHC10,35384924,0.8729837544082789
15,AC007663.1,35384273,0.8729259409146095
15,DERL2,35383857,0.87286812742094
15,SRSF10,35383399,0.8728103139272706
15,TIA1,35382803,0.8727525004336012
15,TLK2,35381215,0.8726946869399318
15,SRD5A1P1,35380122,0.8726368734462624
15,MKRN9P,35379417,0.8725790599525929
15,SHMT2,35375618,0.8725212464589235
15,HSD17B14,35375304,0.8724634329652541
15,RETREG3,35375279,0.8724056194715847
15,VBP1,35372085,0.8723478059779153
15,DLEU1,35371298,0.8722899924842458
15,TCERG1,35370188,0.8722321789905764
15,DAD1,35369894,0.872174365496907
15,GPATCH1,35368504,0.8721165520032376
15,SLC35F6,35368385,0.8720587385095682
15,NOL8,35367026,0.8720009250158988
15,MPV17L2,35366002,0.8719431115222293
15,MORF4L1,35365627,0.8718852980285599
15,PRDX4,35365599,0.8718274845348905
15,SMARCA5,35363122,0.871769671041221
15,SYTL4,35361773,0.8717118575475516
15,HSPA14-1,35361489,0.8716540440538821
15,USP16,35361456,0.8715962305602127
15,NAA38,35359502,0.8715384170665433
15,NDUFA12,35358169,0.8714806035728739
15,ZNHIT6,35357776,0.8714227900792045
15,LINC02582,35355278,0.871364976585535
15,FAM72A,35353753,0.8713071630918656
15,VAMP1,35353698,0.8712493495981962
15,HEATR1,35353168,0.8711915361045268
15,MGLL,35350328,0.8711337226108574
15,BAG4,35349780,0.8710759091171879
15,RAB33B,35348943,0.8710180956235185
15,SMC1A,35347515,0.8709602821298491
15,RNF40,35346027,0.8709024686361797
15,SAFB2,35344455,0.8708446551425103
15,ELOCP2,35343044,0.8707868416488408
15,SHD,35342544,0.8707290281551714
15,SDHA,35341972,0.870671214661502
15,MOSPD1,35341332,0.8706134011678326
15,BLCAP,35340935,0.8705555876741632
15,RPL3P12,35340613,0.8704977741804937
15,DDOST,35340592,0.8704399606868243
15,ATP5F1E,35339828,0.8703821471931549
15,PYCR1,35337324,0.8703243336994855
15,RBM10,35337046,0.8702665202058161
15,TMEM79,35336145,0.8702087067121466
15,AIDA,35335725,0.8701508932184772
15,AGTRAP,35335634,0.8700930797248078
15,PRAMEF19,35334040,0.8700352662311384
15,CTSA,35334001,0.869977452737469
15,RPL36AP40,35333804,0.8699196392437994
15,ATF1,35332862,0.86986182575013
15,KIF22,35332445,0.8698040122564606
15,SLIRP,35331610,0.8697461987627912
15,PET100,35330801,0.8696883852691218
15,NORAD,35330635,0.8696305717754524
15,RMND5A,35330167,0.8695727582817829
15,GFOD2,35330028,0.8695149447881135
15,AL136380.1,35329933,0.8694571312944441
15,UBE2I,35328784,0.8693993178007747
15,ZMYM1,35328559,0.8693415043071053
15,ACSS2,35325451,0.8692836908134358
15,POLR2F,35324084,0.8692258773197664
15,C6orf132,35323882,0.869168063826097
15,KHDC4,35323767,0.8691102503324276
15,AC015911.1,35322442,0.8690524368387582
15,TOPBP1,35321444,0.8689946233450887
15,MTMR10,35321268,0.8689368098514193
15,SMARCA1,35320281,0.8688789963577499
15,RANP1,35320136,0.8688211828640805
15,ENAH,35319457,0.8687633693704111
15,PPP4R3C,35319004,0.8687055558767416
15,MAGEA4,35318185,0.8686477423830722
15,WDCP,35316925,0.8685899288894028
15,TMEM154,35315992,0.8685321153957334
15,UBE3C,35315792,0.868474301902064
15,DONSON,35315716,0.8684164884083945
15,MRPL52,35315344,0.8683586749147251
15,BROX,35314303,0.8683008614210557
15,TRAPPC6A,35313464,0.8682430479273863
15,PKD1L2,35312271,0.8681852344337169
15,CASK,35311898,0.8681274209400474
15,ATP11B,35311742,0.868069607446378
15,RPS19BP1,35311306,0.8680117939527086
15,STYX,35311023,0.8679539804590392
15,ZNF677,35311014,0.8678961669653698
15,VPS11,35310931,0.8678383534717002
15,ARRB2,35310449,0.8677805399780308
15,BRF1,35309031,0.8677227264843614
15,DEGS1,35308755,0.867664912990692
15,RABAC1,35307264,0.8676070994970226
15,CDCA4,35306826,0.8675492860033532
15,MAPK1,35306794,0.8674914725096837
15,CRY2,35306367,0.8674336590160143
15,TFCP2,35306167,0.8673758455223449
15,SLCO4C1,35305917,0.8673180320286755
15,WRAP53,35305611,0.8672602185350061
15,ATAD3A,35305095,0.8672024050413366
15,AC053481.3,35303076,0.8671445915476672
15,LYRM7,35302138,0.8670867780539978
15,HMGCS1,35301110,0.8670289645603284
15,ATG12,35300924,0.866971151066659
15,POLR3K,35300851,0.8669133375729895
15,ZDHHC12,35299305,0.8668555240793201
15,YWHAZP2,35298896,0.8667977105856507
15,RPS4XP8,35295407,0.8667398970919813
15,ZCRB1,35293916,0.8666820835983119
15,AL031777.3,35292621,0.8666242701046424
15,CCN1,35289895,0.866566456610973
15,ZNF581,35289841,0.8665086431173036
15,BNIP3P1,35287969,0.8664508296236342
15,BOP1,35286887,0.8663930161299648
15,AC093297.2,35286690,0.8663352026362953
15,ANKRD13C,35286136,0.8662773891426259
15,FGFR2,35283622,0.8662195756489565
15,SMAD9,35282702,0.8661617621552871
15,NFKBIB,35282635,0.8661039486616177
15,HBA1,35281645,0.8660461351679482
15,KDM4A,35281490,0.8659883216742787
15,FAM120A,35281406,0.8659305081806093
15,MYL6P1,35280614,0.86587269468694
15,IL6,35279012,0.8658148811932705
15,CSPP1,35278049,0.865757067699601
15,HACD2,35277085,0.8656992542059316
15,AC097713.2,35276994,0.8656414407122622
15,TIPARP,35276752,0.8655836272185928
15,MARK4,35276710,0.8655258137249234
15,GRHL2,35275971,0.8654680002312539
15,PPP4R3A,35275154,0.8654101867375845
15,RPL22L1,35274139,0.8653523732439151
15,HYLS1,35272159,0.8652945597502457
15,SPG7,35271505,0.8652367462565763
15,ZNF230,35270094,0.8651789327629069
15,AC113398.1,35270051,0.8651211192692374
15,GYS1,35269788,0.865063305775568
15,DAG1,35269406,0.8650054922818986
15,ZNF445,35269158,0.8649476787882292
15,BRD8,35267980,0.8648898652945598
15,PHLPP1,35267785,0.8648320518008903
15,CDKN1A,35267619,0.8647742383072209
15,FAT1,35266318,0.8647164248135515
15,BIRC2,35265610,0.8646586113198821
15,CDC7,35264786,0.8646007978262127
15,ADTRP,35263697,0.8645429843325432
15,RPS10P3,35262905,0.8644851708388738
15,RNF185,35262574,0.8644273573452044
15,POU5F1,35262298,0.864369543851535
15,MIGA1,35261800,0.8643117303578656
15,RPL13P2,35260940,0.8642539168641961
15,TIMD4,35259255,0.8641961033705267
15,PRAG1,35258968,0.8641382898768573
15,ARL6IP6,35258613,0.8640804763831879
15,MT-CO2,35257714,0.8640226628895185
15,DDIT3,35256063,0.8639648493958489
15,GINS4,35254938,0.8639070359021795
15,ACTA1,35254141,0.8638492224085101
15,HMMR,35253905,0.8637914089148407
15,CNN3,35252808,0.8637335954211713
15,ZNF300P1,35252544,0.8636757819275018
15,NEFM,35252018,0.8636179684338324
15,ACOX1,35251818,0.863560154940163
15,RPL19P21,35251530,0.8635023414464936
15,MCMBP,35251465,0.8634445279528242
15,EMILIN2,35251200,0.8633867144591547
15,MEI1,35251114,0.8633289009654853
15,EPRS,35251047,0.8632710874718159
15,DNAJC10,35250330,0.8632132739781465
15,MFSD9,35249187,0.8631554604844771
15,ADAM9,35248130,0.8630976469908077
15,KLRG2,35247869,0.8630398334971382
15,PSMC1P4,35247741,0.8629820200034688
15,RAB30,35246918,0.8629242065097994
15,PDCL3,35246471,0.86286639301613
15,LDHA,35245373,0.8628085795224606
15,FBXO7,35245011,0.8627507660287911
15,WASHC1,35244629,0.8626929525351217
15,TRERF1,35242897,0.8626351390414523
15,FSTL1,35242645,0.8625773255477829
15,RPS17,35242598,0.8625195120541135
15,CLDN3,35240761,0.862461698560444
15,SLCO2A1,35240708,0.8624038850667746
15,MUC3A,35240587,0.8623460715731052
15,COLEC12,35240207,0.8622882580794358
15,RPS20,35239751,0.8622304445857664
15,RPS4XP1,35239693,0.8621726310920969
15,NAIP,35239551,0.8621148175984275
15,RPL31P28,35238598,0.862057004104758
15,TRAK1,35238539,0.8619991906110887
15,MPP5,35238500,0.8619413771174192
15,RPTOR,35238018,0.8618835636237497
15,ABHD17A,35237469,0.8618257501300803
15,MTCO1P40,35236854,0.8617679366364109
15,TIAM1,35235899,0.8617101231427415
15,POLM,35234070,0.8616523096490721
15,KPNA4,35233270,0.8615944961554026
15,LSM3P3,35232297,0.8615366826617332
15,NAP1L1,35232087,0.8614788691680638
15,ACP1,35230742,0.8614210556743944
15,ACADSB,35230380,0.861363242180725
15,PPM1B,35227203,0.8613054286870555
15,BX890604.2,35226616,0.8612476151933861
15,P2RY6,35226602,0.8611898016997167
15,PFKFB4,35226011,0.8611319882060473
15,EYA3,35225870,0.8610741747123779
15,GGCX,35225867,0.8610163612187084
15,TRIM27,35225440,0.860958547725039
15,MORC3,35224781,0.8609007342313696
15,SUDS3,35224488,0.8608429207377002
15,RPL14P1,35224120,0.8607851072440308
15,THRAP3,35224051,0.8607272937503614
15,TFRC,35223975,0.8606694802566919
15,IFT122,35223534,0.8606116667630225
15,ELOC,35223167,0.8605538532693531
15,ZNF728,35222959,0.8604960397756837
15,TCP1,35222359,0.8604382262820143
15,RPS3AP36,35222008,0.8603804127883448
15,NELFB,35221439,0.8603225992946754
15,NMRK2,35220415,0.860264785801006
15,CKAP5,35219831,0.8602069723073366
15,HSPA1A,35219726,0.8601491588136672
15,AL035661.1,35219319,0.8600913453199976
15,ATP7B,35218969,0.8600335318263282
15,CLN3,35218843,0.8599757183326588
15,LINC02201,35215739,0.8599179048389894
15,TOMM70,35215490,0.85986009134532
15,TAX1BP1,35214587,0.8598022778516505
15,LINC02434,35213440,0.8597444643579811
15,TUG1,35212556,0.8596866508643117
15,CDKN2AIPNL,35212129,0.8596288373706423
15,PHF6,35211954,0.8595710238769729
15,PGAM5,35211781,0.8595132103833034
15,PSMD14,35210671,0.859455396889634
15,BRICD5,35208643,0.8593975833959646
15,GDPD2,35208259,0.8593397699022952
15,PDE4DIP,35203736,0.8592819564086258
15,NRP1,35203644,0.8592241429149563
15,PFDN2,35202730,0.8591663294212869
15,TNFAIP8,35202626,0.8591085159276175
15,DTL,35200696,0.8590507024339481
15,NRBF2,35199261,0.8589928889402787
15,TRIT1,35197698,0.8589350754466092
15,ZSCAN16,35196808,0.8588772619529398
15,DCK,35196013,0.8588194484592704
15,THUMPD3-AS1,35195776,0.858761634965601
15,IQCC,35194769,0.8587038214719316
15,ATXN1,35191059,0.8586460079782621
15,APOA4,35190813,0.8585881944845927
15,WSB2,35190487,0.8585303809909233
15,EMC1,35190081,0.8584725674972539
15,RNF26,35189647,0.8584147540035845
15,AC246787.1,35189358,0.8583569405099151
15,RANGRF,35189119,0.8582991270162456
15,TSR2,35188715,0.8582413135225762
15,HIST1H1D,35188066,0.8581835000289068
15,MRPL57,35185514,0.8581256865352374
15,FAM178B,35183841,0.858067873041568
15,DCTN2,35183012,0.8580100595478984
15,ATP5PB,35182904,0.857952246054229
15,HSP90AA1,35181646,0.8578944325605596
15,RAB12,35181328,0.8578366190668902
15,DNAJB9,35181227,0.8577788055732208
15,CRYBB2,35180187,0.8577209920795513
15,ZNF676,35179461,0.8576631785858819
15,MFN2,35179044,0.8576053650922125
15,NUDCD2,35177352,0.8575475515985431
15,VANGL1,35176997,0.8574897381048737
15,SSR4,35176919,0.8574319246112042
15,MT-TH,35176551,0.8573741111175348
15,LAPTM4A,35176281,0.8573162976238654
15,GTF2IP13,35175405,0.857258484130196
15,MBIP,35174750,0.8572006706365266
15,TBX3,35172990,0.8571428571428571
15,UBXN4,35171807,0.8570850436491877
15,KIAA0319L,35171462,0.8570272301555183
15,EPB41,35170005,0.8569694166618489
15,PTMS,35166334,0.8569116031681795
15,SURF4,35165022,0.85685378967451
15,PIK3CB,35162907,0.8567959761808406
15,NAGK,35162883,0.8567381626871712
15,TNK2,35162715,0.8566803491935018
15,AC245041.2,35162710,0.8566225356998324
15,TBILA,35162352,0.8565647222061629
15,PWP1,35161889,0.8565069087124935
15,PROCR,35161398,0.8564490952188241
15,HERPUD1,35161064,0.8563912817251547
15,RBM5,35160621,0.8563334682314853
15,ADAM17,35159628,0.8562756547378159
15,MORF4L2,35159315,0.8562178412441463
15,PSMC1P1,35159114,0.856160027750477
15,UGCG,35157737,0.8561022142568075
15,AC007041.1,35157378,0.8560444007631381
15,MT-TF,35156072,0.8559865872694687
15,TMEM208,35155878,0.8559287737757992
15,IMP4,35155686,0.8558709602821298
15,EIF5AP4,35154766,0.8558131467884604
15,SNRPCP2,35153072,0.855755333294791
15,PLEKHJ1,35152539,0.8556975198011216
15,LARGE2,35152210,0.8556397063074521
15,PNN,35151523,0.8555818928137827
15,PLA2G12A,35150307,0.8555240793201133
15,DNAJC14,35149551,0.8554662658264439
15,TRUB2,35148467,0.8554084523327745
15,MRPL17,35147617,0.855350638839105
15,BLOC1S4,35146234,0.8552928253454356
15,FOXP4,35146180,0.8552350118517662
15,UQCRFS1,35145941,0.8551771983580968
15,NECAP2,35145528,0.8551193848644274
15,AC092447.1,35144500,0.8550615713707579
15,SLC19A3,35144006,0.8550037578770885
15,RNF6,35143783,0.8549459443834191
15,PSMD11,35143597,0.8548881308897497
15,NCOA4,35142935,0.8548303173960803
15,FAM199X,35142828,0.8547725039024108
15,SCAMP4,35142050,0.8547146904087414
15,WDR36,35141389,0.854656876915072
15,ATP2C2,35141198,0.8545990634214026
15,GIN1,35140565,0.8545412499277332
15,BSG,35140440,0.8544834364340637
15,SEM1P1,35140201,0.8544256229403943
15,XRCC5,35138855,0.8543678094467249
15,COBLL1,35138453,0.8543099959530555
15,ZNF268,35138194,0.8542521824593861
15,MAGEB1,35137360,0.8541943689657165
15,HDLBP,35136486,0.8541365554720471
15,RBM28,35135967,0.8540787419783777
15,C1orf35,35135745,0.8540209284847083
15,CMTM7,35135122,0.8539631149910389
15,ERH,35135087,0.8539053014973695
15,AL136298.3,35134939,0.8538474880037
15,PGBD1,35134476,0.8537896745100306
15,SEPT12,35133370,0.8537318610163612
15,MYO6,35133139,0.8536740475226918
15,ATP6V1D,35132590,0.8536162340290224
15,SPSB1,35130416,0.8535584205353529
15,TM9SF2,35130092,0.8535006070416835
15,NOP56,35128958,0.8534427935480141
15,GOLGA1,35128843,0.8533849800543447
15,GTF3A,35128280,0.8533271665606753
15,AKAP8L,35127284,0.8532693530670058
15,SDHAF3,35125538,0.8532115395733364
15,NDUFB2,35123917,0.853153726079667
15,AL354989.1,35123777,0.8530959125859976
15,PPP1R21,35122076,0.8530380990923282
15,TNS3,35121725,0.8529802855986587
15,RNF38,35121714,0.8529224721049893
15,AC025164.1,35120644,0.8528646586113199
15,CD46,35120461,0.8528068451176505
15,YDJC,35120394,0.8527490316239811
15,ST6GAL1,35119834,0.8526912181303116
15,ZNF569,35119733,0.8526334046366422
15,PSMB3,35119563,0.8525755911429728
15,GEMIN7,35119101,0.8525177776493034
15,AC240504.1,35118428,0.852459964155634
15,DSP,35116856,0.8524021506619645
15,RIMS2,35114934,0.852344337168295
15,IRF3,35113435,0.8522865236746257
15,RPAP1,35111809,0.8522287101809563
15,MRPS36,35109484,0.8521708966872868
15,BTAF1,35107440,0.8521130831936173
15,OVAAL,35106305,0.8517372954847662
15,ATG16L2,35106305,0.8517372954847662
15,RPL22P19,35106305,0.8517372954847662
15,RORA,35106305,0.8517372954847662
15,ACAN,35106305,0.8517372954847662
15,CACNB1,35106305,0.8517372954847662
15,LINC01483,35106305,0.8517372954847662
15,AC011498.1,35106305,0.8517372954847662
15,IMPG1,35106305,0.8517372954847662
15,FAXC,35106305,0.8517372954847662
15,AC019205.1,35106305,0.8517372954847662
15,AC005682.2,35106305,0.8517372954847662
15,AC060766.3,35105414,0.8513615077759149
15,CST3,35105302,0.8513036942822455
15,COMMD1,35103292,0.8512458807885761
15,SLC36A2,35101088,0.8511880672949066
15,COQ8B,35099320,0.8511302538012372
15,PER2,35098333,0.8510724403075678
15,BX276092.5,35097380,0.8510146268138984
15,AZIN2,35097181,0.850956813320229
15,NOL4L,35096951,0.8508989998265595
15,GOPC,35096227,0.8508411863328901
15,UBQLN4,35094475,0.8507833728392207
15,TFG,35093916,0.8507255593455513
15,ZBTB40,35093787,0.8506677458518819
15,LARS,35092781,0.8506099323582124
15,SNRPD2,35092756,0.850552118864543
15,DHCR24,35092667,0.8504943053708736
15,SNHG5,35091944,0.8504364918772042
15,GMPPA,35091304,0.8503786783835348
15,DIP2C,35091231,0.8503208648898652
15,ZNF207,35089077,0.8502630513961958
15,PRLHR,35089001,0.8501763311556917
15,AF013593.1,35089001,0.8501763311556917
15,NOB1,35088084,0.8500896109151876
15,GOLPH3,35088049,0.8500317974215181
15,OARD1,35087466,0.8499739839278487
15,TMEM11,35087036,0.8499161704341793
15,ABCB6,35086756,0.8498583569405099
15,CHID1,35086747,0.8498005434468405
15,MRPS26,35086368,0.849742729953171
15,RNF187,35085885,0.8496849164595016
15,DNAJC13,35085512,0.8496271029658322
15,POLD1,35085153,0.8495692894721628
15,RDH10,35084620,0.8495114759784934
15,HSPA5,35084395,0.849453662484824
15,KDM5B,35083489,0.8493958489911545
15,MAP3K9,35083464,0.8493380354974851
15,SPEN,35083210,0.8492802220038157
15,FAM151A,35082558,0.8492224085101463
15,PTCH1,35082082,0.8491645950164769
15,RPL26P19,35081613,0.8491067815228074
15,B3GNT7,35081401,0.849048968029138
15,MLLT11,35079917,0.8489911545354686
15,GPCPD1,35079805,0.8489333410417992
15,CDAN1,35079509,0.8488755275481298
15,MTCH1,35078323,0.8488177140544603
15,TAF2,35078054,0.8487599005607909
15,ZFAND2A,35077627,0.8487020870671215
15,SLC25A11,35077378,0.8486442735734521
15,AC068137.1,35077354,0.8485864600797827
15,PELP1,35076663,0.8485286465861132
15,MT-TY,35075525,0.8484708330924438
15,RINT1,35074425,0.8484130195987744
15,PCNT,35074345,0.848355206105105
15,DTYMK,35073888,0.8482973926114356
15,CDT1,35073816,0.848239579117766
15,MTERF2,35073132,0.8481817656240966
15,DNAJC1,35072059,0.8481239521304272
15,PSMA7,35070988,0.8480661386367578
15,NRM,35069757,0.8480083251430884
15,MRPL55,35069469,0.8479505116494189
15,RPS27A,35068609,0.8478926981557495
15,CRKL,35067705,0.8478348846620801
15,RAB8A,35067155,0.8477770711684107
15,DHRS13,35066333,0.8477192576747413
15,RSAD1,35064849,0.8476614441810718
15,BBS4,35063986,0.8476036306874024
15,ALDH6A1,35063973,0.847545817193733
15,TRAF6P1,35063190,0.8474880037000636
15,KDM3B,35062462,0.8474301902063942
15,BMP4,35061664,0.8473723767127247
15,CCDC84,35058766,0.8473145632190553
15,SLC20A1,35057628,0.8472567497253859
15,FURIN,35055903,0.8471989362317165
15,RTRAF,35054563,0.8471411227380471
15,FUCA2,35052760,0.8470833092443777
15,TIPIN,35049297,0.8470254957507082
15,PSMB1,35049233,0.8469676822570388
15,PAGE2,35049010,0.8469098687633694
15,PHF5A,35048050,0.8468520552697
15,AL031133.1,35047884,0.8467942417760306
15,RPL23AP61,35046698,0.8467364282823611
15,TBC1D23,35046040,0.8466786147886917
15,MSH6,35045977,0.8466208012950223
15,ATF4,35045276,0.8465629878013529
15,RAB17,35044907,0.8465051743076835
15,ZNF146,35043981,0.846447360814014
15,ETFDH,35043812,0.8463895473203445
15,ATP2A2,35043675,0.8463317338266751
15,TMEM8A,35042613,0.8462739203330057
15,AC231533.2,35042522,0.8462161068393363
15,ELMO2,35041611,0.8461582933456668
15,SLC4A11,35041568,0.8461004798519974
15,LINC01508,35039075,0.846042666358328
15,MXI1,35038745,0.8459848528646586
15,AC118549.1,35038444,0.8459270393709892
15,AC132825.1,35037800,0.8458692258773197
15,MANEA,35037618,0.8458114123836503
15,MUL1,35037331,0.8457535988899809
15,AMN1,35037001,0.8456957853963115
15,CMC2,35036452,0.8456379719026421
15,SF3B6,35036379,0.8455801584089726
15,DPY19L1,35036114,0.8455223449153032
15,SIRPA,35035989,0.8454645314216338
15,GDE1,35035574,0.8454067179279644
15,HMGA1,35034931,0.845348904434295
15,WLS,35034270,0.8452910909406255
15,MTRNR2L10,35034037,0.8452332774469561
15,EXOSC2,35032785,0.8451754639532867
15,ATP5MC1,35032674,0.8451176504596173
15,SOD1,35032477,0.8450598369659479
15,HLA-F,35029396,0.8450020234722785
15,SRSF3,35029118,0.844944209978609
15,PTCD1,35027964,0.8448863964849396
15,SKIV2L,35027711,0.8448285829912702
15,KLHL36,35027006,0.8447707694976008
15,SSX2IP,35026277,0.8447129560039314
15,RANBP20P,35024569,0.8446551425102619
15,PAGE4,35024129,0.8445973290165925
15,FUNDC1,35023608,0.8445395155229231
15,ACTG1,35023558,0.8444817020292537
15,NDUFAF8,35023505,0.8444238885355843
15,BEND3P1,35022755,0.8443660750419147
15,HECTD1,35020563,0.8443082615482453
15,RIOK2,35020058,0.8442504480545759
15,MRPL22,35019384,0.8441926345609065
15,OTUD6B,35018317,0.8441348210672371
15,RHOF,35017990,0.8440770075735676
15,PDLIM1,35017707,0.8440191940798982
15,MIF4GD,35016713,0.8439613805862288
15,LYPLA1,35014823,0.8439035670925594
15,AL049597.1,35013161,0.8438168468520553
15,PSMD12,35013161,0.8438168468520553
15,BCLAF1P2,35012965,0.8437301266115511
15,ANO1,35012621,0.8436723131178817
15,STAT3,35011640,0.8436144996242123
15,CUL4B,35011209,0.8435566861305429
15,SRSF2,35010689,0.8434988726368734
15,DANCR,35010537,0.843441059143204
15,RPL23A,35009407,0.8433832456495346
15,GAPDHP37,35007196,0.8433254321558652
15,TMEM179B,35006872,0.8432676186621958
15,RAB3IP,35006848,0.8432098051685263
15,PRAP1,35006485,0.8431519916748569
15,CLK1,35005752,0.8430941781811875
15,NAP1L1P3,35003942,0.8430363646875181
15,DBNL,35003748,0.8429785511938487
15,GPR63,35002674,0.8429207377001792
15,TRAF3,35001608,0.8428629242065098
15,GNB1L,35000647,0.8428051107128404
15,RBPJ,34999966,0.842747297219171
15,FGFR1OP,34999058,0.8426894837255016
15,TOLLIP,34998925,0.8426316702318322
15,TIGD5,34998137,0.8425738567381627
15,ADCK1,34997483,0.8425160432444933
15,HSP90AB2P,34995632,0.8424582297508239
15,RHOBTB1,34994804,0.8424004162571544
15,TWF2,34994729,0.842342602763485
15,BCKDHB,34994513,0.8422847892698155
15,WWC1,34993980,0.8422269757761461
15,CASP9,34993742,0.8421691622824767
15,NANOGNB,34993003,0.8421113487888073
15,AC110079.1,34992957,0.8420535352951379
15,RBM3,34992595,0.8419957218014684
15,PPIL1P1,34992110,0.841937908307799
15,SYF2,34992106,0.8418800948141296
15,KLHDC4,34992087,0.8418222813204602
15,BIRC5,34991664,0.8417644678267908
15,CCNO,34991537,0.8417066543331213
15,MRPS27,34989978,0.8416488408394519
15,CD81,34989083,0.8415910273457825
15,COG1,34988720,0.8415332138521131
15,LPAR4,34988303,0.8414754003584437
15,EML3,34987826,0.8414175868647742
15,AL359092.2,34987579,0.8413597733711048
15,LINC01128,34986931,0.8413019598774354
15,NPL,34985429,0.841244146383766
15,STAG3L4,34985031,0.8411863328900966
15,PRDX6,34983622,0.8411285193964271
15,PCMT1,34982562,0.8410707059027577
15,TRIP4,34982362,0.8410128924090883
15,PRELID1,34982354,0.8409550789154189
15,SRP54-AS1,34982275,0.8408972654217495
15,MROH6,34981177,0.84083945192808
15,RPL37AP1,34979846,0.8407816384344106
15,MASP2,34979693,0.8407238249407412
15,GUCD1,34979348,0.8406660114470718
15,SUMO2,34978919,0.8406081979534024
15,ZC3H3,34977531,0.8405503844597328
15,PCNX3,34977170,0.8404925709660634
15,NAT9,34976734,0.840434757472394
15,AMFR,34976493,0.8403769439787246
15,NFATC3,34975914,0.8403191304850552
15,LINC01091,34975490,0.8402613169913858
15,NDUFAF2,34975220,0.8402035034977163
15,TCF7L2,34974526,0.8401456900040469
15,COMMD9,34973588,0.8400878765103775
15,LINC02575,34970141,0.8400300630167081
15,AL139811.2,34970074,0.8399722495230387
15,SSR3,34970072,0.8399144360293692
15,TP53BP1,34969132,0.8398566225356998
15,BRDT,34968438,0.8397988090420304
15,EGLN3,34968068,0.839740995548361
15,MARVELD2,34967570,0.8396831820546916
15,KNOP1,34967199,0.8396253685610221
15,LINC02614,34967002,0.8395675550673527
15,CYB561,34965797,0.8395097415736833
15,UNC13D,34965271,0.8394519280800139
15,RBM6,34964299,0.8393941145863445
15,MT-ND1,34964040,0.839336301092675
15,COX5A,34963785,0.8392784875990056
15,CTNS,34961671,0.8392206741053362
15,TNFRSF1A,34960813,0.8391628606116668
15,LINC02484,34960567,0.8391050471179974
15,MTCO3P13,34959855,0.8390472336243279
15,CASP8AP2,34959470,0.8389894201306585
15,LINC01355,34959257,0.8389316066369891
15,AF201337.1,34958479,0.8388737931433197
15,FUOM,34958186,0.8388159796496503
15,WDR12,34957866,0.8387581661559808
15,PUM3,34956842,0.8387003526623114
15,AC141586.1,34956709,0.838642539168642
15,HMGB3,34955827,0.8385847256749726
15,TMEM63B,34955671,0.8385269121813032
15,USP1,34955130,0.8384690986876336
15,ZNF74,34955099,0.8384112851939642
15,CD47,34953619,0.8383534717002948
15,ATP5MF,34951288,0.8382956582066254
15,RPS10,34950951,0.838237844712956
15,TRMT1,34950476,0.8381800312192866
15,NUTM2B-AS1,34949694,0.8381222177256171
15,PRTFDC1,34949197,0.8380644042319477
15,TRIM56,34949128,0.8380065907382783
15,RBM4B,34948120,0.8379487772446089
15,TRIM44,34947802,0.8378909637509395
15,KLHL12,34947654,0.83783315025727
15,SERTAD4-AS1,34946513,0.8371104815864022
15,HS6ST1P1,34946513,0.8371104815864022
15,CIART,34946513,0.8371104815864022
15,PHYHIPL,34946513,0.8371104815864022
15,MAML2,34946513,0.8371104815864022
15,ADSSL1,34946513,0.8371104815864022
15,AC018946.2,34946513,0.8371104815864022
15,TBC1D24,34946513,0.8371104815864022
15,ZNF287,34946513,0.8371104815864022
15,AC138207.9,34946513,0.8371104815864022
15,A1BG-AS1,34946513,0.8371104815864022
15,SOCS5,34946513,0.8371104815864022
15,CU639417.3,34946513,0.8371104815864022
15,MOV10L1,34946513,0.8371104815864022
15,MME,34946513,0.8371104815864022
15,FBXL17,34946513,0.8371104815864022
15,TAP1,34946513,0.8371104815864022
15,AL365259.1,34946513,0.8371104815864022
15,AL356534.1,34946513,0.8371104815864022
15,AC118758.3,34946513,0.8371104815864022
15,CDK14,34946513,0.8371104815864022
15,MINCR,34946513,0.8371104815864022
15,MCMDC2,34946513,0.8371104815864022
15,CTAG1A,34946513,0.8371104815864022
15,EEF2,34946337,0.8363878129155344
15,RNPS1,34945438,0.836329999421865
15,MICU2,34945209,0.8362721859281956
15,HEXB,34944095,0.8362143724345262
15,SMCHD1,34943656,0.8361565589408568
15,WDR59,34943598,0.8360987454471873
15,AP4B1,34943367,0.8360409319535179
15,MAD2L1BP,34942882,0.8359831184598485
15,AC104619.1,34941922,0.8359253049661791
15,KATNB1,34941616,0.8358674914725097
15,FKBP8,34941238,0.8358096779788403
15,ARHGEF11,34941007,0.8357518644851708
15,IER5,34940411,0.8356940509915014
15,CHEK1,34940341,0.835636237497832
15,PTGES,34939717,0.8355784240041626
15,CPTP,34939601,0.8355206105104932
15,RB1CC1,34939488,0.8354627970168237
15,ARMH4,34938784,0.8354049835231543
15,BUB1B,34938190,0.8353471700294849
15,WDR62,34936495,0.8352893565358155
15,ECPAS,34935431,0.8352315430421461
15,CYB5B,34934526,0.8351737295484766
15,CPNE4,34933949,0.8351159160548072
15,HIF1A,34932741,0.8350581025611378
15,TMED9,34931939,0.8350002890674684
15,MACF1,34931199,0.834942475573799
15,SELENOF,34930803,0.8348846620801295
15,TP53RK,34928511,0.8348268485864601
15,C2CD2L,34928233,0.8347690350927907
15,SBF2-AS1,34927478,0.8347112215991213
15,COA3,34926851,0.8346534081054519
15,SIRT4,34926817,0.8345955946117823
15,MIS18A,34925431,0.8345377811181129
15,MED10,34923424,0.8344799676244435
15,FGD3,34922651,0.8344221541307741
15,HK2P1,34922011,0.8343643406371047
15,ZC3H13,34920948,0.8343065271434352
15,SNRPF,34920238,0.8342487136497658
15,TSPYL2,34919625,0.8341909001560964
15,FKBP1B,34916648,0.834133086662427
15,AC104417.1,34916106,0.8340752731687576
15,DNMT1,34916076,0.8340174596750881
15,PLAAT3,34915607,0.8339596461814187
15,TMEM67,34913483,0.8339018326877493
15,CNOT6L,34913264,0.8338440191940799
15,SPAST,34911608,0.8337862057004105
15,GREM2,34911038,0.833728392206741
15,AC010468.1,34910555,0.8336705787130716
15,TPP1,34910277,0.8336127652194022
15,TOMM7,34909851,0.8335549517257328
15,FAM219B,34907865,0.8334971382320634
15,HSPA9P1,34907517,0.833439324738394
15,MXD1,34906783,0.8333815112447245
15,MALAT1,34906627,0.8333236977510551
15,NCAPG2,34906614,0.8332658842573857
15,PRR14,34901936,0.8332080707637163
15,CDC14A,34901765,0.8331502572700469
15,TRRAP,34901670,0.8330924437763774
15,HOOK1,34901516,0.833034630282708
15,ADGRE5,34900149,0.8329768167890386
15,LIG1,34898756,0.8329190032953692
15,ATP6V1G1,34898686,0.8328611898016998
15,AC009961.1,34897526,0.8328033763080303
15,LPCAT1,34897459,0.8327455628143609
15,MAP2K2,34897061,0.8326877493206915
15,C16orf91,34896415,0.832629935827022
15,SASS6,34896011,0.8325721223333526
15,UBA2,34895993,0.8325143088396831
15,MX1,34895810,0.8324564953460137
15,TNFRSF12A,34895540,0.8323986818523443
15,GOLGA4,34895344,0.8323408683586749
15,C11orf54,34893497,0.8322830548650055
15,ADI1,34893379,0.832225241371336
15,GULP1,34893378,0.8321674278776666
15,ZNF496,34893252,0.8321096143839972
15,DENND4C,34892953,0.8320228941434931
15,TAB3,34892953,0.8320228941434931
15,NAPG,34892466,0.8319361739029889
15,MTRNR2L8,34892356,0.8318783604093195
15,CEP290,34892320,0.8318205469156501
15,NFKBIA,34891404,0.8317627334219807
15,MT-TC,34890522,0.8317049199283113
15,DNTTIP2,34889929,0.8316471064346418
15,PPP4R2,34889779,0.8315892929409724
15,HNRNPH3,34889043,0.831531479447303
15,ASRGL1,34888838,0.8314736659536336
15,CXADR,34887015,0.8314158524599642
15,MIER1,34886631,0.8313580389662948
15,ACTN4P1,34885832,0.8313002254726253
15,TRIM68,34885831,0.8312424119789559
15,MTHFD1,34885707,0.8311845984852865
15,DYNLT1,34885597,0.8311267849916171
15,ATAD3B,34884378,0.8310689714979477
15,TXLNA,34882853,0.8310111580042782
15,ZNF394,34881221,0.8309533445106088
15,IRF2BPL,34880751,0.8308955310169394
15,OXSM,34880088,0.83083771752327
15,DNAJC5,34878380,0.8307799040296006
15,SNX18,34877218,0.830722090535931
15,MPP6,34877193,0.8306642770422616
15,DNAH3,34876565,0.8306064635485922
15,UTP18,34875835,0.8305486500549228
15,RSL1D1,34874871,0.8304908365612534
15,ZSCAN9,34874224,0.8304330230675839
15,TUBA1A,34873295,0.8303752095739145
15,MLST8,34872929,0.8303173960802451
15,AC022809.1,34872082,0.8302595825865757
15,SFI1,34870908,0.8302017690929063
15,MTUS1,34870544,0.8301439555992368
15,KIAA1217,34870320,0.8300861421055674
15,NSMCE2,34869948,0.830028328611898
15,TUBGCP5,34869732,0.8299705151182286
15,PAXBP1,34868963,0.8299127016245592
15,DDIAS,34868678,0.8298548881308897
15,WDR19,34867486,0.8297970746372203
15,ZNF850,34866926,0.8297392611435509
15,SEC13,34865586,0.8296814476498815
15,NMRK1,34865104,0.8296236341562121
15,PRKAR2A,34864806,0.8295658206625426
15,ACTBP11,34864636,0.8295080071688732
15,PTGES3P1,34863111,0.8294501936752038
15,USP6NL,34862725,0.8293923801815344
15,MCC,34862628,0.829334566687865
15,CENPC,34861940,0.8292767531941955
15,SEPSECS-AS1,34861437,0.8292189397005261
15,TFF1,34860365,0.8291611262068567
15,TUSC1,34860066,0.8291033127131873
15,RGS19,34859567,0.8290454992195179
15,TOMM20,34859486,0.8289876857258485
15,SNRPE,34859188,0.828929872232179
15,RBBP5,34858400,0.8288720587385096
15,AF117829.1,34857579,0.8288142452448402
15,ZFP82,34857347,0.8287564317511708
15,TOMM40L,34856869,0.8286986182575014
15,CBLL1,34856646,0.8286408047638318
15,PSMC1P10,34856223,0.8285829912701624
15,BFAR,34855214,0.828525177776493
15,MORC2,34854318,0.8284673642828236
15,SUPT5H,34854209,0.8284095507891542
15,BEND3,34854034,0.8283517372954847
15,CFDP1,34851741,0.8282939238018153
15,OGDH,34851378,0.8282361103081459
15,LINC01709,34851334,0.8281782968144765
15,ZNF430,34851087,0.8281204833208071
15,FDPS,34850679,0.8280626698271376
15,APOA2,34849654,0.8280048563334682
15,CCDC186,34849265,0.8279470428397988
15,IL10RB,34848789,0.8278892293461294
15,ETNK1,34848364,0.82783141585246
15,AMMECR1,34847942,0.8277736023587905
15,AC233982.1,34847582,0.8277157888651211
15,AP001527.2,34847034,0.8276579753714517
15,ZNHIT3,34846688,0.8276001618777823
15,CCT2,34846648,0.8275423483841129
15,GOLGA6L9,34846360,0.8274845348904434
15,AACS,34846234,0.827426721396774
15,GLA,34843883,0.8273689079031046
15,METTL4,34842733,0.8273110944094352
15,CASC3,34840648,0.8272532809157658
15,LEMD2,34840634,0.8271954674220963
15,HSPE1,34838104,0.8271376539284269
15,KDM5C,34838054,0.8270798404347575
15,HCFC1R1,34837761,0.8270220269410881
15,RAB18,34837726,0.8269642134474187
15,CYB5D2,34836632,0.8269063999537493
15,CDC34,34836593,0.8268485864600797
15,ARHGEF1,34836118,0.8267907729664103
15,C12orf40,34835853,0.826732959472741
15,MED15,34834346,0.8266751459790715
15,ETFB,34833790,0.8266173324854021
15,AGO2,34832861,0.8265595189917326
15,SMARCD1,34832314,0.8265017054980632
15,NFYA,34831659,0.8264438920043938
15,MIDN,34831561,0.8263860785107244
15,SCAMP3,34831302,0.826328265017055
15,VPS35P1,34831266,0.8262704515233855
15,GNG5,34830660,0.8262126380297161
15,TMEM123,34830313,0.8261548245360467
15,AC073335.1,34830062,0.8260970110423773
15,FAM86B3P,34829747,0.8260391975487079
15,C6orf226,34829478,0.8259813840550384
15,CABIN1,34829333,0.825923570561369
15,BORCS6,34826845,0.8258657570676996
15,MTLN,34825901,0.8258079435740302
15,DVL2,34824960,0.8257501300803608
15,ADH5P4,34824873,0.8256923165866913
15,YPEL5,34824515,0.8256345030930219
15,CLU,34823291,0.8255766895993525
15,PSMD6,34823279,0.8255188761056831
15,SETSIP,34823104,0.8254610626120137
15,MRM1,34822628,0.8254032491183442
15,HSPA9,34822544,0.8253454356246748
15,FO393419.3,34822512,0.8252876221310054
15,FAAP100,34822026,0.825229808637336
15,ELOVL4,34820609,0.8251719951436666
15,MTND2P9,34819830,0.8251141816499971
15,PABPC4,34819474,0.8250563681563277
15,CMC4,34818453,0.8249985546626583
15,ATP5PO,34817864,0.8249407411689889
15,ZNF585B,34817146,0.8248829276753195
15,SRSF7,34816951,0.8248251141816499
15,USP30,34816664,0.8247673006879805
15,HYKK,34816532,0.8247094871943111
15,LINC01559,34816428,0.8246516737006417
15,CDCP1,34815494,0.8245649534601376
15,ASS1P11,34815494,0.8245649534601376
15,MSH3,34815465,0.8244782332196334
15,ADSL,34814838,0.824420419725964
15,NUCKS1,34813759,0.8243626062322946
15,AC009065.4,34812245,0.8243047927386252
15,IQGAP1,34812057,0.8242469792449558
15,ASB16-AS1,34811953,0.8241891657512863
15,CBFB,34811367,0.8241313522576169
15,WNT7A,34810920,0.8240735387639475
15,ACAP2,34810004,0.8240157252702781
15,RPL7P41,34809681,0.8239579117766087
15,CEBPA,34809202,0.8239000982829392
15,AL445524.1,34808007,0.8238422847892698
15,AC245014.3,34807089,0.8237844712956004
15,CHCHD10,34805960,0.823726657801931
15,SCAF4,34804698,0.8236688443082616
15,EMC6,34804457,0.8236110308145921
15,HMGB1P37,34804239,0.8235532173209227
15,POLL,34802759,0.8234954038272533
15,PSMC6,34802414,0.8234375903335839
15,EXOC7,34802240,0.8233797768399145
15,UBE2V1,34801936,0.823321963346245
15,ATP13A2,34801819,0.8232641498525756
15,KDM2B,34801424,0.8232063363589062
15,PTMAP5,34801006,0.8231485228652368
15,RPL23AP2,34800279,0.8230907093715674
15,MRFAP1L1,34800156,0.8230328958778979
15,L3MBTL3,34799336,0.8229750823842285
15,PYURF,34798886,0.822917268890559
15,MT-TA,34798517,0.8228594553968896
15,AMD1P2,34797549,0.8228016419032202
15,ABHD12,34796683,0.8227438284095507
15,PCCA,34796505,0.8226860149158813
15,LIMK2,34795197,0.8226282014222119
15,AP2A2,34794817,0.8225703879285425
15,NOL7,34793782,0.8225125744348731
15,AP004550.1,34792177,0.8224547609412036
15,SBNO1,34792094,0.8223969474475342
15,CNNM3,34791939,0.8223391339538648
15,HPS4,34791265,0.8222813204601954
15,BTG2,34791045,0.822223506966526
15,TPT1P4,34790907,0.8221656934728566
15,CENPL,34790779,0.8221078799791871
15,BRAP,34790113,0.8220500664855177
15,INSL4,34789346,0.8219922529918483
15,PDXDC1,34788474,0.8219344394981789
15,ARID3A,34784249,0.8218766260045095
15,PPP2R5C,34784085,0.82181881251084
15,GINS2,34783860,0.8217609990171706
15,KLF5,34783410,0.8217031855235012
15,IPO4,34783394,0.8216453720298318
15,VCL,34780823,0.8215875585361624
15,OTUD1,34778977,0.8215297450424929
15,NAXD,34778689,0.8214719315488235
15,ZNF708,34777474,0.8214141180551541
15,CYCSP44,34777408,0.8213563045614847
15,ST3GAL4,34776462,0.8212984910678153
15,ITGAE,34776339,0.8212406775741458
15,RRP1B,34775892,0.8211828640804764
15,GCHFR,34775879,0.821125050586807
15,NUP58,34775745,0.8210672370931376
15,MTFP1,34775344,0.8210094235994682
15,SLC35B1,34775273,0.8209516101057986
15,EEF1A1P42,34775132,0.8208937966121292
15,RNF167,34774918,0.8208359831184598
15,SUMO1,34772711,0.8207781696247904
15,MYO5B,34772481,0.820720356131121
15,ARFIP1,34771457,0.8206625426374515
15,DENND4B,34771000,0.8206047291437821
15,AC005840.4,34770834,0.8205469156501127
15,SRPK2,34770195,0.8204891021564433
15,C1QBP,34769440,0.8204312886627739
15,LINC00470,34769432,0.8203734751691044
15,HNRNPCP7,34768435,0.820315661675435
15,C2CD5,34766931,0.8202578481817656
15,SREK1,34765849,0.8202000346880962
15,RGPD2,34765709,0.8201422211944268
15,ST13P19,34765137,0.8200844077007574
15,RPS27,34764008,0.8200265942070879
15,TARBP1,34763757,0.8199687807134185
15,LRRC14,34763008,0.8199109672197491
15,AC092017.1,34762230,0.8198531537260797
15,SNF8,34759710,0.8197953402324103
15,FOXRED1,34757952,0.8197375267387408
15,PSMD12P,34757623,0.8196797132450714
15,PLGRKT,34757385,0.819621899751402
15,AL353151.1,34757320,0.8195640862577326
15,ZFAND5,34757255,0.8195062727640632
15,RAB21,34757038,0.8194484592703937
15,GPATCH2L,34755803,0.8193906457767243
15,PAICS,34755716,0.8193328322830549
15,COPG2,34755372,0.8192750187893855
15,BICD2,34755148,0.8192172052957161
15,TAF1,34754476,0.8191593918020466
15,TERT,34754016,0.8191015783083772
15,TUBB8P8,34753743,0.8190437648147078
15,CMSS1,34752867,0.8189859513210384
15,ETV3,34752608,0.818928137827369
15,CAPN10-DT,34751697,0.8188703243336994
15,ZNF729,34751260,0.81881251084003
15,PSMG2,34749345,0.8187546973463606
15,RANBP3,34748978,0.8186968838526912
15,AC135279.3,34747649,0.8186390703590218
15,HP1BP3,34747469,0.8185812568653523
15,ART5,34746559,0.8185234433716829
15,NISCH,34746514,0.8184656298780135
15,SRM,34746219,0.8184078163843441
15,MRPS11,34744526,0.8183500028906747
15,PGAP2,34744289,0.8182921893970052
15,PPIL4,34743863,0.8182343759033358
15,TMEM37,34743697,0.8181765624096664
15,GINM1,34743249,0.818118748915997
15,PSMB7,34742779,0.8180609354223276
15,AREL1,34742466,0.8180031219286581
15,BOD1L1,34742024,0.8179453084349887
15,AMBRA1,34741984,0.8178874949413193
15,MTG1,34741879,0.8178296814476499
15,FHOD1,34741220,0.8177718679539805
15,NDUFAF4,34740903,0.8177140544603111
15,WDR73,34740695,0.8176562409666416
15,HNRNPA0,34740449,0.8175984274729722
15,EIF4G1,34740209,0.8175406139793028
15,DEPP1,34739554,0.8174828004856334
15,THAP3,34738242,0.817424986991964
15,AC005261.6,34737300,0.8173671734982945
15,MAPK12,34736709,0.8173093600046251
15,CEP162,34736524,0.8172515465109557
15,TMEM147,34736203,0.8171937330172863
15,TMEM267,34735188,0.8171359195236169
15,HNRNPDP1,34734640,0.8170781060299473
15,MCOLN1,34734113,0.817020292536278
15,SPCS2,34733942,0.8169624790426085
15,RITA1,34733248,0.8169046655489391
15,NDUFS4,34732027,0.8168468520552697
15,UHRF1BP1L,34731910,0.8167890385616002
15,TACSTD2,34731766,0.8167312250679308
15,CHCHD2,34731602,0.8166734115742614
15,AC108114.1,34730578,0.816615598080592
15,SLCO1A2,34729593,0.8165577845869226
15,CCDC152,34728173,0.8164999710932531
15,NEU1,34727389,0.8164421575995837
15,PKP4,34726343,0.8163843441059143
15,CDK12,34726278,0.8163265306122449
15,SYAP1,34726014,0.8162687171185755
15,MAPK1IP1L,34725379,0.816210903624906
15,ZNF251,34725376,0.8161530901312366
15,AL021877.1,34725348,0.8160952766375672
15,ARIH2,34724477,0.8160374631438978
15,SCPEP1,34724343,0.8159796496502284
15,HNRNPU,34723806,0.8159218361565589
15,GALC,34723442,0.8158640226628895
15,ZNRF1,34721285,0.8158062091692201
15,GRSF1,34721259,0.8157483956755507
15,TXNL1,34720908,0.8156905821818813
15,PLD1,34720782,0.8156327686882118
15,NTPCR,34720538,0.8155749551945424
15,RCHY1,34720272,0.815517141700873
15,LINC01108,34719724,0.8154593282072036
15,ZNF793-AS1,34719483,0.8154015147135342
15,C1orf131,34719252,0.8153437012198648
15,ERCC6L2,34718866,0.8152858877261953
15,RDX,34718123,0.8152280742325259
15,ALPL,34717345,0.8151702607388565
15,EDC3,34716244,0.815112447245187
15,HNRNPA2B1,34715966,0.8150546337515177
15,MICALL1,34715059,0.8149968202578481
15,C9orf40,34715032,0.8149390067641787
15,GLDC,34714129,0.8148811932705093
15,TUBG2,34713902,0.8148233797768399
15,G3BP2,34713697,0.8147655662831705
15,AC010618.1,34713552,0.814707752789501
15,TNIK,34712416,0.8146499392958316
15,DPY30,34712313,0.8145921258021622
15,ZBTB34,34712226,0.8145343123084928
15,MIR373,34710906,0.8144764988148234
15,RPLP0P2,34710047,0.8144186853211539
15,KIAA1143,34709019,0.8143608718274845
15,ZNF696,34707326,0.8143030583338151
15,TMEM59,34706164,0.8142452448401457
15,CD3EAP,34705995,0.8141874313464763
15,JKAMP,34704763,0.8141296178528068
15,RAMAC,34704599,0.8140718043591374
15,SMIM19,34704224,0.814013990865468
15,METTL16,34703414,0.8139561773717986
15,TTC17,34703093,0.8138983638781292
15,SUPT6H,34703013,0.8138405503844597
15,FAM174B,34702875,0.8137827368907903
15,COX17,34702240,0.8137249233971209
15,PPFIBP2,34701992,0.8136671099034515
15,TBPL1,34701679,0.8136092964097821
15,RPS26P54,34701367,0.8135514829161126
15,MAGOH,34700623,0.8134936694224432
15,ATP5MGP3,34699961,0.8134358559287738
15,CCDC144CP,34699818,0.8133780424351044
15,AL354714.1,34698657,0.813320228941435
15,GPN2,34698369,0.8132624154477656
15,PPP2R2A,34698117,0.813204601954096
15,RAB4A,34694436,0.8131467884604267
15,AL096870.10,34693707,0.8130889749667572
15,ZER1,34693581,0.8130311614730878
15,SLC10A3,34692899,0.8129733479794184
15,AC092638.2,34692362,0.8129155344857489
15,TFDP3,34690925,0.8128577209920795
15,SMTN,34690168,0.8127999074984101
15,PAK2,34689913,0.8127420940047407
15,HMGB2,34689092,0.8126842805110713
15,CITED4,34688071,0.8126264670174018
15,RPF1,34687479,0.8125686535237324
15,MRTO4,34687342,0.812510840030063
15,QSOX2,34687025,0.8124530265363936
15,EIF4A1P4,34686162,0.8123952130427242
15,SIRT1,34685676,0.8123373995490547
15,KANSL3,34685299,0.8122795860553853
15,CTNNAL1,34685247,0.8122217725617159
15,OLFML1,34684840,0.8121639590680465
15,MFSD10,34684670,0.8121061455743771
15,CMTM4,34684358,0.8120483320807076
15,CDC42,34683834,0.8119905185870382
15,S100A10,34683761,0.8119327050933688
15,ADAR,34683395,0.8118748915996994
15,OGG1,34682169,0.81181707810603
15,S100P,34681806,0.8117592646123605
15,SDAD1,34681576,0.8117014511186911
15,ANKIB1,34681549,0.8116436376250217
15,RNGTT,34680680,0.8115858241313523
15,NANP,34678338,0.8115280106376829
15,KMT2B,34677142,0.8114701971440134
15,ADNP,34676632,0.811412383650344
15,RBMX,34676183,0.8113545701566746
15,RPP25,34676033,0.8112967566630052
15,PPP1R10,34676020,0.8112389431693358
15,PUS7,34674804,0.8111811296756662
15,RTN3P1,34674575,0.8111233161819968
15,PPP6R1,34674204,0.8110655026883274
15,ZNF350,34673360,0.811007689194658
15,ID2,34672597,0.8109498757009886
15,AL080317.2,34670915,0.8108920622073192
15,AL359987.1,34669961,0.8108342487136497
15,GOT2,34669706,0.8107764352199803
15,CSDE1,34668975,0.8107186217263109
15,LARGE1,34668545,0.8106608082326415
15,FAM104A,34667918,0.8106029947389721
15,CNNM2,34667779,0.8105451812453026
15,DCAF5,34667753,0.8104873677516332
15,LARP1,34665062,0.8104295542579638
15,SNRPG,34664680,0.8103717407642944
15,AAGAB,34663982,0.810313927270625
15,BEX2,34662702,0.8102561137769555
15,TMEM120A,34661962,0.8101983002832861
15,IMPDH2,34660861,0.8101404867896167
15,AGO1,34660854,0.8100826732959473
15,LPAR2,34660753,0.8100248598022779
15,TAMM41,34660719,0.8099670463086084
15,PSMC2,34660556,0.809909232814939
15,TMEM177,34660336,0.8098514193212696
15,RAB11FIP1,34657456,0.8097936058276002
15,CD9,34657158,0.8097357923339308
15,MNS1,34656875,0.8096779788402613
15,CHCHD2P9,34656322,0.8096201653465919
15,ABCC5,34655666,0.8095623518529225
15,NUB1,34653927,0.8095045383592531
15,THUMPD3,34652954,0.8094467248655837
15,ZNF845,34652495,0.8093889113719142
15,GLRX5,34650872,0.8093310978782448
15,CLIC4,34650679,0.8092732843845754
15,GIPC2,34650267,0.809215470890906
15,WDR33,34650122,0.8091576573972366
15,NADK,34649218,0.809099843903567
15,AC008755.1,34648845,0.8090420304098976
15,ZNF736,34648366,0.8089842169162282
15,TRMT112,34647464,0.8089264034225588
15,MED27,34647393,0.8088685899288894
15,AC020909.1,34647344,0.80881077643522
15,CYTH2,34646034,0.8087529629415505
15,CCNI,34645851,0.8086951494478811
15,BCOR,34645543,0.8086373359542117
15,ACTBP9,34644352,0.8085795224605423
15,LIN28A,34644201,0.8085217089668729
15,GATD3A,34644092,0.8084638954732034
15,STAG1,34643075,0.808406081979534
15,ELMOD2,34642896,0.8083482684858646
15,CDKN1C,34642146,0.8082904549921952
15,SPATA17,34641846,0.8082326414985258
15,HJURP,34641228,0.8081748280048563
15,RTL6,34640024,0.8081170145111869
15,GATD1,34639039,0.8080592010175175
15,KLHL15,34638082,0.8080013875238481
15,SLC9A1,34636178,0.8079435740301787
15,ZNF24,34636165,0.8078857605365092
15,COPS7A,34636151,0.8078279470428398
15,SLC35A2,34635134,0.8077701335491704
15,ARHGAP27,34634425,0.807712320055501
15,CLK3,34633441,0.8076545065618316
15,TMEM125,34633417,0.8075966930681621
15,TUBA3E,34633416,0.8075388795744927
15,NPM3,34633008,0.8074810660808233
15,MAN2A1,34632899,0.8074232525871539
15,PTBP3,34632649,0.8073654390934845
15,UGGT2,34631417,0.807307625599815
15,ACPP,34631203,0.8072498121061455
15,MED4,34630725,0.8071919986124761
15,TMBIM4,34630623,0.8071341851188067
15,AL355338.1,34628715,0.8070763716251373
15,TMTC4,34628664,0.8070185581314678
15,ZDHHC7,34627125,0.8069607446377984
15,PUS7L,34626859,0.806902931144129
15,MLLT1,34626720,0.8068451176504596
15,TGIF1,34626221,0.8067873041567902
15,BRCA1,34625640,0.8067294906631207
15,KLHL9,34625620,0.8066716771694513
15,DMAC2,34624425,0.8066138636757819
15,AC016876.1,34623887,0.8065560501821125
15,EXOG,34623860,0.8064982366884431
15,PPIB,34623761,0.8064404231947737
15,AGPAT2,34623561,0.8063826097011042
15,BRWD1,34622059,0.8063247962074348
15,PA2G4,34621853,0.8062669827137654
15,PIBF1,34621597,0.806209169220096
15,HECTD3,34621210,0.8061513557264266
15,PRMT5,34620993,0.8060935422327571
15,VPS41,34619511,0.8060357287390877
15,PRICKLE3,34617706,0.8059779152454183
15,GTF2A2,34617640,0.8059201017517489
15,BOLA3,34617047,0.8058622882580795
15,APOD,34616891,0.80580447476441
15,GALNS,34616746,0.8057466612707406
15,PPP1R14A,34616523,0.8056888477770712
15,ATP5IF1,34616247,0.8056310342834018
15,COX8A,34615832,0.8055732207897324
15,AC005019.1,34615183,0.8055154072960629
15,TOR1AIP1,34613777,0.8054575938023935
15,BHLHE22,34613121,0.8053997803087241
15,NIP7P2,34612547,0.8053419668150547
15,TNFSF9,34612166,0.8052841533213853
15,DUSP10,34610249,0.8052263398277157
15,NBPF3,34610086,0.8051685263340463
15,ZNF391,34609381,0.8051107128403769
15,HSPA1B,34607219,0.8050528993467075
15,MMP19,34606243,0.8049950858530381
15,SYNGR4,34605140,0.8049372723593686
15,CYB5D1,34603965,0.8048794588656992
15,NOA1,34603691,0.8048216453720298
15,RELCH,34602998,0.8047638318783604
15,EIF4A3,34601911,0.804706018384691
15,ZNF506,34601116,0.8046482048910215
15,SPTAN1,34600685,0.8045903913973521
15,CAND1,34600143,0.8045325779036827
15,MT-ND3,34599871,0.8044747644100133
15,MAOA,34599736,0.8044169509163439
15,CHMP5,34599512,0.8043591374226744
15,MRPL42,34599057,0.804301323929005
15,ZNF66,34597804,0.8042435104353356
15,ATP6V1A,34597430,0.8041856969416662
15,ELMO1,34597380,0.8041278834479968
15,RPN2,34597310,0.8040700699543274
15,TRIM13,34597229,0.8040122564606579
15,PPP2CA,34596488,0.8039544429669885
15,MAEA,34594476,0.8038966294733191
15,PPP1R12A,34594327,0.8038388159796497
15,AKIRIN1,34594313,0.8037810024859803
15,NFS1,34593818,0.8037231889923108
15,CYCSP45,34593762,0.8036653754986414
15,PHLDA1,34593453,0.803607562004972
15,ZNF621,34592556,0.8035497485113026
15,MBNL3,34592159,0.8034919350176332
15,LARP4B,34591945,0.8034341215239637
15,TUSC3,34591385,0.8033763080302943
15,PPIL2,34590606,0.8033184945366248
15,PIGBOS1,34590506,0.8032606810429554
15,UBAC2,34589997,0.803202867549286
15,BANF1,34589766,0.8031450540556165
15,C8orf31,34589723,0.8030872405619471
15,C13orf42,34589184,0.8030294270682777
15,CRLF3,34588999,0.8029716135746083
15,LDAH,34587311,0.8029138000809389
15,ERBB2,34585914,0.8028559865872694
15,CBX1,34585580,0.8027981730936
15,RPL13AP20,34585285,0.8027403595999306
15,SERTAD3,34584995,0.8026825461062612
15,CRELD1,34584884,0.8026247326125918
15,FRAT2,34584699,0.8025669191189223
15,SUV39H1,34583955,0.8025091056252529
15,DUSP6,34583545,0.8024512921315835
15,AGPAT4,34582758,0.8023934786379141
15,TMPRSS11E,34579246,0.8023356651442447
15,POTEI,34579198,0.8022778516505752
15,SLC7A11,34578875,0.8022200381569058
15,CSNK2A1,34578436,0.8021622246632364
15,ARMCX3,34577219,0.802104411169567
15,SMPD2,34576799,0.8020465976758976
15,SAE1,34576767,0.8019887841822282
15,RNASEH2B,34575479,0.8019309706885587
15,ZWILCH,34575389,0.8018731571948893
15,PIAS4,34575304,0.8018153437012199
15,HSPE1P6,34575054,0.8017575302075505
15,PPT1,34574901,0.8016997167138811
15,PRPF39,34571386,0.8016419032202116
15,EIF3M,34570651,0.8015840897265422
15,TAF8,34570544,0.8015262762328728
15,HIVEP1,34570472,0.8014684627392034
15,TPRKB,34570211,0.801410649245534
15,DPP3,34570082,0.8013528357518644
15,PAXIP1-AS1,34569676,0.801295022258195
15,APELA,34569213,0.8012372087645256
15,COQ10B,34568772,0.8011793952708562
15,SBF1,34568706,0.8011215817771868
15,TRIM35,34568046,0.8010637682835173
15,ZNF264,34567195,0.8010059547898479
15,ATP8B1,34566507,0.8009481412961785
15,ERGIC3,34566248,0.8008903278025091
15,RB1,34565821,0.8008325143088397
15,ANO6,34564748,0.8007747008151702
15,TGM2,34563756,0.8007168873215008
15,FAM160A2,34562701,0.8006590738278314
15,FAM72C,34560768,0.800601260334162
15,CIR1P2,34559925,0.8005434468404926
15,GPN1,34559129,0.8004856333468231
15,TET2,34557527,0.8004278198531537
15,ERCC2,34557247,0.8003700063594843
15,RXYLT1,34556995,0.8003121928658149
15,FNDC4,34556807,0.8002543793721455
15,MSL2,34555621,0.800196565878476
15,DYNC1LI2,34555229,0.8001387523848066
15,UQCC1,34555048,0.8000809388911372
15,ZNF85,34554075,0.8000231253974678
9,RPL9P31,42386176,1
9,TDGF1,42021370,0.9999382639832078
9,AL450998.1,41430795,0.9998765279664156
9,RACK1,41273264,0.9998147919496234
9,HEATR5A,41199357,0.9997530559328313
9,RPS13,41149547,0.999691319916039
9,MESD,40974844,0.9996295838992468
9,RPL32,40855822,0.9995678478824547
9,RPSA,40796227,0.9995061118656624
9,TRIM2,40763465,0.9994443758488702
9,MGA,40758308,0.999382639832078
9,TAOK3,40743268,0.9993209038152858
9,PPARD,40590012,0.9992591677984937
9,RNF111,40510266,0.9991974317817014
9,PRAMEF11,40445453,0.9986418076305716
9,PRAMEF4,40445453,0.9986418076305716
9,PRAMEF10,40445453,0.9986418076305716
9,PRAMEF6,40445453,0.9986418076305716
9,PRAMEF13,40445453,0.9986418076305716
9,PRAMEF1,40445453,0.9986418076305716
9,PRAMEF5,40445453,0.9986418076305716
9,PRAMEF15,40445453,0.9986418076305716
9,PRAMEF17,40445453,0.9986418076305716
9,TRIM53CP,40445453,0.9986418076305716
9,MBD3L2B,40445453,0.9986418076305716
9,RFPL4AL1,40445453,0.9986418076305716
9,NLRP8,40445453,0.9986418076305716
9,TRIM43CP,40445453,0.9986418076305716
9,AC106774.2,40445453,0.9986418076305716
9,ZNF596,40445453,0.9986418076305716
9,TPTE2P4,40445453,0.9986418076305716
9,ASH1L,40418137,0.9980861834794419
9,PPP1R3B,40397905,0.9980244474626497
9,ERCC4,40307863,0.9979627114458575
9,HNRNPCL4,40207129,0.9976231633535004
9,PRAMEF8,40207129,0.9976231633535004
9,PRAMEF7,40207129,0.9976231633535004
9,TRIM49B,40207129,0.9976231633535004
9,TRIM48,40207129,0.9976231633535004
9,AMDHD1,40207129,0.9976231633535004
9,RFPL4A,40207129,0.9976231633535004
9,TRIM43B,40207129,0.9976231633535004
9,RFPL2,40207129,0.9976231633535004
9,PTP4A1,40207129,0.9976231633535004
9,DDX58,40111282,0.9972836152611434
9,ZNF24,40054818,0.9972218792443511
9,RPL29,40023080,0.997160143227559
9,ZDHHC20P4,40016690,0.9970984072107668
9,WDSUB1,39997074,0.9970366711939745
9,CDKN1A,39920291,0.9969749351771824
9,RPL11,39893384,0.9969131991603901
9,AC078991.1,39880004,0.996851463143598
9,PRR12,39864182,0.9967897271268058
9,WASF1,39854504,0.9967279911100135
9,RPL13AP5,39824663,0.9966662550932214
9,PRAMEF27,39811133,0.9960797629336955
9,PRAMEF25,39811133,0.9960797629336955
9,KLF17,39811133,0.9960797629336955
9,TRIM49D1,39811133,0.9960797629336955
9,TRIM53AP,39811133,0.9960797629336955
9,TRIM53BP,39811133,0.9960797629336955
9,TRIM49C,39811133,0.9960797629336955
9,CYP1A1,39811133,0.9960797629336955
9,CPHXL,39811133,0.9960797629336955
9,MBD3L3,39811133,0.9960797629336955
9,PNMA8A,39811133,0.9960797629336955
9,TPRX1,39811133,0.9960797629336955
9,MBD3L5,39811133,0.9960797629336955
9,MBD3L2,39811133,0.9960797629336955
9,TRIM43,39811133,0.9960797629336955
9,AC233724.9,39811133,0.9960797629336955
9,TAF11L11,39811133,0.9960797629336955
9,AL450472.1,39811133,0.9960797629336955
9,NFE2L2,39806164,0.9954932707741696
9,CDC25B,39801676,0.9954315347573774
9,PIK3R3,39782277,0.9953697987405853
9,RPS23,39778750,0.995308062723793
9,IGSF3,39750931,0.9952463267070009
9,TXNP1,39740425,0.9951845906902087
9,RPL36,39709927,0.9951228546734164
9,PRAMEF26,39697256,0.9949067786146438
9,PRAMEF2,39697256,0.9949067786146438
9,PRAMEF9,39697256,0.9949067786146438
9,TRIM49,39697256,0.9949067786146438
9,TRIM49D2,39697256,0.9949067786146438
9,TAF11L12,39697256,0.9949067786146438
9,UBR3,39648636,0.9946907025558711
9,GIGYF2,39630694,0.994628966539079
9,PWP2,39592316,0.9945672305222867
9,MIER1,39560447,0.9945054945054945
9,EIF5A,39478466,0.9944437584887023
9,STRIP2,39455270,0.9943820224719101
9,KIF20B,39437444,0.9943202864551179
9,KIF11,39431854,0.9942585504383257
9,MEI1,39422448,0.9941968144215335
9,AL357055.1,39397782,0.9941350784047414
9,ZNF165,39391141,0.9940733423879491
9,HEATR5B,39379628,0.9940116063711569
9,MIGA1,39361650,0.9939498703543648
9,NCOA4,39343582,0.9938881343375725
9,ARHGAP29,39315072,0.9938263983207803
9,KDM4C,39281630,0.9937646623039882
9,KRT8P21,39272580,0.9937029262871959
9,RPL39,39270705,0.9936411902704038
9,CD59,39264367,0.9935794542536116
9,GABRB3,39237719,0.9935177182368193
9,LPAR3,39230757,0.9917891097666378
9,RPL21P28,39230757,0.9917891097666378
9,CCDC24,39230757,0.9917891097666378
9,AC239801.1,39230757,0.9917891097666378
9,PCDH15,39230757,0.9917891097666378
9,C1DP2,39230757,0.9917891097666378
9,C1DP4,39230757,0.9917891097666378
9,AC087280.2,39230757,0.9917891097666378
9,VWCE,39230757,0.9917891097666378
9,LRRC32,39230757,0.9917891097666378
9,AC006064.4,39230757,0.9917891097666378
9,RASA3,39230757,0.9917891097666378
9,STARD9,39230757,0.9917891097666378
9,PLEKHO2,39230757,0.9917891097666378
9,LOXL1,39230757,0.9917891097666378
9,AC133561.1,39230757,0.9917891097666378
9,KIAA0513,39230757,0.9917891097666378
9,TBC1D3I,39230757,0.9917891097666378
9,CACNB1,39230757,0.9917891097666378
9,MIR4737,39230757,0.9917891097666378
9,AC233968.1,39230757,0.9917891097666378
9,DGKE,39230757,0.9917891097666378
9,NPIPB1P,39230757,0.9917891097666378
9,AP005482.1,39230757,0.9917891097666378
9,AC114341.2,39230757,0.9917891097666378
9,SERPINB5,39230757,0.9917891097666378
9,CDH7,39230757,0.9917891097666378
9,NFATC1,39230757,0.9917891097666378
9,LINC01002,39230757,0.9917891097666378
9,FAM90A28P,39230757,0.9917891097666378
9,EPS8L1,39230757,0.9917891097666378
9,NNAT,39230757,0.9917891097666378
9,AP000356.3,39230757,0.9917891097666378
9,Z95115.1,39230757,0.9917891097666378
9,FBLN2,39230757,0.9917891097666378
9,ZCWPW2,39230757,0.9917891097666378
9,AC098976.1,39230757,0.9917891097666378
9,AC124016.1,39230757,0.9917891097666378
9,TMED7-TICAM2,39230757,0.9917891097666378
9,DPYSL3,39230757,0.9917891097666378
9,KCNN2,39230757,0.9917891097666378
9,GPX3,39230757,0.9917891097666378
9,AL445529.1,39230757,0.9917891097666378
9,CGA,39230757,0.9917891097666378
9,KCNQ5,39230757,0.9917891097666378
9,AC005019.2,39230757,0.9917891097666378
9,PMS2P7,39230757,0.9917891097666378
9,LAT2,39230757,0.9917891097666378
9,PIP5K1P2,39230757,0.9917891097666378
9,NEFL,39230757,0.9917891097666378
9,CRISPLD1,39230757,0.9917891097666378
9,DPP7,39230757,0.9917891097666378
9,ZNF618,39230757,0.9917891097666378
9,RPS6KA6,39230757,0.9917891097666378
9,CHTF8P1,39230757,0.9917891097666378
9,MAN1C1,39224519,0.9900605012964564
9,SMPDL3A,39146271,0.9899987652796641
9,VCX3A,39110907,0.989937029262872
9,AP001528.2,39107230,0.9898752932460798
9,LACC1,39093207,0.9898135572292875
9,GFPT1,39082762,0.9897518212124954
9,APBB1,39064226,0.9896900851957032
9,MIS12,39063106,0.989628349178911
9,SUN3,39059388,0.9895666131621188
9,GALNT1,39049889,0.9895048771453265
9,CHM,39044388,0.9894431411285344
9,EEF2,39027288,0.9893814051117422
9,AC016739.1,39023370,0.98931966909495
9,ITSN2,39020261,0.9892579330781578
9,FLNB,39017200,0.9891961970613656
9,TPMT,39012350,0.9891344610445734
9,B4GALNT3,38991885,0.9890727250277812
9,CLCN6,38985673,0.989010989010989
9,ERC1,38966633,0.9889492529941968
9,PIK3C3,38956312,0.9888875169774046
9,RP2,38933237,0.9888257809606125
9,MYSM1,38929170,0.9887640449438202
9,PHTF1,38924311,0.988702308927028
9,ARHGAP21,38904413,0.9886405729102359
9,TIMM8A,38891227,0.9885788368934436
9,ING5,38880337,0.9885171008766515
9,RPL37A,38877661,0.9884553648598592
9,RPS14,38830543,0.988393628843067
9,KIF21A,38820416,0.9883318928262749
9,DUS4L,38802365,0.9882701568094826
9,TXNDC11,38776078,0.9882084207926904
9,FAM135A,38775894,0.9881466847758983
9,RSBN1,38759583,0.988084948759106
9,ZNF37BP,38742010,0.9880232127423139
9,CASP2,38737116,0.9879614767255217
9,RPLP2,38728490,0.9878997407087294
9,TMEM39B,38726667,0.9878380046919373
9,IMPDH1P5,38724949,0.9877762686751451
9,NCAPD2,38714257,0.9877145326583529
9,RPS6KA5,38710906,0.9876527966415607
9,WSB2,38698929,0.9875910606247685
9,LRRFIP1,38698513,0.9875293246079763
9,GALNT11,38679943,0.9874675885911841
9,RPL14,38675067,0.987405852574392
9,GINS1,38668655,0.9873441165575997
9,PIP5K1C,38654560,0.9872823805408075
9,CCDC9,38649457,0.9872206445240153
9,STXBP4,38618240,0.9871589085072231
9,SPSB4,38584748,0.9870971724904309
9,EXT1,38584241,0.9870354364736387
9,POLQ,38573674,0.9869737004568465
9,ZNF638,38569065,0.9869119644400544
9,ZFAS1,38556856,0.9868502284232621
9,LIPH,38531757,0.9867884924064699
9,NRBF2,38531754,0.9867267563896778
9,ANKRD28,38522520,0.9866650203728855
9,ESCO2,38512961,0.9866032843560933
9,PRRC2C,38509567,0.9865415483393012
9,AP4E1,38502542,0.9864798123225089
9,ATP9A,38497450,0.9864180763057168
9,MMAA,38497248,0.9863563402889246
9,AC026470.1,38492828,0.9862946042721323
9,UBR5,38480109,0.9862328682553402
9,SMAP1,38471074,0.986171132238548
9,NCEH1,38468739,0.9861093962217558
9,PRR14L,38461686,0.9860476602049636
9,SHTN1,38461164,0.9859859241881713
9,HNRNPCL2,38458840,0.9859241881713792
9,BCL7A,38445692,0.985862452154587
9,SERP1,38441519,0.9858007161377947
9,HLTF,38431916,0.9857389801210026
9,WNT7B,38418324,0.9856772441042104
9,LAMTOR3,38418292,0.9856155080874182
9,RPL9,38417528,0.985553772070626
9,C1orf122,38395618,0.9854920360538338
9,CNTN6,38362446,0.9854303000370416
9,TPMTP1,38362269,0.9853685640202494
9,RPLP1,38346337,0.9853068280034573
9,RPL7A,38339373,0.985245091986665
9,CCDC25,38334247,0.9851833559698728
9,ATP6V1A,38306065,0.9851216199530807
9,TCEAL4,38300295,0.9850598839362884
9,PATL1,38279321,0.9849981479194962
9,ATF6B,38275750,0.9849364119027041
9,ZNF217,38271512,0.9848746758859118
9,MACF1,38260155,0.9848129398691197
9,ZPR1,38240628,0.9847512038523274
9,HNRNPCL3,38239905,0.9846894678355352
9,MDH2,38238503,0.9846277318187431
9,TAF6,38237622,0.9845659958019508
9,AASDHPPT,38232042,0.9845042597851587
9,AC113367.1,38230136,0.9844425237683665
9,AC011447.3,38229277,0.9843807877515742
9,OLR1,38227766,0.9843190517347821
9,AC005747.1,38215397,0.9842573157179899
9,CPSF1,38213702,0.9841955797011976
9,SLC7A2,38195706,0.9841338436844055
9,GULP1,38191589,0.9840721076676133
9,PIGP,38186039,0.9840103716508211
9,SHROOM2,38184786,0.9839486356340289
9,PSPHP1,38182753,0.9838868996172367
9,DTX4,38176105,0.9838251636004445
9,FP565260.1,38173552,0.9837634275836523
9,WASHC3,38133428,0.9837016915668602
9,ETFRF1,38120480,0.9836399555500679
9,CALD1,38115481,0.9835782195332757
9,ATP5PDP3,38093663,0.9835164835164835
9,SYNCRIP,38090071,0.9834547474996913
9,KANSL3,38069219,0.9833930114828991
9,SERAC1,38068158,0.9833312754661069
9,RPS21,38062162,0.9832695394493147
9,POGLUT3,38054206,0.9832078034325226
9,KHDRBS3,38031849,0.9831460674157303
9,LRCH3,38022250,0.9830843313989381
9,ARHGAP10,38017448,0.983022595382146
9,GABBR2,38012907,0.9829608593653537
9,GORAB,38012464,0.9828991233485616
9,ZNF567,38012120,0.9828373873317694
9,MARK1,38011700,0.9827756513149771
9,DLG5,38010835,0.982713915298185
9,LATS2,37995775,0.9826521792813928
9,WDFY3,37969638,0.9825904432646005
9,NUP133,37966563,0.9825287072478084
9,COBL,37955576,0.9824669712310162
9,TIMM10,37946658,0.982405235214224
9,AL139327.1,37942659,0.9823434991974318
9,GAPDHP1,37940034,0.9822817631806395
9,ATP11C,37922348,0.9822200271638474
9,ENTPD1-AS1,37906969,0.9821582911470552
9,AL121761.1,37894851,0.982096555130263
9,L1TD1,37880751,0.9820348191134708
9,NDC80,37871344,0.9819730830966786
9,TMTC4,37870154,0.9819113470798864
9,EIF2S3B,37859717,0.9818496110630942
9,SRP72,37858463,0.981787875046302
9,THUMPD2,37851997,0.9817261390295098
9,AMBRA1,37848794,0.9816644030127176
9,GTSE1,37842500,0.9816026669959255
9,CHCHD2,37832476,0.9815409309791332
9,DOT1L,37827526,0.981479194962341
9,PRKDC,37826396,0.9814174589455489
9,GPI,37818265,0.9813557229287566
9,RPSAP74,37817936,0.9812939869119645
9,GNG4,37808897,0.9800283985677244
9,AL450384.2,37808897,0.9800283985677244
9,MKNK2P1,37808897,0.9800283985677244
9,CTSD,37808897,0.9800283985677244
9,TRIM51EP,37808897,0.9800283985677244
9,NEU3,37808897,0.9800283985677244
9,AP002383.3,37808897,0.9800283985677244
9,RERGL,37808897,0.9800283985677244
9,AC139768.1,37808897,0.9800283985677244
9,IGFBP6,37808897,0.9800283985677244
9,CCDC168,37808897,0.9800283985677244
9,AL445985.2,37808897,0.9800283985677244
9,HAPLN3,37808897,0.9800283985677244
9,ADAMTS17,37808897,0.9800283985677244
9,KIFC3,37808897,0.9800283985677244
9,AC090617.5,37808897,0.9800283985677244
9,MAMSTR,37808897,0.9800283985677244
9,ZNF132,37808897,0.9800283985677244
9,EN1,37808897,0.9800283985677244
9,PPIL1P1,37808897,0.9800283985677244
9,GCKR,37808897,0.9800283985677244
9,SCLY,37808897,0.9800283985677244
9,SDCBP2,37808897,0.9800283985677244
9,FP565260.3,37808897,0.9800283985677244
9,RFPL1S,37808897,0.9800283985677244
9,EFCAB6,37808897,0.9800283985677244
9,KCNMB3,37808897,0.9800283985677244
9,FAM157A,37808897,0.9800283985677244
9,AMACR,37808897,0.9800283985677244
9,AC138866.2,37808897,0.9800283985677244
9,AC108120.3,37808897,0.9800283985677244
9,CD74,37808897,0.9800283985677244
9,HIST1H2AA,37808897,0.9800283985677244
9,GSTM2P1,37808897,0.9800283985677244
9,HIST1H2BA,37808897,0.9800283985677244
9,MSH5,37808897,0.9800283985677244
9,KPNA7,37808897,0.9800283985677244
9,PSMC1P2,37808897,0.9800283985677244
9,CLCN4,37808897,0.9800283985677244
9,INTS6L,37808897,0.9800283985677244
9,SRARP,37807715,0.9787319422150883
9,UBE2V1P6,37807715,0.9787319422150883
9,FBXW7,37805910,0.9786393381899
9,PSMB1,37803297,0.9785776021731077
9,RPS11,37802908,0.9785158661563156
9,RPS4X,37787836,0.9784541301395234
9,VPS35L,37787724,0.9783923941227312
9,NME2P1,37772965,0.978330658105939
9,PPIG,37767124,0.9782689220891468
9,ZC3H11B,37748799,0.9782071860723546
9,ATP6V0D2,37742723,0.9781454500555624
9,ABHD11,37736370,0.9780837140387703
9,GAB1,37734822,0.978021978021978
9,AP2A2,37732531,0.9779602420051858
9,ARFRP1,37724911,0.9778985059883937
9,PHKB,37720718,0.9778367699716014
9,GAPDH,37718845,0.9777750339548092
9,RANBP17,37716768,0.9777132979380171
9,LINC02201,37704398,0.9776515619212248
9,STS,37703838,0.9775898259044327
9,PPP1R2P1,37702296,0.9775280898876404
9,ZNF730,37701740,0.9774663538708482
9,SLC20A2,37699619,0.9774046178540561
9,SLC35A5,37693011,0.9773428818372638
9,ZNF676,37689082,0.9772811458204717
9,AL807761.2,37685757,0.9772194098036795
9,SPIDR,37685109,0.9771576737868872
9,SNHG1,37682761,0.9770959377700951
9,DSTYK,37677944,0.9770342017533029
9,ZCCHC7,37677349,0.9769724657365106
9,ZNF146,37671644,0.9769107297197185
9,RPL37,37662145,0.9768489937029263
9,PKIB,37660870,0.9767872576861341
9,B4GALT5,37657627,0.9767255216693419
9,TTC7B,37652825,0.9766637856525497
9,CD99P1,37652368,0.9766020496357575
9,SMIM8,37651291,0.9765403136189653
9,RPL7P6,37649597,0.9764785776021732
9,ATP7B,37646294,0.9764168415853809
9,DNMT1,37641589,0.9763551055685887
9,TNFRSF10B,37637166,0.9762933695517965
9,CD46,37630265,0.9762316335350043
9,TET3,37623853,0.9761698975182121
9,MPHOSPH10,37621894,0.9761081615014199
9,ACTG2,37619115,0.9760464254846277
9,TRIM33,37617587,0.9759846894678356
9,PRIM2,37607623,0.9759229534510433
9,RNPC3,37604636,0.9758612174342511
9,RPL10,37603091,0.975799481417459
9,STK3,37600085,0.9757377454006667
9,ATM,37593878,0.9756760093838746
9,SLC10A7,37591647,0.9756142733670824
9,TMEM138,37589147,0.9755525373502901
9,MPP5,37588603,0.975490801333498
9,GAPDHP65,37586423,0.9754290653167058
9,GREB1L,37565995,0.9753673292999135
9,PFN2,37561041,0.9753055932831214
9,XPNPEP1,37554126,0.9752438572663292
9,EIF2AK4,37551322,0.975182121249537
9,ATP5F1AP3,37548476,0.9751203852327448
9,NDFIP2,37542772,0.9750586492159525
9,SMG6,37540831,0.9749969131991604
9,SRCAP,37532477,0.9749351771823682
9,AC131235.1,37529801,0.974873441165576
9,CREBBP,37528852,0.9748117051487838
9,CREBZF,37523581,0.9747499691319916
9,SMARCC1,37521050,0.9746882331151994
9,GOLGA7,37503838,0.9746264970984072
9,SIGMAR1,37498080,0.974564761081615
9,ADAM9,37495630,0.9745030250648228
9,WASHC4,37483187,0.9744412890480306
9,HIBCH,37475506,0.9743795530312385
9,ALPL,37461240,0.9743178170144462
9,AC012493.1,37459195,0.974256080997654
9,NLRP2B,37453331,0.9741943449808619
9,FUS,37451643,0.9741326089640696
9,ZFX,37449975,0.9740708729472775
9,NDEL1,37448849,0.9740091369304853
9,SEMA6D,37447560,0.973947400913693
9,PKP4,37437306,0.9738856648969009
9,TUBGCP5,37426801,0.9738239288801086
9,ZP1,37409539,0.9737313248549203
9,AC090312.2,37409539,0.9737313248549203
9,SUZ12,37403069,0.973638720829732
9,PHACTR2,37400054,0.9735769848129399
9,ZNF98,37397823,0.9735152487961477
9,ARRB1,37385388,0.9734535127793554
9,SLC39A4,37382713,0.9733917767625633
9,H3F3C,37379917,0.9733300407457711
9,EPSTI1,37379053,0.9732683047289789
9,R3HDM1,37356102,0.9732065687121867
9,TMEM191C,37350982,0.9731448326953945
9,OTUD6B-AS1,37349160,0.9730830966786023
9,TTN,37344024,0.9730213606618101
9,PRPF38B,37343180,0.972959624645018
9,DUXA,37342318,0.9728978886282257
9,PBRM1,37336362,0.9728361526114335
9,GSTCD,37336063,0.9727744165946414
9,RABGGTB,37326671,0.9727126805778491
9,CEP162,37326645,0.9726509445610569
9,FAM120C,37322640,0.9725892085442647
9,EMD,37322150,0.9725274725274725
9,APELA,37321104,0.9724657365106804
9,USP15,37310485,0.9724040004938881
9,MED23,37310327,0.9723422644770959
9,USP32,37304890,0.9722805284603038
9,PURPL,37301540,0.9722187924435115
9,WASHC5,37300592,0.9721570564267193
9,HIPK3,37300187,0.9720953204099272
9,IMPDH1P8,37298739,0.9720335843931349
9,GAPDHP70,37295405,0.9719718483763428
9,MAP2K5,37293205,0.9719101123595506
9,COX7B2,37292582,0.9718483763427583
9,KMT2D,37287127,0.9717866403259662
9,TCF7L2,37268033,0.971724904309174
9,EIF5AL1,37253801,0.9716631682923818
9,CYP51A1,37252822,0.9716014322755896
9,BX119927.1,37243933,0.9715396962587974
9,NUCB1,37237446,0.9714779602420052
9,USP11,37237291,0.971416224225213
9,KCTD15,37235743,0.9713544882084207
9,ZBTB7B,37231488,0.9712927521916286
9,ZMYM2,37224298,0.9712310161748364
9,DNAJC15,37224224,0.9711692801580442
9,TICRR,37223067,0.971107544141252
9,ZC3H13,37220976,0.9710458081244598
9,CNOT7,37216124,0.9709840721076676
9,CALM3,37205261,0.9709223360908754
9,AL391261.1,37197719,0.9708606000740833
9,ARHGEF7,37193316,0.970798864057291
9,ARHGAP18,37191678,0.9707371280404988
9,ZNF738,37186794,0.9706753920237067
9,LINC02008,37183255,0.9706136560069144
9,MTMR7,37177360,0.9705519199901222
9,CARHSP1,37172471,0.9704901839733301
9,UBE3B,37168874,0.9704284479565378
9,ZMYM4,37167311,0.9703667119397457
9,MED14,37159936,0.9703049759229535
9,ZNF723,37159640,0.9702432399061612
9,PAGE1,37154291,0.9701815038893691
9,AMMECR1,37150732,0.9701197678725768
9,PLK4,37145733,0.9700580318557847
9,OIP5-AS1,37142120,0.9699962958389925
9,EIF2S2,37138735,0.9699345598222002
9,MTUS2,37127213,0.9698728238054081
9,RN7SL836P,37127150,0.9698110877886159
9,NR1H2,37110500,0.9697493517718236
9,FOSL1,37109059,0.9696567477466354
9,ARIH2OS,37109059,0.9696567477466354
9,HERC3,37105284,0.9695641437214471
9,MT-TS1,37101879,0.9695024077046549
9,ARIH1,37099840,0.9694406716878627
9,RABEP1,37050980,0.9693789356710705
9,CMC1,37044889,0.9693171996542783
9,OARD1,37043423,0.9692554636374862
9,AL160162.1,37036507,0.9691937276206939
9,ZNRF3,37031403,0.9691319916039017
9,TWF2,37021251,0.9690702555871096
9,BET1,37008621,0.9690085195703173
9,XYLB,37001511,0.9689467835535251
9,AL023574.1,37001007,0.9688850475367329
9,AC025470.1,36994856,0.9688233115199407
9,MRPL37,36981585,0.9687615755031486
9,STARD4,36979554,0.9686998394863563
9,CBWD2,36978483,0.9686381034695641
9,HINT1,36974324,0.968576367452772
9,PHLDA3,36969984,0.9685146314359797
9,SNRPGP2,36965031,0.9684528954191876
9,CDA,36964934,0.9683911594023954
9,LINC00668,36962204,0.9683294233856031
9,ALKBH6,36952704,0.968267687368811
9,CDK9,36944696,0.9682059513520188
9,DAB2,36932083,0.9681442153352265
9,WRN,36926608,0.9680824793184344
9,E2F6,36923631,0.9680207433016422
9,RPS3A,36913989,0.96795900728485
9,MALAT1,36911988,0.9678972712680578
9,SOAT1,36905621,0.9678355352512655
9,TRIML1,36900685,0.9677737992344734
9,CLTC,36895740,0.9677120632176812
9,EPS8L2,36894544,0.967650327200889
9,AL096870.1,36893354,0.9675885911840968
9,NBEAL2,36889877,0.9675268551673046
9,CUL4B,36888829,0.9674651191505124
9,QKI,36879415,0.9674033831337202
9,VAMP8,36875578,0.967341647116928
9,LINC01205,36873574,0.9672799111001358
9,FZD5,36855366,0.9672181750833436
9,SATB2,36851807,0.9671564390665515
9,MPP1,36848644,0.9670947030497592
9,CBL,36845462,0.967032967032967
9,CKB,36845253,0.9669712310161749
9,TEX2,36843140,0.9669094949993826
9,SLC25A3,36833230,0.9668477589825905
9,PCMTD1,36832114,0.9667860229657983
9,RPS7,36828240,0.966724286949006
9,PIGH,36822915,0.9666625509322139
9,SRSF10,36821660,0.9666008149154216
9,ARHGAP35,36811639,0.9665390788986294
9,RPL37P2,36807770,0.9664773428818373
9,FOXR1,36802555,0.966415606865045
9,LMNB2,36802542,0.9663538708482529
9,ZMYM1,36798681,0.9662921348314607
9,FBXO34,36797783,0.9662303988146684
9,RPL36AL,36796358,0.9661686627978763
9,DCXR,36795876,0.9661069267810841
9,POLR2B,36786899,0.9660451907642919
9,PRAMEF14,36773002,0.9659834547474997
9,BMPR1A,36772734,0.9659217187307075
9,TBX3,36771140,0.9658599827139153
9,NCAPG,36770537,0.9657982466971231
9,PAM16,36761664,0.965736510680331
9,WWOX,36760275,0.9656747746635387
9,ZNF609,36759174,0.9656130386467465
9,RFLNA,36757392,0.9655513026299544
9,FN3K,36756898,0.9654895666131621
9,KIFAP3,36746297,0.9654278305963699
9,MTMR1,36745406,0.9653660945795777
9,SORBS1,36742642,0.9653043585627855
9,CLN8,36740740,0.9652426225459934
9,GATAD1,36732175,0.9651808865292011
9,ZNF124,36730958,0.9651191505124089
9,PARD6B,36730546,0.9650574144956168
9,KIF1B,36728948,0.9649956784788245
9,PLEKHG3,36726857,0.9649339424620323
9,AC126177.5,36725415,0.964841338436844
9,ZSCAN4,36725415,0.964841338436844
9,MYH10,36725316,0.9647487344116558
9,UCHL3,36716834,0.9646869983948636
9,RPS12,36715535,0.9646252623780713
9,RALGAPA1,36715117,0.9645635263612792
9,CEP152,36714138,0.964501790344487
9,STX7,36710289,0.9644400543276948
9,SALL4,36709743,0.9643783183109026
9,IMPDH1,36707827,0.9643165822941104
9,RPL13A,36702044,0.9642548462773182
9,CEP57L1,36701461,0.964193110260526
9,SGF29,36701427,0.9641313742437337
9,SAYSD1,36698756,0.9640696382269416
9,TYW1B,36694857,0.9640079022101494
9,SEM1,36690228,0.9639461661933572
9,ZNF777,36689106,0.963884430176565
9,MTG1,36685305,0.9638226941597728
9,CEP120,36683389,0.9637609581429806
9,RN7SL403P,36666933,0.9636992221261884
9,RBM23,36659101,0.9636374861093963
9,MEX3D,36647592,0.963575750092604
9,CA12,36640935,0.9635140140758118
9,AC007842.1,36637701,0.9634522780590197
9,TYRO3,36632956,0.9633905420422274
9,ERCC2,36619400,0.9633288060254352
9,UNC13B,36614327,0.9632670700086431
9,EEF1AKMT2,36604570,0.9632053339918508
9,HSPB8,36597243,0.9631435979750587
9,PRC1,36589060,0.9630818619582665
9,RPL10P9,36586223,0.9630201259414742
9,RPAP2,36578052,0.9629583899246821
9,H3F3B,36577671,0.9628966539078898
9,FAM136BP,36576510,0.9628349178910977
9,DNMBP,36573767,0.9627731818743055
9,TSG101,36567172,0.9627114458575132
9,IKBKGP1,36566910,0.9626497098407211
9,UBE2D2,36564305,0.9625879738239289
9,ETNK1,36562513,0.9625262378071366
9,EP300,36559861,0.9624645017903445
9,UBA52,36556809,0.9624027657735523
9,ZNF736,36543619,0.9623410297567601
9,FMR1,36541772,0.9622792937399679
9,ICA1L,36540342,0.9622175577231757
9,HUWE1,36536623,0.9621558217063835
9,SH3BGRL2,36536027,0.9620940856895913
9,MMACHC,36535807,0.9620323496727992
9,SEZ6L2,36533453,0.9619706136560069
9,TSR1,36529067,0.9619088776392147
9,AL122018.1,36525924,0.9618471416224226
9,TET1,36522399,0.9617854056056303
9,RPL14P1,36517273,0.9617236695888381
9,CCNC,36516201,0.9616619335720459
9,EFR3A,36513635,0.9616001975552537
9,DDHD1,36511953,0.9615384615384616
9,CRADD,36508287,0.9614767255216693
9,RPL7,36507962,0.9614149895048771
9,PSMC3IP,36505182,0.961353253488085
9,SCOC,36501379,0.9612915174712927
9,RPSAP46,36498637,0.9612297814545006
9,BIK,36495204,0.9611680454377084
9,PRIM1,36492465,0.9611063094209161
9,RPS15A,36491321,0.961044573404124
9,CR392039.4,36490433,0.9609828373873318
9,MYLIP,36480015,0.9609211013705395
9,MT-ND1,36477005,0.9608593653537474
9,PTCD2,36476946,0.9607976293369552
9,ERI2,36472845,0.960735893320163
9,KANK4,36469372,0.9606741573033708
9,SNRPG,36465546,0.9606124212865786
9,WFS1,36464628,0.9605506852697864
9,TMED8,36457515,0.9604889492529942
9,KLF10,36456640,0.960427213236202
9,ZGRF1,36454066,0.9603654772194098
9,MSTO1,36451669,0.9603037412026176
9,C18orf25,36450301,0.9602420051858254
9,LIMA1,36440797,0.9601802691690332
9,CORO2A,36437645,0.960118533152241
9,KATNBL1,36434937,0.9600567971354488
9,MIR3671,36433800,0.9599950611186566
9,CDCA2,36431459,0.9599333251018645
9,HACD1,36427422,0.9598715890850722
9,ELMOD2,36425313,0.95980985306828
9,TBC1D15,36420584,0.9597481170514879
9,UQCRC1,36410491,0.9596863810346956
9,RPS23P8,36410013,0.9596246450179035
9,RDH11,36409871,0.9595629090011113
9,HIVEP1,36407759,0.959501172984319
9,TDG,36403847,0.9594394369675269
9,EIF5,36402724,0.9593777009507347
9,NMI,36396405,0.9593159649339424
9,COG3,36394539,0.9592542289171503
9,FGFR1OP,36389523,0.959192492900358
9,BAG4,36388765,0.9591307568835659
9,MELK,36388099,0.9590690208667737
9,BAK1,36380566,0.9590072848499814
9,ALDOA,36379711,0.9589455488331893
9,SLC26A11,36374621,0.9588838128163971
9,EIF4G3,36371153,0.95882207679960485
9,KIAA0586,36370590,0.9587603407828127
9,WWP1P1,36366418,0.9586986047660205
9,DYNLT1,36363367,0.9586368687492283
9,WDR73,36362570,0.9585751327324361
9,MED10,36352457,0.958513396715644
9,DLEU1,36341097,0.9584516606988517
9,NFKB1,36333034,0.9583899246820595
9,AGPAT5,36331761,0.9583281886652674
9,TMEM97,36331181,0.9582664526484751
9,AL109618.1,36330669,0.9582047166316829
9,REL,36329332,0.9581429806148908
9,TMEM250,36326554,0.9580812445980985
9,TMEM131L,36323058,0.9580195085813064
9,UBXN2A,36318438,0.9579577725645141
9,PLD2,36318232,0.9578960365477219
9,ZNF75A,36318037,0.9578343005309298
9,BTBD3,36314349,0.9577725645141375
9,ZNF90,36314085,0.9577108284973453
9,NR1D2,36305968,0.9576490924805532
9,NUP214,36305296,0.9575873564637609
9,ELMSAN1,36302361,0.9575256204469688
9,ACACA,36286438,0.9574638844301766
9,ZNF826P,36283286,0.9574021484133843
9,PABPC1,36275898,0.9573404123965922
9,GNAS,36275474,0.9572786763798
9,NRBP1,36273348,0.9572169403630078
9,RAB1B,36270755,0.9571552043462156
9,GPRC5D-AS1,36270470,0.9570934683294234
9,LRP2,36267680,0.9570317323126312
9,UBE2NL,36262177,0.956969996295839
9,BORCS5,36256223,0.9569082602790467
9,SEPSECS-AS1,36254815,0.9568465242622546
9,TMEM50B,36244449,0.9567847882454624
9,CUTA,36243103,0.9567230522286702
9,RN7SL732P,36242013,0.956661316211878
9,CAMK2D,36234190,0.9565995801950858
9,SKAP2,36230056,0.9565378441782936
9,MRPL20-AS1,36225208,0.9564761081615014
9,FKBP4P6,36220568,0.9564143721447093
9,DAP,36216591,0.956352636127917
9,MT-ATP8,36209823,0.9562909001111248
9,RN7SL711P,36209247,0.9562291640943327
9,AC244090.1,36204911,0.9561674280775404
9,HBP1,36197951,0.9561056920607482
9,RFLNB,36191195,0.9560439560439561
9,PPP1R8,36190741,0.9559822200271638
9,METAP2,36189518,0.9559204840103717
9,TUBA3C,36189026,0.9558587479935795
9,MTAP,36180124,0.9557970119767872
9,DYNLL1,36178937,0.9557352759599951
9,APBB2,36176983,0.9556735399432028
9,MTIF2,36174097,0.9556118039264107
9,FBXO5,36169943,0.9555500679096185
9,ATF7IP,36160999,0.9554883318928262
9,DNTTIP2,36158576,0.9554265958760341
9,EXOC2,36157644,0.9553648598592419
9,METTL1,36156317,0.9553031238424496
9,RGS2,36147510,0.9552413878256575
9,RAP1GAP2,36141024,0.9551796518088653
9,CYP11A1,36137316,0.9551179157920731
9,ALDH5A1,36136269,0.9550561797752809
9,CEP57L1P1,36134879,0.9549944437584887
9,PBK,36127050,0.9549327077416965
9,METTL2B,36126871,0.9548709717249043
9,RPS9,36122505,0.9548092357081122
9,ETFA,36119806,0.9547474996913199
9,RNF114,36116690,0.9546857636745277
9,SDHA,36110879,0.9546240276577356
9,RIC8B,36107483,0.9545622916409433
9,ENPP1,36101684,0.9545005556241511
9,STARD3,36100729,0.9544388196073589
9,MED20,36099392,0.9543770835905667
9,SETSIP,36099124,0.9543153475737746
9,UHRF1BP1,36097890,0.9542536115569823
9,AL353795.1,36094340,0.9541918755401901
9,FAM45A,36090556,0.954130139523398
9,ZNF322,36089575,0.9540684035066057
9,HMGA1P6,36085396,0.9540066674898136
9,AKR7A3,36076061,0.953821459439437
9,DSCAML1,36076061,0.953821459439437
9,ZGLP1,36076061,0.953821459439437
9,AC092849.1,36076061,0.953821459439437
9,CCDC136,36076061,0.953821459439437
9,MRPS35,36071901,0.9536362513890604
9,ATP6V0A4,36071387,0.9535745153722682
9,TMEM14B,36070715,0.953512779355476
9,BRI3BP,36070706,0.9534510433386838
9,RPS16,36067798,0.9533893073218916
9,TRIM5,36061405,0.9533275713050994
9,LNX2,36061137,0.9532658352883072
9,MIB1,36058596,0.953204099271515
9,SVIL,36050013,0.9531423632547228
9,KPNA3,36046369,0.9530806272379306
9,MAPK14,36043881,0.9530188912211384
9,MRPL45P2,36038242,0.9529571552043462
9,PIEZO1,36032272,0.952895419187554
9,PHIP,36028257,0.9528336831707618
9,MYO6,36028014,0.9527719471539696
9,RAD54B,36025820,0.9527102111371775
9,LEO1,36024939,0.9526484751203852
9,SRI,36023738,0.952586739103593
9,RBMX,36017613,0.9525250030868009
9,SIAH1,36013458,0.9524632670700086
9,WDFY2,36012431,0.9524015310532165
9,IQGAP2,36010100,0.9523397950364243
9,SETD2,36009220,0.952278059019632
9,DPF3,36008183,0.9522163230028399
9,IDH3B,36000054,0.9521545869860477
9,BTBD7,35995264,0.9520928509692554
9,BPTF,35995082,0.9520311149524633
9,COPS3,35994706,0.951969378935671
9,MIOS,35994361,0.9519076429188789
9,RASAL2,35989093,0.9518459069020867
9,STAU2,35986797,0.9517841708852944
9,FAM9C,35986674,0.9517224348685023
9,DUS1L,35985168,0.9516606988517101
9,PCF11,35978365,0.9515989628349178
9,ATP6V1C2,35970627,0.9515372268181257
9,TACC1,35966683,0.9514754908013335
9,LRRC1,35965292,0.9514137547845413
9,CDC40,35957005,0.9513520187677491
9,CASP8AP2,35953830,0.951290282750957
9,BAP1,35948511,0.9512285467341647
9,AC006210.2,35947553,0.9511668107173725
9,SSX4B,35933134,0.9511050747005804
9,SPIN1,35932892,0.9510433386837881
9,AC020909.1,35930070,0.9509816026669959
9,SMC4,35928185,0.9509198666502038
9,RPS19,35926404,0.9508581306334115
9,RN7SL753P,35924529,0.9507963946166194
9,STOML2,35921247,0.9507346585998271
9,PUDP,35914900,0.9506729225830349
9,PGAM1,35901266,0.9506111865662428
9,DNAJC13,35900832,0.9505494505494505
9,CACNB2,35899047,0.9504877145326583
9,MT-ND2,35896629,0.9504259785158662
9,DONSON,35895574,0.9503642424990739
9,TMEM189,35895413,0.9503025064822818
9,VPS13C,35894714,0.9502407704654896
9,FRMD4B,35894700,0.9501790344486973
9,VDAC2,35894222,0.9501172984319052
9,SELENOTP2,35882961,0.950055562415113
9,UBA3,35881218,0.9499938263983208
9,ANGPT1,35880389,0.9499320903815286
9,SH3D19,35872321,0.9498703543647364
9,SLC38A7,35869471,0.9498086183479442
9,PPIF,35868596,0.949746882331152
9,TMPRSS13,35863183,0.9496851463143599
9,AC011495.1,35859322,0.9496234102975676
9,RSRC2,35857725,0.9495616742807754
9,GGT7,35854498,0.9494999382639832
9,MAGI3,35853633,0.949438202247191
9,DMTF1,35845784,0.9493764662303988
9,RIN3,35843566,0.9493147302136066
9,AL121877.1,35843429,0.9492529941968144
9,PPDPF,35841065,0.9491912581800223
9,CLDN7,35839748,0.94912952216323
9,ARID3A,35838694,0.9490677861464378
9,ETHE1,35833926,0.9490060501296457
9,FKBPL,35832054,0.9489443141128534
9,MMAB,35827317,0.9488825780960612
9,TFCP2,35825966,0.9488208420792691
9,PWWP2A,35824900,0.9487591060624768
9,RPL24P2,35823208,0.9486973700456847
9,GABARAP,35822819,0.9486356340288925
9,AL033519.2,35821957,0.9485738980121002
9,SPTBN1,35818828,0.9485121619953081
9,ARMC1,35817616,0.9484504259785159
9,CTDSPL,35815616,0.9483886899617237
9,NCAPGP2,35809000,0.9483269539449315
9,CTSB,35807051,0.9482652179281392
9,ZMYND8,35804411,0.9482034819113471
9,ZNF561,35804276,0.9481417458945549
9,NFIC,35800149,0.9480800098777626
9,ZSCAN16-AS1,35793696,0.9480182738609705
9,IDH2,35789350,0.9479565378441783
9,PSMD7,35784771,0.9478948018273861
9,ERCC6L2,35782593,0.9478330658105939
9,ID3,35780463,0.9477713297938017
9,RPL4P5,35778440,0.9477095937770095
9,Z96811.1,35774063,0.9476478577602173
9,METTL3,35772172,0.9475861217434252
9,RIMKLB,35767018,0.9475243857266329
9,LPCAT4,35765601,0.9474626497098407
9,BAGE2,35764870,0.9474009136930486
9,HECTD3,35758512,0.9473391776762563
9,PAGE2B,35757406,0.9472774416594641
9,ANP32E,35752511,0.947215705642672
9,RNF4,35751454,0.9471539696258797
9,SNX29,35750225,0.9470922336090876
9,SEMA4C,35746882,0.9470304975922953
9,CCP110,35746738,0.9469687615755031
9,TNKS2,35743588,0.946907025558711
9,SOX13,35741978,0.9468452895419187
9,URI1,35740618,0.9467835535251266
9,MSN,35739448,0.9467218175083344
9,ARL6IP6,35738962,0.9466600814915421
9,TMEM267,35736154,0.94659834547475
9,KRT8,35731829,0.9465366094579578
9,DARS2,35729742,0.9464748734411655
9,RAD23B,35728093,0.9464131374243734
9,TMEM191B,35726897,0.9463514014075812
9,NCOA1,35724414,0.946289665390789
9,ALMS1,35724313,0.9462279293739968
9,PIH1D1,35722746,0.9461661933572046
9,NME2,35722653,0.9461044573404124
9,FBXO30,35721900,0.9460427213236202
9,TNNC2,35721122,0.945980985306828
9,ATR,35719492,0.9459192492900358
9,P4HB,35717917,0.9458575132732436
9,AC116359.1,35717706,0.9457957772564514
9,TEX30,35716108,0.9457340412396592
9,PGRMC2,35715998,0.945672305222867
9,LRRC40,35714758,0.9456105692060748
9,AP3D1,35710084,0.9455488331892826
9,WNK1,35702599,0.9454870971724905
9,NDUFC1,35702351,0.9454253611556982
9,CLIP1,35701819,0.945363625138906
9,HSPA9P1,35701724,0.9453018891221139
9,AL356292.1,35690889,0.9452401531053216
9,GCSH,35690428,0.9451784170885295
9,FLYWCH2,35688510,0.9451166810717373
9,SLC30A1,35685247,0.945054945054945
9,HMCES,35683916,0.9449932090381529
9,AL138878.1,35681432,0.9449314730213607
9,PRAG1,35677803,0.9448697370045684
9,GDF15,35676935,0.9448080009877763
9,RBMXP1,35673135,0.944746264970984
9,FMNL2,35673105,0.9446845289541919
9,LRCH1,35671253,0.9446227929373997
9,PTPN14,35670096,0.9445610569206074
9,ORC4,35669905,0.9444993209038153
9,PLIN2,35668000,0.9444375848870231
9,THG1L,35664866,0.9443758488702308
9,GNG10,35664069,0.9443141128534387
9,ASAP3,35663671,0.9423694283244846
9,AL590714.1,35663671,0.9423694283244846
9,LINC01134,35663671,0.9423694283244846
9,AL031602.2,35663671,0.9423694283244846
9,ZSCAN20,35663671,0.9423694283244846
9,MR1,35663671,0.9423694283244846
9,ZNF488,35663671,0.9423694283244846
9,PTPRE,35663671,0.9423694283244846
9,PYGM,35663671,0.9423694283244846
9,NLRP14,35663671,0.9423694283244846
9,OOSP2,35663671,0.9423694283244846
9,NCAM1,35663671,0.9423694283244846
9,AC010168.2,35663671,0.9423694283244846
9,LINC02381,35663671,0.9423694283244846
9,TCP11L2,35663671,0.9423694283244846
9,RPL35P9,35663671,0.9423694283244846
9,AL136040.1,35663671,0.9423694283244846
9,CHRNA7,35663671,0.9423694283244846
9,CKMT1A,35663671,0.9423694283244846
9,RPSAP55,35663671,0.9423694283244846
9,SMAD6,35663671,0.9423694283244846
9,VPS33B-DT,35663671,0.9423694283244846
9,C16orf95,35663671,0.9423694283244846
9,DHX58,35663671,0.9423694283244846
9,GRIN2C,35663671,0.9423694283244846
9,TRPV2,35663671,0.9423694283244846
9,AC006557.6,35663671,0.9423694283244846
9,ASXL3,35663671,0.9423694283244846
9,FUT6,35663671,0.9423694283244846
9,FCHO1,35663671,0.9423694283244846
9,ZNF540,35663671,0.9423694283244846
9,DPRX,35663671,0.9423694283244846
9,CNRIP1,35663671,0.9423694283244846
9,ZNF514,35663671,0.9423694283244846
9,AC016723.1,35663671,0.9423694283244846
9,CAPN10-DT,35663671,0.9423694283244846
9,AL133245.1,35663671,0.9423694283244846
9,PPP1R1C,35663671,0.9423694283244846
9,AC009502.1,35663671,0.9423694283244846
9,TYMP,35663671,0.9423694283244846
9,RF00019-457,35663671,0.9423694283244846
9,PRR23A,35663671,0.9423694283244846
9,AC107421.1,35663671,0.9423694283244846
9,CD96,35663671,0.9423694283244846
9,IL1RAP,35663671,0.9423694283244846
9,POLN,35663671,0.9423694283244846
9,CNGA1,35663671,0.9423694283244846
9,AC093916.1,35663671,0.9423694283244846
9,ZNF827,35663671,0.9423694283244846
9,FSTL4,35663671,0.9423694283244846
9,GPRIN1,35663671,0.9423694283244846
9,ISL1,35663671,0.9423694283244846
9,FST,35663671,0.9423694283244846
9,AC008443.1,35663671,0.9423694283244846
9,HLA-DRB6,35663671,0.9423694283244846
9,FYN,35663671,0.9423694283244846
9,HNRNPA1P1,35663671,0.9423694283244846
9,MDFIC,35663671,0.9423694283244846
9,WEE2,35663671,0.9423694283244846
9,F8,35663671,0.9423694283244846
9,SMIM10L2A,35663671,0.9423694283244846
9,RPS4Y1,35663671,0.9423694283244846
9,PABPC3,35659633,0.9404247437955303
9,RGPD2,35658892,0.9403630077787382
9,C3orf52,35657455,0.9403012717619459
9,RAB5IF,35657349,0.9402395357451537
9,PLS1,35649271,0.9401777997283616
9,MRI1,35644491,0.9401160637115693
9,TTLL4,35644402,0.9400543276947771
9,MT-TM,35639487,0.939992591677985
9,ICK,35638592,0.9399308556611927
9,HSD17B7,35634164,0.9398691196444006
9,RNF216P1,35631967,0.9398073836276083
9,GAPDHP21,35628479,0.9397456476108161
9,CASP6,35618147,0.939683911594024
9,PDGFA,35612915,0.9396221755772317
9,AZIN1,35611409,0.9395604395604396
9,TBCK,35611162,0.9394987035436474
9,UNK,35605632,0.9394369675268551
9,HNRNPH2,35602541,0.939375231510063
9,RCC1L,35600601,0.9393134954932708
9,MICAL2,35596946,0.9392517594764785
9,RN7SL396P,35596566,0.9391900234596864
9,PRAMEF33,35594685,0.9391282874428942
9,MSL2,35593659,0.939066551426102
9,MT-TV,35591131,0.9390048154093098
9,WIZ,35584099,0.9389430793925176
9,ADGRG6,35583536,0.9388813433757254
9,RN7SL496P,35583024,0.9388196073589332
9,BANP,35581522,0.9387578713421411
9,AKAP12,35581442,0.9386961353253488
9,CMIP,35577303,0.9386343993085566
9,RN7SL786P,35573787,0.9385726632917644
9,KCTD6,35571587,0.9385109272749722
9,COX11,35564505,0.93844919125818
9,P2RX4,35562329,0.9383874552413878
9,FABP5,35557887,0.9383257192245956
9,AC144836.1,35557713,0.9382639832078035
9,TPM3P4,35556222,0.9382022471910112
9,RNF41,35550438,0.938140511174219
9,LMTK2,35539409,0.9380787751574269
9,GRAMD2B,35536126,0.9380170391406346
9,PRR20G,35532440,0.9379553031238425
9,MMS19,35519731,0.9378935671070503
9,ACOX1,35518872,0.937831831090258
9,CHST14,35516999,0.9377700950734659
9,DENND5B-AS1,35513012,0.9377083590566737
9,EPB41L4A-AS1,35511726,0.9376466230398814
9,ABCB10,35510458,0.9375848870230893
9,MTOR,35508449,0.9375231510062971
9,GTF2IP13,35504952,0.9374614149895049
9,FAM86C1,35503570,0.9373996789727127
9,WDR5,35503008,0.9373379429559204
9,LONP1,35499961,0.9372762069391283
9,ACAA2,35498694,0.9372144709223361
9,BRD7,35496838,0.9371527349055438
9,DIS3L2,35496247,0.9370909988887517
9,SINHCAFP2,35495794,0.9370292628719595
9,INTS7,35495337,0.9369675268551673
9,MPP6,35492153,0.9369057908383751
9,BEX4,35491917,0.936844054821583
9,ARHGEF2,35490091,0.9367823188047907
9,RC3H1,35488129,0.9367205827879985
9,MTF2,35482278,0.9366588467712064
9,FGFR3,35480540,0.9365971107544141
9,RN7SL767P,35479817,0.9365353747376219
9,PALLD,35477063,0.9364736387208298
9,VDAC1,35474429,0.9364119027040375
9,USP34,35472529,0.9363501666872454
9,EP400,35470181,0.9362884306704532
9,FAM118B,35460816,0.9362266946536609
9,THUMPD1,35456166,0.9361649586368688
9,AGRN,35454332,0.9361032226200765
9,RPS27P23,35450031,0.9360414866032843
9,AARSD1,35444690,0.9359797505864922
9,UCP2,35429998,0.9359180145696999
9,CKS1BP6,35427674,0.9358562785529078
9,NUMA1,35426835,0.9357945425361156
9,CPEB3,35424184,0.9357328065193233
9,RMI1,35423176,0.9356710705025312
9,GRHL2,35420452,0.935609334485739
9,ZFHX3,35419792,0.9355475984689468
9,AC092070.2,35418288,0.9354858624521546
9,AC009113.1,35412255,0.9353932584269663
9,MTND6P22,35412255,0.9353932584269663
9,PLSCR1,35410125,0.935300654401778
9,SP4,35405992,0.9352389183849859
9,GALK2,35404055,0.9351771823681936
9,UBALD2,35403955,0.9351154463514014
9,COX5B,35403693,0.9350537103346092
9,ZNF292,35402001,0.934991974317817
9,THYN1,35398414,0.9349302383010248
9,PSMC2,35398195,0.9348685022842326
9,MTUS1,35394166,0.9348067662674404
9,CAMSAP3,35392781,0.9347450302506483
9,AC008725.1,35392173,0.934683294233856
9,ZKSCAN1,35388116,0.9346215582170638
9,PPP5C,35385238,0.9345598222002717
9,MRPL57,35382137,0.9344980861834794
9,ADAMTSL4,35380663,0.9344363501666872
9,PIN4,35380007,0.9343746141498951
9,RPS3,35379945,0.9343128781331028
9,PDCD5,35354325,0.9342511421163107
9,CITED2,35351134,0.9341894060995185
9,DGAT1,35346042,0.9341276700827262
9,TUFMP1,35340786,0.9340659340659341
9,LUC7L2,35338534,0.9340041980491419
9,ARMC9,35336709,0.9339424620323497
9,INO80D,35332893,0.9338807260155575
9,PDHA1,35332516,0.9338189899987652
9,ZNF724,35330880,0.9337572539819731
9,TSGA10,35328147,0.9336955179651809
9,MRPS24,35325160,0.9336337819483886
9,WDR48,35323792,0.9335720459315965
9,FZD3,35322979,0.9335103099148043
9,TXNL4B,35319563,0.9334485738980121
9,STXBP5,35316981,0.9333868378812199
9,ST3GAL2,35316139,0.9333251018644277
9,RFC1,35314386,0.9332633658476355
9,TRIML2,35313834,0.9332016298308433
9,MTBP,35313168,0.9331398938140512
9,TRIP12,35311682,0.9330781577972589
9,DDX10,35305998,0.9330164217804667
9,ZFPL1,35304828,0.9329546857636746
9,SUCLG2P2,35298910,0.9328929497468823
9,AP001527.2,35288179,0.9328312137300901
9,AL080243.2,35288005,0.932769477713298
9,ANKRD12,35287621,0.9327077416965057
9,MPC2,35284060,0.9326460056797136
9,HMG20A,35278562,0.9325842696629213
9,PRR11,35278091,0.9325225336461291
9,AL158801.4,35275752,0.932460797629337
9,GSR,35274062,0.9323990616125447
9,HINT3,35272897,0.9323373255957526
9,HEBP1,35272838,0.9322755895789604
9,AC023232.1,35269919,0.9322138535621681
9,ATP5MG,35267326,0.932152117545376
9,TSTD2,35267133,0.9320903815285838
9,CROCCP2,35264294,0.9320286455117915
9,MGLL,35257085,0.9319669094949994
9,CENPO,35254271,0.9319051734782072
9,ASAP1,35251362,0.931843437461415
9,PPFIBP2,35248060,0.9317817014446228
9,SETD5,35245794,0.9317199654278306
9,RPS4XP1,35244900,0.9316582294110384
9,LYPLA2P2,35241660,0.9315964933942462
9,NEK6,35240430,0.9315347573774541
9,GLTP,35240003,0.9314730213606618
9,DPPA5,35234228,0.9314112853438696
9,USP6NL,35232650,0.9313495493270774
9,IMPDH1P4,35231707,0.9312878133102852
9,DNAJC6,35223561,0.931226077293493
9,NSMCE2,35222758,0.9311643412767008
9,AIF1L,35219728,0.9311026052599086
9,ZNF107,35216412,0.9310408692431165
9,CHST12,35214910,0.9309791332263242
9,RPA2,35214635,0.930917397209532
9,FBXO46,35212739,0.9308556611927399
9,NEK2,35209386,0.9307939251759476
9,CDS1,35209106,0.9307321891591555
9,C19orf54,35208965,0.9306704531423633
9,ACTL6A,35205864,0.930608717125571
9,AC087857.1,35202186,0.9305469811087789
9,RN7SL507P,35201872,0.9304852450919867
9,TMEM33,35201572,0.9304235090751944
9,PSMD5,35199967,0.9303617730584023
9,SREBF2-AS1,35198719,0.9303000370416101
9,CCDC186,35198672,0.9302383010248179
9,GOLGB1,35198189,0.9301765650080257
9,KAT6B,35195574,0.9301148289912334
9,CRIP1P2,35195060,0.9300530929744413
9,RFT1,35194990,0.9299913569576491
9,SNRPN,35194259,0.9299296209408568
9,MGAT3,35193594,0.9298678849240647
9,CDK12,35188315,0.9298061489072725
9,KDM4E,35186265,0.9297444128904803
9,PHF11,35183319,0.9296826768736881
9,RPS20P14,35182417,0.929620940856896
9,CRK,35179230,0.9295592048401037
9,MDN1,35175753,0.9294974688233115
9,ATP5PO,35171582,0.9294357328065194
9,RNF181,35170162,0.9293739967897271
9,RAB8A,35167819,0.9293122607729349
9,PRXL2A,35166121,0.9292505247561428
9,PHBP11,35164623,0.9291887887393505
9,DHTKD1,35163348,0.9291270527225584
9,PDE8A,35160954,0.9290653167057662
9,TGFBR3,35159937,0.9290035806889739
9,B3GALT6,35151463,0.9289418446721818
9,PSMC1P11,35151173,0.9288801086553895
9,RPL15P20,35150929,0.9288183726385973
9,PFKM,35148238,0.9287566366218052
9,ADCK2,35142269,0.9286949006050129
9,PTPN4,35141485,0.9286331645882208
9,HAUS8,35136901,0.9285714285714286
9,HSPA9,35136694,0.9285096925546363
9,PPRC1,35136417,0.9284479565378442
9,CNOT6L,35136034,0.928386220521052
9,AL080317.1,35133352,0.9283244845042598
9,FBXO36,35132670,0.9282627484874676
9,MT-TY,35131700,0.9282010124706754
9,DEK,35129152,0.9281392764538832
9,GPR37,35126031,0.928077540437091
9,OSGIN2,35125939,0.9280158044202989
9,AC009302.1,35123781,0.9279540684035066
9,CIR1P1,35122654,0.9278923323867144
9,RN7SL564P,35113690,0.9278305963699223
9,HNRNPR,35111466,0.92776886035313
9,AC109635.6,35110701,0.9277071243363378
9,RN7SL218P,35109327,0.9276453883195456
9,ZBTB21,35108017,0.9275836523027534
9,ATP5F1D,35107424,0.9275219162859613
9,BECN1,35106038,0.927460180269169
9,MTRNR2L12,35104937,0.9273984442523768
9,IQGAP3,35104931,0.9273367082355847
9,SEC23A,35104197,0.9272749722187924
9,C11orf74,35104173,0.9272132362020002
9,TMEM184C,35102841,0.9271515001852081
9,C16orf72,35102412,0.9270897641684158
9,AP1S1,35098026,0.9270280281516237
9,RB1CC1,35093305,0.9269662921348315
9,GABARAPL1,35090968,0.9269045561180392
9,CCNK,35089197,0.9268428201012471
9,CNOT1,35088879,0.9267810840844549
9,TRIOBP,35083756,0.9267193480676627
9,SQLE,35081995,0.9266576120508705
9,XIST,35081081,0.9265958760340783
9,PLCE1,35080193,0.9265341400172861
9,SENP6,35076400,0.9264724040004939
9,SYNE1,35074584,0.9264106679837016
9,S100A13,35074528,0.9263489319669095
9,CAMSAP2,35074285,0.9262871959501173
9,ICOSLG,35067574,0.9262254599333251
9,GATA3,35062755,0.9261637239165329
9,ILF3-DT,35061065,0.9261019878997407
9,SLC19A3,35060656,0.9260402518829485
9,SERF2,35059834,0.9259785158661563
9,CAMP,35059496,0.9259167798493642
9,NOLC1,35052133,0.9258550438325719
9,SPTLC2,35050678,0.9257933078157797
9,AC005840.4,35049264,0.9257315717989876
9,DOCK9,35047287,0.9256698357821953
9,CTDSPL2,35046975,0.9256080997654031
9,AP002784.1,35042373,0.925546363748611
9,AC092881.1,35041294,0.9254846277318187
9,ARHGEF26,35040851,0.9254228917150266
9,SRBD1,35040824,0.9253611556982343
9,NDUFV1,35037050,0.9252994196814421
9,HDGFL2,35036450,0.92523768366465
9,COX10,35029839,0.9251759476478577
9,ZNF706,35029825,0.9251142116310656
9,RPIA,35028932,0.9250524756142734
9,CHD4,35028563,0.9249907395974811
9,EIF2AK3,35027831,0.924929003580689
9,NFATC2IP,35027231,0.9248672675638968
9,MSMO1,35024755,0.9248055315471045
9,SLC23A2,35021433,0.9247437955303124
9,RANBP20P,35020510,0.9246820595135202
9,RFFL,35020222,0.924620323496728
9,POM121,35004143,0.9245585874799358
9,FTLP2,35001564,0.9244968514631436
9,JOSD1,35001555,0.9244351154463514
9,FTLP3,35000795,0.9243733794295592
9,NDUFS6,34995926,0.9243116434127671
9,AL080317.2,34987441,0.9242499073959748
9,MXRA7,34987428,0.9241881713791826
9,AEBP2,34986072,0.9241264353623904
9,SPART,34985088,0.9240646993455982
9,TOM1,34982983,0.924002963328806
9,CEMIP2,34978845,0.9239412273120138
9,ADCK5,34978584,0.9238794912952216
9,QSOX2,34978546,0.9238177552784295
9,RAB40C,34976907,0.9237560192616372
9,CCDC6,34974517,0.923694283244845
9,ZNF330,34971340,0.9236325472280529
9,RAD21,34971059,0.9235708112112606
9,C11orf95,34970797,0.9235090751944685
9,ELP4,34964958,0.9234473391776763
9,AL138725.1,34963926,0.923385603160884
9,MFSD8,34960188,0.9233238671440919
9,KCTD3,34958623,0.9232621311272997
9,SPC25,34957089,0.9232003951105074
9,PPFIBP1,34956859,0.9231386590937153
9,GPATCH11,34955454,0.9230769230769231
9,EIF5B,34953759,0.9230151870601309
9,ASAP2,34951005,0.9229534510433387
9,PI4KAP1,34948998,0.9228917150265464
9,SLC12A9,34948081,0.9228299790097543
9,BDP1,34947722,0.9227682429929621
9,GLRX3,34946646,0.9227065069761698
9,PPIA,34941276,0.9226447709593777
9,BEND3,34939273,0.9225830349425855
9,OTUD4,34938127,0.9225212989257933
9,TGFBRAP1,34938094,0.9224595629090011
9,BCORL1,34936562,0.922397826892209
9,NCOA4P4,34936375,0.9223360908754167
9,ADCK1,34936356,0.9222743548586245
9,EHMT1,34930682,0.9222126188418324
9,BCL2L13,34929470,0.9221508828250401
9,GTPBP8,34929174,0.9220891468082479
9,TADA1,34928335,0.9220274107914558
9,PLS3,34926780,0.9219656747746635
9,LSS,34921870,0.9219039387578714
9,CORO1C,34919041,0.9218422027410792
9,WLS,34918939,0.9217804667242869
9,AC104771.1,34918636,0.9217187307074948
9,RPS4XP6,34917958,0.9216569946907025
9,MBD2,34913684,0.9215952586739103
9,OGA,34910974,0.9215335226571182
9,NADK2,34909416,0.9214717866403259
9,ANXA6,34907872,0.9214100506235338
9,RAPGEF6,34903366,0.9213483146067416
9,AIMP1,34902940,0.9212865785899493
9,KIF13B,34902688,0.9212248425731572
9,MET,34900096,0.921163106556365
9,WASF2,34896818,0.9211013705395728
9,TMEM14C,34896746,0.9210396345227806
9,MIR924HG,34896234,0.9209778985059884
9,ESRP1,34896091,0.9209161624891962
9,ULK4,34893861,0.920854426472404
9,NSD2,34893558,0.9207926904556119
9,ATP13A1,34893145,0.9207309544388196
9,PTPRA,34892702,0.9206692184220274
9,ZNF708,34892676,0.9206074824052353
9,RNF170,34889374,0.920545746388443
9,ELOVL5,34888460,0.9204840103716508
9,GLULP3,34888262,0.9204222743548586
9,SEC14L1,34884958,0.9203605383380664
9,SNRNP35,34884894,0.9202988023212743
9,GTF2I,34883070,0.920237066304482
9,CAPN7,34881449,0.9201753302876898
9,FDFT1,34879373,0.9201135942708977
9,MED13L,34879055,0.9200518582541054
9,TOB2,34875500,0.9199901222373132
9,AC010969.2,34874137,0.9199283862205211
9,PCBD2,34873386,0.9198666502037288
9,GPX1,34869849,0.9198049141869367
9,HMGB1P5,34864651,0.9197431781701445
9,NTHL1,34863625,0.9196814421533522
9,FRG1BP,34861299,0.9196197061365601
9,OTUD6B,34861276,0.9195579701197679
9,FTO,34858655,0.9194962341029757
9,CCDC22,34858612,0.9194344980861835
9,IFITM2,34855846,0.9193727620693913
9,NEDD4L,34855147,0.9193110260525991
9,SNHG14,34855018,0.9192492900358069
9,EFNB3,34852284,0.9191258180022225
9,RPL17-C18orf32,34852284,0.9191258180022225
9,MZF1-AS1,34852284,0.9191258180022225
9,E2F8,34847089,0.9190023459686381
9,MMD,34846883,0.9189406099518459
9,AL138878.2,34842838,0.9188788739350537
9,TUFM,34842212,0.9188171379182615
9,DHX8,34841675,0.9187554019014693
9,PLEKHB2,34839368,0.9186936658846772
9,SOWAHA,34836775,0.9186319298678849
9,ZNF704,34830836,0.9185701938510927
9,ZBTB8OSP2,34829309,0.9185084578343006
9,TAF11,34829073,0.9184467218175083
9,LACTB2,34825660,0.9183849858007161
9,CYP51A1P2,34825249,0.918323249783924
9,CDC73,34822706,0.9182615137671317
9,RAB3IP,34822684,0.9181997777503396
9,KRT19,34822348,0.9181380417335474
9,JMJD4,34822318,0.9180763057167551
9,IVNS1ABP,34821393,0.918014569699963
9,FAM126B,34815052,0.9179528336831707
9,ZNF431,34812414,0.9178910976663786
9,XRCC4,34812292,0.9178293616495864
9,RN7SL664P,34811496,0.9177676256327941
9,SPRYD7,34809822,0.917705889616002
9,HIST1H1D,34805454,0.9176441535992098
9,TET2,34803531,0.9175824175824175
9,MTA1,34803095,0.9175206815656254
9,KIAA1522,34802818,0.9174589455488332
9,CTSC,34801620,0.917397209532041
9,TULP3,34800916,0.9173354735152488
9,NRBF2P3,34799317,0.9172737374984566
9,CENPF,34793171,0.9172120014816644
9,DNMT3B,34792652,0.9171502654648722
9,DDB1,34792181,0.9170885294480801
9,POLR2J3,34785707,0.9170267934312878
9,AC016747.1,34783210,0.9169650574144956
9,ZNF85,34781340,0.9169033213977035
9,TRA2B,34780537,0.9168415853809112
9,DERA,34780269,0.916779849364119
9,PHLDA1,34779456,0.9167181133473268
9,BAG5,34779373,0.9166563773305346
9,AL162171.1,34776862,0.9165946413137425
9,SART1,34774377,0.9165329052969502
9,ETV3,34774104,0.916471169280158
9,SAMD4B,34773743,0.9164094332633659
9,TUBB4A,34773265,0.9163476972465736
9,KIF16B,34772981,0.9162859612297815
9,PRTG,34772041,0.9162242252129893
9,TBC1D5,34766786,0.916162489196197
9,ZNF492,34766056,0.9161007531794049
9,UBIAD1,34763907,0.9160390171626127
9,SEC16A,34763771,0.9159772811458204
9,NUBPL,34761072,0.9159155451290283
9,PPP4R2,34756578,0.9158538091122361
9,SLC25A5,34749766,0.9157920730954439
9,RN7SL7P,34745930,0.9157303370786517
9,QRSL1,34741554,0.9156686010618595
9,INA,34740083,0.9156068650450673
9,NPM1,34739763,0.9155451290282751
9,ASAH1,34738107,0.9154833930114828
9,C4orf46,34738007,0.9154216569946907
9,EAPP,34737220,0.9153599209778985
9,CBY1,34733487,0.9152981849611063
9,CHMP6,34727688,0.9152364489443141
9,AP002360.1,34726578,0.915174712927522
9,SMG1P4,34726241,0.9151129769107297
9,CTSLP1,34725726,0.9150512408939375
9,TRIM23,34724715,0.9149895048771454
9,LINC01108,34723925,0.9149277688603531
9,TGDS,34722364,0.9148660328435609
9,LINC01138,34719155,0.9148042968267688
9,AC091807.1,34718503,0.9147425608099765
9,CYHR1,34717588,0.9146808247931844
9,UBLCP1,34715466,0.9146190887763922
9,TIA1,34714308,0.9145573527595999
9,GCC2,34714215,0.9144956167428078
9,TPM4,34711106,0.9144338807260155
9,SPRYD4,34710833,0.9143721447092233
9,ATAD2B,34707827,0.9143104086924312
9,TMEM201,34706045,0.9142486726756389
9,RPA3,34703035,0.9141869366588468
9,PPIAP74,34699364,0.9141252006420546
9,RPL37AP1,34696898,0.9140634646252623
9,BRMS1L,34695043,0.9140017286084702
9,OSBPL8,34694344,0.913939992591678
9,CHP1,34693867,0.91387825657488575
9,RABGEF1,34691953,0.9138165205580936
9,SDHAF4,34688598,0.9137547845413014
9,AC008753.2,34685462,0.9136930485245092
9,ZNHIT2,34682986,0.913631312507717
9,GGCX,34681112,0.9135695764909249
9,ACAT2,34677877,0.9135078404741326
9,FTL,34676251,0.9134461044573404
9,ZBTB44,34675132,0.9133843684405483
9,HEXD,34672304,0.913322632423756
9,AC010970.1,34672105,0.9132608964069638
9,PREX1,34671422,0.9131991603901716
9,CRY2,34670207,0.9131374243733794
9,PHC3,34664795,0.9130756883565873
9,KAT6A,34664172,0.913013952339795
9,RPS2P55,34663933,0.9129522163230028
9,RN7SL296P,34663438,0.9128904803062107
9,MOB3B,34656501,0.9128287442894184
9,IDH1,34656286,0.9127670082726262
9,CCDC120,34654740,0.9127052722558341
9,UBXN1,34652065,0.9126435362390418
9,AC018735.1,34651656,0.9125818002222497
9,CUL3,34649529,0.9125200642054575
9,BX276092.2,34649510,0.9124583281886652
9,AC083899.1,34648629,0.9123965921718731
9,MOV10,34645234,0.9123348561550809
9,CTBP2P4,34642930,0.9122731201382887
9,ETV6,34642010,0.9122113841214965
9,GPX1P2,34640211,0.9121496481047043
9,HIST1H2AI,34638110,0.9120879120879121
9,HHLA3,34638033,0.9120261760711199
9,GDI2,34637069,0.9119644400543276
9,IMPAD1,34636139,0.9119027040375355
9,LINC00665,34634696,0.9118409680207433
9,AL162718.1,34632756,0.9117792320039511
9,EID2,34632455,0.9117174959871589
9,COL21A1,34631166,0.9116557599703667
9,DNAJB14,34630215,0.9115940239535745
9,ATP6V1B1,34621672,0.9115322879367823
9,FO393419.3,34619466,0.9114705519199902
9,PLA2G12AP1,34619413,0.9114088159031979
9,ZNF91,34617473,0.9113470798864057
9,CHD3,34615077,0.9112853438696136
9,RN7SL300P,34614778,0.9112236078528213
9,LINC01709,34614619,0.9111618718360291
9,LPP,34611768,0.911100135819237
9,SH2D3A,34609574,0.9110383998024447
9,PDIA5,34609199,0.9109766637856526
9,XAGE3,34608244,0.9109149277688604
9,EXPH5,34601848,0.9108531917520681
9,MYOF,34597605,0.910791455735276
9,CLPTM1,34593972,0.9107297197184837
9,EFHD1,34592311,0.9106679837016916
9,RFC3,34591807,0.9106062476848994
9,SH2D4A,34589192,0.9105445116681071
9,AC010761.1,34586805,0.910482775651315
9,PAK1,34577499,0.9104210396345228
9,IDI1,34574874,0.9103593036177305
9,TAF1A,34571532,0.9102975676009384
9,LHPP,34571279,0.9102358315841462
9,THOC2,34570054,0.910174095567354
9,AC133963.1,34559640,0.9101123595505618
9,TNKS1BP1,34557432,0.9100506235337696
9,FAM184A,34555022,0.9099888875169774
9,FBXW11,34554060,0.9099271515001852
9,MPPE1,34553974,0.9098654154833931
9,SH3PXD2A,34553972,0.9098036794666008
9,PSMC1,34553817,0.9097419434498086
9,AC009403.1,34547552,0.9096802074330165
9,TMEM52B,34540198,0.9096184714162242
9,MTMR9,34538600,0.909556735399432
9,ACTG1P2,34534800,0.9094949993826398
9,SEMA4B,34531986,0.9094332633658476
9,MYL12AP1,34529386,0.9093715273490555
9,PLOD1,34527901,0.9093097913322632
9,TAGLN2,34526441,0.909248055315471
9,AC114495.1,34523368,0.9091863192986789
9,INSIG2,34520154,0.9091245832818866
9,EEF1AKMT1,34518670,0.9090628472650945
9,PTRHD1,34518241,0.9090011112483023
9,ADM,34515993,0.90893937523151
9,UPF2,34512591,0.9088776392147179
9,MED27,34511718,0.9088159031979257
9,IMPACT,34511492,0.9087541671811334
9,POLA2,34508672,0.9086924311643413
9,UBN1,34508188,0.9086306951475491
9,STN1,34505087,0.9085689591307569
9,TDRD3,34504012,0.9085072231139647
9,RPS4XP8,34503142,0.9084454870971725
9,STRN,34496369,0.9083837510803803
9,BCLAF1P1,34495878,0.9083220150635881
9,JADE3,34490595,0.9082602790467958
9,SART3,34487443,0.9081985430300037
9,LAYN,34487322,0.9081368070132115
9,FGFR1OP2,34486890,0.9080750709964193
9,PTTG1,34486744,0.9080133349796271
9,SGK1,34484350,0.907951598962835
9,ERCC8,34484093,0.9078898629460427
9,NBPF1,34482622,0.9078281269292505
9,TDP2,34480904,0.9077663909124584
9,GPM6B,34480404,0.9077046548956661
9,PROSER2-AS1,34479987,0.9076429188788739
9,TNIK,34473482,0.9075811828620818
9,TPTE2P2,34473354,0.9075194468452895
9,TPI1P1,34471844,0.9074577108284974
9,ZSCAN25,34465990,0.9073959748117052
9,STAG3,34458848,0.9073342387949129
9,HERC1,34458493,0.9072725027781208
9,FRYL,34457707,0.9072107667613286
9,ERBIN,34456807,0.9071490307445363
9,PARS2,34455655,0.9070872947277442
9,SEC61A1,34455305,0.9070255587109519
9,AL031668.2,34455044,0.9069638226941598
9,XRCC2,34448220,0.9069020866773676
9,SINHCAF,34447952,0.9068403506605753
9,UBXN11,34446371,0.9067786146437832
9,RNFT2,34444686,0.906716878626991
9,TM9SF2,34444267,0.9066551426101987
9,GNB4,34443523,0.9065934065934066
9,PCYT1A,34443404,0.9065316705766144
9,MORC2,34442496,0.9064699345598222
9,CDC42BPB,34440201,0.90640819854303
9,LCMT1,34433171,0.9063464625262379
9,CHURC1,34432338,0.9062847265094456
9,SENP7,34432051,0.9062229904926534
9,GNPAT,34431670,0.9061612544758613
9,VPS29,34430425,0.906099518459069
9,SECISBP2L,34428019,0.9060377824422768
9,TRMO,34426808,0.9059760464254847
9,BAG3,34424682,0.9059143104086924
9,GATC,34424676,0.9058525743919003
9,MYC,34420811,0.905790838375108
9,COG1,34420474,0.9057291023583158
9,AUNIP,34420264,0.9056673663415237
9,RPS2P7,34419008,0.9056056303247314
9,FKBP9,34418289,0.9055438943079392
9,CRIP1P4,34416433,0.9054821582911471
9,C5AR1,34414889,0.9054204222743548
9,PPP6R3,34411814,0.9053586862575627
9,PRMT2,34411670,0.9052969502407705
9,PRKN,34404192,0.9052352142239782
9,KHDC1,34403078,0.9051734782071861
9,PTMAP10,34402037,0.9051117421903939
9,FRMD4A,34396948,0.9050500061736017
9,SNX27,34394725,0.9049882701568095
9,ACO1,34393464,0.9049265341400173
9,VPS50,34392384,0.9048647981232251
9,RO60,34392188,0.9048030621064329
9,CTTNBP2NL,34392112,0.9047413260896408
9,FRAS1,34389408,0.9046795900728485
9,XRCC3,34387976,0.9046178540560563
9,CLOCK,34387228,0.9045561180392641
9,RBM38,34385215,0.9044943820224719
9,TMPRSS2,34383358,0.9044326460056797
9,IQGAP1,34381303,0.9043709099888875
9,REEP5,34380994,0.9043091739720953
9,DUSP16,34379337,0.9042474379553032
9,EIF2S2P3,34379082,0.9041857019385109
9,RARS,34376274,0.9041239659217187
9,TWF1P1,34373346,0.9040622299049266
9,AC106774.4,34369921,0.9040004938881343
9,MYO9B,34369366,0.9039387578713421
9,TRMT112P6,34364730,0.90387702185455
9,CD53,34363495,0.9038152858377577
9,AC099535.1,34360068,0.9037535498209656
9,MRPS16P1,34359991,0.9036918138041734
9,AMZ2,34354403,0.9036300777873811
9,EI24,34352838,0.903568341770589
9,CS,34351880,0.9035066057537967
9,STIM1,34349984,0.9034448697370046
9,HMGB3P6,34349540,0.9033831337202124
9,TSC1,34346923,0.9033213977034201
9,DHX32,34343579,0.903259661686628
9,ZNF485,34342335,0.9031979256698358
9,AP3B1,34342098,0.9031361896530435
9,NR2F6,34339623,0.9030744536362514
9,STAM,34338754,0.9030127176194592
9,PDPN,34336678,0.902950981602667
9,AL513329.1,34332999,0.9028892455858748
9,GCNA,34329200,0.9028275095690826
9,GSTA3,34325049,0.9027657735522904
9,PLCB1,34324685,0.9027040375354982
9,HSPA4L,34323125,0.9026423015187061
9,MTND5P10,34322738,0.9025805655019138
9,HIST1H1B,34322020,0.9025188294851216
9,AC010468.1,34321713,0.9024570934683295
9,ZNF253,34318108,0.9023953574515372
9,PPP2R3A,34318044,0.902333621434745
9,MTHFD2L,34317805,0.9022718854179528
9,CCNH,34315146,0.9022101494011606
9,ACAD10,34310177,0.9021484133843685
9,IQCD,34308780,0.9020866773675762
9,AC125807.2,34308227,0.902024941350784
9,WDHD1,34304808,0.9019632053339919
9,PLCD1,34300417,0.9019014693171996
9,IMPA1,34289502,0.9018397333004075
9,DPPA2,34286247,0.9017779972836153
9,SLC25A35,34285831,0.901716261266823
9,PRAF2,34284304,0.9016545252500309
9,WNT6,34283483,0.9015927892332387
9,RPL35AP21,34281104,0.9015310532164464
9,RBPJ,34278680,0.9014693171996543
9,AL591845.1,34278294,0.9014075811828621
9,DBET,34274080,0.9013458451660699
9,GDPD2,34271960,0.9012841091492777
9,ABHD17A,34271534,0.9012223731324855
9,ZNF589,34270080,0.9011606371156933
9,NDUFC2,34269371,0.9010989010989011
9,RSL1D1,34266992,0.9010371650821088
9,ZKSCAN2-DT,34266603,0.9009754290653167
9,E4F1,34266294,0.9009136930485245
9,RPL36A,34266042,0.9008519570317323
9,INCENP,34260951,0.9007902210149401
9,ERVK3-1,34260858,0.900728484998148
9,COX6C,34254572,0.9006667489813557
9,RHOT1,34254340,0.9006050129645635
9,TTLL5,34254175,0.9005432769477714
9,NACAP2,34248754,0.9004815409309791
9,CHTF8,34246504,0.9004198049141869
9,ERVV-2,34245671,0.9003580688973948
9,ZNF593,34244322,0.9002963328806025
9,TMEM135,34244298,0.9002345968638104
9,EXOSC7,34243715,0.9001728608470182
9,SETD1B,34242441,0.9001111248302259
9,TSFM,34239843,0.9000493888134338
9,MAP4K5,34236132,0.8999876527966416
9,MYL12A,34235398,0.8999259167798493
9,VPS54,34234445,0.8998641807630572
9,KCTD2,34234303,0.8998024447462649
9,NUP43,34232122,0.8997407087294728
9,RN7SL342P,34231467,0.8996789727126806
9,AAK1,34230404,0.8996172366958883
9,CENPQ,34228215,0.8995555006790962
9,ATP5F1AP2,34226749,0.899493764662304
9,PCBD1,34226236,0.8994320286455117
9,AL157886.1,34220725,0.8993702926287196
9,HINT1P1,34215488,0.8993085566119274
9,CAMK2G,34214632,0.8992468205951352
9,ARHGEF11,34213885,0.899185084578343
9,HAVCR2,34210865,0.8991233485615509
9,JUND,34209273,0.8990616125447586
9,SRF,34208977,0.8989998765279664
9,CLIC3,34206718,0.8989381405111743
9,SFT2D2,34205994,0.898876404494382
9,SIPA1L3,34204151,0.8988146684775898
9,ABHD2,34198527,0.8987529324607977
9,FAM160B1,34197199,0.8986911964440054
9,RN7SL597P,34196262,0.8986294604272133
9,BIRC6,34194409,0.898567724410421
9,RPL5P10,34193573,0.8985059883936288
9,EBP,34192539,0.8984442523768367
9,RPL7P8,34192424,0.8983825163600444
9,PRDM2,34191006,0.8983207803432522
9,ZFAND2B,34188502,0.8982590443264601
9,SLK,34185929,0.8981973083096678
9,DDX19A,34185876,0.8981355722928757
9,AADACL2-AS1,34185273,0.8980738362760835
9,GRB10,34182047,0.8980121002592912
9,UBE2I,34181504,0.8979503642424991
9,ERP29,34177276,0.8978886282257069
9,ADH5P4,34174623,0.8978268922089147
9,AL669983.1,34174597,0.8977651561921225
9,PIGX,34173979,0.8977034201753303
9,NECTIN4,34173855,0.8976416841585381
9,ALDH4A1,34172921,0.8975799481417459
9,CCDC144B,34172150,0.8975182121249538
9,SLC7A8,34170406,0.8974564761081615
9,MRTFB,34169934,0.8973947400913693
9,AP001086.1,34168346,0.8973330040745771
9,HDAC5,34168013,0.8972712680577849
9,PLAAT3,34167443,0.8972095320409927
9,SWSAP1,34162913,0.8971477960242005
9,NACA,34162585,0.8970860600074083
9,AC012005.1,34160769,0.8970243239906162
9,GLIS3,34158687,0.8969625879738239
9,EMP2,34158374,0.8969008519570317
9,LEUTX,34156968,0.8968391159402396
9,ARHGAP26,34154850,0.8967773799234473
9,METTL4,34152884,0.8967156439066551
9,MYO5BP3,34151896,0.896653907889863
9,MYL6B,34151661,0.8965921718730707
9,TENT5B,34150564,0.8965304358562786
9,UBE2F,34146582,0.8964686998394864
9,TMEM87A,34144995,0.8964069638226941
9,EVI5,34144411,0.896345227805902
9,RPS15AP38,34143892,0.8962834917891098
9,RANP1,34141974,0.8962217557723176
9,TTC7A,34141400,0.8961600197555254
9,UBXN8,34137276,0.8960982837387331
9,FAR1,34135572,0.896036547721941
9,TRAPPC2,34133903,0.8959748117051488
9,ZNF264,34132697,0.8959130756883565
9,PCMTD2,34132183,0.8958513396715644
9,AC005034.6,34128697,0.8957896036547722
9,AL445524.1,34127481,0.89572786763798
9,MAPK6P4,34126202,0.8956661316211878
9,PGPEP1,34123547,0.8956043956043956
9,MRRF,34122710,0.8955426595876034
9,CR383656.4,34119244,0.8954809235708112
9,RPL7P9,34118951,0.8954191875540191
9,MTX3,34115207,0.8953574515372268
9,TADA2A,34112148,0.8952957155204346
9,ANO7,34105274,0.8952339795036425
9,HIC2,34104600,0.8951722434868502
9,NIP7,34103009,0.895110507470058
9,SYNPO,34102926,0.8950487714532659
9,YES1,34098976,0.8949870354364736
9,XPO6,34095268,0.8949252994196815
9,TRMT5,34094913,0.8948635634028892
9,CSNK2A2,34093584,0.894801827386097
9,ADGRL2,34091709,0.8947400913693049
9,TAF4B,34090740,0.8946783553525126
9,TSEN2,34090439,0.8946166193357205
9,STAG2,34089377,0.8945548833189283
9,DRG1,34082708,0.894493147302136
9,TMA16,34081979,0.8944314112853439
9,STAT5B,34081820,0.8943696752685517
9,EEF1G,34075861,0.8943079392517594
9,MAPK13,34074575,0.8942462032349673
9,AC231533.2,34073952,0.8941844672181751
9,GSTO1,34073840,0.8941227312013829
9,AC079062.1,34073059,0.8940609951845907
9,SNHG15,34072002,0.8939992591677985
9,SFR1,34070449,0.8939375231510063
9,AKAP13,34069823,0.8938757871342141
9,ADK,34069769,0.893814051117422
9,KDM4D,34068116,0.8937523151006297
9,CSF2RA,34066233,0.8936905790838375
9,CNST,34066017,0.8936288430670453
9,MCM4,34062227,0.8935671070502531
9,AFDN,34061853,0.893505371033461
9,VPS37B,34059674,0.8934436350166687
9,TMEM161B,34055843,0.8933818989998765
9,GFOD2,34054045,0.8933201629830844
9,CEP350,34052403,0.8932584269662921
9,POP4,34051249,0.8931966909494999
9,RBM33,34050066,0.8931349549327078
9,FKBP4,34048063,0.8930732189159155
9,KDM5B,34047407,0.8930114828991234
9,GPD2,34046069,0.8929497468823312
9,PRICKLE3,34041817,0.8928880108655389
9,DDX24,34041004,0.8928262748487468
9,NFX1,34037668,0.8927645388319546
9,TM4SF5,34037573,0.8927028028151623
9,HNRNPA1P56,34034919,0.8926410667983702
9,CSTF1,34032178,0.8925793307815779
9,GAB2,34031248,0.8925175947647858
9,C16orf74,34030173,0.8924558587479936
9,SMURF1,34030092,0.8923941227312013
9,ZNF114,34028446,0.8923323867144092
9,PDIA4,34025976,0.892270650697617
9,CXorf38,34025373,0.8922089146808247
9,HMGB1,34025049,0.8921471786640326
9,PPIAP86,34024457,0.8920854426472404
9,ADAR,34023529,0.8920237066304482
9,SMARCC2,34022723,0.891961970613656
9,TALDO1,34022411,0.8919002345968639
9,AL022313.1,34017426,0.8918384985800716
9,RN7SL151P,34015484,0.8917767625632794
9,RAB1A,34014749,0.8917150265464873
9,AOPEP,34012606,0.891653290529695
9,RN7SL499P,34010542,0.8915915545129028
9,ZNF44,34007375,0.8915298184961107
9,RPL8P2,34006937,0.8914680824793184
9,WDR61,34005898,0.8914063464625263
9,AL353726.1,34005567,0.891344610445734
9,AC025259.2,34002921,0.8912828744289418
9,MTRNR2L10,34001993,0.8912211384121497
9,SV2C,34000440,0.8911594023953574
9,SCAPER,33999233,0.8910976663785652
9,RPF1,33997928,0.8910359303617731
9,YPEL2,33997755,0.8909741943449808
9,GPR89B,33997109,0.8909124583281887
9,FHOD1,33995803,0.8908507223113965
9,MAP3K8,33994000,0.8907889862946042
9,GSKIP,33992601,0.8907272502778121
9,LRRCC1,33991476,0.8906655142610199
9,PIBF1,33990743,0.8906037782442277
9,RBM25,33988986,0.8905420422274355
9,B4GALT3,33981292,0.8904803062106433
9,ZNF280C,33980555,0.8904185701938511
9,NME6,33974611,0.8903568341770589
9,AC244636.2,33974200,0.8902950981602668
9,MAGI1,33969151,0.8902333621434745
9,SMG9,33966643,0.8901716261266823
9,INAVA,33965943,0.8901098901098901
9,OXLD1,33965149,0.8900481540930979
9,L2HGDH,33960657,0.8899864180763057
9,RPL28,33959398,0.8899246820595135
9,RNF17,33956991,0.8898629460427213
9,CEP104,33954301,0.8898012100259292
9,RAB3GAP2,33952621,0.8897394740091369
9,SLC27A5,33952449,0.8896777379923447
9,ST20-AS1,33951497,0.8896160019755526
9,DMAC2,33948648,0.8895542659587603
9,ZXDC,33947706,0.8894925299419681
9,AKAP8L,33946984,0.889430793925176
9,UTP20,33946845,0.8893690579083837
9,IARS2,33945766,0.8893073218915916
9,SH3D21,33944945,0.8892455858747994
9,SPEN,33943411,0.8891838498580071
9,CEP76,33940390,0.889122113841215
9,NPC1,33938160,0.8890603778244228
9,AC138393.1,33937217,0.8889986418076306
9,VPS35,33935592,0.8889369057908384
9,EME1,33929925,0.8888751697740461
9,LSM1,33927615,0.888813433757254
9,RPL4,33923495,0.8887516977404618
9,STX10,33921612,0.8886899617236695
9,CSTF3,33918907,0.8886282257068774
9,PSMB3,33917316,0.8885664896900852
9,AC022730.1,33914525,0.888504753673293
9,HOXB7,33911702,0.8884430176565008
9,PYROXD1,33911668,0.8883812816397086
9,CYB5R1,33911092,0.8883195456229164
9,LSM5,33910076,0.8882578096061242
9,COX7C,33907128,0.8881960735893321
9,MT-TE,33903118,0.8881343375725398
9,VCX,33902949,0.8880726015557476
9,EPB41L5,33902843,0.8880108655389555
9,PTER,33902105,0.8879491295221632
9,BSPRY,33901800,0.887887393505371
9,CABYR,33901377,0.8878256574885789
9,DNAJC21,33898523,0.8877639214717866
9,ATP5MC3,33896590,0.8877021854549945
9,BOLA2B,33896134,0.8876404494382022
9,WDR59,33892264,0.88757871342141
9,CDC27P2,33891518,0.8875169774046179
9,PIGK,33889501,0.8874552413878256
9,CCDC115,33889378,0.8873935053710335
9,CHRAC1,33885102,0.8873317693542413
9,GCNT2,33884244,0.887270033337449
9,TIGAR,33884228,0.8872082973206569
9,GART,33883587,0.8871465613038647
9,Z74021.1,33883272,0.8870848252870724
9,PAICS,33881580,0.8870230892702803
9,CWC15,33880154,0.8869613532534881
9,SAPCD2,33879064,0.8868996172366959
9,ZNRD2,33878783,0.8868378812199037
9,PDCL3,33877863,0.8867761452031115
9,AL137058.1,33877241,0.8867144091863193
9,HIST1H3G,33869577,0.8866526731695271
9,RRP7A,33868167,0.886590937152735
9,PSMC1P1,33867459,0.8865292011359427
9,ARMCX4,33866702,0.8864674651191505
9,ZMYND11,33863429,0.8864057291023583
9,RPL5,33859104,0.8863439930855661
9,RPL31P63,33856379,0.886282257068774
9,DNAJB4,33855077,0.8862205210519817
9,TXNP3,33853806,0.8861587850351895
9,CCKBR,33851308,0.8860970490183974
9,POP5,33846083,0.8860353130016051
9,FAM20B,33844995,0.8859735769848129
9,RPL7AP14,33844948,0.8859118409680208
9,MRPS18A,33844612,0.8858501049512285
9,TXNP4,33842888,0.8857883689344364
9,SRRT,33840204,0.8857266329176442
9,HNRNPKP1,33840063,0.8856648969008519
9,RPS8,33838072,0.8856031608840598
9,PCNX3,33836921,0.8855414248672676
9,RPLP0,33835650,0.8854796888504753
9,ANP32BP1,33833360,0.8854179528336832
9,CENPI,33832146,0.885356216816891
9,TOP1,33831576,0.8852944808000988
9,FLT3LG,33831205,0.8852327447833066
9,MVB12A,33830820,0.8851710087665143
9,AC112220.2,33830785,0.8851092727497222
9,CKAP5,33830320,0.88504753673293
9,USF3,33828780,0.8849858007161377
9,ARHGEF12,33826306,0.8849240646993456
9,GAPDHP67,33821721,0.8848623286825534
9,LINC01091,33818792,0.8848005926657612
9,PPP1CA,33809049,0.884738856648969
9,APOE,33808783,0.88467712063217685
9,FBXL16,33808592,0.8846153846153846
9,UFC1,33808542,0.8845536485985924
9,RNF44,33808408,0.8844919125818003
9,ZC4H2,33806961,0.884430176565008
9,NPM3,33806634,0.8843684405482158
9,PFN1,33805721,0.8843067045314237
9,GNS,33804954,0.8842449685146314
9,NAALAD2,33804038,0.8841832324978393
9,NSF,33801567,0.8841214964810471
9,RPL4P1,33800373,0.8840597604642548
9,AL121601.1,33799380,0.8839980244474627
9,PIGBOS1,33797052,0.8839362884306704
9,ATAD3B,33795242,0.8838745524138782
9,CNPPD1,33794185,0.8838128163970861
9,CATSPERG,33793260,0.8837510803802938
9,PRDM4,33792476,0.8836893443635017
9,PARN,33791697,0.8836276083467095
9,ERI1,33789061,0.8835658723299172
9,MT-ND6,33788528,0.8835041363131251
9,AL109741.2,33783458,0.8834424002963329
9,PDP2,33782884,0.8833806642795407
9,SH3TC1,33779445,0.8833189282627485
9,CIR1P2,33779391,0.8832571922459563
9,TSR2,33777309,0.8831954562291641
9,RPSAP69,33773514,0.8831337202123719
9,ZNF460,33772225,0.8830719841955798
9,GLOD4,33772145,0.8830102481787875
9,SRGAP2,33765489,0.8829485121619953
9,MT-ND3,33765115,0.8828867761452031
9,AC092809.3,33763538,0.8828250401284109
9,TUBA1C,33762725,0.8827633041116187
9,ZNF141,33761235,0.8827015680948265
9,AC015813.6,33759957,0.8826398320780343
9,TLE3,33757530,0.8825780960612422
9,ZNF649,33756045,0.8825163600444499
9,DTWD1,33754451,0.8824546240276577
9,PARK7,33752387,0.8823928880108656
9,MIA3,33751409,0.8823311519940733
9,LNPK,33749239,0.8822694159772811
9,ZNF398,33748558,0.882207679960489
9,TAF15,33748354,0.8821459439436967
9,HSPB1,33744958,0.8820842079269046
9,COX6A1,33742300,0.8820224719101124
9,DAPK1,33738612,0.8819607358933201
9,FLVCR1,33737204,0.881898999876528
9,CTNS,33736171,0.8818372638597358
9,TPI1P2,33734698,0.8817755278429436
9,HEXA,33732944,0.8817137918261514
9,BCOR,33732727,0.8816520558093591
9,SH3RF2,33732584,0.881590319792567
9,TSSC4,33730893,0.8815285837757748
9,FBXO33,33729432,0.8814668477589825
9,CSNK1A1P3,33728339,0.8814051117421904
9,ZIC5,33727948,0.8813433757253982
9,PDZD2,33727507,0.881281639708606
9,EVL,33725616,0.8812199036918138
9,SCAF1,33724439,0.8811581676750216
9,GLRX3P2,33724331,0.8810964316582294
9,CARM1,33721898,0.8810346956414372
9,ELF2,33719971,0.8809729596246451
9,DPY19L4,33717441,0.8809112236078528
9,PYCR2,33715473,0.8808494875910606
9,SFSWAP,33714214,0.8807877515742685
9,POLR3B,33712560,0.8807260155574762
9,DDB2,33711606,0.880664279540684
9,NOC3L,33708663,0.8806025435238919
9,TMCC3,33707420,0.8805408075070996
9,PSMA4,33705213,0.8804790714903075
9,LPIN1,33704451,0.8804173354735152
9,CWC25,33703331,0.880355599456723
9,ZFYVE21,33702750,0.8802938634399309
9,KCTD10,33702696,0.8802321274231386
9,CNOT4,33702196,0.8801703914063465
9,RTL10,33701458,0.8801086553895543
9,SPARC,33700110,0.880046919372762
9,MCUB,33698480,0.8799851833559699
9,TNRC6A,33696637,0.8799234473391777
9,SEPT9,33695863,0.8798617113223854
9,L3MBTL3,33695854,0.8797999753055933
9,CTH,33695001,0.8797382392888011
9,DBR1,33693652,0.8796765032720089
9,UHRF1,33692144,0.8796147672552167
9,VGLL1,33690706,0.8795530312384245
9,ZDHHC20,33690384,0.8794912952216323
9,COQ7,33687905,0.8794295592048401
9,VPS33A,33686177,0.879367823188048
9,MCPH1,33682350,0.8793060871712557
9,MROH6,33682340,0.8792443511544635
9,CLPX,33681325,0.8791826151376713
9,AC073150.1,33679640,0.8791208791208791
9,RPL6P30,33678428,0.879059143104087
9,RPGRIP1L,33677131,0.8789974070872947
9,CHORDC1,33674999,0.8789356710705025
9,GRAMD2A,33674841,0.8788739350537104
9,POMK,33673969,0.8788121990369181
9,UBE2V1,33673411,0.8787504630201259
9,RN7SKP36,33672678,0.8786887270033338
9,PRPF4B,33669468,0.8786269909865415
9,STK24P1,33668572,0.8785652549697494
9,PET117,33668214,0.8785035189529572
9,WIPF3,33667870,0.8784417829361649
9,COX11P1,33667140,0.8783800469193728
9,C6orf120,33664784,0.8783183109025806
9,PECR,33664287,0.8782565748857883
9,AC053481.3,33663401,0.8781948388689962
9,AC025627.3,33662857,0.878133102852204
9,ERGIC2,33661928,0.8780713668354118
9,GLUL,33660497,0.8780096308186196
9,TUBA1B,33659474,0.8779478948018273
9,CCDC144CP,33659264,0.8778861587850352
9,TMEM230,33658917,0.877824422768243
9,CNN3,33657679,0.8777626867514507
9,SLC29A3,33652926,0.8777009507346586
9,RBP7,33651841,0.8776392147178664
9,GDPD5,33651714,0.8775774787010742
9,PDCL3P7,33650877,0.877515742684282
9,CCDC77,33645111,0.8774540066674898
9,AC091271.1,33643496,0.8773922706506976
9,SRRM1,33640792,0.8773305346339054
9,MIDN,33640387,0.8772687986171133
9,VTCN1,33640242,0.877207062600321
9,ATP6V0A2,33635660,0.8771453265835288
9,TRUB1,33634055,0.8770835905667367
9,MAPT,33633132,0.8770218545499444
9,TADA3,33632650,0.8769601185331523
9,PLPBP,33632616,0.8768983825163601
9,KRT10,33629773,0.8768366464995678
9,LCP1,33624854,0.8767749104827757
9,CENPE,33624546,0.8767131744659834
9,NME7,33621236,0.8766514384491912
9,HERC2P3,33616927,0.8765897024323991
9,ARFIP1,33616662,0.8765279664156068
9,GSPT1,33614613,0.8764662303988147
9,NCOR2,33612521,0.8764044943820225
9,ZNF337-AS1,33612388,0.8763427583652302
9,VDAC1P1,33611679,0.8762810223484381
9,CXorf49,33610672,0.8762192863316459
9,API5P1,33610178,0.8761575503148537
9,DUSP1,33609693,0.8760958142980615
9,SH2D5,33608227,0.8760340782812693
9,ZNF429,33605842,0.8759723422644771
9,RPS23P1,33604761,0.8759106062476849
9,PEX12,33603432,0.8758488702308928
9,PAF1,33603023,0.8757871342141005
9,BSG,33600566,0.8757253981973083
9,MRPS15,33598928,0.8756636621805162
9,ERICH1,33598456,0.8756019261637239
9,SARNP,33595863,0.8755401901469317
9,ZNF468,33595392,0.8754784541301395
9,AC010376.1,33593439,0.8754167181133473
9,PATJ,33593352,0.8753549820965552
9,AC239799.2,33590519,0.8752932460797629
9,BHMG1,33588606,0.8752315100629707
9,SLC12A7,33587857,0.8751697740461786
9,VPS13A,33587752,0.8751080380293863
9,ANAPC11,33587198,0.8750463020125941
9,HIST2H2AC,33584115,0.874984565995802
9,BLMH,33583052,0.8749228299790097
9,DEFB122,33581271,0.8748610939622176
9,TMEM161A,33577448,0.8747993579454254
9,HIST2H2BE,33575306,0.8747376219286331
9,CNOT6,33574657,0.874675885911841
9,LYPLAL1,33574238,0.8746141498950488
9,MTND4LP5,33571112,0.8745524138782566
9,ARMC6,33570989,0.8744906778614644
9,LINC02617,33570505,0.8744289418446722
9,PRAMEF12,33570167,0.8743363378194838
9,BECN2,33570167,0.8743363378194838
9,DEPP1,33568848,0.8742437337942955
9,PSIP1,33568338,0.8741819977775034
9,SGMS1,33567240,0.8741202617607112
9,MYBL2,33567073,0.874058525743919
9,FAM122B,33567067,0.8739967897271268
9,RAD51-AS1,33566968,0.8739350537103346
9,SMDT1,33565983,0.8738733176935424
9,LIN9,33564924,0.8738115816767502
9,OCEL1,33563482,0.8737498456599581
9,PITPNA-AS1,33560055,0.8736881096431658
9,TTI1,33559365,0.8736263736263736
9,PUS1,33558682,0.8735646376095815
9,PRTFDC1,33557985,0.8735029015927892
9,AP003306.2,33556886,0.873441165575997
9,KLF5,33554118,0.8733794295592049
9,CEP89,33551618,0.8733176935424126
9,HNRNPA0,33551395,0.8732559575256205
9,SCLT1,33550974,0.8731942215088283
9,KCTD1,33548906,0.873132485492036
9,PYGO2,33547904,0.8730707494752439
9,NME1,33545256,0.8730090134584516
9,PAFAH2,33542645,0.8729472774416595
9,CEP131,33541208,0.8728855414248673
9,FKBP14,33540722,0.872823805408075
9,RN7SL3,33539551,0.8727620693912829
9,SGTA,33539197,0.8727003333744907
9,PBX2,33538629,0.8726385973576984
9,CFAP298,33538281,0.8725768613409063
9,MORF4L2,33537811,0.8725151253241141
9,ROCK2,33533902,0.8724533893073219
9,RTKN,33533189,0.8723916532905297
9,NR6A1,33531896,0.8723299172737375
9,PRPF19,33530436,0.8722681812569453
9,TBL1X,33528957,0.8722064452401531
9,NPLOC4,33524097,0.872144709223361
9,RAB2B,33522402,0.8720829732065687
9,CEP78,33521663,0.8720212371897765
9,RABGAP1,33518784,0.8719595011729843
9,RPARP-AS1,33517954,0.8718977651561921
9,NSD3,33514364,0.8718360291394
9,SNTB2,33513967,0.8717742931226077
9,AP001324.1,33513555,0.8717125571058155
9,MGME1,33512221,0.8716508210890234
9,TTK,33512157,0.8715890850722311
9,EIF1AX,33510376,0.8715273490554389
9,MT-TL1,33508615,0.8714656130386468
9,TMEM63B,33507049,0.8714038770218545
9,RAB14,33506073,0.8713421410050624
9,HERC2P2,33502676,0.8712804049882702
9,HNRNPH1,33502226,0.8712186689714779
9,TMEM65,33501788,0.8711569329546858
9,ZNF277,33501006,0.8710951969378936
9,CHCHD2P6,33499486,0.8710334609211013
9,RNF20,33498907,0.8709717249043092
9,C18orf21,33498282,0.870909988887517
9,AC006511.6,33497616,0.8708482528707248
9,C1QBP,33497399,0.8707865168539326
9,ZCCHC17,33496163,0.8707247808371403
9,TET1P1,33495610,0.8706630448203482
9,PYCR1,33493572,0.870601308803556
9,PSMC4,33491973,0.8705395727867637
9,MEX3C,33491679,0.8704778367699716
9,OXR1,33491515,0.8704161007531794
9,HNRNPKP4,33491233,0.8703543647363872
9,GSTA4,33491007,0.870292628719595
9,SET,33490206,0.8702308927028028
9,AC091152.4,33487035,0.8701691566860106
9,LARP1,33486555,0.8701074206692184
9,RPTOR,33484430,0.8700456846524263
9,SELENOK,33484053,0.869983948635634
9,AUTS2,33483623,0.8699222126188418
9,ZNF716,33482797,0.8698604766020497
9,ARID2,33477715,0.8697987405852574
9,HSBP1L1,33476356,0.8697370045684653
9,STAMBP,33475866,0.8696752685516731
9,TONSL,33474477,0.8696135325348808
9,AKAP2,33473282,0.8695517965180887
9,RN7SL709P,33472227,0.8694900605012964
9,GPR155,33471243,0.8694283244845042
9,RBBP8,33469344,0.8693665884677121
9,HIST2H3C,33465263,0.8693048524509198
9,DGCR6L,33465211,0.8692431164341277
9,HSP90B3P,33464261,0.8691813804173355
9,DCLRE1C,33463079,0.8691196444005432
9,MRPL47,33462415,0.8690579083837511
9,SMARCE1P6,33459989,0.8689961723669589
9,ADH5P2,33459965,0.8689344363501667
9,SMC1A,33458838,0.8688727003333745
9,TOMM22,33457470,0.8688109643165823
9,AC073073.1,33457288,0.8687492282997901
9,WARS,33455135,0.8686874922829979
9,DCAF11,33454600,0.8686257562662058
9,UNG,33454452,0.8685640202494135
9,THAP4,33453161,0.8685022842326213
9,KRT8P11,33451008,0.8684405482158292
9,AC098614.3,33450949,0.8683788121990369
9,PIWIL2,33445482,0.8683170761822447
9,COLEC12,33445158,0.8682553401654525
9,MRPS16,33444773,0.8681936041486603
9,NOP10,33444687,0.8681318681318682
9,PSMA6,33444047,0.8680701321150759
9,PELO,33443024,0.8680083960982837
9,HENMT1,33442905,0.8679466600814916
9,OLFML1,33441995,0.8678849240646993
9,LRRC58,33441416,0.8678231880479071
9,PPIAP3,33440506,0.867761452031115
9,UAP1L1,33440286,0.8676997160143227
9,UBE2N,33439645,0.8676379799975306
9,RALGAPA2,33439389,0.8675762439807384
9,ZKSCAN8,33439232,0.8675145079639461
9,DOCK7,33438221,0.867452771947154
9,RRAGC,33438063,0.8673910359303618
9,CSNK1A1P1,33435831,0.8673292999135696
9,CBR3-AS1,33435365,0.8672675638967774
9,CGRRF1,33434465,0.8672058278799852
9,SEC31A,33434436,0.867144091863193
9,LY6E,33434089,0.8670823558464008
9,RAB28,33432185,0.8670206198296085
9,DLG3,33428446,0.8669588838128164
9,ABCE1,33426855,0.8668971477960242
9,GSTO3P,33424661,0.866835411779232
9,HNRNPU,33420790,0.8667736757624398
9,THUMPD1P1,33420208,0.8667119397456476
9,ARL4A,33415436,0.8666502037288554
9,FDX1,33414585,0.8665884677120632
9,TDRP,33413868,0.8665267316952711
9,PHTF2,33413277,0.8664649956784788
9,AC002463.1,33412795,0.8664032596616866
9,TIPIN,33411341,0.8663415236448945
9,ALG13,33410777,0.8662797876281022
9,ARHGAP8,33410727,0.86621805161131
9,SESTD1,33409566,0.8661563155945179
9,DEAF1,33407628,0.8660945795777256
9,SDHC,33406287,0.8660328435609335
9,MTRNR2L11,33405548,0.8659711075441413
9,AL162151.2,33404003,0.865909371527349
9,FOXP4,33402856,0.8658476355105569
9,AL109918.1,33402522,0.8657858994937646
9,ADRM1,33401683,0.8657241634769725
9,RTN4IP1,33399285,0.8656624274601803
9,EIF4G2,33397997,0.865600691443388
9,STIM2,33397783,0.8655389554265959
9,THAP12P3,33397555,0.8654772194098037
9,TMEM43,33397088,0.8654154833930114
9,ARF5,33393918,0.8653537473762193
9,GATB,33393671,0.8652920113594271
9,AFG1L,33393516,0.8652302753426349
9,MOCS3,33392424,0.8651685393258427
9,PTMA,33391000,0.8651068033090505
9,EDF1,33389593,0.8650450672922583
9,MT-TR,33389229,0.8649833312754661
9,MICOS10P2,33388843,0.864921595258674
9,MSANTD3,33388768,0.8648598592418817
9,EBLN3P,33388680,0.8647981232250895
9,FTLP5,33388125,0.8647363872082974
9,POLR3H,33387030,0.8646746511915051
9,ABL2,33386852,0.864612915174713
9,FEZ2,33386540,0.8645511791579207
9,AL136301.1,33383537,0.8644894431411285
9,MDC1,33379762,0.8644277071243364
9,API5,33377497,0.8643659711075441
9,USP53,33376913,0.8643042350907519
9,CCDC134,33376853,0.8642424990739598
9,INAFM1,33376541,0.8641807630571675
9,SLX4IP,33375451,0.8641190270403754
9,CDK13,33375047,0.8640572910235832
9,GOLGA6L10,33374702,0.8639955550067909
9,HIP1R,33373905,0.8639338189899988
9,RPL10P16,33367826,0.8638720829732066
9,NEK3,33365456,0.8638103469564143
9,PSMC1P12,33363989,0.8637486109396222
9,RESF1,33363314,0.86368687492283
9,DOCK1,33363184,0.8636251389060378
9,TRMT112,33362835,0.8635634028892456
9,FASTKD3,33357707,0.8635016668724534
9,RPS4XP2,33355740,0.8634399308556612
9,TECR,33345573,0.863378194838869
9,DNAJC16,33345324,0.8633164588220767
9,DBI,33345237,0.8632547228052846
9,MRPL36,33344311,0.8631929867884924
9,AC008799.1,33344218,0.8631312507717002
9,MGST1,33344079,0.863069514754908
9,RPA2P2,33342287,0.8630077787381158
9,FGFBP2,33341350,0.8629460427213236
9,KTN1-AS1,33340708,0.8628843067045314
9,SZT2,33339700,0.8628225706877393
9,YWHAQ,33339148,0.862760834670947
9,TOR1AIP1,33338628,0.8626990986541548
9,BCKDHB,33338216,0.8626373626373627
9,CISD2,33338021,0.8625756266205704
9,KLHL12,33337358,0.8625138906037783
9,CDC37,33337131,0.8624521545869861
9,LRRFIP2,33336942,0.8623904185701938
9,CCT8,33335654,0.8623286825534017
9,HARBI1,33333982,0.8622669465366095
9,PLEKHF2,33333819,0.8622052105198172
9,CHAF1B,33333044,0.8621434745030251
9,MCM10,33331735,0.8620817384862328
9,MEAF6,33331578,0.8620200024694407
9,RF00017-142,33330054,0.8619582664526485
9,SMPD2,33329583,0.8618965304358562
9,RF00100-4,33328611,0.8618347944190641
9,NLRP12,33328019,0.8617730584022719
9,MTRNR2L8,33323428,0.86171132238547965
9,AL451007.3,33319969,0.8616495863686875
9,MARCH5,33319595,0.8615878503518953
9,LVRN,33319272,0.8615261143351031
9,KXD1,33317111,0.8614643783183109
9,PRMT3,33316948,0.8614026423015188
9,SLC25A6,33316664,0.8613409062847265
9,OGFOD2,33316431,0.8612791702679343
9,CEP83,33316341,0.8612174342511422
9,GZF1,33316128,0.8611556982343499
9,CMTR1,33314234,0.8610939622175577
9,TMC5,33312532,0.8610322262007655
9,ADI1,33312293,0.8609704901839733
9,SLC28A3,33311699,0.8609087541671812
9,ERLIN2,33311046,0.8608470181503889
9,PARPBP,33308562,0.8607852821335967
9,UBE2M,33307465,0.8607235461168046
9,NBN,33305765,0.8606618101000123
9,PRSS12,33300676,0.8606000740832201
9,ATXN7L3,33300311,0.860538338066428
9,ATP5F1B,33298474,0.8604766020496357
9,PEBP1,33296840,0.8604148660328436
9,DHCR7,33295989,0.8603531300160514
9,SMARCA5,33293992,0.8602913939992591
9,CTIF,33292948,0.860229657982467
9,SLC40A1,33291247,0.8601679219656748
9,PTBP2,33291234,0.8601061859488826
9,WDR4,33291159,0.8600444499320904
9,PQLC1,33289682,0.8599827139152982
9,NPM1P39,33289245,0.859920977898506
9,PINCR,33289141,0.8598592418817138
9,HSD17B1,33288533,0.8597975058649215
9,HIST1H1A,33288501,0.8597357698481294
9,COL9A3,33288141,0.8596740338313372
9,KLF4,33283910,0.859612297814545
9,KATNAL1,33283790,0.8595505617977528
9,CCDC150,33282187,0.8594888257809606
9,BPNT1,33281522,0.8594270897641684
9,BTBD10,33280636,0.8593653537473762
9,WASF4P,33280365,0.8593036177305841
9,CDC20,33280237,0.8592418817137918
9,ESF1,33280056,0.8591801456969996
9,SBF2-AS1,33279416,0.8591184096802075
9,HK1,33279139,0.8590566736634152
9,SAMHD1,33277742,0.858994937646623
9,CDCA3,33275140,0.8589332016298309
9,SLC6A8,33272756,0.8588714656130386
9,RABL2B,33272615,0.8588097295962465
9,HNRNPKP2,33272016,0.8587479935794543
9,CDC25C,33271463,0.858686257562662
9,NANOGNB,33268652,0.8586245215458699
9,CLPB,33264573,0.8585627855290776
9,NASP,33264527,0.8585010495122855
9,LIMK1,33264109,0.8584393134954933
9,RPS4XP21,33262003,0.858377577478701
9,RBM45,33260261,0.8583158414619089
9,EEF1D,33258738,0.8582541054451167
9,BRIP1,33257308,0.8581923694283244
9,TIMM23,33252341,0.8581306334115323
9,RC3H2,33251944,0.8580688973947401
9,MIR548XHG,33250426,0.8580071613779479
9,MTCO3P13,33248963,0.8579454253611557
9,SELENOH,33248772,0.8578836893443635
9,NEK4,33245996,0.8578219533275713
9,AC110749.1,33245765,0.8577602173107791
9,WDR26,33244690,0.857698481293987
9,EPPK1,33244494,0.8576367452771947
9,YWHAEP5,33243211,0.8575750092604025
9,OSCAR,33239511,0.8575132732436104
9,SLC10A3,33238549,0.8574515372268181
9,DSCC1,33237985,0.857389801210026
9,ZNF765,33237219,0.8573280651932337
9,SLC44A2,33231800,0.8572663291764415
9,MAP3K15,33231592,0.8572045931596494
9,TPD52L2,33231512,0.8571428571428571
9,PRKX,33231403,0.8570811211260649
9,NFS1,33230967,0.8570193851092728
9,MTFP1,33230099,0.8569576490924805
9,EIF3M,33228227,0.8568959130756884
9,AL121658.1,33226976,0.8568341770588962
9,CFL1,33226547,0.8567724410421039
9,SNORD3B-2,33224427,0.8567107050253118
9,RAI14,33223968,0.8566489690085196
9,AC061975.8,33217542,0.8565872329917273
9,CCNE1,33213910,0.8565254969749352
9,TRAF6,33211921,0.856463760958143
9,YPEL3,33210814,0.8564020249413508
9,ZBTB39,33209899,0.8563402889245586
9,AC012355.1,33208411,0.8562785529077664
9,TCERG1L,33208133,0.8562168168909742
9,AL158050.1,33207332,0.856155080874182
9,TAF3,33207160,0.8560933448573897
9,DIP2A,33203028,0.8560316088405976
9,RAB21,33200647,0.8559698728238054
9,CNNM2,33200252,0.8559081368070132
9,HIST3H2A,33199316,0.855846400790221
9,GLMP,33199014,0.8557846647734288
9,LINC01996,33199003,0.8557229287566366
9,USP12,33197994,0.8556611927398444
9,TMOD3,33195040,0.8555994567230523
9,AC100771.1,33194611,0.85553772070626
9,RWDD3,33194321,0.8554759846894678
9,RPS6KA3,33194109,0.8554142486726757
9,ENO1,33193327,0.8553525126558834
9,AL162411.1,33192497,0.8552907766390913
9,AC004156.2,33191353,0.8552290406222991
9,THAP9,33191068,0.8551673046055068
9,PACSIN2,33189595,0.8551055685887147
9,LDHBP2,33189081,0.8550438325719225
9,DMWD,33186928,0.8549820965551302
9,WAC-AS1,33186857,0.8549203605383381
9,DPY19L1,33184110,0.8548586245215458
9,MT-TG,33179606,0.8547968885047537
9,ZNF729,33178160,0.8547351524879615
9,HNRNPA3,33177539,0.8546734164711692
9,DPY19L3,33177446,0.8546116804543771
9,BRF2,33177238,0.8545499444375849
9,ZNF106,33175159,0.8544882084207926
9,NBR1,33175028,0.8544264724040005
9,SASH1,33173798,0.8543647363872083
9,BNIP3L,33172618,0.8543030003704161
9,CCDC97,33171940,0.8542412643536239
9,GAPVD1,33171604,0.8541795283368318
9,RPL12P10,33171201,0.8541177923200395
9,CCDC127,33170704,0.8540560563032473
9,PPM1N,33170651,0.8539943202864552
9,TMX3,33169946,0.8539325842696629
9,SUCLG2,33169945,0.8538708482528707
9,PAFAH1B3,33166288,0.8538091122360786
9,AL358942.1,33165423,0.8537473762192863
9,AP3S2,33164138,0.853654772194098
9,HSPA8P9,33164138,0.853654772194098
9,PRELID1,33161294,0.8535621681689097
9,MAPK6,33157095,0.8535004321521176
9,HEXIM1,33154092,0.8534386961353253
9,PIR,33153535,0.8533769601185331
9,CEP192,33149878,0.853315224101741
9,PIGG,33148422,0.8532534880849487
9,EPS8,33146217,0.8531917520681566
9,HLA-E,33144931,0.8531300160513644
9,EBAG9,33144069,0.8530682800345721
9,FBXL18,33143501,0.85300654401778
9,LTV1,33141558,0.8529448080009878
9,SUMF1,33141390,0.8528830719841956
9,PA2G4P1,33141278,0.8528213359674034
9,TENM3,33140869,0.8527595999506112
9,UBP1,33139796,0.852697863933819
9,PFAS,33138776,0.8526361279170268
9,VCPIP1,33138109,0.8525743919002347
9,SLC15A4,33137959,0.8525126558834424
9,GIT2,33135683,0.8524509198666502
9,FOXM1,33134207,0.852389183849858
9,L3MBTL2,33132003,0.8523274478330658
9,GTF2F2,33131824,0.8522657118162736
9,SNORD3B-1,33130815,0.8522039757994814
9,FBXO42,33130732,0.8521422397826892
9,GNAQP1,33130473,0.8520805037658971
9,OAF,33128806,0.8520187677491048
9,GJB7,33127717,0.8519570317323126
9,ITGB5,33127465,0.8518952957155205
9,AC098824.1,33126837,0.8518335596987282
9,AC093909.1,33126323,0.851771823681936
9,PRXL2C,33123457,0.8517100876651439
9,ABR,33120486,0.8516483516483516
9,RHOB,33119477,0.8515866156315595
9,INPP5K,33119332,0.8515248796147673
9,OSBPL9,33115726,0.851463143597975
9,TACC2,33115178,0.8514014075811829
9,TMEM214,33114963,0.8513396715643907
9,ZNF101,33113669,0.8512779355475985
9,DDX27,33109550,0.8512161995308063
9,AACS,33109017,0.851154463514014
9,PLAC8,33108684,0.8510927274972219
9,MPST,33107316,0.8510309914804297
9,AKAP9,33106360,0.8509692554636374
9,WNT11,33105681,0.8509075194468453
9,RAB31,33105200,0.8508457834300531
9,ITCH,33104001,0.8507840474132609
9,SMIM15,33103077,0.8507223113964687
9,PLEKHM1,33103009,0.8506605753796765
9,TMC1,33101545,0.8505988393628843
9,AP000547.3,33101081,0.8505371033460921
9,AP001284.1,33101074,0.8504753673293
9,EEF1A1,33099982,0.8504136313125077
9,DDX18P3,33099654,0.8503518952957155
9,MAN2B1,33099493,0.8502901592789234
9,CELA1,33099387,0.8502284232621311
9,DMD,33098800,0.850166687245339
9,PEX13,33095943,0.8501049512285467
9,CYTOR,33091912,0.8500432152117545
9,C18orf54,33087191,0.8499814791949624
9,KRT18P66,33086156,0.8499197431781701
9,RERE,33085873,0.8498580071613779
9,DDX17,33085617,0.8497962711445858
9,ATN1,33084295,0.8497345351277935
9,ACTN2,33084225,0.8496727991110014
9,SDF2L1,33083392,0.8496110630942092
9,LRP10,33083323,0.8495493270774169
9,GLT8D1,33080483,0.8494875910606248
9,SAMM50,33080283,0.8494258550438326
9,TXN,33080270,0.8493641190270403
9,UBE2L3,33079861,0.8493023830102482
9,ZNF740,33078922,0.849240646993456
9,MAGT1,33078164,0.8491789109766638
9,HIGD2A,33076971,0.8491171749598716
9,PDLIM7,33074149,0.8490554389430794
9,CNOT3,33073366,0.8489937029262872
9,TSPAN1,33070299,0.848931966909495
9,FNDC3B,33069780,0.8488702308927027
9,MANSC1,33069499,0.8488084948759106
9,ERGIC3,33067555,0.8487467588591184
9,LUZP1,33067517,0.8486850228423262
9,GPN3,33067360,0.848623286825534
9,SAP130,33067150,0.8485615508087418
9,SYAP1,33067060,0.8484998147919496
9,ASH2L,33066860,0.8484380787751574
9,IL6,33066207,0.8483763427583653
9,MANBA,33065221,0.848314606741573
9,CDK16,33064206,0.8482528707247808
9,CISH,33062267,0.8481911347079887
9,ORC6,33062216,0.8481293986911964
9,DAZAP1,33060859,0.8480676626744043
9,ANKZF1,33057595,0.8480059266576121
9,AC006453.2,33057031,0.8479441906408198
9,GOT1,33054986,0.8478824546240277
9,PIDD1,33047957,0.8478207186072355
9,TYW1,33042717,0.8477589825904432
9,TFPI,33038817,0.8476972465736511
9,SHC1,33038777,0.8476355105568588
9,POGK,33038741,0.8475737745400667
9,C12orf65,33035733,0.8475120385232745
9,ELL,33033477,0.8474503025064822
9,ACTBP11,33027912,0.8473885664896901
9,LRR1,33027027,0.8473268304728979
9,HIST1H4E,33025698,0.8472650944561056
9,IPO13,33024492,0.8472033584393135
9,USP28,33024198,0.8471416224225213
9,ATP2B1,33024058,0.8470798864057291
9,JDP2,33021962,0.8470181503889369
9,APPL1,33021028,0.8469564143721448
9,UBR2,33020282,0.8468946783553525
9,RNASEH2C,33019641,0.8468329423385603
9,USP9X,33019631,0.8467712063217682
9,IKZF5,33015053,0.8467094703049759
9,CREB1,33014046,0.8466477342881837
9,POLK,33013095,0.8465859982713916
9,ADARB1,33007076,0.8465242622545993
9,SETDB1,33006539,0.8464625262378072
9,AC109635.4,33005633,0.8464007902210149
9,SLC1A5,33004958,0.8463390542042227
9,ATL2,33003630,0.8462773181874306
9,AL645728.1,33003422,0.8462155821706383
9,SPAG9,33000951,0.8461538461538461
9,ZNF675,32998758,0.846092110137054
9,POP1,32997959,0.8460303741202617
9,FABP5P3,32997488,0.8459686381034696
9,AC010894.1,32996832,0.8459069020866774
9,TIMM50,32996660,0.8458451660698851
9,COQ9,32995188,0.845783430053093
9,PRR13P5,32989775,0.8457216940363008
9,BMS1,32989153,0.8456599580195086
9,AHDC1,32986789,0.8455982220027164
9,GPAM,32986136,0.8455364859859242
9,MTRNR2L1,32985572,0.845474749969132
9,AJUBA,32985296,0.8454130139523398
9,PSMC1P8,32983493,0.8453512779355477
9,MPHOSPH8,32982809,0.8452895419187554
9,CCDC32,32982492,0.8452278059019632
9,PPCS,32982298,0.845166069885171
9,OAT,32982161,0.8451043338683788
9,SLC52A3,32982151,0.8450425978515866
9,MRPL15,32981525,0.8449808618347944
9,TXLNA,32980055,0.8449191258180022
9,AL450326.1,32979694,0.8448573898012101
9,DCAF6,32977020,0.8447956537844178
9,ZNF100,32974504,0.8447339177676256
9,KRAS,32973690,0.8446721817508335
9,USP19,32973446,0.8446104457340412
9,FAM120A,32972138,0.844548709717249
9,XPR1,32972089,0.8444869737004569
9,COPS5,32969118,0.8444252376836646
9,LYN,32968334,0.8443635016668725
9,GPAA1,32968197,0.8443017656500803
9,EPAS1,32966793,0.844240029633288
9,GMNN,32966041,0.8441782936164959
9,RTKN2,32965214,0.8441165575997037
9,COG4,32964471,0.8440548215829115
9,NFAT5,32961949,0.8439930855661193
9,PPP2R5D,32961472,0.843931349549327
9,ZNF74,32961114,0.8438696135325349
9,RPS4XP11,32961048,0.8438078775157427
9,PRDX1,32959950,0.8437461414989504
9,SOWAHC,32959712,0.8436844054821583
9,ACLY,32954795,0.8436226694653661
9,ALPG,32953376,0.8435609334485739
9,SCN2A,32953126,0.8434991974317817
9,HNRNPA1P34,32950352,0.8434374614149895
9,TXNRD1,32949271,0.8433757253981973
9,SORT1,32940792,0.8433139893814051
9,CEP290,32939428,0.843252253364613
9,QPRT,32938665,0.8431905173478207
9,UBAP1L,32937926,0.8431287813310285
9,YWHAZP4,32935176,0.8430670453142364
9,NUP88,32932715,0.8430053092974441
9,APPBP2,32930720,0.842943573280652
9,NUDT16,32930165,0.8428818372638598
9,DENND2D,32925483,0.8428201012470675
9,ZNF566,32924697,0.8427583652302754
9,EIF4EBP1,32924491,0.8426966292134831
9,BRI3,32923003,0.8426348931966909
9,AC026410.1,32921483,0.8425731571798988
9,MGAT1,32919761,0.8425114211631065
9,CLASP2,32918977,0.8424496851463144
9,RASSF2,32918669,0.8423879491295222
9,KIAA1958,32917985,0.8423262131127299
9,RGCC,32917094,0.8422644770959378
9,LRP1,32916448,0.8422027410791456
9,ZNF66,32915311,0.8421410050623533
9,KDELR2,32914101,0.8420792690455612
9,ASXL1,32914042,0.842017533028769
9,ZNF93,32912003,0.8419557970119768
9,BCLAF1,32911504,0.8418940609951846
9,MTCO2P22,32910518,0.8418323249783924
9,ARHGAP44,32909208,0.8417705889616002
9,CCDC61,32907024,0.841708852944808
9,GNB1,32904149,0.8416471169280159
9,PDCD10,32904084,0.8415853809112236
9,AP006296.1,32901140,0.8415236448944314
9,SON,32900783,0.8414619088776392
9,AIRE,32898473,0.841400172860847
9,EIF3C,32897317,0.8413384368440548
9,FTSJ1,32896843,0.8412767008272626
9,RPS2,32896619,0.8412149648104704
9,PARP1,32896190,0.8411532287936783
9,AC138207.8,32894649,0.841091492776886
9,EZH2,32894576,0.8410297567600938
9,ITFG2,32894309,0.8409680207433017
9,CCDC82,32893640,0.8409062847265094
9,GAGE1,32892889,0.8408445487097173
9,KMT2B,32892172,0.8407828126929251
9,STX12,32892094,0.8407210766761328
9,ATAD5,32890422,0.8406593406593407
9,ZNF839,32888905,0.8405976046425485
9,NCAPH,32887939,0.8405358686257562
9,WDR6,32886534,0.8404741326089641
9,AP2A1,32886221,0.8404123965921718
9,NEDD8,32885152,0.8403506605753797
9,RBM15B,32884679,0.8402889245585875
9,EEF1A1P15,32884239,0.8402271885417952
9,SEC22B2,32884193,0.8401654525250031
9,ADAM17,32883571,0.8401037165082109
9,ASTN2,32881027,0.8400419804914186
9,TPI1,32881003,0.8399802444746265
9,MKI67,32880777,0.8399185084578343
9,OMA1,32878745,0.8398567724410421
9,GSK3A,32878364,0.8397950364242499
9,DYNC1H1,32877874,0.83973330040745775
9,PDCL3P3,32877544,0.8396715643906655
9,CSNK1G2,32876824,0.8396098283738733
9,GTF2A2,32873417,0.8395480923570812
9,MRPS17,32872633,0.8394863563402889
9,SECISBP2,32872039,0.8394246203234967
9,EIF4A1P4,32868549,0.8393628843067046
9,MTRF1L,32865389,0.8393011482899123
9,PAICSP5,32865297,0.8392394122731202
9,CCNA2,32861069,0.8391776762563279
9,SBSPON,32860763,0.8391159402395357
9,FBXW8,32860318,0.8390542042227436
9,MBNL1,32859802,0.8389924682059513
9,TASOR2,32857936,0.8389307321891591
9,IPMK,32856756,0.838868996172367
9,RPL35,32852018,0.8388072601555747
9,EZR,32851833,0.8387455241387826
9,ELK1,32850685,0.8386837881219904
9,SIDT2,32850163,0.8386220521051981
9,ELP3,32847109,0.838560316088406
9,ODC1,32844010,0.8384985800716138
9,CCT2,32842394,0.8384368440548216
9,ZFR,32839762,0.8383751080380294
9,CHD7,32839725,0.8383133720212372
9,TRIM26,32839431,0.838251636004445
9,GTF3A,32838684,0.8381898999876528
9,LINGO1,32838604,0.8381281639708607
9,UBL7-AS1,32835962,0.8380664279540684
9,YBX3P1,32835562,0.8380046919372762
9,AC079140.5,32834623,0.837942955920484
9,SHANK2,32834393,0.8378812199036918
9,SKIV2L,32834351,0.8378194838868996
9,OSER1,32833813,0.8377577478701074
9,ZNF829,32831207,0.8376960118533152
9,ATF4P2,32831133,0.8376342758365231
9,MYLPF,32828447,0.8375725398197308
9,HNRNPCP4,32826751,0.8375108038029386
9,TERF2,32824386,0.8374490677861465
9,PHF2,32823366,0.8373873317693542
9,PRDM10,32822671,0.837325595752562
9,GPD1L,32821623,0.8372638597357699
9,DTL,32821307,0.8372021237189776
9,ANKRD11,32820554,0.8371403877021855
9,NACA3P,32820189,0.8370786516853933
9,DDX21,32819537,0.837016915668601
9,KRT8P10,32816907,0.8369551796518089
9,RAB34,32816471,0.8368934436350167
9,SPRYD3,32815315,0.8368317076182245
9,PABPC1P4,32815085,0.8367699716014323
9,METTL9,32812386,0.83670823558464
9,NIPBL-DT,32811165,0.8366464995678479
9,MAP2K1,32809949,0.8365847635510557
9,NXF2,32809433,0.8365230275342634
9,AC015871.1,32809214,0.8364612915174713
9,YAP1,32808814,0.8363995555006791
9,WWP1,32806916,0.8363378194838869
9,TMEM106B,32806903,0.8362760834670947
9,XRCC6,32806602,0.8362143474503025
9,MCTS1,32806076,0.8361526114335103
9,MIB2,32805851,0.8360908754167181
9,CTU1,32805612,0.836029139399926
9,NDUFS1,32805453,0.8359674033831337
9,OXT,32800688,0.8359056673663415
9,PEX2,32797970,0.8358439313495494
9,AP3M2,32793283,0.8357821953327571
9,LAS1L,32792730,0.835720459315965
9,CCDC34,32791734,0.8356587232991728
9,PPP2R2D,32791260,0.8355969872823805
9,SNHG29,32789986,0.8355352512655884
9,CANX,32789469,0.8354735152487961
9,RPS5,32789403,0.8354117792320039
9,KMT2C,32788989,0.8353500432152118
9,AC074135.1,32788948,0.8352883071984195
9,FADD,32788392,0.8352265711816274
9,CRCP,32788105,0.8351648351648352
9,FOXO6,32788051,0.8351030991480429
9,CIAPIN1,32787179,0.8350413631312508
9,HK2P1,32786965,0.8349796271144586
9,PGDP1,32786845,0.8349178910976663
9,AC015977.1,32784525,0.8348561550808742
9,PHLDB3,32783913,0.834794419064082
9,ACE2,32783831,0.8347326830472898
9,SLC25A37,32783134,0.8346709470304976
9,ATG9B,32782817,0.8346092110137054
9,AHCTF1,32781447,0.8345474749969132
9,ZNF211,32779699,0.834485738980121
9,ICE2,32779040,0.8344240029633289
9,FAM76A,32778592,0.8343622669465366
9,BABAM2,32778517,0.8343005309297444
9,EIF3L,32778177,0.8342387949129522
9,FANCI,32777369,0.83417705889616
9,LINC01715,32773690,0.8341153228793678
9,ZNF7,32771603,0.8340535868625756
9,AP5M1,32770880,0.8339918508457834
9,PIGC,32769751,0.8339301148289913
9,AC005531.1,32769249,0.833868378812199
9,COQ6,32768149,0.8338066427954068
9,FAM234A,32767730,0.8337449067786147
9,AMD1P2,32767704,0.8336831707618224
9,IL34,32766583,0.8336214347450303
9,KIF15,32764332,0.8335596987282381
9,DYNC1LI2,32763855,0.8334979627114458
9,PTPN3,32763523,0.8334362266946537
9,RALGAPB,32763522,0.8333744906778615
9,AL022324.2,32760929,0.8333127546610692
9,MTFR1,32760787,0.8332510186442771
9,HECTD1,32757948,0.8331892826274849
9,LINC00605,32754669,0.8331275466106927
9,ZW10,32754262,0.8330658105939005
9,SLC36A2,32753786,0.8330040745771082
9,RIC8A,32752440,0.8329423385603161
9,ENO2,32752128,0.8328806025435239
9,SNAPC1,32749686,0.8328188665267316
9,MTCO1P3,32747042,0.8327571305099395
9,ATP6V1C1,32745789,0.8326953944931473
9,TLK1,32745106,0.8326336584763551
9,PHF21B,32744147,0.8325719224595629
9,FOSL2,32743551,0.8325101864427707
9,AC006333.2,32741927,0.8324484504259785
9,C21orf58,32738629,0.8323867144091863
9,ATAD3A,32738356,0.8323249783923942
9,TNRC18,32737885,0.8322632423756019
9,EIF3FP3,32736473,0.8322015063588097
9,NPIPB5,32735426,0.8321397703420176
9,ATG4A,32734380,0.8320780343252253
9,H3.Y,32733120,0.8320162983084332
9,ZNF75D,32732527,0.831954562291641
9,MEGF8,32729813,0.8318928262748487
9,ATL3,32729633,0.8318310902580566
9,PGD,32728776,0.8317693542412643
9,AC073869.1,32727796,0.8317076182244721
9,TAB3,32726997,0.83164588220768
9,DNPH1,32726702,0.8315841461908877
9,NIP7P2,32725769,0.8315224101740956
9,TM7SF2,32725016,0.8314606741573034
9,ZNF57,32723542,0.8313989381405111
9,SNRPD1,32722610,0.831337202123719
9,HTT,32721176,0.8312754661069268
9,TRABD,32718294,0.8312137300901346
9,TAF1,32717440,0.8311519940733424
9,PPP1R2,32714763,0.8310902580565502
9,C2CD2,32714730,0.831028522039758
9,IAH1,32708372,0.8309667860229658
9,NFKBIB,32707715,0.8309050500061737
9,AC012085.1,32706350,0.8308433139893814
9,EIF3D,32704152,0.8307815779725892
9,KDM1B,32702788,0.8307198419557971
9,SEC22C,32699878,0.8306581059390048
9,CDK5RAP1,32697225,0.8305963699222126
9,BCAS2,32696770,0.8305346339054204
9,UBE4A,32695017,0.8304728978886282
9,ZC3H12B,32693961,0.8304111618718361
9,AC025588.1,32693477,0.8303494258550438
9,NAT9,32690958,0.8302876898382516
9,BUB1B,32690305,0.8302259538214595
9,MLLT3,32689666,0.8301642178046672
9,NTMT1,32688519,0.830102481787875
9,PLCB3,32687432,0.8300407457710829
9,CYCSP45,32687431,0.8299790097542906
9,KRT8P32,32686309,0.8299172737374985
9,SNX9,32683529,0.8298555377207063
9,KPNA5,32683458,0.829793801703914
9,FAM72B,32683168,0.8297320656871219
9,HOOK1,32682713,0.8296703296703297
9,MBD1,32681882,0.8296085936535375
9,AC007041.1,32679744,0.8295468576367453
9,S100PBP,32679126,0.829485121619953
9,EIF3E,32675952,0.8294233856031609
9,PPP1R12B,32675879,0.8293616495863687
9,KDM4B,32675522,0.8292999135695764
9,EEF1A1P22,32675028,0.8292381775527843
9,KCNN4,32673958,0.8291764415359921
9,MRFAP1,32670465,0.8291147055191999
9,PPIAP26,32667775,0.8290529695024077
9,CEBPD,32666205,0.8289912334856155
9,MPC1,32664990,0.8289294974688233
9,NPIPA5,32662618,0.8288677614520311
9,TUBA3E,32660538,0.828806025435239
9,AC008124.1,32659407,0.8287442894184467
9,HPS1,32657427,0.8286825534016545
9,C1orf174,32656216,0.8286208173848624
9,AK2,32652494,0.8285590813680701
9,NPAS1,32652323,0.828497345351278
9,TMEM63A,32650359,0.8284356093344858
9,TUBD1,32649986,0.8283738733176935
9,OPTN,32649468,0.8283121373009014
9,KMT5B,32649130,0.8282504012841091
9,GPRC5A,32648759,0.8281886652673169
9,ACTL8,32647779,0.8280960612421286
9,CRYBB2,32647779,0.8280960612421286
9,APLP2,32647153,0.8280034572169404
9,HNRNPA2B1,32646936,0.8279417212001482
9,BIN1,32643696,0.8278799851833559
9,FANCG,32643446,0.8278182491665638
9,NFATC3,32640975,0.8277565131497716
9,LMBRD2,32640127,0.8276947771329793
9,SMAD7,32638861,0.8276330411161872
9,AP1M1,32636917,0.827571305099395
9,IGFBP2,32636885,0.8274478330658106
9,AC021146.7,32636885,0.8274478330658106
9,AK4P6,32636885,0.8274478330658106
9,RPS29P5,32636043,0.8273243610322262
9,HEXB,32636042,0.827262625015434
9,PKD1L2,32634682,0.8272008889986419
9,MED16,32632674,0.8271391529818496
9,DGUOK,32632310,0.8270774169650574
9,ZCCHC14,32632041,0.8270156809482652
9,AC008543.1,32627253,0.826953944931473
9,POLR3GL,32626328,0.8268922089146808
9,RIT1,32624143,0.8268304728978886
9,AC079598.3,32623956,0.8267687368810964
9,AADAT,32623887,0.8267070008643043
9,NCMAP,32622969,0.826645264847512
9,MX1,32621809,0.8265835288307198
9,TNRC6C,32621468,0.8265217928139277
9,PMS2,32620677,0.8264600567971354
9,AC012615.1,32620557,0.8263983207803433
9,ZNF136,32620248,0.8263365847635511
9,TAF2,32619057,0.8262748487467588
9,PIN1,32618320,0.8262131127299667
9,HELQ,32616324,0.8261513767131745
9,TMCO3,32615098,0.8260896406963822
9,FNDC10,32614011,0.8260279046795901
9,CTTNBP2,32612656,0.8259661686627979
9,TRAPPC9,32611987,0.8259044326460057
9,ULK1,32610202,0.8258426966292135
9,RPL17P34,32609147,0.8257809606124212
9,RYR1,32607040,0.8257192245956291
9,SCAF8,32605030,0.8256574885788369
9,RFNG,32604476,0.8255957525620446
9,AC026410.3,32604330,0.8255340165452525
9,AL353692.2,32603390,0.8254722805284603
9,TM9SF3,32600391,0.8254105445116681
9,APBB1IP,32600002,0.8253488084948759
9,KATNB1,32598560,0.8252870724780837
9,SPTSSA,32597991,0.8252253364612915
9,PROCR,32597871,0.8251636004444993
9,IPO9,32597369,0.8251018644277072
9,DLST,32594245,0.8250401284109149
9,RGS10,32594174,0.8249783923941227
9,ZNF260,32592001,0.8249166563773306
9,KLHL20,32590941,0.8248549203605383
9,HEMK1,32588460,0.8247931843437462
9,AL354872.1,32588142,0.824731448326954
9,DLC1,32588062,0.8246697123101617
9,FAM162A,32586254,0.8246079762933696
9,ANKRD26,32581973,0.8245462402765773
9,SCRIB,32581883,0.8244845042597851
9,MGMT,32581299,0.824422768242993
9,HDDC2,32580289,0.8243610322262007
9,FPGS,32579679,0.8242992962094086
9,HPRT1,32578021,0.8242375601926164
9,NMRK1,32575642,0.8241758241758241
9,ATP5MC2P1,32575028,0.824114088159032
9,DPPA3,32572342,0.8240523521422398
9,NSUN4,32570615,0.8239906161254476
9,TNS3,32569804,0.8239288801086554
9,CDC42BPG,32567818,0.8238671440918632
9,NUDT22,32566502,0.823805408075071
9,ECEL1P2,32564632,0.8237436720582788
9,AL354989.1,32564062,0.8236819360414867
9,COQ2,32563431,0.8236202000246944
9,PARP2,32561624,0.8235584640079022
9,MRPL28,32557856,0.8234967279911101
9,PCGF3,32555187,0.8234349919743178
9,AC098934.1,32554884,0.8233732559575256
9,POLE2,32554652,0.8233115199407334
9,LIMD1,32554051,0.8232497839239412
9,PRPF3,32552414,0.8231880479071491
9,POLR3K,32552242,0.8230954438819608
9,TMEM259,32552242,0.8230954438819608
9,RPL13AP7,32551851,0.8230028398567725
9,PTGES3P1,32551686,0.8229411038399802
9,RNF8,32551228,0.822879367823188
9,PHF6,32551142,0.8228176318063959
9,ANKRD52,32547674,0.8227558957896036
9,ACTG1P11,32546293,0.8226941597728115
9,EIF4HP1,32545826,0.8226324237560193
9,OGFOD3,32544194,0.822570687739227
9,AC019129.1,32543180,0.8225089517224349
9,FN3KRP,32542472,0.8224472157056427
9,WDR87,32539970,0.8223854796888505
9,UBE2V2,32539396,0.8223237436720583
9,PYGL,32536592,0.8222620076552661
9,PPP1R2B,32530445,0.8222002716384739
9,RPL23AP37,32529138,0.8221385356216817
9,ELOB,32529103,0.8220767996048894
9,SNHG6,32528304,0.8220150635880973
9,CHEK2,32528187,0.8219533275713051
9,PRMT5P1,32527420,0.8218915915545129
9,TASP1,32527167,0.8218298555377207
9,HMGB3,32522477,0.8217681195209285
9,SLC39A11,32521309,0.8217063835041363
9,BRPF3,32520696,0.8216446474873441
9,CYB561A3,32520580,0.821582911470552
9,BX255925.3,32520335,0.8215211754537597
9,RGPD1,32520092,0.8214594394369675
9,MSI1,32518992,0.8213977034201754
9,RPSAP61,32516027,0.8213359674033831
9,TNFRSF21,32510593,0.821274231386591
9,TERF1,32510370,0.8212124953697988
9,RPS20P10,32509523,0.8211507593530065
9,ADO,32508715,0.8210890233362144
9,TEAD1,32504158,0.8210272873194222
9,POMP,32504139,0.8209655513026299
9,MAFG,32503797,0.8209038152858378
9,C19orf33,32503625,0.8208420792690455
9,HSPA4,32503351,0.8207803432522534
9,SRSF3,32502239,0.8207186072354612
9,DDX12P,32501485,0.8206568712186689
9,FNIP2,32501089,0.8205951352018768
9,TAGLN,32499115,0.8205333991850846
9,MON1A,32498306,0.8204716631682923
9,PSMD4,32497229,0.8204099271515002
9,DYNLL2,32496257,0.820348191134708
9,MCM8,32496156,0.8202864551179158
9,CEP72,32494792,0.8202247191011236
9,BCL3,32493050,0.8201629830843314
9,MTND4P24,32492904,0.8201012470675392
9,KANTR,32492720,0.820039511050747
9,RNASEH2A,32489532,0.8199777750339549
9,JPT1,32488189,0.8199160390171626
9,NDUFB2,32487893,0.8198543030003704
9,ERVW-1,32487575,0.8197925669835783
9,ATRIP,32485861,0.819730830966786
9,MAX,32483050,0.8196690949499938
9,PRR13,32482900,0.8196073589332016
9,TUG1,32482800,0.8195456229164094
9,SRSF8,32481853,0.8194838868996173
9,HPS3,32481529,0.819422150882825
9,WWTR1,32481403,0.8193604148660328
9,JPH3,32479982,0.8192986788492407
9,U2SURP,32473606,0.8192369428324484
9,SMARCAL1,32472755,0.8191752068156563
9,COPS6,32471768,0.8191134707988641
9,PLA2G12A,32471694,0.8190517347820718
9,BACH1,32467796,0.8189899987652797
9,OR51B5,32466702,0.8189282627484875
9,WDR53,32465505,0.8188665267316952
9,PRAMEF19,32464185,0.8188047907149031
9,EIF3H,32463044,0.8187430546981109
9,NDUFB10,32461427,0.8186813186813187
9,HNRNPA3P3,32461174,0.8186195826645265
9,HERC2,32456899,0.8185578466477342
9,FOXJ2,32455717,0.8184961106309421
9,B4GALT1,32455264,0.8184343746141499
9,GATA2,32454201,0.8183726385973576
9,IMMP2L,32453990,0.8183109025805655
9,ATG14,32451273,0.8182491665637733
9,AL024507.2,32450594,0.8181874305469811
9,CDK10,32449125,0.8181256945301889
9,PCID2,32448973,0.8180639585133967
9,HIST1H2BE,32448169,0.8180022224966045
9,GNPTAB,32448161,0.8179404864798123
9,C1orf109,32447799,0.8178787504630202
9,ATP5PD,32447308,0.8178170144462279
9,OSBPL11,32444460,0.8177552784294357
9,APOOL,32443875,0.8176935424126436
9,MARS,32441439,0.8176318063958513
9,LIG1,32441320,0.8175700703790592
9,FGF13,32441136,0.817508334362267
9,WDR83,32440300,0.8174465983454747
9,PAPOLG,32437185,0.8173848623286826
9,MSNP1,32436839,0.8173231263118903
9,BLVRB,32436752,0.8172613902950981
9,PRPS1,32436386,0.817199654278306
9,SLC38A9,32435795,0.8171379182615137
9,COX17,32434610,0.8170761822447216
9,CCDC88C,32432389,0.8170144462279294
9,AC092284.1,32431263,0.8169527102111371
9,CCND3,32430663,0.816890974194345
9,LAPTM4A,32430360,0.8168292381775528
9,MT-TW,32430330,0.8167675021607606
9,JCAD,32427159,0.8167057661439684
9,FKBP5,32424812,0.8166440301271762
9,MT-TI,32424587,0.816582294110384
9,SSU72,32423579,0.8165205580935918
9,ANKFY1,32423507,0.8164588220767997
9,C11orf40,32422461,0.8163970860600074
9,SLC25A33,32418931,0.8163353500432152
9,USP7,32414448,0.8162736140264231
9,MAGOH,32413426,0.8162118780096308
9,EIF4H,32412961,0.8161501419928386
9,ATG9A,32408313,0.8160884059760464
9,BZW1P1,32404707,0.8160266699592542
9,ATP6V1E1P1,32403535,0.8159649339424621
9,AC100757.1,32403415,0.8159031979256698
9,GALNT2,32402507,0.8158414619088776
9,SPHK1,32402299,0.8157797258920855
9,AC008753.3,32399949,0.8157179898752932
9,ARPC5,32398630,0.815656253858501
9,UBE2R2,32398625,0.8155945178417089
9,LAMP1,32398240,0.8155327818249166
9,ENO3,32397525,0.8154710458081245
9,PLXNA1,32397093,0.8154093097913323
9,AC008554.1,32395178,0.81534757377454
9,ZNF444,32394319,0.8152858377577479
9,CACYBP,32393311,0.8152241017409557
9,ESPL1,32393055,0.8151623657241635
9,BTG2,32391501,0.8151006297073713
9,COA6,32391229,0.8150388936905791
9,SF3B4,32390415,0.8149771576737869
9,ZWINT,32390372,0.8149154216569947
9,CCDC91,32389342,0.8148536856402024
9,MAPRE1,32387658,0.8147919496234103
9,SETD6,32386264,0.8147302136066181
9,FUT1,32385392,0.8146684775898259
9,CCNDBP1,32384996,0.8146067415730337
9,RBBP9,32382221,0.8145450055562415
9,ZRANB1,32380353,0.8144832695394493
9,NANS,32377789,0.8144215335226571
9,LMO4,32376976,0.814359797505865
9,VASP,32376888,0.8142980614890727
9,GIGYF1,32376751,0.8142363254722805
9,MTRR,32375937,0.8141745894554884
9,GALK1,32374415,0.8141128534386961
9,SMC3,32372599,0.814051117421904
9,METTL21A,32372178,0.8139893814051118
9,NUDT9,32372056,0.8139276453883195
9,ZNF3,32371886,0.8138659093715274
9,MYO9A,32371683,0.8138041733547352
9,HLA-K,32369399,0.8137424373379429
9,DPH2,32369161,0.8136807013211508
9,MRPS23,32368557,0.8136189653043585
9,TMEM185B,32368505,0.8135572292875664
9,BAZ2A,32368196,0.8134954932707742
9,CENPM,32368114,0.8134337572539819
9,PUF60,32366904,0.8133720212371898
9,PIKFYVE,32366858,0.8133102852203976
9,HIST1H2BG,32364760,0.8132485492036053
9,TASOR,32362916,0.8131868131868132
9,IMMT,32359803,0.813125077170021
9,AL159166.1,32359374,0.8130633411532288
9,SLC7A6,32359287,0.8130016051364366
9,GAN,32357854,0.8129398691196444
9,N4BP2L2,32355466,0.8128781331028522
9,LYAR,32355285,0.81281639708606
9,AC006011.2,32354674,0.8127546610692679
9,RNF227,32354350,0.8126929250524756
9,SCDP1,32353868,0.8126311890356834
9,FAM8A1,32353371,0.8125694530188913
9,HSPB7,32352754,0.8124768489937029
9,HIST1H4D,32352754,0.8124768489937029
9,TMEM64,32345617,0.8123842449685146
9,SLC25A40,32344971,0.8123225089517224
9,FAM120AOS,32342820,0.8122607729349303
9,FAM156A,32342775,0.812199036918138
9,RALGPS1,32341261,0.8121373009013458
9,AC124947.2,32341227,0.8120755648845537
9,KMT2E,32340879,0.8120138288677614
9,NUPL2,32340757,0.8119520928509693
9,CLK4,32340255,0.8118903568341771
9,MT-TA,32340121,0.8118286208173848
9,PPP1R12C,32338151,0.8117668848005927
9,CCNA1,32337103,0.8117051487838005
9,NUP50-DT,32335267,0.8116434127670082
9,CC2D2A,32334301,0.8115816767502161
9,LSM14B,32334193,0.8115199407334239
9,LARS2,32333783,0.8114582047166317
9,RAD51,32333131,0.8113964686998395
9,FRG1GP,32332277,0.8113347326830473
9,PPP1R14D,32331751,0.8112729966662551
9,DDOST,32330762,0.8112112606494629
9,HIRA,32330516,0.8111495246326706
9,TMEM86B,32328407,0.8110877886158785
9,PTGES3,32327976,0.8110260525990863
9,AL049597.1,32327919,0.8109643165822941
9,NEAT1,32326313,0.8109025805655019
9,MTCO1P22,32326171,0.8108408445487097
9,AHSA2P,32323779,0.8107791085319175
9,PPIL6,32323208,0.8107173725151253
9,MED21,32322715,0.8106556364983332
9,ATP5PB,32321541,0.8105939004815409
9,CDKN2D,32321489,0.8105321644647487
9,PXK,32321101,0.8104704284479566
9,CKAP2L,32320633,0.8104086924311643
9,AKT2,32316499,0.8103469564143722
9,CUX1,32314487,0.81028522039758
9,ZNF667,32313414,0.8102234843807877
9,PPP4R1,32311159,0.8101617483639956
9,AC078846.1,32311020,0.8101000123472034
9,CA5B,32308678,0.8100382763304111
9,KIAA0930,32306212,0.809976540313619
9,NOL8P1,32305474,0.8099148042968267
9,LPAR2,32305279,0.8098530682800346
9,RBM17,32304512,0.8097913322632424
9,TMTC3,32304029,0.8097295962464501
9,MTCH2,32303323,0.809667860229658
9,EEFSEC,32302066,0.8096061242128658
9,CHMP2A,32300917,0.80954438819607355
9,PDAP1,32300393,0.8094826521792814
9,GAPDHP68,32300354,0.8094209161624892
9,GPAT3,32299996,0.809359180145697
9,RFPL4B,32299496,0.8092974441289048
9,ALS2,32298948,0.8092357081121127
9,ZNF391,32298404,0.8091739720953204
9,FAM32A,32295365,0.8091122360785282
9,UBE2D3P1,32295174,0.8090505000617361
9,CFL2,32294830,0.8089887640449438
9,METRNL,32294765,0.8089270280281516
9,AL353626.2,32294004,0.8088652920113595
9,FNTA,32291662,0.8088035559945672
9,ANLN,32287877,0.8087418199777751
9,INTU,32286080,0.8086800839609828
9,TTC9,32285510,0.8086183479441906
9,AC026774.2,32284306,0.8085566119273985
9,SWAP70,32284035,0.8084948759106062
9,NMRAL1,32282636,0.808433139893814
9,AC090589.1,32282626,0.8083714038770219
9,COX20,32282448,0.8083096678602296
9,PSMA3,32281521,0.8082479318434375
9,ATP5MC2,32280791,0.8081861958266453
9,NDUFAF3,32278949,0.808124459809853
9,PRKD3,32278648,0.8080627237930609
9,ZNF732,32278632,0.8080009877762687
9,VAPA,32278073,0.8079392517594765
9,PLEKHG4B,32277722,0.8078775157426843
9,FAM151A,32277176,0.8078157797258921
9,CLPS,32275555,0.8077540437090999
9,CLCN3P1,32274769,0.8076923076923077
9,BMP2K,32274081,0.8076305716755154
9,FAM114A2,32273688,0.8075688356587233
9,COX5A,32272530,0.8075070996419311
9,CAMTA1,32271672,0.8074453636251389
9,ZNRF1,32269716,0.8073836276083467
9,HSF2,32269553,0.8073218915915545
9,TBC1D7,32269268,0.8072601555747623
9,HIST1H3H,32267363,0.8071984195579701
9,KRT8P1,32265984,0.807136683541178
9,MRPL52,32265433,0.8070749475243857
9,KNTC1,32264967,0.8070132115075935
9,ALDOAP1,32263173,0.8069514754908014
9,ZNF880,32261776,0.8068897394740091
9,ARPC1B,32260489,0.806828003457217
9,ZNF623,32260390,0.8067662674404248
9,NOL8,32259033,0.8067045314236325
9,SPTBN5,32258554,0.8066427954068404
9,KRT8P18,32257137,0.8065810593900482
9,ARHGAP12,32256761,0.8065193233732559
9,BUB3P1,32255225,0.8064575873564638
9,POM121C,32254854,0.8063958513396715
9,ARFGEF1,32253537,0.8063341153228794
9,SEPSECS,32253296,0.8062723793060872
9,UBE2O,32252494,0.8062106432892949
9,BUB1,32252439,0.8061489072725028
9,TOR1AIP2,32249981,0.8060871712557106
9,CENPL,32249330,0.8060254352389183
9,HIST1H2BC,32248209,0.8059636992221262
9,TINCR,32247046,0.805901963205334
9,TRIM24,32246512,0.8058402271885418
9,TEAD3,32246264,0.8057784911717496
9,LINC00992,32243679,0.8057167551549574
9,HADHAP2,32243507,0.8056550191381652
9,PSAT1,32242251,0.805593283121373
9,RRP36,32241739,0.8055315471045809
9,NUDC,32241644,0.8054698110877886
9,AC092447.2,32241556,0.8054080750709964
9,AL353572.4,32240386,0.8053463390542043
9,PDPK1,32239767,0.805284603037412
9,CDK2,32237865,0.8052228670206198
9,DDR1,32237457,0.8051611310038276
9,CYCSP55,32236097,0.8050993949870354
9,SNAP29,32235201,0.8050376589702433
9,CHAMP1,32233543,0.804975922953451
9,ACAD8,32232340,0.8049141869366588
9,RANBP1,32231543,0.8048524509198667
9,URB2,32230849,0.8047907149030744
9,AL080243.1,32227646,0.8047289788862823
9,RPS29,32226706,0.8046672428694901
9,IGSF9,32221568,0.8046055068526978
9,AC067750.1,32219711,0.8045437708359057
9,PDLIM1,32218027,0.8044820348191135
9,CNEP1R1,32216570,0.8044202988023212
9,PPP4C,32216500,0.8043585627855291
9,RPS4XP18,32215592,0.8042968267687369
9,YBX2,32215380,0.8042350907519447
9,LAMTOR5-AS1,32213565,0.8041733547351525
9,KCNQ4,32212741,0.8041116187183603
9,TMSB15B-1,32212559,0.8040498827015681
9,HCCS,32211054,0.8039881466847759
9,AD000090.1,32210418,0.8039264106679836
9,GOLGA2,32210276,0.8038646746511915
9,ZNF696,32209287,0.8038029386343993
9,PMS2P1,32208748,0.8037412026176071
9,ZNF189,32208210,0.8036794666008149
9,ATP5IF1,32207759,0.8036177305840227
9,RPS17,32206838,0.8035559945672305
9,GPATCH3,32206575,0.8034942585504383
9,CCDC50,32206186,0.8034325225336462
9,ABHD4,32204849,0.8033707865168539
9,SMARCE1P5,32204310,0.8033090505000617
9,LDLR,32202477,0.8032473144832696
9,MYO1C,32202331,0.8031855784664773
9,RBPMS,32202241,0.8031238424496852
9,HIST1H2AJ,32201670,0.803062106432893
9,ZNF584,32199297,0.8030003704161007
9,ID2,32198733,0.8029386343993086
9,PTGES3P3,32198537,0.8028768983825164
9,NCOA4P2,32198461,0.8028151623657241
9,ZNF786,32198281,0.802753426348932
9,ZNF251,32197489,0.8026916903321397
9,ALG12,32197217,0.8026299543153476
9,SETX,32196156,0.8025682182985554
9,COMMD2,32195437,0.8025064822817631
9,AC093677.1,32194265,0.802444746264971
9,PSMA2P2,32192948,0.8023830102481788
9,AHI1,32192316,0.8023212742313865
9,ASAH2B,32192278,0.8022595382145944
9,ELP6,32192055,0.8021978021978022
9,NOC2LP1,32190871,0.80213606618101
9,AGPAT2,32189897,0.8020743301642178
9,USP10,32188820,0.8020125941474257
9,PSEN1,32188577,0.8019508581306334
9,TTC3,32188277,0.8018891221138412
9,CYCSP6,32186349,0.8018273860970491
9,RPL7P37,32185323,0.8017656500802568
9,AC125604.1,32184903,0.8017039140634646
9,CSTF2,32184132,0.8016421780466725
9,CYBC1,32182841,0.8015804420298802
9,SKA2,32182828,0.8015187060130881
9,MFSD2A,32182563,0.8014569699962958
9,METRN,32182344,0.8013952339795036
9,AC114491.1,32178873,0.8013334979627115
9,TRAF4,32178476,0.8012717619459192
9,LIPC,32178426,0.801210025929127
9,CACNA2D3,32177925,0.8011482899123349
9,COPS9,32177028,0.8010865538955426
9,SLC36A1,32174948,0.8010248178787505
9,CETN2,32174021,0.8009630818619583
9,MIIP,32173751,0.800901345845166
9,RNF123,32171761,0.8008396098283739
9,AL035071.1,32171462,0.8007778738115817
9,TIMM9,32171344,0.8007161377947895
9,DHX33,32169423,0.8006544017779973
9,CERS4,32167778,0.8005926657612051
9,ZSCAN9,32166955,0.8005309297444129
9,CDC42,32166670,0.8004691937276207
9,IFRD2,32166114,0.8004074577108286
9,ZBTB10,32166109,0.8003457216940363
9,MT-TC,32164242,0.8002839856772441
9,RPS20,32160272,0.8002222496604519
9,UBFD1,32158061,0.8001605136436597
9,CITED4,32158058,0.8000987776268675
9,SEC61B,32158035,0.8000370416100753
11,TPT1,63534210,1
11,HDGF,63328887,0.9999436651456256
11,PPP1CC,63081772,0.9998873302912512
11,AP001324.1,63017212,0.9998309954368768
11,CCNI,62792997,0.9997746605825024
11,HNRNPD,62202205,0.999718325728128
11,HSP90AA1,62196151,0.9996619908737536
11,NAP1L1,61759732,0.9996056560193792
11,RPS27AP16,61466670,0.9995493211650048
11,RPL3P4,61465947,0.9994929863106304
11,PABPC3,61451773,0.9994366514562559
11,EIF3A,61335071,0.9993803166018815
11,PLEKHB2,60954839,0.9993239817475071
11,RPL12,60874854,0.9992676468931327
11,MPDU1,60828464,0.9992113120387583
11,HM13,60721889,0.999154977184384
11,TMX2,60710516,0.9990986423300096
11,IDH3A,60647893,0.9990423074756352
11,NR2F6,60647027,0.9989859726212608
11,CTBP2,60639463,0.9989296377668864
11,SSR2,60583711,0.998873302912512
11,BTG1,60475723,0.9988169680581376
11,SMARCC1,60474281,0.9987606332037632
11,CBX3,60462651,0.9987042983493888
11,ANP32B,60407029,0.9986479634950144
11,MKNK2,60352668,0.99859162864064
11,MRPL49,60339375,0.9985352937862656
11,RPL37P6,60327005,0.9984789589318912
11,PABPC1,60300861,0.9984226240775168
11,LMO4,60291392,0.9983662892231424
11,AL365440.1,60224825,0.9983099543687679
11,HMGCR,60218037,0.9982536195143935
11,Z74021.1,60212428,0.9981972846600191
11,GOLPH3,60186097,0.9981409498056447
11,RAC1,60127121,0.9980846149512703
11,PABPC1P4,60118668,0.9980282800968959
11,RPS8,60096580,0.9979719452425215
11,TMEM43,60092352,0.9979156103881471
11,RPS23P8,60089079,0.9978592755337727
11,AL033519.2,60034734,0.9978029406793983
11,RPS27A,60028461,0.997746605825024
11,SPINT2,60004909,0.9976902709706496
11,PABPC4,59946311,0.9976339361162752
11,RDH11,59922969,0.9975776012619008
11,HSD17B12,59881565,0.9975212664075264
11,FAM120A,59866984,0.997464931553152
11,BASP1,59812423,0.9974085966987776
11,SOX4,59708740,0.9973522618444032
11,SLC5A6,59699517,0.9972959269900288
11,P4HB,59641421,0.9972395921356544
11,PPP2R5E,59616318,0.9971832572812799
11,TRIR,59596968,0.9971269224269055
11,BPTF,59573310,0.9970705875725311
11,UTP4,59512322,0.9970142527181567
11,NUCKS1,59475930,0.9969579178637823
11,ALYREF,59468466,0.9969015830094079
11,ODC1,59456010,0.9968452481550335
11,DHCR7,59451581,0.9967889133006591
11,PPIG,59445201,0.9967325784462847
11,BAZ1B,59437841,0.9966762435919103
11,PABPN1,59437367,0.9966199087375359
11,RPL34P31,59426363,0.9965635738831615
11,ALG1,59422066,0.9965072390287871
11,GATA3,59418448,0.9964509041744127
11,RNF187,59414697,0.9963945693200383
11,YAP1,59404501,0.9963382344656639
11,PPP4R2,59395021,0.9962818996112895
11,DNMT3L,59394795,0.9962255647569151
11,METAP2,59353221,0.9961692299025408
11,RPSA,59266451,0.9961128950481662
11,EIF5B,59188101,0.9960565601937919
11,POLR2E,59170833,0.9960002253394175
11,RPL36A,59155636,0.9959438904850431
11,TUFM,59152059,0.9958875556306687
11,LUC7L3,59139769,0.9958312207762943
11,TMEM68,59134057,0.9957748859219199
11,PURA,59109135,0.9957185510675455
11,AAR2,59105976,0.9956622162131711
11,CLDN7,59088232,0.9956058813587967
11,NACA,59074332,0.9955495465044223
11,PTMAP5,59043884,0.9954932116500479
11,TRIM28,59030020,0.9954368767956735
11,CTSA,59027326,0.9953805419412991
11,SLC11A2,59019859,0.9953242070869247
11,DOCK9,58988574,0.9952678722325503
11,RPL13,58976148,0.9952115373781759
11,CERS5,58957081,0.9951552025238015
11,UBE2R2,58944238,0.9950988676694271
11,SERINC3,58921609,0.9950425328150527
11,RPSAP53,58915181,0.9949861979606782
11,USP7,58915004,0.9949298631063038
11,CAP1,58912499,0.9948735282519294
11,SLC39A14,58902127,0.994817193397555
11,TMED10,58893716,0.9947608585431806
11,JUND,58892849,0.9947045236888062
11,SEC61A1,58889391,0.9946481888344318
11,SUZ12,58876686,0.9945918539800574
11,EEF1AKNMT,58871320,0.994535519125683
11,CDK6,58863860,0.9944791842713087
11,CREBBP,58853727,0.9944228494169343
11,CCDC47,58844296,0.9943665145625599
11,SFPQ,58839144,0.9943101797081855
11,LCP1,58822299,0.9942538448538111
11,SLC3A2,58793322,0.9941975099994367
11,MAP2K2,58781652,0.9941411751450623
11,NOP53,58741703,0.9940848402906879
11,CRK,58728452,0.9940285054363135
11,RPS10,58720748,0.9939721705819391
11,CLDND1,58697500,0.9939158357275646
11,WDR82,58694127,0.9938595008731902
11,GNAS,58694113,0.9938031660188158
11,SUN1,58673618,0.9937468311644414
11,TSR1,58668822,0.993690496310067
11,YBX1,58660003,0.9936341614556926
11,RAB5C,58649485,0.9935778266013182
11,YBX3,58647686,0.9935214917469438
11,YY1,58645075,0.9934651568925694
11,RER1,58599458,0.993408822038195
11,HSPH1,58585618,0.9933524871838206
11,RBM25,58576261,0.9932961523294462
11,RABGGTB,58573792,0.9932398174750718
11,RPS12,58569264,0.9931834826206974
11,HIC2,58563152,0.993127147766323
11,EIF4A1P4,58514685,0.9930708129119487
11,PPP2R5A,58494344,0.9930144780575743
11,RPLP2,58453829,0.9929581432031999
11,CYB561D2,58453828,0.9929018083488255
11,RPL9,58449630,0.9928454734944511
11,AC007318.2,58437683,0.9927891386400766
11,JDP2,58433472,0.9927328037857022
11,MKRN1,58427438,0.9926764689313278
11,BRD4,58399311,0.9926201340769534
11,RHOU,58397875,0.992563799222579
11,H1FX,58386714,0.9925074643682046
11,DDOST,58383245,0.9924511295138302
11,KLF5,58377789,0.9923947946594558
11,YWHAG,58345305,0.9923384598050814
11,DESI2,58335670,0.992282124950707
11,PCBP2,58318525,0.9922257900963326
11,RPL34,58306771,0.9921694552419582
11,RPN1,58281779,0.9921131203875838
11,SDHA,58275909,0.9920567855332094
11,RPL4,58247774,0.992000450678835
11,WDR55,58240434,0.9919441158244606
11,M6PR,58234294,0.9918877809700862
11,RRAS2,58227433,0.9918314461157118
11,TMPO,58216370,0.9917751112613374
11,EXD2,58208415,0.991718776406963
11,ZNRF1,58174190,0.9916624415525885
11,HAVCR1,58172011,0.9916061066982141
11,MYBL2,58148518,0.9915497718438397
11,RPLP0P2,58136575,0.9914934369894653
11,CITED4,58128170,0.991437102135091
11,BMI1,58124660,0.9913807672807166
11,AGFG1,58118152,0.9913244324263422
11,RPS2,58103177,0.9912680975719678
11,IPO7,58098712,0.9912117627175934
11,GNB2,58093801,0.991155427863219
11,RPS3A,58090958,0.9910990930088446
11,RACGAP1,58076968,0.9910427581544702
11,TEAD1,57985608,0.9909864233000958
11,GNB1,57966412,0.9909300884457214
11,MYO19,57954795,0.990873753591347
11,TOMM70,57937500,0.9908174187369726
11,GLRX5,57930111,0.9907610838825982
11,DPH2,57888823,0.9907047490282238
11,TOR1A,57883774,0.9906484141738494
11,ADRM1,57881820,0.9905920793194749
11,MEX3D,57863269,0.9905357444651005
11,MCOLN1,57789872,0.9904794096107261
11,SLC2A1,57788687,0.9904230747563517
11,TXNL4A,57766317,0.9903667399019773
11,C1orf122,57756670,0.9903104050476029
11,AIF1L,57715408,0.9902540701932285
11,ZNF93,57715125,0.9901977353388541
11,AMOT,57714784,0.9901414004844797
11,PABPC1P3,57687602,0.9900850656301053
11,ADTRP,57675682,0.990028730775731
11,CTDSPL,57634027,0.9899723959213566
11,SEH1L,57617479,0.9899160610669822
11,YTHDF1,57604993,0.9898597262126078
11,NAP1L1P3,57586039,0.9898033913582334
11,TMED9,57575235,0.989747056503859
11,ALDOA,57575065,0.9896907216494846
11,MINPP1,57564152,0.9896343867951102
11,P2RY6,57505749,0.9895780519407358
11,KCNJ3,57483617,0.9895217170863614
11,RPL34P34,57470018,0.9894653822319869
11,NAP1L1P1,57455948,0.9894090473776125
11,UBALD2,57422220,0.9893527125232381
11,EIF3I,57395132,0.9892963776688637
11,MAPRE1,57393150,0.9892400428144893
11,TSR3,57377162,0.9891837079601149
11,RWDD1,57371955,0.9891273731057405
11,SERBP1,57368931,0.9890710382513661
11,SPTLC1,57355662,0.9890147033969917
11,PTBP1,57331735,0.9889583685426173
11,CD63,57306298,0.9889020336882429
11,SNRNP70,57278124,0.9888456988338685
11,CHID1,57275481,0.9887893639794941
11,DVL1,57265894,0.9887330291251197
11,LDLR,57264940,0.9886766942707453
11,CCNY,57257727,0.9886203594163709
11,RPL27,57252585,0.9885640245619965
11,RPL12P50,57230183,0.9885076897076222
11,SLC29A2,57222866,0.9884513548532478
11,DYNLL2,57216381,0.9883950199988732
11,TMEM87A,57203591,0.9883386851444989
11,SRPRB,57199099,0.9882823502901245
11,TPM4,57193944,0.9882260154357501
11,PRKAG1,57182408,0.9881696805813757
11,GPAA1,57171071,0.9881133457270013
11,PDGFA,57157121,0.9880570108726269
11,CD2AP,57155940,0.9880006760182525
11,PUS1,57136214,0.9879443411638781
11,SLC39A7,57133982,0.9878880063095037
11,NCSTN,57121051,0.9878316714551293
11,ATP6AP1,57112173,0.9877753366007549
11,RPL27A,57105419,0.9877190017463805
11,EWSR1,57093650,0.9876626668920061
11,AC073534.1,57074309,0.9876063320376317
11,PGP,57062349,0.9875499971832573
11,TUBBP1,57061564,0.9874936623288829
11,ADD1,57061274,0.9874373274745085
11,PCMT1,57057764,0.9873809926201341
11,NPC1,57036813,0.9873246577657597
11,EMC1,57034412,0.9872683229113852
11,RAE1,57026041,0.9872119880570108
11,NTMT1,57014412,0.9871556532026364
11,PCSK7,56990793,0.987099318348262
11,MRPL4,56984765,0.9870429834938876
11,HSD17B11,56969746,0.9869866486395132
11,FKBP1A,56933783,0.9869303137851388
11,RPL12P6,56933109,0.9868739789307645
11,CALU,56930094,0.98681764407639
11,ACAT2,56914586,0.9867613092220157
11,RPL38,56898835,0.9867049743676413
11,OTUB1,56898359,0.9866486395132669
11,MRPS18A,56885752,0.9865923046588925
11,MYCN,56876662,0.9865359698045181
11,MTCH2,56868794,0.9864796349501437
11,PPP1R14B,56865464,0.9864233000957693
11,FMR1NB,56851345,0.9863669652413949
11,ABHD11,56851314,0.9863106303870205
11,RBM47,56834073,0.9862542955326461
11,PRMT5,56811408,0.9861979606782717
11,IRX2,56805194,0.9861416258238972
11,PXN-AS1,56801997,0.9860852909695228
11,WDR74,56729765,0.9860289561151484
11,LATS2,56710707,0.985972621260774
11,CENPT,56666453,0.9859162864063996
11,MCM2,56658903,0.9858599515520252
11,RPS6KB2,56642963,0.9858036166976508
11,CHFR,56624798,0.9857472818432764
11,RHPN2,56621700,0.985690946988902
11,KRAS,56614653,0.9856346121345276
11,KALRN,56597119,0.9855782772801532
11,SNHG16,56578496,0.9855219424257788
11,UBE2M,56558682,0.9854656075714044
11,PIGT,56529814,0.98540927271703
11,AC026410.1,56528751,0.9853529378626557
11,SAMD1,56526984,0.9852966030082813
11,FEN1,56515341,0.9852402681539069
11,TMED3,56511406,0.9851839332995325
11,MLX,56510101,0.9851275984451581
11,LARP1,56476477,0.9850712635907836
11,TSEN2,56470702,0.9850149287364092
11,AP3D1,56460413,0.9849585938820348
11,PICALM,56444810,0.9849022590276604
11,CTSC,56444091,0.984845924173286
11,PSENEN,56440070,0.9847895893189116
11,YWHAB,56437847,0.9847332544645372
11,METTL3,56423585,0.9846769196101628
11,SRPRA,56414399,0.9846205847557884
11,G6PC3,56404912,0.984564249901414
11,ANKRD17,56398644,0.9845079150470396
11,FP565260.1,56382124,0.9844515801926652
11,TECR,56379140,0.9843952453382908
11,ARID1A,56365481,0.9843389104839164
11,ATG9A,56364482,0.984282575629542
11,ROCK2,56326687,0.9842262407751676
11,DDX56,56319561,0.9841699059207932
11,RNF44,56317814,0.9841135710664188
11,KRT18P8,56313369,0.9840572362120444
11,AL161636.2,56307225,0.98400090135767
11,SRSF6,56306793,0.9839445665032955
11,MYO1B,56303625,0.9838882316489211
11,MTHFD1,56299243,0.9838318967945467
11,TFIP11,56278453,0.9837755619401723
11,MYDGF,56265337,0.983719227085798
11,UBE2J1,56263725,0.9836628922314236
11,MED28,56263191,0.9836065573770492
11,ATP2C1,56255305,0.9835502225226748
11,SMC4,56248881,0.9834938876683004
11,DNAJB11,56201451,0.983437552813926
11,LGMNP1,56197220,0.9833812179595516
11,CD55,56183872,0.9833248831051772
11,RFT1,56165564,0.9832685482508028
11,KLF3,56163511,0.9832122133964284
11,ABCF3,56151491,0.983155878542054
11,UPF1,56137674,0.9830995436876796
11,HSPA5,56136692,0.9830432088333052
11,UBA2,56134862,0.9829868739789308
11,NCKAP1,56129642,0.9829305391245564
11,CALR,56127055,0.982874204270182
11,GTPBP6,56122774,0.9828178694158075
11,WNT6,56121549,0.9827615345614331
11,PDIA6,56116787,0.9827051997070587
11,CD24,56079208,0.9826488648526843
11,PITPNC1,56072253,0.9825925299983099
11,ARPC5,56065792,0.9825361951439355
11,HEBP2,56058077,0.9824798602895611
11,WDR46,56042766,0.9824235254351867
11,DNAJB2,56040309,0.9823671905808123
11,PSMC2,56029868,0.982310855726438
11,GCLM,56020686,0.9822545208720636
11,TNPO1,56019787,0.9821981860176892
11,SRSF11,55960664,0.9821418511633148
11,ZNF384,55937962,0.9820855163089404
11,VPS33A,55932504,0.982029181454566
11,ACIN1,55924995,0.9819728466001916
11,ARHGAP29,55918324,0.9819165117458172
11,TUBA1B,55901902,0.9818601768914428
11,PTMA,55900896,0.9818038420370684
11,KANK4,55869331,0.9817475071826939
11,MRPS11,55865876,0.9816911723283195
11,HLA-C,55858794,0.9816348374739451
11,MAPKAPK2,55851148,0.9815785026195707
11,AC069218.1,55846391,0.9815221677651963
11,HSP90AB2P,55836728,0.9814658329108219
11,RAB1B,55834357,0.9814094980564475
11,CFL1,55818786,0.9813531632020731
11,SLC25A33,55814539,0.9812968283476987
11,FAM83H,55813294,0.9812404934933243
11,QARS,55811137,0.9811841586389499
11,ATP6V0B,55810104,0.9811278237845755
11,WIPI2,55798595,0.9810714889302011
11,NOP2,55794864,0.9810151540758267
11,EDEM2,55788467,0.9809588192214523
11,EIF3B,55775107,0.9809024843670779
11,RPUSD3,55767478,0.9808461495127035
11,ATF6B,55767377,0.9807898146583292
11,PIGH,55756087,0.9807334798039548
11,FBL,55724660,0.9806771449495804
11,EBP,55712058,0.9806208100952059
11,WDR18,55701209,0.9805644752408315
11,TFAP2C,55699733,0.9805081403864571
11,SRD5A3,55690108,0.9804518055320827
11,ZDHHC12,55666151,0.9803954706777083
11,ACVR2B,55653710,0.9803391358233339
11,TPRA1,55629959,0.9802828009689595
11,NFX1,55628542,0.9802264661145851
11,EIF6,55597228,0.9801701312602107
11,EIF4G2,55564022,0.9801137964058363
11,RTN3P1,55562378,0.9800574615514619
11,LAMP2,55528256,0.9800011266970875
11,WDR77,55527346,0.9799447918427131
11,ATP5MD,55504137,0.9798884569883387
11,REEP5,55500193,0.9798321221339643
11,RPL11,55490991,0.9797757872795899
11,TBL1XR1,55462959,0.9797194524252155
11,GLA,55441624,0.9796631175708411
11,TBC1D1,55439215,0.9796067827164667
11,MEA1,55437482,0.9795504478620922
11,SELENOTP1,55435565,0.9794941130077178
11,MRPL32,55430748,0.9794377781533434
11,WAC,55430381,0.979381443298969
11,FANCG,55418273,0.9793251084445946
11,IFRD2,55416163,0.9792687735902202
11,RPL6P27,55406949,0.9792124387358458
11,RABL6,55393125,0.9791561038814715
11,RPL30P4,55392101,0.97909976902709706
11,RACK1,55374940,0.9790434341727227
11,TPI1P1,55372894,0.9789870993183483
11,LRPAP1,55366862,0.9789307644639739
11,POR,55358537,0.9788744296095995
11,MCL1,55346692,0.9788180947552251
11,PELP1,55341584,0.9787617599008507
11,RNF26,55336361,0.9787054250464763
11,RPL7A,55315881,0.9786490901921019
11,TUBG1,55314182,0.9785927553377275
11,NLRP2,55301120,0.9785364204833531
11,CDCA5,55288219,0.9784800856289787
11,SNX18,55284156,0.9784237507746042
11,PHGDH,55279680,0.9783674159202298
11,UBL3,55276976,0.9783110810658554
11,CIDECP1,55273019,0.978254746211481
11,SMOX,55261253,0.9781984113571066
11,DPAGT1,55259670,0.9781420765027322
11,TFRC,55235139,0.9780857416483578
11,NELFCD,55232316,0.9780294067939834
11,APOC3,55207975,0.977973071939609
11,RBPMS,55207711,0.9779167370852346
11,ABL2,55206492,0.9778604022308602
11,STT3A,55192878,0.9778040673764858
11,TM2D3,55192744,0.9777477325221114
11,NOC2L,55175240,0.977691397667737
11,ATP6V1F,55145586,0.9776350628133627
11,LMAN2,55143938,0.9775787279589883
11,RPS16,55118801,0.9775223931046139
11,UTP14A,55118139,0.9774660582502395
11,TPT1P9,55106404,0.9774097233958651
11,RPL24,55104899,0.9773533885414907
11,PPP1R14D,55098555,0.9772970536871162
11,SLTM,55094177,0.9772407188327418
11,RFLNB,55086943,0.9771843839783674
11,KIF22,55075938,0.977128049123993
11,APMAP,55068748,0.9770717142696186
11,SSBP3,55065163,0.9770153794152442
11,DTL,55062817,0.9769590445608698
11,FAM98B,55051254,0.9769027097064954
11,BUD23,55050340,0.976846374852121
11,AGL,55049641,0.9767900399977466
11,CHCHD10,55045783,0.9767337051433722
11,HEXA,55000543,0.9766773702889978
11,PPIB,54994240,0.9766210354346234
11,SAV1,54990539,0.976564700580249
11,EMC3,54989623,0.9765083657258746
11,HNRNPA3,54974174,0.9764520308715002
11,AK4,54966592,0.9763956960171258
11,TOMM40,54951862,0.9763393611627514
11,RBFOX2,54949516,0.976283026308377
11,IPPK,54942711,0.9762266914540025
11,SPAG9,54925985,0.9761703565996281
11,DENR,54903401,0.9761140217452537
11,VASP,54900999,0.9760576868908794
11,PRRC2C,54893155,0.976001352036505
11,RPS15A,54883502,0.9759450171821306
11,DERL1,54876819,0.9758886823277562
11,RPS11,54863450,0.9758323474733818
11,HDAC3,54860139,0.9757760126190074
11,UBE2Z,54851579,0.975719677764633
11,AP4M1,54848738,0.9756633429102586
11,CENPB,54847149,0.9756070080558842
11,AL451081.2,54841352,0.9755506732015098
11,MEN1,54814148,0.9754943383471354
11,PSIP1,54812016,0.975438003492761
11,PAGE5,54811424,0.9753816686383866
11,SNHG6,54811253,0.9753253337840122
11,LIMS1,54809097,0.9752689989296378
11,MYL12A,54806487,0.9752126640752634
11,PROM1,54800813,0.975156329220889
11,PTGES3,54795521,0.9750999943665145
11,KIF2C,54786774,0.9750436595121401
11,CLPB,54769055,0.9749873246577657
11,PIGN,54768529,0.9749309898033913
11,FRAT2,54734042,0.9748746549490169
11,PLIN2,54733008,0.9748183200946425
11,SNX5,54720379,0.9747619852402681
11,ITGA5,54719479,0.9747056503858937
11,PACSIN2,54709130,0.9746493155315193
11,PSMC1P1,54701163,0.974592980677145
11,OGFOD1,54698088,0.9745366458227706
11,WDR73,54688184,0.9744803109683962
11,CAB39,54682029,0.9744239761140218
11,UBE4A,54677586,0.9743676412596474
11,TANGO2,54662985,0.974311306405273
11,CD151,54662835,0.9742549715508986
11,CDC34,54635438,0.9741986366965242
11,S100A10,54635345,0.9741423018421498
11,RBM19,54622686,0.9740859669877754
11,C16orf72,54606936,0.9740296321334009
11,PFKP,54595332,0.9739732972790265
11,SLC6A6,54591136,0.9739169624246521
11,RPL23P8,54588578,0.9738606275702777
11,HMGB1P5,54582395,0.9738042927159033
11,ARHGDIA,54576839,0.9737479578615289
11,SF1,54565226,0.9736916230071545
11,BCL9L,54563454,0.9736352881527801
11,ACO2,54560669,0.9735789532984057
11,MBD3,54551117,0.9735226184440313
11,DEK,54540263,0.9734662835896569
11,GGCX,54537829,0.9734099487352825
11,UBIAD1,54501966,0.9733536138809081
11,RPL13A,54486609,0.9732972790265337
11,B4GALT3,54480144,0.9732409441721593
11,RPL37,54462068,0.9731846093177849
11,PDIA3,54458959,0.9731282744634105
11,ATP6V0C,54458645,0.9730719396090362
11,CARS2,54455225,0.9730156047546618
11,CTSL,54444548,0.9729592699002874
11,CCDC134,54443943,0.9729029350459129
11,LPCAT3,54426641,0.9728466001915385
11,TOR3A,54411103,0.9727902653371641
11,TCTN3,54396845,0.9727339304827897
11,NOL8,54392437,0.9726775956284153
11,EMC7,54391562,0.9726212607740409
11,NOP16,54386102,0.9725649259196665
11,RAB21,54343209,0.9725085910652921
11,NDUFS2,54340729,0.9724522562109177
11,UBE2H,54336019,0.9723959213565433
11,SLC35F5,54321124,0.9723395865021689
11,RTN3,54319123,0.9722832516477945
11,TMEM179B,54318577,0.9722269167934201
11,GRWD1,54309843,0.9721705819390457
11,RNF11,54308296,0.9721142470846713
11,RTN4,54301929,0.9720579122302969
11,AFF4,54301605,0.9720015773759225
11,ZNF703,54300447,0.9719452425215481
11,TMEM109,54299649,0.9718889076671737
11,SLC1A5,54290753,0.9718325728127993
11,KDELR2,54267874,0.9717762379584248
11,MYORG,54255641,0.9717199031040504
11,KPNA6,54248725,0.971663568249676
11,RNF121,54246195,0.9716072333953016
11,NUFIP2,54238766,0.9715508985409272
11,HNRNPKP4,54238491,0.9714945636865528
11,SETP14,54227875,0.9714382288321785
11,TCF7L1,54225099,0.9713818939778041
11,AHCYL1,54222883,0.9713255591234297
11,LRRC41,54214477,0.9712692242690553
11,UBE2A,54197003,0.9712128894146809
11,CEBPB,54196467,0.9711565545603065
11,RCOR1,54188819,0.9711002197059321
11,FGFR3,54187303,0.9710438848515577
11,OS9,54177495,0.9709875499971833
11,BZW2,54175246,0.9709312151428089
11,TIAL1,54165668,0.9708748802884345
11,RPL13AP25,54154912,0.9708185454340601
11,CCT5P2,54143038,0.9707622105796857
11,NAXE,54127844,0.9707058757253112
11,JKAMP,54122069,0.9706495408709368
11,ZNF787,54118062,0.9705932060165624
11,IFNGR1,54095374,0.970536871162188
11,PTMS,54092299,0.9704805363078136
11,SLK,54080514,0.9704242014534392
11,ERG28,54079281,0.9703678665990648
11,ALOX12,54072808,0.9703115317446904
11,MRPL36,54064705,0.970255196890316
11,KCMF1,54046912,0.9701988620359416
11,RPS28,54027541,0.9701425271815672
11,PSMC1,54018284,0.9700861923271928
11,GREB1L,54012678,0.9700298574728184
11,ZFYVE21,54009732,0.969973522618444
11,SLC7A3,54005627,0.9699171877640697
11,BRCC3,54005358,0.9698608529096953
11,RFC2,54001907,0.9698045180553209
11,DNAJC14,54000966,0.9697481832009465
11,MYOF,53996753,0.9696918483465721
11,ZNF148,53990738,0.9696355134921977
11,AFDN,53977767,0.9695791786378232
11,LRRC59,53976495,0.9695228437834488
11,RRM2,53966826,0.9694665089290744
11,CEPT1,53960125,0.9694101740747
11,POLR1C,53940792,0.9693538392203256
11,DDX3X,53937359,0.9692975043659512
11,USF2,53933703,0.9692411695115768
11,XRCC6,53932427,0.9691848346572024
11,ULK1,53929666,0.969128499802828
11,TM9SF2,53919351,0.9690721649484536
11,SYPL1,53917776,0.9690158300940792
11,GIPC1,53916132,0.9689594952397048
11,RRP7A,53909445,0.9689031603853304
11,PSAP,53908472,0.968846825530956
11,PUM1,53901244,0.9687904906765816
11,SLC29A1,53894885,0.9687341558222072
11,APEX2,53886297,0.9686778209678328
11,RAB31,53878068,0.9686214861134584
11,NEU1,53873391,0.968565151259084
11,ASXL2,53870027,0.9685088164047096
11,C1GALT1C1,53869066,0.9684524815503351
11,MTRR,53857207,0.9683961466959607
11,SLC7A4,53856663,0.9683398118415864
11,POLR2C,53814916,0.968283476987212
11,MTAP,53811452,0.9682271421328376
11,NHSL2,53809334,0.9681708072784632
11,DAZAP1,53788126,0.9681144724240888
11,CMIP,53786042,0.9680581375697144
11,SET,53779443,0.96800180271534
11,GANAB,53776568,0.9679454678609656
11,MYCT1,53770425,0.9678891330065912
11,CDC45,53769060,0.9678327981522168
11,DHX36,53764483,0.9677764632978424
11,UQCRB,53764198,0.967720128443468
11,PTRH2,53762571,0.9676637935890936
11,AC110614.1,53754297,0.9676074587347192
11,TTLL12,53739350,0.9675511238803448
11,UBE2Q1,53734499,0.9674947890259704
11,DHX15,53730794,0.967438454171596
11,GPR108,53720715,0.9673821193172215
11,EEF1B2P6,53713767,0.9673257844628471
11,GALT,53710729,0.9672694496084727
11,RBMS1,53702634,0.9672131147540983
11,API5,53699255,0.9671567798997239
11,WWC2,53685594,0.9671004450453495
11,RPS24P8,53685115,0.9670441101909751
11,RUVBL1,53675509,0.9669877753366007
11,RPN2,53667020,0.9669314404822263
11,CYB561A3,53660809,0.966875105627852
11,RPL24P2,53652403,0.9668187707734776
11,LAP3,53644782,0.9667624359191032
11,FOXO6,53643652,0.9667061010647288
11,AC026403.1,53638668,0.9666497662103544
11,RPS27AP11,53635837,0.96659343135598
11,RNF6,53635004,0.9665370965016056
11,SSR1,53626035,0.9664807616472312
11,CTSB,53622911,0.9664244267928568
11,CDCA3,53622753,0.9663680919384824
11,CISD2,53618894,0.966311757084108
11,GAPDHP65,53605253,0.9662554222297335
11,KHSRPP1,53599501,0.9661990873753591
11,DNAJC11,53589101,0.9661427525209847
11,ZMIZ1,53553724,0.9660864176666103
11,HSPA8P9,53545523,0.9660300828122359
11,PSMC4,53543060,0.9659737479578615
11,H2AFX,53516762,0.9659174131034871
11,BCAP31,53511700,0.9658610782491127
11,ALDOC,53502573,0.9658047433947383
11,LARP7,53493206,0.9657484085403639
11,HMOX2,53491318,0.9656920736859895
11,SMAD4,53486496,0.9656357388316151
11,LAMP1,53480325,0.9655794039772407
11,TMEM41A,53478255,0.9655230691228663
11,SEC23B,53477552,0.9654667342684919
11,DDX21,53475984,0.9654103994141175
11,S100A13,53469107,0.9653540645597432
11,ATAD3B,53463567,0.9652977297053688
11,BECN1,53456092,0.9652413948509944
11,SMC6,53453413,0.9651850599966199
11,SYDE2,53447125,0.9651287251422455
11,KXD1,53440186,0.9650723902878711
11,RNF40,53433497,0.9650160554334967
11,RPL7P9,53432546,0.9649597205791223
11,GRN,53425839,0.9649033857247479
11,ECI1,53416672,0.9648470508703735
11,DDI2,53409690,0.9647907160159991
11,LAD1,53397895,0.9647343811616247
11,ERBIN,53366505,0.9646780463072503
11,GSK3B,53365020,0.9646217114528759
11,RALBP1,53355136,0.9645653765985015
11,AC079250.1,53340426,0.9645090417441271
11,SCAMP3,53335891,0.9644527068897527
11,MZT2B,53334415,0.9643963720353783
11,TFAM,53332224,0.9643400371810039
11,MRPS7,53325572,0.9642837023266295
11,KMT2C,53322956,0.9642273674722551
11,TMED1,53306860,0.9641710326178807
11,PROSER1,53290798,0.9641146977635063
11,ACP2,53282475,0.9640583629091318
11,RFK,53256060,0.9640020280547574
11,DHRS7B,53251679,0.963945693200383
11,RPP14,53245162,0.9638893583460086
11,GBA,53242148,0.9638330234916342
11,JADE1,53238708,0.9637766886372598
11,CFAP298,53225940,0.9637203537828855
11,SLC29A3,53223879,0.9636640189285111
11,SYNGR2,53216566,0.9636076840741367
11,CLN8,53210245,0.9635513492197623
11,YWHAH,53207426,0.9634950143653879
11,ALG12,53194780,0.9634386795110135
11,RCC1,53192256,0.9633823446566391
11,RPS6,53185375,0.9633260098022647
11,RPS24,53183827,0.9632696749478903
11,MFSD1,53181654,0.9632133400935159
11,HARS,53178991,0.9631570052391415
11,ZFPL1,53177213,0.9631006703847671
11,CDC25A,53176936,0.9630443355303927
11,CHD8,53172591,0.9629880006760183
11,DCAF4,53167953,0.9629316658216438
11,H3F3C,53165697,0.9628753309672694
11,RYBP,53162044,0.962818996112895
11,PLTP,53160560,0.9627626612585206
11,PPP4R3A,53149564,0.9627063264041462
11,TAOK1,53149345,0.9626499915497718
11,C14orf119,53149295,0.9625936566953974
11,CRLF3,53138399,0.962537321841023
11,FAM49B,53134377,0.9624809869866486
11,NGDN,53133706,0.9624246521322742
11,RPL8,53131383,0.9623683172778998
11,FDPS,53127397,0.9623119824235254
11,PHLDA3,53125940,0.962255647569151
11,TRIM11,53117365,0.9621993127147767
11,HNRNPKP1,53114010,0.9621429778604023
11,TUBGCP4,53113181,0.9620866430060279
11,REPS1,53081745,0.9620303081516535
11,TMEM208,53076776,0.9619739732972791
11,DTX4,53069079,0.9619176384429047
11,KCTD15,53049239,0.9618613035885302
11,CHCHD2P6,53043333,0.9618049687341558
11,EMG1,53032836,0.9617486338797814
11,TMED2,53023343,0.961692299025407
11,PLD3,53013080,0.9616359641710326
11,IVNS1ABP,53005827,0.9615796293166582
11,AC015911.1,52987214,0.9615232944622838
11,MRGPRX1,52966464,0.9614669596079094
11,SHC1,52962909,0.961410624753535
11,AAMP,52952545,0.9613542898991606
11,PPP2R1A,52945679,0.9612979550447862
11,PRPF38A,52937872,0.9612416201904118
11,BCAT1,52934656,0.9611852853360374
11,DCPS,52927938,0.961128950481663
11,PHF5A,52918174,0.9610726156272886
11,PSMD5,52910354,0.9610162807729142
11,EIF2B4,52908765,0.9609599459185398
11,RPL34P18,52903439,0.9609036110641654
11,MAP2K7,52899163,0.960847276209791
11,STS,52895546,0.96079094135541665
11,TTC3,52887961,0.9607346065010421
11,YIF1A,52886423,0.9606782716466677
11,AC005747.1,52885589,0.9606219367922934
11,CDK2AP1,52885044,0.960565601937919
11,PIGS,52879681,0.9605092670835446
11,S100A14,52875687,0.9604529322291702
11,PPCS,52871834,0.9603965973747958
11,SURF4,52864238,0.9603402625204214
11,CNPY4,52861005,0.960283927666047
11,KRT18P55,52857243,0.9602275928116726
11,HMGB1,52855450,0.9601712579572982
11,DCAF12,52852186,0.9601149231029238
11,DRG2,52841360,0.9600585882485494
11,TNFRSF12A,52837101,0.960002253394175
11,ZNF706,52835069,0.9599459185398006
11,PRPF38B,52824350,0.9598895836854262
11,ANXA2P2,52822322,0.9598332488310518
11,ZNF195,52819902,0.9597769139766774
11,DALRD3,52819699,0.959720579122303
11,RAB1A,52814191,0.9596642442679285
11,LRATD2,52802522,0.9596079094135541
11,RPL5P34,52796070,0.9595515745591797
11,SLC31A1,52789970,0.9594952397048053
11,MRPS12,52766759,0.9594389048504309
11,FAM107B,52765757,0.9593825699960565
11,HNRNPA1P48,52764514,0.9593262351416821
11,CCT5,52751640,0.9592699002873077
11,PDIA4,52738629,0.9592135654329333
11,AP000769.1,52733060,0.959157230578559
11,MEX3C,52719178,0.9591008957241846
11,AFG3L2,52699804,0.9590445608698102
11,MAT2A,52685742,0.9589882260154358
11,GNL3,52662588,0.9589318911610614
11,RPL23,52648959,0.958875556306687
11,TLE1,52642740,0.9588192214523126
11,ELOF1,52641374,0.9587628865979382
11,SH3BGRL3,52618394,0.9587065517435638
11,NOLC1,52613925,0.9586502168891894
11,PARPBP,52609108,0.958593882034815
11,KCTD1,52598304,0.9585375471804405
11,MFHAS1,52591349,0.9584812123260661
11,SF3B4,52572164,0.9584248774716917
11,LONP1,52566004,0.9583685426173173
11,SNX3,52561714,0.9583122077629429
11,AC093909.6,52543696,0.9582558729085685
11,TMED4,52539799,0.9581995380541941
11,OGA,52535333,0.9581432031998197
11,NAPA,52528443,0.9580868683454453
11,RPS29,52518324,0.9580305334910709
11,TBC1D10B,52511237,0.9579741986366965
11,PSMD11,52507016,0.9579178637823221
11,SEPHS2,52506124,0.9578615289279477
11,PGC,52493811,0.9578051940735733
11,CANT1,52490874,0.957748859219199
11,PSMB5,52480698,0.9576925243648245
11,GART,52458480,0.9576361895104502
11,SGPL1,52440426,0.9575798546560758
11,SLC7A6,52437519,0.9575235198017014
11,ALAS1,52425884,0.957467184947327
11,AUP1,52416871,0.9574108500929525
11,GRB10,52414007,0.9573545152385781
11,ALDH18A1,52408949,0.9572981803842037
11,WNK1,52385471,0.9572418455298293
11,SLC1A3,52384429,0.9571855106754549
11,BOD1,52378879,0.9571291758210805
11,EPCAM,52374810,0.9570728409667061
11,PNP,52370268,0.9570165061123317
11,VAMP8,52368176,0.9569601712579573
11,LSM14A,52361761,0.9569038364035829
11,SNRPFP1,52354122,0.9568475015492085
11,ASNA1,52338360,0.9567911666948341
11,SPIN1,52334003,0.9567348318404597
11,VMP1,52320985,0.9566784969860853
11,UNC50,52311054,0.9566221621317109
11,MAX,52306844,0.9565658272773365
11,ERLIN1,52306346,0.9565094924229621
11,SLC25A39,52296585,0.9564531575685877
11,EIF2B1,52294887,0.9563968227142133
11,PANK3,52281719,0.9563404878598388
11,ACOX1,52277530,0.9562841530054644
11,ORMDL2,52276343,0.95622781815109
11,RANP1,52276114,0.9561714832967156
11,UBFD1,52270951,0.9561151484423412
11,PRKCI,52266032,0.9560588135879668
11,PSME3,52245708,0.9560024787335925
11,TRAM2,52211654,0.9559461438792181
11,AKR1A1,52183412,0.9558898090248437
11,PRMT1,52177979,0.9558334741704693
11,WDR3,52171289,0.9557771393160949
11,RRAGC,52170917,0.9557208044617205
11,ITGB1,52167413,0.9556644696073461
11,SLC30A7,52164244,0.9556081347529717
11,RPLP0,52161593,0.9555517998985973
11,IMPA2,52159606,0.9554954650442229
11,MIS18A,52158889,0.9554391301898485
11,TOMM34,52158723,0.9553827953354741
11,EEF1G,52155009,0.9553264604810997
11,EIF3KP1,52140988,0.9552701256267253
11,DOLPP1,52130426,0.9552137907723508
11,MORF4L1,52126749,0.9551574559179764
11,YIPF3,52124466,0.955101121063602
11,SALL4,52098366,0.9550447862092276
11,UHRF1,52094495,0.9549884513548532
11,LMNB2,52094082,0.9549321165004788
11,PDCD2,52091603,0.9548757816461044
11,SH3BP5,52087655,0.95481944679173
11,UBAC2,52064048,0.9547631119373556
11,SLC35A2,52042514,0.9547067770829812
11,PGS1,52040904,0.9546504422286068
11,SLC35E3,52038747,0.9545941073742324
11,C2orf69,52035275,0.954537772519858
11,RBBP4,52034911,0.9544814376654837
11,CNIH4,52034640,0.9544251028111093
11,NUBP2,52032023,0.9543687679567349
11,CAMSAP2,52031581,0.9543124331023605
11,EFNA4,52013080,0.9542560982479861
11,TIMM50,52010859,0.9541997633936117
11,SLC37A4,52008978,0.9541434285392372
11,ATP6V0E1,51993131,0.9540870936848628
11,ZFAS1,51988937,0.9540307588304884
11,ADSL,51980300,0.953974423976114
11,SRSF1,51979838,0.9539180891217396
11,AP003040.1,51979100,0.9538617542673652
11,SCDP1,51975056,0.9538054194129908
11,MCFD2,51973820,0.9537490845586164
11,SRRM2,51970340,0.953692749704242
11,MTMR7,51965421,0.9536364148498676
11,ACTR2,51959746,0.9535800799954932
11,TBC1D10A,51939311,0.9535237451411188
11,CTDSP2,51934627,0.9534674102867444
11,RETSAT,51933940,0.95341107543237
11,ZNF639,51928422,0.9533547405779956
11,BLCAP,51926304,0.9532984057236212
11,UBE2K,51923026,0.9532420708692468
11,ELOVL5,51919772,0.9531857360148724
11,FIP1L1,51908040,0.953129401160498
11,ZDHHC24,51904687,0.9530730663061237
11,ARPC3,51903147,0.9530167314517491
11,ATP1A1,51899328,0.9529603965973747
11,BTD,51891210,0.9529040617430004
11,SLC20A1,51884378,0.952847726888626
11,CPVL,51879644,0.9527913920342516
11,TMBIM6,51878251,0.9527350571798772
11,RPL37A,51878206,0.9526787223255028
11,ANKRD11,51874873,0.9526223874711284
11,PRKRA,51873178,0.952566052616754
11,LGMN,51872201,0.9525097177623796
11,NOMO2,51855384,0.9524533829080052
11,AL513534.2,51850782,0.9523970480536308
11,TMEM205,51844993,0.9523407131992564
11,KIF21A,51838610,0.952284378344882
11,RBM38,51838086,0.9522280434905076
11,ERGIC3,51836783,0.9521717086361332
11,APOL4,51833915,0.9521153737817588
11,GLOD4,51832441,0.9520590389273844
11,AC005261.2,51830367,0.95200270407301
11,ZC3HC1,51826259,0.9519463692186356
11,NUP58,51820279,0.9518900343642611
11,DUSP5,51818826,0.9518336995098867
11,ITM2B,51811220,0.9517773646555123
11,DNAJC21,51809640,0.9517210298011379
11,PAFAH1B1,51804805,0.9516646949467635
11,PDLIM1,51791312,0.9516083600923891
11,RPL34P27,51785766,0.9515520252380147
11,RAB5A,51784181,0.9514956903836403
11,AC018523.1,51775295,0.951439355529266
11,GAPDH,51774183,0.9513830206748916
11,ZDHHC6,51772884,0.9513266858205172
11,USP1,51768740,0.9512703509661428
11,RFLNA,51732870,0.9512140161117684
11,MYH9,51728556,0.951157681257394
11,HIF1A,51724060,0.9511013464030196
11,ALG2,51722898,0.9510450115486452
11,URI1,51708130,0.9509886766942708
11,BUB3,51705354,0.9509323418398964
11,SH3GL1,51701831,0.950876006985522
11,MYBBP1A,51700473,0.9508196721311475
11,CLTC,51700293,0.9507633372767731
11,DNASE2,51696089,0.9507070024223987
11,ASCC2,51688792,0.9506506675680243
11,NUDT4,51679902,0.9505943327136499
11,PLPP3,51679303,0.9505379978592755
11,PSMF1,51667048,0.9504816630049011
11,B4GALT1,51660120,0.9504253281505267
11,PKIB,51659990,0.9503689932961523
11,XPO5,51656819,0.9503126584417779
11,FP671120.5,51651360,0.9502563235874035
11,FNTA,51647693,0.9501999887330291
11,RPS4XP22,51644549,0.9501436538786547
11,RPL22,51616158,0.9500873190242803
11,TRAPPC1,51613910,0.950030984169906
11,TOR1B,51605819,0.9499746493155315
11,MAN1B1,51595781,0.9499183144611572
11,PPP2R1B,51591530,0.9498619796067828
11,HNRNPR,51582203,0.9498056447524084
11,ABCE1,51581371,0.949749309898034
11,LINC00470,51574887,0.9496929750436595
11,NIT1,51569517,0.9496366401892851
11,PRR9,51563429,0.9495803053349107
11,CHMP4B,51556743,0.9495239704805363
11,CLUH,51542882,0.9494676356261619
11,NIPA2,51524551,0.9494113007717875
11,BCL2L1,51515868,0.9493549659174131
11,ZNF215,51515564,0.9492986310630387
11,MED7,51514374,0.9492422962086643
11,CLDN4,51502481,0.9491859613542899
11,SLC17A5,51494194,0.9491296264999155
11,UFC1,51490036,0.9490732916455411
11,GCDH,51484782,0.9490169567911667
11,PKMYT1,51481103,0.9489606219367923
11,PRMT6,51473669,0.9489042870824179
11,RPSAP12,51472253,0.9488479522280435
11,DLGAP4,51470225,0.9487916173736691
11,STARD7,51464962,0.9487352825192947
11,LAMTOR1,51463866,0.9486789476649203
11,L2HGDH,51457659,0.9486226128105459
11,BRPF3,51443653,0.9485662779561714
11,ENO1,51441713,0.948509943101797
11,STK11,51440359,0.9484536082474226
11,SUPT4H1,51435267,0.9483972733930482
11,ZFHX3,51434029,0.94834093853867385
11,MARS,51431579,0.9482846036842995
11,JPT2,51426652,0.9482282688299251
11,EIF3L,51416773,0.9481719339755507
11,PEX19,51404148,0.9481155991211763
11,PRPF38AP2,51389948,0.9480592642668019
11,GLMP,51379304,0.9480029294124275
11,TIGAR,51369160,0.9479465945580531
11,NIP7,51365807,0.9478902597036787
11,DIMT1,51359967,0.9478339248493043
11,KBTBD4,51354122,0.9477775899949299
11,COX7C,51348443,0.9477212551405555
11,IMPAD1,51344004,0.9476649202861811
11,KCTD12,51343033,0.9476085854318067
11,GNAI2,51334891,0.9475522505774323
11,NUCB1,51331895,0.9474959157230578
11,TBL3,51324215,0.9474395808686834
11,MED13,51317061,0.947383246014309
11,RAB8A,51311962,0.9473269111599346
11,ALG3,51298570,0.9472705763055602
11,AL596275.1,51284456,0.9472142414511858
11,TRIM71,51265109,0.9471579065968114
11,KPNA2,51255491,0.947101571742437
11,GSK3A,51254533,0.9470452368880626
11,EIF5A,51249133,0.9469889020336882
11,DLX5,51238359,0.9469325671793138
11,HEXB,51228573,0.9468762323249394
11,LTV1,51219218,0.946819897470565
11,BANF1,51209788,0.9467635626161907
11,NACA4P,51199504,0.9467072277618163
11,RAD23A,51197623,0.9466508929074419
11,FSCN1P1,51195378,0.9465945580530675
11,NFE2L3,51195119,0.9465382231986931
11,PSMD7,51194683,0.9464818883443187
11,PELO,51188444,0.9464255534899443
11,TMX1,51182611,0.9463692186355698
11,CMTM6,51177750,0.9463128837811954
11,DAD1,51156846,0.946256548926821
11,SEC13,51152577,0.9462002140724466
11,CTDSP1,51150036,0.9461438792180722
11,DPP3,51145169,0.9460875443636978
11,RHOBTB2,51144306,0.9460312095093234
11,PDHX,51144261,0.945974874654949
11,EPM2AIP1,51135211,0.9459185398005746
11,CAND1,51131449,0.9458622049462002
11,RPS21,51128175,0.9458058700918258
11,MTX1,51127283,0.9457495352374514
11,NDUFS6,51125023,0.945693200383077
11,NENF,51116593,0.9456368655287026
11,RHOT2,51114312,0.9455805306743282
11,TCEA1,51111163,0.9455241958199538
11,RRAGA,51109564,0.9454678609655794
11,IKZF5,51100205,0.945411526111205
11,PHF14,51098533,0.9453551912568307
11,AIMP2,51097015,0.9452988564024561
11,ASNSD1,51086342,0.9452425215480817
11,JMJD8,51077722,0.9451861866937074
11,CTSV,51061758,0.945129851839333
11,TAX1BP3,51058370,0.9450735169849586
11,USP24,51054273,0.9450171821305842
11,JARID2,51051658,0.9449608472762098
11,HOPX,51033562,0.9449045124218354
11,WRNIP1,51012116,0.944848177567461
11,SAPCD2,51004780,0.9447918427130866
11,RFC5,50999639,0.9447355078587122
11,OSBPL8,50989859,0.9446791730043378
11,GATA6,50969020,0.9446228381499634
11,SSU72,50967981,0.944566503295589
11,TSC22D1,50958601,0.9445101684412146
11,TRMT11,50955498,0.9444538335868402
11,RPL39,50949738,0.9443974987324658
11,SMPDL3B,50948266,0.9443411638780914
11,DLC1,50934136,0.944284829023717
11,KPNA4,50919558,0.9442284941693426
11,TPCN2,50919504,0.9441721593149681
11,ACTG1P19,50904962,0.9441158244605937
11,MTRF1L,50865634,0.9440594896062193
11,ZMYND11,50865539,0.9440031547518449
11,SPCS2P4,50863077,0.9439468198974705
11,ENAH,50859665,0.9438904850430961
11,GLUD1,50857290,0.9438341501887217
11,TXNDC12,50846278,0.9437778153343473
11,MRGPRX3,50844882,0.943721480479973
11,SPECC1,50836316,0.9436651456255986
11,HPDL,50834925,0.9436088107712242
11,PAAF1,50832997,0.9435524759168498
11,EIF2S3,50814283,0.9434961410624754
11,MSX2,50810058,0.943439806208101
11,EIF4E2,50801264,0.9433834713537266
11,ABCB6,50799137,0.9433271364993522
11,HNRNPK,50796115,0.9432708016449778
11,PRAG1,50791511,0.9432144667906034
11,SP2,50777315,0.943158131936229
11,PDCL,50776767,0.9431017970818546
11,TRIM44,50767914,0.9430454622274801
11,AL391261.1,50767056,0.9429891273731057
11,COX6A1P2,50764201,0.9429327925187313
11,RDH14,50763005,0.9428764576643569
11,RPL39L,50755054,0.9428201228099825
11,ZNF300,50753393,0.9427637879556081
11,SS18L2,50739607,0.9427074531012337
11,NUP98,50732843,0.9426511182468593
11,RPL4P2,50727261,0.9425947833924849
11,IGF2BP2,50722856,0.9425384485381105
11,PGM3,50715787,0.9424821136837361
11,SLC7A5P1,50712638,0.9424257788293617
11,GINS1,50707369,0.9423694439749873
11,C3orf38,50703410,0.942313109120613
11,VCP,50683728,0.9422567742662386
11,BRF2,50681296,0.9422004394118642
11,RPL35,50671428,0.9421441045574898
11,MYLIP,50666583,0.9420877697031154
11,FAM133A,50654249,0.942031434848741
11,UQCRC1,50654035,0.9419750999943665
11,PDS5A,50644154,0.9419187651399921
11,UBAP2L,50639740,0.9418624302856177
11,EXOSC5,50631470,0.9418060954312433
11,EIF3LP2,50630973,0.9417497605768689
11,TOE1,50630688,0.9416934257224945
11,LAMB1,50626502,0.9416370908681201
11,GRPEL1,50622746,0.9415807560137457
11,GDE1,50622561,0.9415244211593713
11,PRKAA2,50620209,0.9414680863049969
11,DUS1L,50615605,0.9414117514506225
11,METTL17,50608773,0.9413554165962481
11,USP28,50594361,0.9412990817418737
11,CD59,50589434,0.9412427468874993
11,ARF6,50587665,0.9411864120331249
11,KHSRP,50562537,0.9411300771787505
11,WIZ,50554071,0.9410737423243761
11,SPEN,50536342,0.9410174074700017
11,BSG,50534761,0.9409610726156273
11,NACA2,50531939,0.9409047377612529
11,RAF1,50531037,0.9408484029068784
11,CMTR1,50522897,0.940792068052504
11,LAPTM4A,50499015,0.9407357331981296
11,SLC25A5P7,50487002,0.9406793983437552
11,ARRDC1,50481435,0.9406230634893809
11,ARF5,50477602,0.9405667286350065
11,MIDN,50473619,0.9405103937806321
11,EIF2S2,50471886,0.9404540589262577
11,NME2,50470655,0.9403977240718833
11,TCF7L2,50468270,0.9403413892175089
11,TRIM4,50466717,0.9402850543631345
11,CDH1,50463774,0.9402287195087601
11,PRLR,50462532,0.9401723846543857
11,ERP44,50459503,0.9401160498000113
11,PSME4,50458484,0.9400597149456369
11,SMNDC1,50446729,0.9400033800912625
11,RPS6KB1,50445939,0.9399470452368881
11,DNAJB9,50430752,0.9398907103825137
11,POGZ,50427517,0.9398343755281393
11,SOAT1,50426143,0.9397780406737648
11,METTL9,50424101,0.9397217058193904
11,SUCLA2,50421172,0.939665370965016
11,ARHGAP21,50416777,0.9396090361106416
11,ROCK1,50415689,0.9395527012562672
11,NBPF1,50410119,0.9394963664018928
11,CTCF,50408685,0.9394400315475184
11,MAK16,50407128,0.939383696693144
11,RALA,50406823,0.9393273618387696
11,NUP62,50405428,0.9392710269843952
11,SLC7A8,50396028,0.9392146921300208
11,RPL35P1,50371625,0.9391583572756464
11,TPI1,50370751,0.939102022421272
11,SUMF2,50367471,0.9390456875668977
11,AURKB,50354844,0.9389893527125233
11,RPS20P14,50353842,0.9389330178581489
11,RPS6KA4,50349135,0.9388766830037745
11,HDHD3,50332013,0.9388203481494001
11,RPL23AP65,50327772,0.9387640132950257
11,SMAGP,50320376,0.9387076784406513
11,PHB,50318249,0.9386513435862768
11,PCGF7P,50317686,0.9385950087319024
11,IQCG,50314431,0.938538673877528
11,DCAF11,50299722,0.9384823390231536
11,COPS5,50294597,0.9384260041687792
11,SMIM29,50276892,0.9383696693144048
11,PIGB,50269581,0.9383133344600304
11,CD164,50259451,0.938256999605656
11,CCDC88A,50248052,0.9382006647512816
11,ARMC8,50245328,0.9381443298969072
11,CDT1,50236002,0.9380879950425328
11,HIP1,50235545,0.9380316601881584
11,ABCC5,50222200,0.937975325333784
11,CDK4,50219061,0.9379189904794096
11,SH3GL3,50213681,0.9378626556250352
11,RPS27AP19,50198906,0.9378063207706608
11,ARV1,50194823,0.9377499859162864
11,EEF2,50192755,0.937693651061912
11,LBR,50192654,0.9376373162075377
11,TRIB1,50186153,0.9375809813531633
11,DEDD,50178633,0.9375246464987887
11,RPL35AP21,50169960,0.9374683116444144
11,NAGPA,50157628,0.93741197679004
11,SNAPC5,50153135,0.9373556419356656
11,TSPAN13,50151013,0.9372993070812912
11,ERI1,50148848,0.9372429722269168
11,PIGL,50145122,0.9371866373725424
11,NUDT5,50138666,0.937130302518168
11,ZFAND3,50138488,0.9370739676637936
11,SLC37A3,50130673,0.9370176328094192
11,FARSA,50125297,0.9369612979550448
11,MCM10,50107575,0.9369049631006704
11,SF3A1,50105805,0.936848628246296
11,SLC35B4,50102890,0.9367922933919216
11,PPP5C,50098621,0.9367359585375472
11,RESF1,50097069,0.9366796236831728
11,TET1,50096025,0.9366232888287984
11,BNIP2,50091005,0.936566953974424
11,PLEKHA7,50078776,0.9365106191200496
11,MGA,50078316,0.9364542842656751
11,ZC3H14,50074980,0.9363979494113007
11,ARIH1,50074398,0.9363416145569263
11,COX10,50069834,0.9362852797025519
11,CCDC189,50066920,0.9362289448481775
11,CCND3,50064591,0.9361726099938031
11,ZBTB10,50056574,0.9361162751394287
11,SPPL3,50055528,0.9360599402850543
11,SLC16A1,50044713,0.93600360543068
11,MFSD14A,50044632,0.9359472705763056
11,AP1S1,50044443,0.9358909357219312
11,MICALL1,50043304,0.9358346008675568
11,CSK,50042955,0.9357782660131824
11,RPA2,50029784,0.935721931158808
11,TRPV3,50022372,0.9356655963044336
11,SHMT1,50017277,0.9356092614500592
11,INTS14,50008917,0.9355529265956848
11,DAPK1,50008800,0.9354965917413104
11,PCNX4,50001334,0.935440256886936
11,OCLN,49994582,0.9353839220325616
11,PTGES3P1,49990659,0.9353275871781871
11,RB1CC1,49981877,0.9352712523238127
11,TM9SF4,49977333,0.9352149174694383
11,SLC35B3,49975409,0.9351585826150639
11,RNF13,49970134,0.9351022477606895
11,MGAT1,49970044,0.9350459129063151
11,ZNF207,49959499,0.9349895780519407
11,ACO1,49958185,0.9349332431975663
11,CC2D1B,49939842,0.9348769083431919
11,ASAP1,49936158,0.9348205734888175
11,FUCA2,49934803,0.9347642386344431
11,PGAM1,49921919,0.9347079037800687
11,ADPGK,49921038,0.9346515689256943
11,REXO2,49919710,0.93459523407132
11,MAP4,49913215,0.9345388992169456
11,CAP1P2,49909900,0.9344825643625712
11,EEF2KMT,49898577,0.9344262295081968
11,FUCA1,49895511,0.9343698946538224
11,NFS1,49884878,0.934313559799448
11,SLC35F2,49884195,0.9342572249450736
11,SLC8B1,49879562,0.9342008900906991
11,AP000568.1,49872326,0.9341445552363247
11,AC009413.1,49870188,0.9340882203819503
11,TMEM65,49863637,0.9340318855275759
11,EXOC7,49859196,0.9339755506732015
11,ISY1,49854168,0.9339192158188271
11,EFCAB14,49850813,0.9338628809644527
11,SNRPCP2,49850193,0.9338065461100783
11,SETP20,49846981,0.9337502112557039
11,PNPT1,49846582,0.9336938764013295
11,TSPAN9,49846567,0.9336375415469551
11,RPL7P44,49840503,0.9335812066925807
11,IRF2BP2,49840347,0.9335248718382063
11,PTOV1,49833584,0.9334685369838319
11,XIAP,49830903,0.9334122021294575
11,SWI5,49828355,0.9333558672750831
11,VPS35L,49826521,0.9332995324207087
11,BAG6,49817475,0.9332431975663343
11,HOMER1,49816176,0.9331868627119599
11,BCDIN3D,49815646,0.9331305278575854
11,ARHGAP24,49791180,0.933074193003211
11,AC010878.1,49788290,0.9330178581488366
11,PRR13,49788201,0.9329615232944622
11,PPTC7,49781796,0.9329051884400879
11,RGS13,49780947,0.9328488535857135
11,APH1A,49779368,0.9327925187313391
11,LRWD1,49775078,0.9327361838769647
11,SNX9,49769908,0.9326798490225903
11,KHDRBS1,49767728,0.9326235141682159
11,SLC31A2,49752837,0.9325671793138415
11,FAM174A,49748255,0.9325108444594671
11,TAF12,49739128,0.9324545096050927
11,NSUN2,49737455,0.9323981747507183
11,NSA2,49733617,0.9323418398963439
11,MARK2,49726104,0.9322855050419695
11,BCAR1,49716776,0.9322291701875951
11,RTKN,49706582,0.9321728353332207
11,PARGP1,49706498,0.9321165004788463
11,AC016739.1,49690681,0.9320601656244719
11,CLP1,49688543,0.9320038307700974
11,TBL2,49688229,0.931947495915723
11,RHOBTB1,49670689,0.9318911610613486
11,DGUOK,49662224,0.9318348262069742
11,GNA11,49662136,0.9317784913525998
11,NGLY1,49658247,0.9317221564982254
11,ZFAND2A,49654122,0.931665821643851
11,CCNF,49648628,0.9316094867894766
11,PRPF3,49647712,0.9315531519351022
11,DUS3L,49622180,0.9314968170807278
11,PIGO,49608407,0.93144048222635345
11,CHD2,49589761,0.931384147371979
11,LIG3,49583816,0.9313278125176047
11,EMC6,49583696,0.9312714776632303
11,NKRF,49575269,0.9312151428088559
11,LINC01355,49573494,0.9311588079544815
11,FGFR4,49573316,0.9311024731001071
11,ST3GAL4,49572682,0.9310461382457327
11,TMEM184C,49572166,0.9309898033913583
11,PGAM5,49571313,0.9309334685369838
11,TMEM223,49566555,0.9308771336826094
11,RAB11FIP2,49563422,0.930820798828235
11,GPD2,49562973,0.9307644639738606
11,ATP6V1B2,49560148,0.9307081291194862
11,PNRC1,49558951,0.9306517942651118
11,PROSER2-AS1,49556822,0.9305954594107374
11,ADNP,49552392,0.930539124556363
11,TUSC2,49526824,0.9304827897019886
11,EEA1,49524415,0.9304264548476142
11,AC107032.1,49523440,0.9303701199932398
11,AHCY,49513933,0.9303137851388654
11,JMJD4,49512768,0.930257450284491
11,PIM3,49511366,0.9302011154301166
11,AP2B1,49499705,0.9301447805757422
11,TRAPPC8,49496217,0.9300884457213678
11,SLC35B1,49495476,0.9300321108669934
11,AC074085.2,49492161,0.929975776012619
11,ERRFI1,49486778,0.9299194411582447
11,PCCB,49477106,0.9298631063038703
11,MT-TY,49457147,0.9298067714494958
11,PPP1R13L,49453032,0.9297504365951214
11,BRWD1,49446251,0.929694101740747
11,SMIM12,49445667,0.9296377668863726
11,CLDN10,49441394,0.9295814320319982
11,SPARC,49436954,0.9295250971776238
11,ARMC10,49428977,0.9294687623232494
11,MARK3,49428959,0.929412427468875
11,PITPNA,49423645,0.9293560926145006
11,IPMK,49413571,0.9292997577601262
11,FAM133B,49407800,0.9292434229057518
11,EXOSC3,49405082,0.9291870880513774
11,ANKRD33B,49403713,0.929130753197003
11,FABP5,49391889,0.9290744183426286
11,LSM1,49391607,0.9290180834882542
11,MEPCE,49389214,0.9289617486338798
11,AC011487.2,49387984,0.9289054137795054
11,AC125807.1,49386628,0.928849078925131
11,DDA1,49381567,0.9287927440707566
11,LUC7L2,49376061,0.9287364092163822
11,DAGLB,49370431,0.9286800743620077
11,QKI,49367229,0.9286237395076333
11,ADAM17,49362252,0.9285674046532589
11,PTBP3,49360246,0.9285110697988845
11,ATP5ME,49357083,0.9284547349445101
11,RPL5P17,49356429,0.9283984000901357
11,ORMDL1,49354767,0.9283420652357613
11,ROGDI,49352707,0.928285730381387
11,HSBP1,49345896,0.9282293955270126
11,MSRB1,49342290,0.9281730606726382
11,TAF13,49340445,0.9281167258182638
11,FAF2,49338730,0.9280603909638894
11,MAGI1,49319078,0.928004056109515
11,TIMM17B,49317067,0.9279477212551406
11,POLR3K,49316977,0.9278913864007662
11,CNOT9,49313947,0.9278350515463918
11,DRG1,49308251,0.9277787166920174
11,AC073136.2,49307475,0.927722381837643
11,MARCKS,49303868,0.9276660469832686
11,IPO5,49300444,0.9276097121288941
11,EPHX3,49298402,0.9275533772745197
11,TUFMP1,49297025,0.9274970424201453
11,RAB11FIP3,49296066,0.9274407075657709
11,MGAT4B,49289465,0.9273843727113965
11,NEK7,49274044,0.9273280378570221
11,NRARP,49269992,0.9272717030026477
11,SAP30L,49249800,0.9272153681482733
11,TM9SF1,49239037,0.9271590332938989
11,SLC35B2,49238646,0.9271026984395245
11,SLCO4A1,49238075,0.9270463635851501
11,PRADC1,49222914,0.9269900287307757
11,YWHAZ,49213489,0.9269336938764013
11,MT-TC,49212408,0.926877359022027
11,FAM241B,49210617,0.9268210241676526
11,OGG1,49207136,0.9267646893132782
11,RPP21,49203856,0.9267083544589038
11,ARHGEF11,49199536,0.9266520196045294
11,DDX17,49197909,0.926595684750155
11,MAML1,49191074,0.9265393498957806
11,YY1AP1,49188327,0.9264830150414061
11,DNAJC3,49178943,0.9264266801870317
11,CCDC6,49178570,0.9263703453326573
11,TVP23B,49178277,0.9263140104782829
11,SRM,49161063,0.9262576756239085
11,UQCRH,49156169,0.9262013407695341
11,PTEN,49151912,0.9261450059151597
11,CTU2,49139365,0.9260886710607853
11,SLC35F6,49130838,0.9260323362064109
11,HSPD1P2,49125050,0.9259760013520365
11,CXADR,49113110,0.9259196664976621
11,NPC2,49108265,0.9258633316432877
11,NARS2,49089978,0.9258069967889133
11,DPM1,49079867,0.9257506619345389
11,RNF4,49075961,0.9256943270801645
11,CTNNB1,49055854,0.9256379922257901
11,DCTPP1,49052050,0.9255816573714157
11,CYB5R3,49050282,0.9255253225170413
11,COX6A1,49047906,0.9254689876626669
11,AC246787.1,49030047,0.9254126528082924
11,GPT2,49030044,0.925356317953918
11,SLC52A2,49029532,0.9252999830995436
11,SNAP23,49024280,0.9252436482451692
11,PEA15,49022575,0.9251873133907949
11,PSMC1P2,49012822,0.9251309785364205
11,CIAO1,48998830,0.9250746436820461
11,SIGMAR1,48992548,0.9250183088276717
11,STEAP3,48986612,0.9249619739732973
11,AC139769.1,48986247,0.9249056391189229
11,ZNF668,48986214,0.9248493042645485
11,UBL7,48986166,0.9247929694101741
11,ADM,48983791,0.9247366345557997
11,CD81,48980760,0.9246802997014253
11,RC3H2,48979583,0.9246239648470509
11,CHST12,48979441,0.9245676299926765
11,CIAPIN1,48976898,0.9245112951383021
11,IRF2BPL,48975407,0.9244549602839277
11,TMEM230,48974316,0.9243986254295533
11,LIN28A,48970549,0.9243422905751789
11,RPRD1B,48966925,0.9242859557208044
11,AL445363.3,48953933,0.92422962086643
11,MCPH1,48948648,0.9241732860120556
11,TUBB4B,48943446,0.9241169511576812
11,SLC39A3,48935629,0.9240606163033068
11,CYB5A,48929266,0.9240042814489324
11,ZNHIT6,48928749,0.923947946594558
11,CTSL3P,48925292,0.9238916117401836
11,RALY,48922375,0.9238352768858092
11,ENTPD1-AS1,48908310,0.9237789420314348
11,ATP5F1E,48892454,0.9237226071770605
11,ATPAF2,48890470,0.923666272322686
11,ELOVL1,48886625,0.9236099374683117
11,MEX3A,48885561,0.9235536026139373
11,CCNDBP1,48875209,0.9234972677595629
11,TXNRD1,48873674,0.9234409329051885
11,ATF3,48872568,0.9233845980508141
11,DLD,48870024,0.9233282631964397
11,RANGRF,48866130,0.9232719283420653
11,CCDC32,48864204,0.9232155934876909
11,SZRD1,48862976,0.9231592586333164
11,GLUD1P3,48857541,0.923102923778942
11,WTAP,48846353,0.9230465889245676
11,RTF2,48842217,0.9229902540701932
11,SNRNP40,48836051,0.9229339192158188
11,NELFB,48832200,0.9228775843614444
11,APOA2,48830970,0.92282124950707
11,SERINC1,48829714,0.9227649146526956
11,ATP13A3,48824007,0.9227085797983212
11,MLF2,48808730,0.9226522449439468
11,RPS3,48797127,0.9225959100895724
11,PRKX,48786681,0.922539575235198
11,JMJD6,48773603,0.9224832403808236
11,MTPAP,48772636,0.9224269055264492
11,AP2A2,48772181,0.9223705706720748
11,TCAF1P1,48770026,0.9223142358177004
11,ANKLE1,48768060,0.922257900963326
11,SEL1L,48767462,0.9222015661089517
11,SMPD4,48766299,0.9221452312545773
11,ZBTB7A,48763960,0.9220888964002028
11,AC099778.1,48761879,0.9220325615458284
11,TNIK,48758311,0.921976226691454
11,BRMS1,48752536,0.9219198918370796
11,ERP29,48745033,0.9218635569827052
11,C1QBP,48743412,0.9218072221283308
11,PYGB,48718347,0.9217508872739564
11,DESI1,48717703,0.921694552419582
11,ILVBL,48713329,0.9216382175652076
11,SDC4,48689320,0.9215818827108332
11,ZNF529,48683792,0.9215255478564588
11,KARS,48683587,0.9214692130020844
11,GCH1,48672314,0.92141287814771
11,TIMP4,48669371,0.9213565432933356
11,GNPDA1,48667424,0.9213002084389612
11,ZNF729,48666744,0.9212438735845868
11,TCEAL9,48666237,0.9211875387302124
11,SNW1,48661168,0.921131203875838
11,TXNDC9,48659334,0.9210748690214636
11,PI4KAP1,48648025,0.9210185341670892
11,APLP2,48646495,0.9209621993127147
11,RBBP7,48637849,0.9209058644583403
11,NDUFA10,48635024,0.9208495296039659
11,DDX54,48624076,0.9207931947495915
11,CDK12,48619662,0.9207368598952171
11,DGCR2,48611829,0.9206805250408427
11,PTP4A2,48607267,0.9206241901864683
11,GCM1,48604416,0.920567855332094
11,UBE2E1,48601403,0.9205115204777196
11,ATP5MC1,48589188,0.9204551856233452
11,TRAFD1,48587179,0.9203988507689708
11,PSMA5,48577586,0.9203425159145964
11,TACSTD2,48575069,0.920286181060222
11,GPR32,48572397,0.9202298462058476
11,CAPN2,48570714,0.9201735113514732
11,SPCS1,48566945,0.9201171764970988
11,TUBA1C,48566400,0.9200608416427244
11,RPL19,48566196,0.92000450678835
11,FPGS,48556236,0.9199481719339756
11,B9D1,48555354,0.9198918370796012
11,PRTG,48552518,0.9198355022252267
11,CDK5,48543219,0.9197791673708523
11,POU2F1,48542706,0.9197228325164779
11,S100P,48526632,0.9196664976621035
11,TMEM9B,48526122,0.9196101628077291
11,SEC11A,48522880,0.9195538279533547
11,SEC24C,48513109,0.9194974930989803
11,PMPCA,48509532,0.9194411582446059
11,MLLT11,48500799,0.9193848233902315
11,NAA30,48498459,0.9193284885358571
11,GTPBP10,48491941,0.9192721536814827
11,MTMR10,48491467,0.9192158188271083
11,EIF4EBP2,48485612,0.919159483972734
11,CHD1,48483288,0.9191031491183596
11,TOMM5,48477760,0.9190468142639852
11,AC009220.1,48476726,0.9189904794096108
11,TSTA3,48469459,0.9189341445552364
11,GPI,48469141,0.918877809700862
11,KCTD10,48461563,0.9188214748464876
11,MID1IP1,48457961,0.9187651399921131
11,MIA2,48450024,0.9187088051377387
11,CDX1,48447449,0.9186524702833643
11,CKMT2-AS1,48445556,0.9185961354289899
11,RAC1P2,48442757,0.9185398005746155
11,COLGALT1,48429182,0.9184834657202411
11,RAB39A,48423377,0.9184271308658667
11,RPL10P16,48421445,0.9183707960114923
11,RPL28,48414003,0.9183144611571179
11,AC012085.1,48401583,0.9182581263027435
11,CRADD,48397633,0.9182017914483691
11,ITPK1,48391009,0.9181454565939947
11,BICD2,48390596,0.9180891217396203
11,TPI1P2,48381578,0.9180327868852459
11,ABT1,48375041,0.9179764520308715
11,TRAK1,48368158,0.9179201171764971
11,PITRM1,48364303,0.9178637823221227
11,FASTKD3,48361173,0.9178074474677483
11,EPB41L3,48355605,0.9177511126133739
11,AC005336.2,48337814,0.9176947777589995
11,VEGFA,48333318,0.917638442904625
11,CYP51A1P1,48326419,0.9175821080502506
11,NUDT22,48311044,0.9175257731958762
11,TM2D2,48307800,0.9174694383415019
11,FBXO45,48300480,0.9174131034871275
11,RBM7,48291913,0.9173567686327531
11,YTHDC1,48291465,0.9173004337783787
11,GSTK1,48289081,0.9172440989240043
11,AC113367.1,48285660,0.9171877640696299
11,KDM5A,48283821,0.9171314292152555
11,CDC42SE1,48277154,0.9170750943608811
11,SLC35G1,48276268,0.9170187595065067
11,NUP37,48261885,0.9169624246521323
11,PRDX1,48260697,0.9169060897977579
11,FXR1,48259897,0.9168497549433835
11,GMPSP1,48254385,0.9167934200890091
11,MDN1,48250097,0.9167370852346347
11,SIRT1,48248977,0.9166807503802603
11,CDIPT,48244232,0.9166244155258859
11,VPS37B,48240025,0.9165680806715114
11,MRM1,48231112,0.916511745817137
11,CALM1P1,48226069,0.9164554109627626
11,MPHOSPH8,48225148,0.9163990761083882
11,BAZ2A,48221190,0.9163427412540138
11,ADGRE5,48217427,0.9162864063996394
11,RAD51B,48205223,0.916230071545265
11,PRPF40B,48204090,0.9161737366908906
11,MAPK14,48201672,0.9161174018365162
11,TMEM11,48191948,0.9160610669821418
11,INTS12,48188508,0.9160047321277675
11,DVL3,48182702,0.9159483972733931
11,IRAK1,48180584,0.9158920624190187
11,XKR8,48178902,0.9158357275646443
11,GINS4,48174303,0.9157793927102699
11,CCT8,48172945,0.9157230578558955
11,JMY,48172744,0.9156667230015211
11,MOB3B,48170183,0.9156103881471467
11,RPL12P4,48167520,0.9155540532927723
11,ENTR1,48149996,0.9154977184383979
11,UNC45A,48129687,0.9154413835840234
11,AL035446.2,48127006,0.915385048729649
11,LARGE2,48119708,0.9153287138752746
11,CBFB,48118270,0.9152723790209002
11,LDB1,48115260,0.9152160441665258
11,OST4,48086067,0.9151597093121514
11,KCTD13,48084383,0.915103374457777
11,G3BP2,48080294,0.9150470396034026
11,ARL2,48078388,0.9149907047490282
11,AC091429.1,48071094,0.9149343698946538
11,KCTD20,48064612,0.9148780350402794
11,LMBRD1,48056235,0.914821700185905
11,CSTF2,48051116,0.9147653653315306
11,NORAD,48049146,0.9147090304771562
11,MRPS25,48045680,0.9146526956227818
11,EXOC5,48029766,0.9145963607684074
11,SAFB2,48017943,0.914540025914033
11,ARHGAP23,48011311,0.9144836910596587
11,STK26,48005499,0.9144273562052843
11,CGB3,48003607,0.9143710213509099
11,PCGF3,47997847,0.9143146864965354
11,IDH3B,47986867,0.914258351642161
11,NFE2L3P1,47980651,0.9142020167877866
11,SETD1A,47974295,0.9141456819334122
11,ANPEP,47966789,0.9140893470790378
11,FAM234B,47964149,0.9140330122246634
11,WASF2,47963850,0.913976677370289
11,IGF2BP3,47950515,0.9139203425159146
11,EEF1A1P12,47946892,0.9138640076615402
11,EXOSC10,47939926,0.9138076728071658
11,FSTL1,47933437,0.9137513379527914
11,FEZ2,47932789,0.913695003098417
11,PSMD3,47926785,0.9136386682440426
11,AC093014.1,47912110,0.9135823333896682
11,EEF1DP1,47904851,0.9135259985352938
11,SEPT8,47901474,0.9134696636809194
11,CCDC107,47897692,0.913413328826545
11,ABCD3,47888815,0.9133569939721706
11,TRAPPC4,47879285,0.9133006591177962
11,GREM2,47878175,0.9132443242634217
11,ST7L,47877289,0.9131879894090473
11,ZNF66,47874446,0.9131316545546729
11,MAPK9,47871774,0.9130753197002985
11,RPL12P33,47868812,0.9130189848459241
11,MRFAP1,47863135,0.9129626499915497
11,UFSP2,47862959,0.9129063151371754
11,IMP4,47861321,0.912849980282801
11,TBX3,47854279,0.9127936454284266
11,RPS2P7,47852547,0.9127373105740522
11,MAP4K5,47847942,0.9126809757196778
11,C1QTNF6,47840540,0.9126246408653034
11,ZNF200,47836040,0.912568306010929
11,VCX3A,47835624,0.9125119711565546
11,TSPYL4,47833609,0.9124556363021802
11,PPP1R16A,47816869,0.9123993014478058
11,PNPO,47802846,0.9123429665934314
11,UPP1,47799536,0.912286631739057
11,DHX33,47789549,0.9122302968846826
11,PRKCSH,47778239,0.9121739620303082
11,TMEM38B,47773521,0.9121176271759337
11,UBE2D3,47771285,0.9120612923215593
11,HMMR,47770271,0.9120049574671849
11,ILRUN,47767230,0.9119486226128105
11,MRPL17,47762081,0.9118922877584361
11,LRRC61,47761919,0.9118359529040617
11,EEF1D,47760186,0.9117796180496873
11,S100A16,47751026,0.9117232831953129
11,PIP5K1A,47749673,0.9116669483409385
11,IQCK,47743625,0.9116106134865641
11,GLE1,47739870,0.9115542786321897
11,NR2C2AP,47729361,0.9114979437778153
11,TALDO1,47728916,0.911441608923441
11,ENSA,47717242,0.9113852740690666
11,TRIP12,47716207,0.9113289392146922
11,THOC6,47711474,0.9112726043603178
11,ACBD3,47711355,0.9112162695059434
11,HIBCH,47708552,0.911159934651569
11,RAD54L,47698064,0.9111035997971946
11,RPL30,47696582,0.9110472649428201
11,YTHDF2P1,47696265,0.9109909300884457
11,COPG1,47694332,0.9109345952340713
11,PEG10,47692599,0.9108782603796969
11,ZNF628,47691645,0.9108219255253225
11,JAGN1,47677172,0.9107655906709481
11,FAM217B,47667996,0.9107092558165737
11,DDX39A,47666834,0.9106529209621993
11,NDUFA1,47657287,0.9105965861078249
11,NMD3,47655745,0.9105402512534505
11,HRAS,47654926,0.9104839163990761
11,UBTD2,47649007,0.9104275815447017
11,SLMAP,47643496,0.9103712466903273
11,GNB4,47643192,0.9103149118359529
11,RPS3AP25,47642524,0.9102585769815785
11,AP000873.2,47637675,0.9102022421272041
11,MFSD9,47636748,0.9101459072728297
11,EMC4,47635622,0.9100895724184553
11,L3MBTL2,47622860,0.9100332375640809
11,TRIM61,47611822,0.9099769027097065
11,ZNF397,47601197,0.909920567855332
11,ADAMTS20,47597091,0.9098642330009576
11,ATF4,47593242,0.9098078981465832
11,KRTCAP2,47591529,0.9097515632922089
11,PUS3,47590848,0.9096952284378345
11,RAMAC,47589708,0.9096388935834601
11,RREB1,47574884,0.9095825587290857
11,DMAC2L,47572447,0.9095262238747113
11,NAMPTP1,47571576,0.9094698890203369
11,COQ10B,47570571,0.9094135541659625
11,LIPH,47568384,0.9093572193115881
11,EYA3,47565186,0.9093008844572137
11,BORA,47563752,0.9092445496028393
11,FOSL2,47560015,0.9091882147484649
11,USP8,47549525,0.9091318798940905
11,ACTR1A,47548986,0.9090755450397161
11,TYW1,47546229,0.9090192101853417
11,ILF2,47543963,0.9089628753309673
11,KPNB1,47540616,0.9089065404765929
11,CRIP2,47539796,0.9088502056222185
11,ELOVL4,47536617,0.908793870767844
11,TRIM41,47535704,0.9087375359134696
11,AC079062.1,47531995,0.9086812010590952
11,AFF1,47528275,0.9086248662047208
11,SS18L2P1,47521983,0.9085685313503464
11,SUN3,47515522,0.908512196495972
11,PIAS1,47510323,0.9084558616415976
11,ZNF723,47502014,0.9083995267872232
11,ZDHHC13,47501686,0.9083431919328488
11,AC118549.1,47500476,0.9082868570784745
11,RFC3,47494929,0.9082305222241001
11,TOLLIP,47492572,0.9081741873697257
11,MPP6,47492097,0.9081178525153513
11,TOR1AIP1,47485376,0.9080615176609769
11,SGCB,47481672,0.9080051828066025
11,RPL13P12,47481259,0.9079488479522281
11,DPP3P1,47466916,0.9078925130978537
11,RBBP6,47466778,0.9078361782434793
11,DPM2,47463697,0.9077798433891049
11,ERGIC2,47463348,0.9077235085347304
11,EIF3D,47454147,0.907667173680356
11,TMEM79,47453586,0.9076108388259816
11,NSMCE1,47453384,0.9075545039716072
11,UBALD1,47453039,0.9074981691172328
11,PID1,47443483,0.9074418342628584
11,PDXK,47438540,0.907385499408484
11,KMT2D,47433099,0.9073291645541096
11,TTC39A,47431723,0.9072728296997352
11,RPS19,47430514,0.9072164948453608
11,FBXW2,47423219,0.9071601599909864
11,NASP,47419508,0.907103825136612
11,FOLR1,47411394,0.9070474902822376
11,RPS27AP6,47409379,0.9069911554278632
11,ATAD1,47401625,0.9069348205734888
11,NPM1P14,47393285,0.9068784857191144
11,NOL10,47390927,0.90682215086474
11,NFKB2,47390655,0.9067658160103657
11,CYP51A1P2,47384247,0.9067094811559913
11,DHX38,47379301,0.9066531463016169
11,THAP12,47378646,0.9065968114472424
11,SELENOS,47358769,0.906540476592868
11,COPS2,47357021,0.9064841417384936
11,RETREG2,47355426,0.9064278068841192
11,BYSL,47339571,0.9063714720297448
11,PARD3,47335444,0.9063151371753704
11,NDUFAB1,47332776,0.906258802320996
11,MIEN1,47328588,0.9062024674666216
11,SCYL1,47323511,0.9061461326122472
11,LYN,47322932,0.9060897977578728
11,SNF8,47314509,0.9060334629034984
11,CSGALNACT1,47312855,0.905977128049124
11,ZNF589,47312506,0.9059207931947496
11,CCDC97,47299672,0.9058644583403752
11,RAB4A,47295139,0.9058081234860008
11,LRRFIP1,47290134,0.9057517886316264
11,MRPL43,47288936,0.905695453777252
11,KIDINS220,47286035,0.9056391189228776
11,QSOX1,47285391,0.9055827840685032
11,VPS52,47282240,0.9055264492141288
11,ZNF790-AS1,47279172,0.9054701143597543
11,TPRG1L,47275388,0.9054137795053799
11,PPP1CA,47274062,0.9053574446510055
11,FER,47264513,0.9053011097966311
11,TCF19,47246147,0.9052447749422567
11,HSP90AA2P,47243732,0.9051884400878824
11,PFKL,47234663,0.905132105233508
11,ATG101,47230665,0.9050757703791336
11,CDC73,47226576,0.9050194355247592
11,MRPS24,47222749,0.9049631006703848
11,ZNF57,47220283,0.9049067658160104
11,RHOA,47209477,0.904850430961636
11,ZNF143,47200174,0.9047940961072616
11,TJP1,47188899,0.9047377612528872
11,TSC22D2,47187929,0.9046814263985128
11,OLA1,47181051,0.9046250915441384
11,NPRL2,47177617,0.904568756689764
11,MUL1,47174334,0.9045124218353896
11,CSTF3,47173649,0.9044560869810152
11,ENY2,47173441,0.9043997521266407
11,HOOK1,47173114,0.9043434172722663
11,COG1,47165857,0.9042870824178919
11,RPS4XP6,47160564,0.9042307475635175
11,DSG2,47160384,0.9041744127091431
11,ELOA,47155848,0.9041180778547687
11,EXO1,47141236,0.9040617430003943
11,TTLL7,47140592,0.9040054081460199
11,GAL,47140393,0.9039490732916455
11,GID4,47138485,0.9038927384372711
11,PPP2R2D,47137911,0.9038364035828967
11,PPP2R2A,47134860,0.9037800687285223
11,MARC2,47130576,0.903723733874148
11,ADGRL2,47114911,0.9036673990197736
11,MEMO1P1,47110953,0.9036110641653992
11,PI4KAP2,47109431,0.9035547293110248
11,CST6,47108660,0.9034983944566504
11,RANBP1,47103968,0.903442059602276
11,FBRSL1,47096408,0.9033857247479016
11,EXOSC6,47095966,0.9033293898935272
11,UBE2D2,47093189,0.9032730550391527
11,SEC61G,47090324,0.9032167201847783
11,TFCP2L1,47087486,0.9031603853304039
11,SEPHS1,47085391,0.9031040504760295
11,RPL15P3,47077581,0.9030477156216551
11,DSTN,47075305,0.9029913807672807
11,SIAE,47072779,0.9029350459129063
11,TBC1D4,47071627,0.9028787110585319
11,POLR3E,47068004,0.9028223762041575
11,EIF2B5,47065524,0.9027660413497831
11,SDE2,47064797,0.9027097064954087
11,SLC30A6,47063047,0.9026533716410343
11,TM7SF2,47061463,0.9025970367866599
11,AC093323.1,47060503,0.9025407019322855
11,COX6C,47055948,0.9024843670779111
11,MYADM,47049593,0.9024280322235367
11,THAP3,47047674,0.9023716973691623
11,FLAD1,47046958,0.9023153625147879
11,AC074134.1,47045413,0.9022590276604135
11,CA2,47045383,0.902202692806039
11,SMARCD2,47041244,0.9021463579516646
11,RMC1,47035454,0.90209002309729025
11,GLTP,47030150,0.9020336882429159
11,NSDHL,47024882,0.9019773533885415
11,SUMF1,47023013,0.9019210185341671
11,LEPROTL1,47021450,0.9018646836797927
11,COPS3,47017820,0.9018083488254183
11,WIPF2,47015638,0.9017520139710439
11,RPS20,47014819,0.9016956791166695
11,YKT6,47005542,0.9016393442622951
11,MIB1,46999003,0.9015830094079207
11,OSBPL9,46997578,0.9015266745535463
11,AGTRAP,46994395,0.9014703396991719
11,PRICKLE3,46985159,0.9014140048447975
11,SYVN1,46983427,0.9013576699904231
11,ATP2B1-AS1,46981507,0.9013013351360487
11,SNRNP48,46974343,0.9012450002816743
11,DDX12P,46970343,0.9011886654272999
11,AUNIP,46963468,0.9011323305729255
11,WLS,46955917,0.901075995718551
11,AC010733.1,46955536,0.9010196608641766
11,KRT10,46952458,0.9009633260098022
11,COX11,46949626,0.9009069911554278
11,ACTB,46949171,0.9008506563010534
11,MUC15,46947723,0.900794321446679
11,SLC2A8,46947660,0.9007379865923046
11,TRUB2,46946723,0.9006816517379302
11,DGUOK-AS1,46938119,0.9006253168835558
11,CYP51A1,46937877,0.9005689820291815
11,VPS26C,46937525,0.9005126471748071
11,MLLT1,46933940,0.9004563123204327
11,AATF,46924463,0.9003999774660583
11,DNAJC9,46923175,0.9003436426116839
11,FAM104A,46918672,0.9002873077573095
11,BZW1,46916748,0.9002309729029351
11,MED27,46914478,0.9001746380485607
11,MFSD10,46914400,0.9001183031941863
11,AGPAT1,46911490,0.9000619683398119
11,CLNS1A,46906687,0.9000056334854375
11,P4HA2,46905548,0.899949298631063
11,AC139530.2,46905355,0.8998929637766886
11,TMEM168,46899642,0.8998366289223142
11,ICE2P1,46898086,0.8997802940679398
11,ALDH1B1,46897954,0.8997239592135654
11,AP1G2,46895635,0.899667624359191
11,HSP90B1,46893857,0.8996112895048166
11,RIPK4,46892874,0.8995549546504422
11,ST13,46890647,0.8994986197960678
11,ZNF259P1,46888217,0.8994422849416934
11,FAM20B,46884176,0.899385950087319
11,RPLP1,46882865,0.8993296152329446
11,NCBP3,46876866,0.8992732803785702
11,EIF2A,46874159,0.8992169455241958
11,ELAC2,46873890,0.8991606106698214
11,RAB28,46872741,0.899104275815447
11,REXO4,46870461,0.8990479409610727
11,LARP1B,46862179,0.8989916061066983
11,SNHG1,46851617,0.8989352712523239
11,NARF,46847058,0.8988789363979494
11,SCARB1,46845203,0.898822601543575
11,SRF,46843772,0.8987662666892006
11,SART1,46843728,0.8987099318348262
11,MAP4K4,46843085,0.8986535969804518
11,TXNP1,46840557,0.8985972621260774
11,F2RL1,46839644,0.898540927271703
11,ETS2,46833111,0.8984845924173286
11,CTDNEP1,46830867,0.8984282575629542
11,BEX1,46829541,0.8983719227085798
11,ELOC,46817213,0.8983155878542054
11,MESD,46815216,0.898259252999831
11,TMEM161A,46809804,0.8982029181454566
11,MTDH,46809692,0.8981465832910822
11,ITFG1,46801360,0.8980902484367078
11,MOSPD1,46801304,0.8980339135823334
11,POLR2D,46796120,0.897977578727959
11,AKAP12,46792256,0.8979212438735846
11,SPTSSA,46790067,0.8978649090192102
11,USP9X,46777764,0.8978085741648358
11,ARPC2,46776438,0.8977522393104613
11,WDR62,46774022,0.8976959044560869
11,VPS16,46772230,0.8976395696017125
11,RPL10AP6,46772091,0.8975832347473381
11,WDYHV1,46770311,0.8975268998929637
11,TRIB3,46769227,0.8974705650385894
11,AC092638.2,46765575,0.897414230184215
11,TEX264,46756641,0.8973578953298406
11,PIGF,46754668,0.8973015604754662
11,C9orf40,46742042,0.8972452256210918
11,PPDPF,46735481,0.8971888907667174
11,POGK,46728497,0.897132555912343
11,MGST3,46711612,0.8970762210579686
11,GABARAP,46704352,0.8970198862035942
11,NOC4L,46700419,0.8969635513492198
11,EXOC3,46698346,0.8969072164948454
11,EXOSC8,46684404,0.896850881640471
11,AC015871.1,46676188,0.8967945467860966
11,PITX1,46675500,0.8967382119317222
11,AC046185.2,46671703,0.8966818770773477
11,BAZ1A,46669653,0.8966255422229733
11,C15orf61,46667716,0.8965692073685989
11,RPL37AP8,46667570,0.8965128725142245
11,SATB1,46666516,0.8964565376598501
11,C19orf47,46666009,0.8964002028054757
11,DHX9P1,46657849,0.8963438679511013
11,TCF4,46654430,0.8962875330967269
11,CCDC142,46651670,0.8962311982423525
11,CIC,46646906,0.8961748633879781
11,PTCD2,46646246,0.8961185285336037
11,GNL2,46646235,0.8960621936792293
11,GCLC,46645794,0.896005858824855
11,POGLUT2,46638466,0.8959495239704806
11,CDKN1B,46605183,0.8958931891161062
11,ZNF684,46601787,0.8958368542617318
11,SCYL2,46596505,0.8957805194073574
11,OXA1L,46596376,0.895724184552983
11,CDC25B,46592644,0.8956678496986086
11,AL512274.1,46582832,0.8956115148442342
11,AL122018.1,46571714,0.8955551799898597
11,ZNF333,46559445,0.8954988451354853
11,FKBP4,46554596,0.8954425102811109
11,ZMYM4,46553885,0.8953861754267365
11,TMEM259,46553092,0.8953298405723621
11,DPH1,46538305,0.8952735057179877
11,MBOAT2,46534014,0.8952171708636133
11,ETNK2,46529446,0.8951608360092389
11,ORC6,46528674,0.8951045011548645
11,POP7,46527713,0.8950481663004901
11,RPL23A,46519546,0.8949918314461157
11,DSP,46512163,0.8949354965917413
11,TTN-AS1,46504600,0.8948791617373669
11,B4GALT5,46501960,0.8948228268829925
11,RPL37P2,46480724,0.8947664920286181
11,SC5D,46480191,0.8947101571742437
11,ERI2,46475291,0.8946538223198693
11,COA3,46472814,0.894597487465495
11,PNRC2,46471986,0.8945411526111205
11,FADD,46467740,0.8944848177567462
11,SLC25A25,46459632,0.8944284829023716
11,HNRNPH3,46452163,0.8943721480479973
11,KRT19,46445928,0.8943158131936229
11,RPL15,46439501,0.8942594783392485
11,ADAT1,46437147,0.8942031434848741
11,BRDT,46433568,0.8941468086304997
11,PSPC1,46424675,0.8940904737761253
11,EPRS,46405341,0.8940341389217509
11,FEM1B,46400686,0.8939778040673765
11,DAG1,46399782,0.8939214692130021
11,HUWE1,46395560,0.8938651343586277
11,APOD,46389525,0.8938087995042533
11,DEPDC1,46386949,0.8937524646498789
11,SRSF7,46383332,0.8936961297955045
11,HDAC1,46382282,0.8936397949411301
11,AC008443.3,46380463,0.8935834600867557
11,SMARCA4,46378762,0.8935271252323813
11,TCF20,46376771,0.8934707903780069
11,TPST1,46375450,0.8934144555236325
11,GCA,46375071,0.893358120669258
11,NCDN,46365658,0.8933017858148836
11,TRIM5,46363649,0.8932454509605092
11,LIG1,46363382,0.8931891161061348
11,RBM17,46353140,0.8931327812517604
11,PHF23,46343751,0.893076446397386
11,GARS,46343364,0.8930201115430116
11,AC016065.1,46337443,0.8929637766886372
11,GTF3C4,46337025,0.8929074418342628
11,TYW1B,46331223,0.8928511069798885
11,MRPL2,46321554,0.8927947721255141
11,GET4,46319387,0.8927384372711397
11,AL359263.1,46318193,0.8926821024167653
11,SF3B2,46318000,0.8926257675623909
11,TMEM44-AS1,46317422,0.8925694327080165
11,TIGD1,46313185,0.8925130978536421
11,RAVER1,46311641,0.8924567629992677
11,CHMP3,46307761,0.8924004281448933
11,UBN1,46290971,0.8923440932905189
11,KNSTRN,46287712,0.8922877584361445
11,PRAP1,46285075,0.89223142358177
11,RELL1,46282616,0.8921750887273956
11,AC008755.1,46277949,0.8921187538730212
11,KDM3B,46270696,0.8920624190186468
11,TFEB,46269973,0.8920060841642724
11,ASAH1,46266642,0.891949749309898
11,ASB3,46265520,0.8918934144555236
11,PLEKHA6,46262591,0.8918370796011492
11,EEF1A1P9,46261346,0.8917807447467748
11,SMC2,46256305,0.8917244098924004
11,GSR,46253314,0.891668075038026
11,PVR,46248899,0.8916117401836516
11,RTCB,46240668,0.8915554053292772
11,UBE2D3P1,46234209,0.8914990704749028
11,SMAD1,46232730,0.8914427356205284
11,ACTR8,46230491,0.891386400766154
11,TMEM254,46228448,0.8913300659117797
11,AFG3L2P1,46219034,0.8912737310574053
11,KPNA1,46213690,0.8912173962030309
11,ANXA6,46212665,0.8911610613486565
11,TOMM40L,46204325,0.891104726494282
11,POLI,46200762,0.8910483916399076
11,ACP5,46198543,0.8909920567855332
11,PHF10,46190907,0.8909357219311588
11,EEF1AKMT1,46189621,0.8908793870767844
11,REEP4,46187828,0.89082305222241
11,SPCS2,46185933,0.8907667173680356
11,ZNF444,46178638,0.8907103825136612
11,ZNF496,46174607,0.8906540476592868
11,HYOU1,46174083,0.8905977128049124
11,RELL2,46165289,0.890541377950538
11,SNRPB2,46159557,0.8904850430961636
11,YWHAQ,46157240,0.8904287082417892
11,DEPDC5,46155789,0.8903723733874148
11,PCDH17,46152187,0.8903160385330404
11,RPL36,46150144,0.890259703678666
11,RANGAP1,46143137,0.8902033688242916
11,SNRPE,46142539,0.8901470339699172
11,EIF3G,46139158,0.8900906991155428
11,ASPH,46132441,0.8900343642611683
11,PRPF31,46132396,0.8899780294067939
11,SYS1,46129764,0.8899216945524195
11,ALKBH5,46126912,0.8898653596980451
11,GOT1,46122924,0.8898090248436707
11,CD9,46120642,0.8897526899892964
11,SNHG8,46113120,0.889696355134922
11,ALG3P1,46108582,0.8896400202805476
11,ABHD3,46098042,0.8895836854261732
11,TRIAP1,46087721,0.8895273505717988
11,ZSCAN21,46083642,0.8894710157174244
11,PEX26,46079068,0.88941468086305
11,WWTR1,46073882,0.8893583460086756
11,TMCO3,46072867,0.8893020111543012
11,BEX2,46068966,0.8892456762999268
11,TPRN,46062332,0.8891893414455524
11,NPIPB3,46051397,0.889133006591178
11,DNAJC1,46038884,0.8890766717368036
11,PRDX2,46036525,0.8890203368824292
11,NUP188,46034729,0.8889640020280548
11,TMEM30A,46027044,0.8889076671736803
11,MAP2K4,46026934,0.8888513323193059
11,CNPY2,46023886,0.8887949974649315
11,PSMC3,46023405,0.8887386626105571
11,FBXW9,46020713,0.8886823277561827
11,MTMR14,46011988,0.8886259929018083
11,NCOA1,46006584,0.8885696580474339
11,GINS2,46004788,0.8885133231930595
11,EBNA1BP2,46004316,0.8884569883386851
11,CCDC24,46004048,0.8884006534843107
11,LYPLA2,46000728,0.8883443186299363
11,HNRNPDP1,45998014,0.888287983775562
11,FAM210A,45989996,0.8882316489211876
11,NUP88,45987103,0.8881753140668132
11,ACD,45982049,0.8881189792124388
11,ANKRD39,45979409,0.8880626443580644
11,CENPF,45978097,0.88800630950369
11,CNBP,45968380,0.8879499746493156
11,GPATCH2L,45962930,0.8878936397949412
11,ACTN4P1,45962830,0.8878373049405667
11,MAN1A2,45961811,0.8877809700861923
11,PPIAP59,45961226,0.8877246352318179
11,CDK8,45959231,0.8876683003774435
11,CAPN15,45957071,0.8876119655230691
11,GGNBP2,45933431,0.8875556306686947
11,HBZ,45929549,0.8874992958143203
11,DPF2,45926285,0.8874429609599459
11,TMA16,45925484,0.8873866261055715
11,SCNM1,45923609,0.8873302912511971
11,TMC7,45919516,0.8872739563968227
11,RBM14,45917259,0.8872176215424483
11,HS1BP3,45914607,0.8871612866880739
11,PSMC3IP,45912157,0.8871049518336995
11,PAK2,45899634,0.8870486169793251
11,RAB6B,45894683,0.8869922821249507
11,CELF1,45893964,0.8869359472705763
11,ORC1,45884531,0.886879612416202
11,AL031864.2,45884200,0.8868232775618275
11,NECTIN4,45883682,0.8867669427074532
11,TMCC3,45875092,0.8867106078530786
11,GNG10,45868641,0.8866542729987043
11,RRP9,45868547,0.8865979381443299
11,C4orf47,45859572,0.8865416032899555
11,PPIP5K2,45856521,0.8864852684355811
11,ATG14,45856431,0.8864289335812067
11,ACAA1,45853511,0.8863725987268323
11,UBE2O,45852841,0.8863162638724579
11,EIF3K,45852141,0.8862599290180835
11,EIF2S2P3,45851154,0.8862035941637091
11,NCOR2,45850826,0.8861472593093347
11,NDOR1,45850218,0.8860909244549603
11,WDR61,45838947,0.8860345896005859
11,METRNL,45835286,0.8859782547462115
11,ELL,45832016,0.8859219198918371
11,TPP1,45828345,0.8858655850374627
11,PSMA3,45815328,0.8858092501830883
11,C5orf15,45814391,0.8857529153287139
11,AC026410.3,45803713,0.8856965804743395
11,CKAP5,45802758,0.8856402456199651
11,ALG11,45800123,0.8855839107655906
11,PWWP2B,45797589,0.8855275759112162
11,PWP2,45795955,0.8854712410568418
11,AC046176.1,45794685,0.8854149062024674
11,SMAD7,45793731,0.885358571348093
11,FASN,45777584,0.8853022364937186
11,FARP2,45772545,0.8852459016393442
11,RPL7AP30,45767071,0.8851895667849699
11,RAB11FIP4,45764401,0.8851332319305955
11,GNA13,45763998,0.8850768970762211
11,POMP,45747904,0.8850205622218467
11,STOML2,45741761,0.8849642273674723
11,GALNT1,45740253,0.8849078925130979
11,NIPBL,45730451,0.8848515576587235
11,KHDC1,45725676,0.8847952228043491
11,GLRX3P2,45724616,0.8847388879499747
11,MPPE1,45724022,0.8846825530956003
11,BCLAF1P2,45718289,0.8846262182412259
11,BAK1,45712575,0.8845698833868515
11,CSNK1G1,45704272,0.884513548532477
11,MDK,45699761,0.8844572136781026
11,MAIP1,45694169,0.8844008788237282
11,LRRC47,45686096,0.8843445439693538
11,AC022154.1,45686016,0.8842882091149794
11,CDKN1C,45667406,0.884231874260605
11,TRMT1,45664782,0.8841755394062306
11,HACD3,45662149,0.8841192045518562
11,TADA3,45660826,0.8840628696974818
11,THUMPD1,45654906,0.8840065348431074
11,LINC01091,45651049,0.883950199988733
11,THAP9,45647233,0.8838938651343586
11,PMM2,45646495,0.8838375302799842
11,AL138824.1,45627687,0.8837811954256098
11,NOP9,45623489,0.8837248605712354
11,LSM12,45620417,0.883668525716861
11,LRRC8B,45612118,0.8836121908624867
11,CIAO3,45607925,0.8835558560081123
11,PAK4,45606974,0.8834995211537379
11,AC093840.1,45599432,0.8834431862993635
11,DUS2,45592075,0.883386851444989
11,PEX10,45590837,0.8833305165906146
11,PPM1A,45588245,0.8832741817362402
11,HIPK1,45583317,0.8832178468818658
11,CKMT1A,45582752,0.8831615120274914
11,BPGM,45570232,0.883105177173117
11,MOCS3,45557777,0.8830488423187426
11,GATA2,45544056,0.8829925074643682
11,AL035446.1,45537744,0.8829361726099938
11,SCLY,45536831,0.8828798377556194
11,FAF1,45527808,0.882823502901245
11,DCLRE1C,45519724,0.8827671680468706
11,CLK3,45519409,0.8827108331924962
11,TMEM161B,45518704,0.8826544983381218
11,NOA1,45518049,0.8825981634837474
11,SEPT9,45514622,0.882541828629373
11,VPS54,45498602,0.8824854937749986
11,PEX5,45493844,0.8824291589206242
11,PPIC,45491483,0.8823728240662498
11,KRI1,45472205,0.8823164892118753
11,TRIM24,45470309,0.8822601543575009
11,PEMT,45467967,0.8822038195031265
11,MFSD13A,45466629,0.8821474846487521
11,LRR1,45460326,0.8820911497943777
11,HSPE1P4,45456681,0.8820348149400034
11,BSCL2,45456451,0.881978480085629
11,ZNF75D,45455984,0.8819221452312546
11,RABL2B,45440764,0.8818658103768802
11,CHRNA5,45438633,0.8818094755225058
11,GLRX3,45425237,0.8817531406681314
11,EIF2AK4,45421740,0.881696805813757
11,HELZ,45420355,0.8816404709593826
11,TOP2B,45417465,0.8815841361050082
11,ACOT8,45417391,0.8815278012506338
11,CASC4,45393179,0.8814714663962594
11,PARS2,45386924,0.881415131541885
11,UBR1,45381480,0.8813587966875106
11,ZBED5,45381265,0.8813024618331362
11,PSMB1,45377974,0.8812461269787618
11,RXRA,45371493,0.8811897921243873
11,PSMD4,45370201,0.8811334572700129
11,PLEKHA1,45368428,0.8810771224156385
11,DIPK2A,45366115,0.8810207875612641
11,ABHD8,45353762,0.8809644527068897
11,U2SURP,45348533,0.8809081178525153
11,BRD2,45331154,0.8808517829981409
11,TDG,45326800,0.8807954481437665
11,CHCHD2,45320686,0.8807391132893921
11,KLF9,45320175,0.8806827784350177
11,ACTN4,45311872,0.8806264435806433
11,NONO,45304606,0.880570108726269
11,ASF1B,45300614,0.8805137738718946
11,LMAN2L,45297450,0.8804574390175202
11,TBC1D3L,45296789,0.8804011041631458
11,DSCC1,45294918,0.8803447693087714
11,ATG5,45293008,0.880288434454397
11,HDAC5,45291631,0.8802320996000226
11,DEGS1,45291060,0.8801757647456482
11,CLMP,45290891,0.8801194298912738
11,BLOC1S6,45285327,0.8800630950368993
11,TRABD,45279769,0.8800067601825249
11,MIA3,45274277,0.8799504253281505
11,ARHGAP35,45265108,0.8798940904737761
11,PNO1,45257931,0.8798377556194017
11,UBXN8,45256062,0.8797814207650273
11,NT5C3B,45255765,0.8797250859106529
11,EXT2,45255067,0.8796687510562785
11,DHRS13,45254800,0.8796124162019041
11,MAP4K3,45254670,0.8795560813475297
11,SLC25A38P1,45249614,0.8794997464931553
11,ARPC1B,45246576,0.8794434116387809
11,AL445487.1,45240692,0.8793870767844065
11,ING2,45237843,0.8793307419300321
11,AC141586.1,45237251,0.8792744070756577
11,QTRT1,45230278,0.8792180722212833
11,SRSF5,45230218,0.879161737366909
11,FAM189B,45228141,0.8791054025125346
11,TAF1D,45216285,0.8790490676581602
11,APTR,45213613,0.8789927328037856
11,SPRED1,45210410,0.8789363979494113
11,ZGPAT,45209902,0.8788800630950369
11,AC090281.1,45205355,0.8788237282406625
11,CCDC9,45204980,0.8787673933862881
11,EGLN2,45199086,0.8787110585319137
11,BRWD3,45198361,0.8786547236775393
11,CCNB2,45193217,0.8785983888231649
11,PTN,45188121,0.8785420539687905
11,C11orf58,45185835,0.8784857191144161
11,TBK1,45167125,0.8784293842600417
11,DCAF13,45165447,0.8783730494056673
11,FOXO3,45163754,0.8783167145512929
11,EGFLAM,45162104,0.8782603796969185
11,CLCN6,45162020,0.8782040448425441
11,KCTD2,45157701,0.8781477099881697
11,SRP72,45154998,0.8780913751337953
11,FANK1,45153324,0.8780350402794209
11,SLC39A1,45150734,0.8779787054250465
11,SLC25A32,45143858,0.8779223705706721
11,HSPA13,45138494,0.8778660357162976
11,MCMBP,45135335,0.8778097008619232
11,ZNF34,45129257,0.8777533660075488
11,EOGT,45117812,0.8776970311531744
11,ADD3,45116752,0.8776406962988
11,OR4D1,45114186,0.8775843614444256
11,CYTH3,45112187,0.8775280265900512
11,SLC9A3R1,45110552,0.8774716917356769
11,HMGN1,45110331,0.8774153568813025
11,CPNE1,45106811,0.8773590220269281
11,DNM1L,45106234,0.8773026871725537
11,RPS25,45089892,0.8772463523181793
11,PSEN1,45084206,0.8771900174638049
11,ERVK3-1,45084145,0.8771336826094305
11,SLC7A1,45082658,0.8770773477550561
11,DDX49,45080615,0.8770210129006817
11,RECQL,45078833,0.8769646780463073
11,CNOT6L,45077853,0.8769083431919329
11,CENPO,45075883,0.8768520083375585
11,MSI2,45075121,0.8767956734831841
11,ANAPC2,45073541,0.8767393386288096
11,TSPAN6,45071498,0.8766830037744352
11,TAB2,45065690,0.8766266689200608
11,HCFC1,45064505,0.8765703340656864
11,AP002982.1,45062787,0.876513999211312
11,NCAPD3,45050545,0.8764576643569376
11,SAR1B,45049272,0.8764013295025632
11,C16orf74,45042510,0.8763449946481888
11,MAP7D1,45041850,0.8762886597938144
11,EHD4,45039609,0.87623232493944
11,CYB5D1,45033039,0.8761759900850656
11,DLX6,45030040,0.8761196552306912
11,ERLEC1,45024780,0.8760633203763168
11,ABITRAM,45018014,0.8760069855219424
11,MALSU1,45007999,0.875950650667568
11,ATF1,45007264,0.8758943158131937
11,LRCH1,44999936,0.8758379809588193
11,NPM1P39,44996331,0.8757816461044449
11,STRN,44996275,0.8757253112500705
11,PCM1,44985484,0.875668976395696
11,TANK,44983187,0.8756126415413216
11,BTF3P13,44983022,0.8755563066869472
11,EPS15L1,44977645,0.8754999718325728
11,AC010677.1,44971153,0.8754436369781984
11,MFSD11,44971051,0.875387302123824
11,ZNF106,44968612,0.8753309672694496
11,KPTN,44967758,0.8752746324150752
11,CSNK2A2,44961077,0.8752182975607008
11,PLOD3,44958532,0.8751619627063264
11,NUTM1,44957322,0.875105627851952
11,MRPL27,44954038,0.8750492929975776
11,ABCF1,44953216,0.8749929581432032
11,ENDOV,44949108,0.8749366232888288
11,TRAPPC6B,44938310,0.8748802884344544
11,ABHD17C,44935085,0.87482395358008
11,BIRC6,44932577,0.8747676187257056
11,TMEM59,44932461,0.8747112838713312
11,RPL32P3,44928668,0.8746549490169568
11,AKT2,44926458,0.8745986141625824
11,COQ2,44926090,0.8745422793082079
11,TMEM120B,44922682,0.8744859444538335
11,DGKD,44921658,0.8744296095994591
11,ABCC10,44917186,0.8743732747450847
11,CCNA2,44912804,0.8743169398907104
11,TSPAN15,44910155,0.874260605036336
11,XYLB,44905888,0.8742042701819616
11,AK2,44903835,0.8741479353275872
11,ZNF83,44903294,0.8740916004732128
11,PYCR2,44892744,0.8740352656188384
11,CASD1,44888474,0.873978930764464
11,GTF2E2,44888236,0.8739225959100896
11,ZMPSTE24,44886059,0.8738662610557152
11,TEDC1,44880973,0.8738099262013408
11,SP3,44879121,0.8737535913469664
11,TGOLN2,44872263,0.873697256492592
11,TAF8,44865967,0.8736409216382176
11,TBCA,44856290,0.8735845867838432
11,ERBB3,44853305,0.8735282519294688
11,SBDSP1,44850113,0.8734719170750943
11,HAT1,44849699,0.8734155822207199
11,CTNNBL1,44844561,0.8733592473663455
11,EEPD1,44844526,0.8733029125119711
11,AC098590.1,44843800,0.8732465776575967
11,LINC00668,44843574,0.8731902428032223
11,DICER1,44834551,0.8731339079488479
11,RPA2P2,44833043,0.8730775730944735
11,ZNF609,44831338,0.8730212382400991
11,RBM4,44821759,0.8729649033857247
11,HPS1,44821372,0.8729085685313503
11,NDUFA5,44816891,0.872852233676976
11,ARMC6,44813342,0.8727958988226016
11,PTPN12,44812133,0.8727395639682272
11,CLCN3P1,44786258,0.8726832291138528
11,RDX,44781815,0.8726268942594784
11,TMEM154,44779629,0.872570559405104
11,ZBTB1,44771426,0.8725142245507296
11,ZNF675,44766314,0.8724578896963552
11,SAMHD1,44766041,0.8724015548419808
11,AC005000.2,44764615,0.8723452199876063
11,COX10-AS1,44764372,0.8722888851332319
11,NUP160,44760057,0.8722325502788575
11,RELA-DT,44759381,0.8721762154244831
11,SNRPA1,44753110,0.8721198805701087
11,SGK3,44750635,0.8720635457157343
11,OTUD5,44746453,0.8720072108613599
11,ROMO1,44744932,0.8719508760069855
11,MBD1,44742334,0.8718945411526111
11,NCBP2AS2,44739950,0.8718382062982367
11,NFYA,44736225,0.8717818714438623
11,TMBIM1,44735894,0.8717255365894879
11,EIF1P3,44732011,0.8716692017351135
11,GGH,44726838,0.8716128668807391
11,CD274,44723873,0.8715565320263647
11,UBE2B,44723498,0.8715001971719903
11,GPS1,44722198,0.871443862317616
11,MPST,44716755,0.8713875274632416
11,ERCC6,44716545,0.8713311926088672
11,L3HYPDH,44702563,0.8712748577544928
11,TET3,44702159,0.8712185229001183
11,PLXNA2,44686646,0.8711621880457439
11,CLIC1,44685510,0.8711058531913695
11,TK1,44679815,0.8710495183369951
11,ENTPD4,44678195,0.8709931834826207
11,AC008725.1,44677064,0.8709368486282463
11,NANS,44673762,0.8708805137738719
11,COG6,44658834,0.8708241789194975
11,HNRNPUP1,44657776,0.8707678440651231
11,SLC35E4,44657420,0.8707115092107487
11,CWF19L1,44649473,0.8706551743563743
11,PTS,44643777,0.8705988395019999
11,PRPF40A,44639811,0.8705425046476255
11,GEMIN4,44636075,0.8704861697932511
11,AC098824.1,44633674,0.8704298349388767
11,TTC19,44627726,0.8703735000845023
11,PSMD6,44626755,0.8703171652301279
11,NOC2LP2,44626032,0.8702608303757535
11,SRA1,44625552,0.8702044955213791
11,METTL15,44616215,0.8701481606670046
11,COPS8,44609635,0.8700918258126302
11,RIF1,44609574,0.8700354909582558
11,SESN2,44606968,0.8699791561038814
11,HERC5,44605240,0.869922821249507
11,NDFIP2,44599566,0.8698664863951326
11,CDC5L,44598667,0.8698101515407582
11,RNASE1,44597451,0.8697538166863839
11,NPEPPS,44594751,0.8696974818320095
11,PMPCB,44590654,0.8696411469776351
11,GPR137,44581067,0.8695848121232607
11,TMEM260,44576606,0.8695284772688863
11,SLC9A1,44575056,0.8694721424145119
11,HDDC2,44574507,0.8694158075601375
11,DHX58,44560332,0.8693594727057631
11,ZMAT2,44559339,0.8693031378513887
11,ELAVL1,44556251,0.8692468029970143
11,WNT5A,44551411,0.8691904681426399
11,STYXL1,44551144,0.8691341332882655
11,MSTO1,44548967,0.8690777984338911
11,TRAP1,44542561,0.8690214635795166
11,HGS,44536331,0.8689651287251422
11,SMIM13,44535097,0.8689087938707678
11,SERINC5,44528601,0.8688524590163934
11,ABHD17A,44527066,0.868796124162019
11,CCNC,44517879,0.8687397893076446
11,PUF60,44516869,0.8686834544532702
11,IDH3G,44512531,0.8686271195988958
11,HMBOX1,44509452,0.8685707847445214
11,RTF1,44495648,0.868514449890147
11,ZCCHC3,44488547,0.8684581150357726
11,ATP5MPL,44479967,0.8684017801813982
11,ST3GAL2,44474205,0.8683454453270238
11,CDC16,44469825,0.8682891104726495
11,NDUFB2,44466434,0.868232775618275
11,PUM3,44462572,0.8681764407639007
11,ARF1,44443426,0.8681201059095263
11,TNFRSF1B,44441723,0.8680637710551519
11,CCNE2,44440176,0.8680074362007775
11,TMEM165,44436555,0.867951101346403
11,TMEM41B,44430194,0.8678947664920286
11,WASHC5,44422603,0.8678384316376542
11,BRI3,44420700,0.8677820967832798
11,PCTP,44407806,0.8677257619289054
11,SPINT1,44404039,0.867669427074531
11,RPL10A,44401068,0.8676130922201566
11,GNPTG,44400817,0.8675567573657822
11,ETFA,44397310,0.8675004225114078
11,CEP164,44395244,0.8674440876570334
11,PFN2,44392635,0.867387752802659
11,SLC6A8,44391757,0.8673314179482846
11,SCPEP1,44387841,0.8672750830939102
11,TMEM248,44381289,0.8672187482395358
11,DLST,44374503,0.8671624133851614
11,LRRC58,44370586,0.867106078530787
11,SCAMP2,44362477,0.8670497436764126
11,AL355864.1,44361849,0.8669934088220382
11,ZNF670,44345777,0.8669370739676638
11,TMEM200A,44336078,0.8668807391132894
11,C6orf132,44334026,0.8668244042589149
11,C3orf52,44321240,0.8667680694045405
11,GTF2F1,44317087,0.8667117345501661
11,C4orf19,44315803,0.8666553996957918
11,ARID4B,44308467,0.8665990648414174
11,TNFAIP1,44306987,0.866542729987043
11,FBLN2,44288243,0.8664863951326686
11,SP1,44286444,0.8664300602782942
11,C15orf41,44273991,0.8663737254239198
11,MAPKAP1,44272483,0.8663173905695454
11,KIAA0232,44260668,0.866261055715171
11,RRP7BP,44256172,0.8662047208607966
11,MED10,44255309,0.8661483860064222
11,PHYHD1,44249808,0.8660920511520478
11,CCR7,44244363,0.8660357162976734
11,TMEM52B,44244080,0.865979381443299
11,ACTBP11,44237074,0.8659230465889246
11,SLC22A23,44234557,0.8658667117345502
11,RCL1,44230748,0.8658103768801758
11,UBAP1,44228164,0.8657540420258014
11,MCUB,44223135,0.8656977071714269
11,UBE3AP2,44217402,0.8656413723170525
11,SMUG1,44216358,0.8655850374626781
11,RPS6KA3,44212594,0.8655287026083037
11,TEX2,44207420,0.8654723677539293
11,NEPRO,44206359,0.8654160328995549
11,PRMT9,44198341,0.8653596980451805
11,AC016821.1,44197599,0.8653033631908061
11,RABGEF1,44194677,0.8652470283364317
11,FNBP1L,44193694,0.8651906934820573
11,AC084024.4,44193515,0.865134358627683
11,KDM4B,44192396,0.8650780237733086
11,SCYL3,44191619,0.8650216889189342
11,AP005018.2,44187432,0.8649653540645598
11,MTRNR2L12,44186239,0.8649090192101854
11,PHKA1,44181386,0.864852684355811
11,SMIM30,44177964,0.8647963495014366
11,TMEM128,44176633,0.8647400146470622
11,TKTL1,44175549,0.8646836797926878
11,ASB6,44174888,0.8646273449383133
11,LSM10,44172107,0.8645710100839389
11,H2AFZP2,44171308,0.8645146752295645
11,ZNF317,44168485,0.8644583403751901
11,SCAMP4,44162628,0.8644020055208157
11,NOL11,44161475,0.8643456706664413
11,ATG2A,44158924,0.8642893358120669
11,C17orf98,44158897,0.8642330009576925
11,RHOV,44153837,0.8641766661033181
11,BLMH,44152338,0.8641203312489437
11,DUX4L50,44149358,0.8640639963945693
11,SUSD3,44145878,0.8640076615401949
11,RNF149,44145528,0.8639513266858205
11,IQCH-AS1,44137387,0.8638949918314461
11,HOXB2,44136131,0.8638386569770717
11,DHX30,44133987,0.8637823221226973
11,SLC44A2,44127924,0.863725987268323
11,PLA2G12AP1,44121695,0.8636696524139486
11,KIF5A,44116924,0.8636133175595742
11,SLC26A6,44115911,0.8635569827051998
11,MLEC,44100819,0.8635006478508253
11,TAB1,44091955,0.8634443129964509
11,SMN1,44091731,0.8633879781420765
11,CBX4,44087196,0.8633316432877021
11,NFE2,44080806,0.8632753084333277
11,PPME1,44079910,0.8632189735789533
11,NRSN2,44078697,0.8631626387245789
11,GAS6,44074483,0.8631063038702045
11,NPLOC4,44064606,0.8630499690158301
11,NECAP1,44056302,0.8629936341614557
11,SERPINE2,44053819,0.8629372993070813
11,CHTF8,44046078,0.8628809644527069
11,MRGBP,44045699,0.8628246295983325
11,SNHG21,44043674,0.8627682947439581
11,C5orf30,44039139,0.8627119598895837
11,ATP6V0D1,44036042,0.8626556250352093
11,PRCC,44033041,0.8625992901808349
11,ZNHIT3,44028351,0.8625429553264605
11,SMPD3,44028096,0.8624866204720861
11,ATP1B3,44015986,0.8624302856177116
11,FUT10,44013756,0.8623739507633372
11,NLRP2B,44006582,0.8623176159089628
11,SPNS1,44005533,0.8622612810545884
11,TP53BP2,43991034,0.862204946200214
11,AC104297.1,43990847,0.8621486113458396
11,MPHOSPH6,43984093,0.8620922764914652
11,TMCO1,43975602,0.8620359416370909
11,AC010970.1,43975484,0.8619796067827165
11,MIEF2,43971992,0.8619232719283421
11,ERVH48-1,43966661,0.8618669370739677
11,EIF2S1,43960826,0.8618106022195933
11,RPS10P3,43958747,0.8617542673652189
11,MRPL51,43944613,0.8616979325108445
11,AC097713.2,43943403,0.8616415976564701
11,ASPRV1,43931134,0.8615852628020957
11,TPD52,43929312,0.8615289279477213
11,MND1,43928363,0.8614725930933469
11,FANCD2,43928073,0.8614162582389725
11,CNPY3,43927757,0.8613599233845981
11,ANKFY1,43926951,0.8613035885302236
11,SELENOO,43917294,0.8612472536758492
11,ERC1,43916424,0.8611909188214748
11,RPL37AP1,43912911,0.8611345839671004
11,COMMD6,43909322,0.861078249112726
11,SQSTM1,43906173,0.8610219142583516
11,PPP2CA,43902238,0.8609655794039772
11,SBNO2,43901162,0.8609092445496028
11,FRG1GP,43897947,0.8608529096952284
11,GCN1,43897308,0.860796574840854
11,CHST2,43894257,0.8607402399864796
11,NDUFB9,43883014,0.8606839051321052
11,ETNK1,43875366,0.8606275702777308
11,CLPTM1L,43873778,0.8605712354233565
11,TTC38,43871853,0.860514900568982
11,ZFC3H1,43869232,0.8604585657146077
11,RNF34,43864822,0.8604022308602333
11,EIF1P5,43860174,0.8603458960058589
11,ZNF337,43854100,0.8602895611514845
11,ZNF165,43852187,0.8602332262971101
11,BDP1,43845086,0.8601768914427356
11,STXBP5,43826841,0.8601205565883612
11,FZD5,43819171,0.8600642217339868
11,TTC7B,43811053,0.8600078868796124
11,UPF3A,43810049,0.859951552025238
11,VTI1A,43809505,0.8598952171708636
11,PUS7L,43803901,0.8598388823164892
11,BCAT2,43796890,0.8597825474621148
11,HINT1,43790763,0.8597262126077404
11,RPL7,43787542,0.859669877753366
11,ZNF263,43768759,0.8596135428989916
11,ME2,43765265,0.8595572080446172
11,MT-CO2,43753262,0.8595008731902428
11,KANSL1,43748692,0.8594445383358684
11,AARS2,43748622,0.859388203481494
11,HUNK,43748461,0.8593318686271196
11,NECTIN2,43736488,0.8592755337727452
11,PCNP,43735320,0.8592191989183708
11,ATP6AP2,43733915,0.8591628640639964
11,WASL,43732241,0.8591065292096219
11,GNPDA2,43730479,0.8590501943552475
11,PHKG2,43725943,0.8589938595008731
11,SUSD6,43718913,0.8589375246464988
11,APRT,43716336,0.8588811897921244
11,TET2,43716330,0.85882485493775
11,SLC30A5,43710157,0.8587685200833756
11,S100A6,43704375,0.8587121852290012
11,CCNB1,43703577,0.8586558503746268
11,SIRT2,43695827,0.8585995155202524
11,SLC39A11,43692433,0.858543180665878
11,TRIM13,43684809,0.8584868458115036
11,AC139795.1,43682339,0.8584305109571292
11,GADD45GIP1,43682224,0.8583741761027548
11,SSR3,43680737,0.8583178412483804
11,CALM1,43678903,0.858261506394006
11,ZNF391,43678506,0.8582051715396316
11,UXS1,43672785,0.8581488366852572
11,ATG7,43670695,0.8580925018308828
11,MRPS6,43668331,0.8580361669765084
11,ZNF141,43667290,0.8579798321221339
11,MFAP3L,43658951,0.8579234972677595
11,AL391650.1,43656666,0.8578671624133851
11,DHRS3,43649790,0.8578108275590107
11,STX4,43645645,0.8577544927046363
11,SNHG25,43638594,0.8576981578502619
11,TEX30,43624375,0.8576418229958875
11,TRMT112P6,43621014,0.8575854881415131
11,GJC1,43618616,0.8575291532871387
11,BBC3,43608805,0.8574728184327643
11,IL11RA,43608212,0.85741648357839
11,SPTLC1P2,43602728,0.8573601487240156
11,CD52,43601011,0.8573038138696412
11,RPS7,43596462,0.8572474790152668
11,G6PD,43594325,0.8571911441608924
11,SSH2,43587857,0.857134809306518
11,HNRNPA2B1,43580521,0.8570784744521436
11,PSMD7P1,43574524,0.8570221395977692
11,LSS,43563793,0.8569658047433948
11,PLOD1,43562179,0.8569094698890204
11,PSMA1,43560764,0.8568531350346459
11,RMDN3,43556995,0.8567968001802715
11,MANBAL,43549203,0.8567404653258971
11,ITLN2,43529358,0.8566841304715227
11,PTPA,43528737,0.8566277956171483
11,MMP14,43516058,0.8565714607627739
11,PHB2,43515081,0.8565151259083995
11,DPY19L1P1,43513117,0.8564587910540251
11,AL603750.1,43506438,0.8564024561996507
11,PRSS8,43501251,0.8563461213452763
11,PRR13P5,43499072,0.8562897864909019
11,MTHFD2,43498916,0.8562334516365275
11,ZNF292,43496490,0.8561771167821531
11,PDXDC1,43496037,0.8561207819277787
11,TROAP,43494832,0.8560644470734043
11,LTBP3,43493757,0.85600811221903
11,NSD1,43491988,0.8559517773646556
11,HSPA1A,43480659,0.8558954425102812
11,EXOSC7,43476357,0.8558391076559068
11,TBPL1,43475412,0.8557827728015323
11,PFDN4,43474532,0.8557264379471579
11,MRPL42,43471299,0.8556701030927835
11,MARCKSL1,43466863,0.8556137682384091
11,ARPP19,43464993,0.8555574333840347
11,HTRA2,43464619,0.8555010985296603
11,ENPP4,43463961,0.8554447636752859
11,VTA1,43459166,0.8553884288209115
11,MINAR1,43456628,0.8553320939665371
11,SPTBN1,43456480,0.8552757591121627
11,DNMT3A,43455457,0.8552194242577883
11,COMMD9,43447291,0.8551630894034139
11,GLYR1,43446397,0.8551067545490395
11,BORCS6,43444901,0.8550504196946651
11,ADAM18,43444229,0.8549940848402907
11,TMEM199,43443709,0.8549377499859163
11,TAF9,43437349,0.8548814151315419
11,PHF3,43435173,0.8548250802771675
11,ZNF341,43434248,0.8547687454227931
11,ASF1A,43432095,0.8547124105684187
11,AL353072.1,43431765,0.8546560757140442
11,RPL5,43430369,0.8545997408596698
11,THUMPD1P1,43429579,0.8545434060052954
11,LGALS16,43428567,0.854487071150921
11,NUPL2,43428125,0.8544307362965466
11,TCIRG1,43416317,0.8543744014421722
11,TRIP13,43405232,0.8543180665877979
11,DARS,43404154,0.8542617317334235
11,ITSN2,43404146,0.8542053968790491
11,SNX8,43402954,0.8541490620246747
11,SLC38A9,43401782,0.8540927271703003
11,IRX4,43399342,0.8540363923159259
11,WDR6,43393184,0.8539800574615515
11,HEATR3,43391271,0.8539237226071771
11,CD47,43390677,0.8538673877528027
11,GSPT1,43386652,0.8538110528984283
11,IRF2BP1,43379637,0.8537547180440539
11,WIPI1,43379101,0.8536983831896795
11,NOB1,43377476,0.8536420483353051
11,KIAA2013,43376879,0.8535857134809306
11,TNS3,43376315,0.8535293786265562
11,AREL1,43373812,0.8534730437721818
11,DBNL,43372950,0.8534167089178074
11,ZER1,43368323,0.853360374063433
11,EDNRB,43366951,0.8533040392090586
11,GSTM4,43366183,0.8532477043546842
11,ACYP2,43365337,0.8531913695003098
11,HCG18,43363991,0.8531350346459354
11,ODR4,43356128,0.853078699791561
11,WFS1,43353429,0.8530223649371866
11,TCTN2,43351047,0.8529660300828122
11,GCNT1,43350985,0.8529096952284378
11,E2F3,43349884,0.8528533603740635
11,C4orf33,43348087,0.8527970255196891
11,B3GNT7,43347279,0.8527406906653147
11,SKI,43343776,0.8526843558109403
11,AGO2,43337199,0.8526280209565659
11,IMPDH1P5,43337128,0.8525716861021915
11,ISYNA1,43334091,0.8525153512478171
11,HIP1R,43333385,0.8524590163934426
11,ENTPD7,43328267,0.8524026815390682
11,BEND3P1,43320930,0.8523463466846938
11,RIOX2,43315473,0.8522900118303194
11,TRIM33,43314733,0.852233676975945
11,TYSND1,43311741,0.8521773421215706
11,KIF3A,43308980,0.8521210072671962
11,COLQ,43308903,0.8520646724128218
11,SREBF1,43306382,0.8520083375584474
11,HIST1H2AA,43304634,0.851952002704073
11,KIAA0753,43303749,0.8518956678496986
11,EGFL7,43300707,0.8518393329953242
11,NPNT,43293792,0.8517829981409498
11,FBXO22,43285618,0.8517266632865754
11,ZMYND19,43285125,0.851670328432201
11,TRAF7,43279783,0.8516139935778266
11,AC009533.1,43275258,0.8515576587234522
11,IPO9,43270625,0.8515013238690778
11,AXIN1,43270021,0.8514449890147034
11,TRMT61B,43265807,0.851388654160329
11,TP53I13,43264975,0.8513323193059545
11,MT-ND5,43258729,0.8512759844515801
11,CHCHD5,43256686,0.8512196495972058
11,BRD7,43252688,0.8511633147428314
11,DYNLT3,43252436,0.851106979888457
11,BCR,43228210,0.8510506450340826
11,ZNF574,43213444,0.8509943101797082
11,AFG3L1P,43206336,0.8509379753253338
11,DNAJC17,43198865,0.8508816404709594
11,AL031577.1,43196933,0.850825305616585
11,WRB,43194704,0.8507689707622106
11,LMX1B,43192199,0.8507126359078362
11,DBI,43189200,0.8506563010534618
11,C16orf91,43183586,0.8505999661990874
11,TIRAP,43177506,0.850543631344713
11,P3H1,43172593,0.8504872964903386
11,DDIAS,43164371,0.8504309616359642
11,LINC02109,43163280,0.8503746267815898
11,ATAD3A,43157086,0.8503182919272154
11,SMARCC2,43148342,0.8502619570728409
11,PPP1R8,43142480,0.8502056222184665
11,DLGAP2,43139069,0.8501492873640921
11,SLC7A11,43134495,0.8500929525097177
11,KIFC1,43133248,0.8500366176553433
11,MED11,43132092,0.8499802828009689
11,CERS2,43128220,0.8499239479465945
11,CDV3,43125625,0.8498676130922201
11,TRMT12,43123365,0.8498112782378457
11,GRAMD2B,43108194,0.8497549433834714
11,AC106799.2,43107374,0.849698608529097
11,ZNF3,43106186,0.8496422736747226
11,DDX23,43094465,0.8495859388203482
11,RPL17,43094238,0.8495296039659738
11,TMEM9,43093386,0.8494732691115994
11,ZNF44,43093160,0.849416934257225
11,RFXAP,43092179,0.8493605994028506
11,BX842568.2,43089123,0.8493042645484762
11,SGTA,43072208,0.8492479296941018
11,USP48,43072124,0.8491915948397274
11,RRP12,43062255,0.8491352599853529
11,TENT5B,43051529,0.8490789251309785
11,NDRG2,43050233,0.8490225902766041
11,LIMA1,43048268,0.8489662554222297
11,CATSPERG,43047176,0.8489099205678553
11,ERCC3,43041703,0.8488535857134809
11,NBPF3,43038462,0.8487972508591065
11,BMF,43037464,0.8487409160047321
11,TTI2,43029754,0.8486845811503577
11,KCTD3,43028325,0.8486282462959833
11,VHL,43018522,0.8485719114416089
11,CHERP,43016440,0.8485155765872345
11,AC105245.1,43014253,0.8484592417328601
11,ISCU,43013887,0.8484029068784857
11,VAMP1,43013322,0.8483465720241113
11,RPS13,43011032,0.848290237169737
11,ICMT,43009066,0.8482339023153626
11,B3GALNT2,42997879,0.8481775674609882
11,AC006011.2,42996892,0.8481212326066138
11,GPR89A,42993810,0.8480648977522393
11,DHX35,42985297,0.8480085628978649
11,ALDH7A1,42982346,0.8479522280434905
11,SUMO2,42973346,0.8478958931891161
11,CHRNB1,42964882,0.8478395583347417
11,MIER2,42959608,0.8477832234803673
11,MCRS1,42948847,0.8477268886259929
11,XRCC2,42947115,0.8476705537716185
11,GMCL2,42942899,0.8476142189172441
11,AC090771.1,42941645,0.8475578840628697
11,TMEM107,42938462,0.8475015492084953
11,APTX,42937805,0.8474452143541209
11,SLC12A9,42934063,0.8473888794997465
11,TFE3,42931240,0.8473325446453721
11,SPPL2A,42919921,0.8472762097909977
11,GMPPA,42916854,0.8472198749366233
11,SLC25A5P8,42913160,0.8471635400822489
11,VPS4B,42909870,0.8471072052278745
11,MED16,42909623,0.8470508703735001
11,ECHS1,42906418,0.8469945355191257
11,ALG14,42904134,0.8469382006647512
11,DLX4,42903305,0.8468818658103768
11,SYF2,42901476,0.8468255309560024
11,VPS37C,42899924,0.846769196101628
11,RNF5P1,42892570,0.8467128612472536
11,THOC2,42886208,0.8466565263928792
11,GHITM,42883705,0.8466001915385049
11,PDPK1,42883380,0.8465438566841305
11,ZNF511,42878592,0.8464875218297561
11,LRRC69,42863574,0.8464311869753817
11,AL033519.3,42861617,0.8463748521210073
11,ACSF2,42857795,0.8463185172666329
11,CDK2,42854774,0.8462621824122585
11,AL136301.1,42854111,0.8462058475578841
11,ZNF346,42841011,0.8461495127035097
11,FRMD4B,42836108,0.8460931778491353
11,P2RY11,42834719,0.8460368429947609
11,LINC02595,42832140,0.8459805081403865
11,ABCD1,42829802,0.8459241732860121
11,ACLY,42828018,0.8458678384316377
11,CUL4B,42827805,0.8458115035772632
11,CCN1,42819647,0.8457551687228888
11,CLN5,42817535,0.8456988338685144
11,AL512347.1,42817386,0.84564249901414
11,CAMKMT,42815680,0.8455861641597656
11,PRRC2A,42815451,0.8455298293053912
11,BRD8,42814197,0.8454734944510168
11,FAN1,42811761,0.8454171595966424
11,PSAT1,42802804,0.845360824742268
11,ZNF808,42791750,0.8453044898878936
11,AFG1L,42782236,0.8452481550335192
11,PDCD4,42781305,0.8451918201791448
11,ARL2BP,42775311,0.8451354853247705
11,MPZL3,42768932,0.8450791504703961
11,SETD7,42768417,0.8450228156160217
11,TP53BP1,42765512,0.8449664807616473
11,SRSF3,42763707,0.8449101459072729
11,ZNF689,42762452,0.8448538110528985
11,PEF1,42757929,0.8447974761985241
11,SHROOM2,42757831,0.8447411413441496
11,FBXO33,42757347,0.8446848064897752
11,CLDN6,42751432,0.8446284716354008
11,MTRNR2L6,42750658,0.8445721367810264
11,HMGA1P1,42749889,0.844515801926652
11,SNX2,42737943,0.8444594670722776
11,PI4K2A,42729357,0.8444031322179032
11,TTC21B,42721519,0.8443467973635288
11,PHF21A,42715232,0.8442904625091544
11,EEF1AKMT4,42711339,0.84423412765478
11,HIST1H2BH,42702512,0.8441777928004056
11,PRKDC,42701874,0.8441214579460312
11,HSF1,42690677,0.8440651230916568
11,PPID,42685555,0.8440087882372824
11,HS2ST1,42681956,0.843952453382908
11,SELENOT,42681181,0.8438961185285336
11,ALG8,42678352,0.8438397836741592
11,ATRX,42675538,0.8437834488197848
11,PPP4R1,42666084,0.8437271139654104
11,CHD1L,42665181,0.843670779111036
11,SGCE,42663053,0.8436144442566615
11,MRPL46,42658039,0.8435581094022871
11,TMEM63B,42656275,0.8435017745479128
11,KRT18,42653722,0.8434454396935384
11,A2ML1,42646758,0.843389104839164
11,SUSD2,42645793,0.8433327699847896
11,UTP23,42643244,0.8432764351304152
11,HNRNPH2,42639784,0.8432201002760408
11,CYB5R1,42636601,0.8431637654216664
11,GATAD2A,42631858,0.843107430567292
11,TMSB4X,42620433,0.8430510957129176
11,C6orf62,42611793,0.8429947608585432
11,AMN1,42608750,0.8429384260041688
11,TAF6,42599996,0.8428820911497944
11,MT-ND4L,42595685,0.84282575629542
11,CREB1,42594959,0.8427694214410456
11,UBE3C,42594514,0.8427130865866712
11,UBE2E3,42593737,0.8426567517322968
11,PITPNA-AS1,42592748,0.8426004168779224
11,AC067852.5,42586721,0.842544082023548
11,NPIPB11,42584655,0.8424877471691735
11,TMEM33,42583948,0.8424314123147991
11,MTFR1,42575133,0.8423750774604247
11,MT-TA,42571399,0.8423187426060503
11,LYPLA1,42564541,0.8422624077516759
11,PPP1CB,42563853,0.8422060728973015
11,COPB2,42561739,0.8421497380429271
11,APOE,42553655,0.8420934031885527
11,TMEM170A,42549845,0.8420370683341784
11,TACC2,42548944,0.841980733479804
11,TBC1D7,42545581,0.8419243986254296
11,ABCG2,42540494,0.8418680637710552
11,TUSC1,42536547,0.8418117289166808
11,PPP4C,42533038,0.8417553940623064
11,KRR1,42532898,0.841699059207932
11,OSBPL1A,42529979,0.8416427243535576
11,HDHD5,42529126,0.8415863894991832
11,NCAPGP2,42527904,0.8415300546448088
11,KAT8,42524844,0.8414737197904344
11,KIF1C,42523839,0.8414173849360599
11,AC091807.1,42522530,0.8413610500816855
11,ZNF493,42515960,0.8413047152273111
11,AC090589.1,42515050,0.8412483803729367
11,LIN37,42507546,0.8411920455185623
11,ABCA7,42506854,0.8411357106641879
11,RPP25,42505229,0.8410793758098135
11,UROS,42505077,0.8410230409554391
11,EPC2,42504669,0.8409667061010647
11,COX7A2L,42494336,0.8409103712466903
11,ASL,42494031,0.8408540363923159
11,ARHGAP18,42492773,0.8407977015379415
11,MARCH8,42487917,0.8407413666835671
11,ANKIB1,42476848,0.8406850318291927
11,B3GNT5,42476626,0.8406286969748183
11,S100A11,42475207,0.840572362120444
11,GFOD2,42472601,0.8405160272660696
11,SGSH,42471546,0.8404596924116952
11,SOX13,42469045,0.8404033575573208
11,ALKBH4,42461697,0.8403470227029464
11,KRT18P39,42452755,0.8402906878485719
11,ALG5,42446330,0.8402343529941975
11,OGFR,42442250,0.8401780181398231
11,RAD18,42437126,0.8401216832854487
11,NDUFS3,42433329,0.8400653484310743
11,SREK1,42431691,0.8400090135766999
11,STMP1,42428873,0.8399526787223255
11,BNIP3L,42424835,0.8398963438679511
11,AC005674.2,42424416,0.8398400090135767
11,IMPDH1P4,42424339,0.8397836741592023
11,AL022313.1,42422273,0.8397273393048279
11,SLC35A4,42418317,0.8396710044504535
11,AP006296.1,42413611,0.8396146695960791
11,GPSM2,42413281,0.8395583347417047
11,AL158206.1,42411877,0.8395019998873303
11,PACSIN3,42410877,0.8394456650329559
11,SLC38A6,42404657,0.8393893301785815
11,DYNLL1,42403476,0.8393329953242071
11,RUFY1,42402519,0.8392766604698327
11,PTDSS1,42398186,0.8392203256154582
11,MAN2B1,42397579,0.8391639907610838
11,ZNF85,42397096,0.8391076559067094
11,ARHGAP27P1-BPTFP1-KPNA2P3,42396737,0.839051321052335
11,SNU13,42395713,0.8389949861979606
11,UBE3B,42391466,0.8389386513435863
11,WRAP53,42388419,0.8388823164892119
11,PSMB10,42388220,0.8388259816348375
11,C1orf109,42386994,0.8387696467804631
11,RPL31,42377797,0.8387133119260887
11,AP002387.2,42376385,0.8386569770717143
11,C6orf89,42375194,0.8386006422173399
11,RPL4P5,42371676,0.8385443073629655
11,UTP11,42365664,0.8384879725085911
11,OIP5,42364091,0.8384316376542167
11,COCH,42359902,0.8383753027998423
11,CYSTM1,42359813,0.8383189679454679
11,TMEM269,42359104,0.8382626330910935
11,FNBP1,42359084,0.8382062982367191
11,C10orf82,42357327,0.8381499633823447
11,PISD,42346753,0.8380936285279702
11,BAGE2,42344577,0.8380372936735958
11,PROCR,42342600,0.8379809588192214
11,GDF15,42342242,0.837924623964847
11,AC016586.1,42341572,0.8378682891104726
11,BIRC5,42338905,0.8378119542560982
11,SWAP70,42337011,0.8377556194017238
11,FNIP1,42332374,0.8376992845473494
11,PTRHD1,42331723,0.837642949692975
11,COA1,42325811,0.8375866148386006
11,OR56A3,42324364,0.8375302799842262
11,GUSB,42321269,0.8374739451298518
11,SAR1A,42318926,0.8374176102754775
11,PRIM1,42317674,0.8373612754211031
11,CSF3R,42317535,0.8373049405667287
11,NCLN,42314953,0.8372486057123543
11,HLA-E,42313952,0.8371922708579799
11,NMRAL1,42309634,0.8371359360036055
11,HYAL4,42295427,0.8370796011492311
11,MT-TG,42294743,0.8370232662948567
11,MRPL30,42293020,0.8369669314404822
11,RPSAP47,42288705,0.8369105965861078
11,MTRF1,42283624,0.8368542617317334
11,UTP6,42283464,0.836797926877359
11,AC245060.2,42280664,0.8367415920229846
11,FOXH1,42279450,0.8366852571686102
11,PLEKHJ1,42271537,0.8366289223142358
11,RNF25,42269873,0.8365725874598614
11,NCAPG2,42269494,0.836516252605487
11,TWF2,42261040,0.8364599177511126
11,DDX51,42259656,0.8364035828967382
11,DDX41,42259318,0.8363472480423638
11,SPINDOC,42242299,0.8362909131879894
11,ATP2C2,42239240,0.836234578333615
11,GSTP1,42230780,0.8361782434792406
11,KAT14,42230262,0.8361219086248662
11,SNHG30,42227144,0.8360655737704918
11,WRAP73,42226928,0.8360092389161174
11,AL031985.2,42225555,0.835952904061743
11,CENPX,42224494,0.8358965692073685
11,NUDT21,42223768,0.8358402343529941
11,MED4,42220148,0.8357838994986198
11,AC073310.1,42217099,0.8357275646442454
11,USP15,42216603,0.835671229789871
11,ATP6V1C1,42213295,0.8356148949354966
11,TERF1,42212747,0.8355585600811222
11,MRPS5,42200517,0.8355022252267478
11,AL603766.1,42198529,0.8354458903723734
11,AC116359.1,42196594,0.835389555517999
11,TIAM1,42195518,0.8353332206636246
11,PIN1,42194540,0.8352768858092502
11,XBP1,42190949,0.8352205509548758
11,ZWINT,42188925,0.8351642161005014
11,LINC00685,42185632,0.835107881246127
11,CCT4,42185396,0.8350515463917526
11,DHODH,42183830,0.8349952115373782
11,PM20D2,42181359,0.8349388766830038
11,CD320,42180057,0.8348825418286294
11,MAN2C1,42178426,0.834826206974255
11,FAM9B,42177246,0.8347698721198805
11,PTGES3P3,42173589,0.8347135372655061
11,DPH7,42172421,0.8346572024111317
11,SUV39H2,42170049,0.8346008675567573
11,GHRLOS,42162253,0.8345445327023829
11,POLH,42157148,0.8344881978480085
11,PIGV,42157074,0.8344318629936341
11,RPA1,42154134,0.8343755281392597
11,LINC00630,42141154,0.8343191932848854
11,HSPA9P1,42140659,0.834262858430511
11,BOP1,42134088,0.8342065235761366
11,STT3B,42132897,0.8341501887217622
11,GON7,42132583,0.8340938538673878
11,LRRC1,42130502,0.8340375190130134
11,C1orf112,42124907,0.833981184158639
11,RCC2,42124241,0.8339248493042646
11,IVD,42123227,0.8338685144498902
11,TMEM14B,42122851,0.8338121795955158
11,KATNB1,42120733,0.8337558447411414
11,HACD1,42111183,0.8336995098867669
11,GJA5,42105940,0.8336431750323925
11,CLUHP3,42105262,0.8335868401780181
11,NHP2,42095950,0.8335305053236437
11,COG3,42095434,0.8334741704692693
11,ZMAT5,42094896,0.8334178356148949
11,SMIM26,42094722,0.8333615007605205
11,HMBS,42090138,0.8333051659061461
11,ACTL6A,42085077,0.8332488310517717
11,PIH1D2,42075220,0.8331924961973973
11,HACD2,42069423,0.8331361613430229
11,GFM2,42068017,0.8330798264886485
11,RF00019-51,42067079,0.8330234916342741
11,ACOX3,42059048,0.8329671567798997
11,ITFG2,42058818,0.8329108219255253
11,MSL3P1,42055656,0.832854487071151
11,CYP2S1,42054036,0.8327981522167766
11,WDR34,42040258,0.8327418173624022
11,ATP1A4,42038633,0.8326854825080278
11,FOXK2,42022981,0.8326291476536534
11,JAM3,42020464,0.8325728127992789
11,LONRF1,42016649,0.8325164779449045
11,DHCR24,42015831,0.8324601430905301
11,GOLGA3,42010829,0.8324038082361557
11,RHBDF2,42006583,0.8323474733817813
11,APELA,42003495,0.8322911385274069
11,RSL24D1,42000007,0.8322348036730325
11,CDC27,41997881,0.8321784688186581
11,AC025470.1,41997490,0.8321221339642837
11,INSL6,41997314,0.8320657991099093
11,RPS5,41989979,0.8320094642555349
11,RPS15,41986862,0.8319531294011605
11,FBXO30,41983066,0.8318967945467861
11,SLC25A19,41982534,0.8318404596924117
11,TNKS2,41980156,0.8317841248380373
11,AC026688.1,41976438,0.8317277899836629
11,SLC25A36,41974510,0.8316714551292885
11,CTDP1,41968903,0.8316151202749141
11,ADAM15,41963738,0.8315587854205397
11,AC003102.1,41962320,0.8315024505661653
11,PPARD,41962152,0.8314461157117908
11,TRPS1,41958830,0.8313897808574164
11,TGIF1,41956940,0.831333446003042
11,AP2M1,41953665,0.8312771111486676
11,HPGD,41950311,0.8312207762942933
11,ZNF655,41943127,0.8311644414399189
11,NME6,41939871,0.8311081065855445
11,RGS16,41935350,0.8310517717311701
11,TANGO6,41935177,0.8309954368767957
11,IPO11,41934164,0.8309391020224213
11,SMIM15,41931392,0.8308827671680469
11,RGCC,41928526,0.8308264323136725
11,NUDT14,41924314,0.8307700974592981
11,TPD52L2,41920405,0.8307137626049237
11,CMC1,41918731,0.8306574277505493
11,CDC123,41916250,0.8306010928961749
11,AP003392.4,41915943,0.8305447580418005
11,PPM1F,41908987,0.8304884231874261
11,SLC25A24P1,41908386,0.8304320883330517
11,AC020916.1,41903458,0.8303757534786772
11,AC011416.2,41903330,0.8303194186243028
11,FRS2,41902153,0.8302630837699284
11,ELF1,41896412,0.830206748915554
11,DLEU1,41894445,0.8301504140611796
11,METAP1,41890988,0.8300940792068052
11,RPS4XP11,41888651,0.8300377443524308
11,GMNN,41878864,0.8299814094980564
11,SCRIB,41876042,0.829925074643682
11,MON1B,41872014,0.8298687397893076
11,MSMO1,41867812,0.8298124049349332
11,RPSAP8,41865233,0.8297560700805588
11,LINC00963,41859901,0.8296997352261845
11,AC007842.1,41856598,0.8296434003718101
11,DAP3,41853268,0.8295870655174357
11,PEX16,41847778,0.8295307306630613
11,KIF1BP,41839968,0.8294743958086869
11,AC073611.1,41831112,0.8294180609543125
11,HNRNPAB,41825422,0.8293617260999381
11,PSMA8,41817848,0.8293053912455637
11,CYBA,41812894,0.8292490563911892
11,PPATP1,41812582,0.8291927215368148
11,B3GAT3,41809919,0.8291363866824404
11,HEG1,41809358,0.829080051828066
11,ARID2,41808623,0.8290237169736916
11,LY6E,41804309,0.8289673821193172
11,AP003057.1,41798731,0.8289110472649428
11,RANBP3,41792233,0.8288547124105684
11,MYLK-AS1,41790834,0.828798377556194
11,PRDX4,41784219,0.8287420427018196
11,PWWP3A,41783639,0.8286857078474452
11,CHORDC1,41769336,0.8286293729930708
11,APP,41766670,0.8285730381386964
11,SPRED2,41765717,0.828516703284322
11,MDM1,41764856,0.8284603684299476
11,AGK,41755148,0.8284040335755732
11,DAZAP2,41750053,0.8283476987211988
11,MOB1B,41748109,0.8282913638668244
11,RNF145,41748031,0.82823502901245
11,BSPRY,41745990,0.8281786941580757
11,SLC43A2,41743776,0.8281223593037011
11,SNHG12,41735060,0.8280660244493268
11,NFE2L1,41733874,0.8280096895949524
11,MIS18BP1,41727891,0.827953354740578
11,ATP6V0D2,41717593,0.8278970198862036
11,ALKBH6,41717386,0.8278406850318292
11,CYP19A1,41715936,0.8277843501774548
11,ZNF561,41711908,0.8277280153230804
11,DDX42,41709372,0.827671680468706
11,TTC1,41703635,0.8276153456143316
11,COPS6,41701299,0.8275590107599572
11,TMEM241,41694247,0.8275026759055828
11,CCKBR,41690494,0.8274463410512084
11,ZC3H13,41689950,0.827390006196834
11,DPH5,41682073,0.8273336713424596
11,ESRP2,41671165,0.8272773364880852
11,AL358942.1,41670640,0.8272210016337108
11,ADO,41669820,0.8271646667793364
11,STX1A,41667301,0.827108331924962
11,PLIN3,41666919,0.8270519970705875
11,VRK1,41666840,0.8269956622162131
11,NCK1,41666806,0.8269393273618387
11,NINJ1,41666513,0.8268829925074643
11,AGAP7P,41665315,0.8268266576530899
11,SLC39A4,41656534,0.8267703227987155
11,WNT7B,41651837,0.8267139879443411
11,GNAI3,41650464,0.8266576530899667
11,ZBTB7C,41645872,0.8266013182355924
11,TEKT2,41637837,0.826544983381218
11,BABAM1,41637201,0.8264886485268436
11,EFHD2,41636658,0.8264323136724692
11,POC5,41633826,0.8263759788180948
11,RPS5P7,41633708,0.8263196439637204
11,TMEM67,41633488,0.826263309109346
11,USP42,41631231,0.8262069742549716
11,FOXP4,41615793,0.8261506394005972
11,ARID1B,41609795,0.8260943045462228
11,C17orf53,41607909,0.8260379696918484
11,CLDN19,41607137,0.825981634837474
11,MSL1,41607089,0.8259252999830995
11,URB1-AS1,41603135,0.8258689651287251
11,MSS51,41600300,0.8258126302743507
11,CASP6,41597086,0.8257562954199763
11,TTC14,41593982,0.8256999605656019
11,YIPF2,41593904,0.8256436257112275
11,LRIG3,41593394,0.8255872908568531
11,SELENOH,41589667,0.8255309560024787
11,STX5,41588205,0.8254746211481043
11,ZC3H15,41585199,0.8254182862937299
11,OSGEP,41580162,0.8253619514393555
11,CAMTA2,41579858,0.8253056165849811
11,GJA1,41576859,0.8252492817306067
11,AC092279.1,41568501,0.8251929468762323
11,PRSS12,41564660,0.825136612021858
11,C12orf43,41561596,0.8250802771674836
11,MYO6,41560887,0.8250239423131092
11,PLAC8,41553866,0.8249676074587348
11,DPP8,41546410,0.8249112726043604
11,CIPC,41540213,0.8248549377499859
11,CDCA4,41537772,0.8247986028956115
11,ELMOD3,41534585,0.8247422680412371
11,OSBPL9P2,41531888,0.8246859331868627
11,TMEM141,41530108,0.8246295983324883
11,NXT1,41527759,0.8245732634781139
11,COQ9,41516306,0.8245169286237395
11,EPAS1,41513982,0.8244605937693651
11,CYTH2,41511069,0.8244042589149907
11,TMEM206,41509381,0.8243479240606163
11,VPS37A,41508323,0.8242915892062419
11,HMGCS1,41505880,0.8242352543518675
11,CDK5RAP3,41505248,0.8241789194974931
11,PIP5K1B,41503953,0.8241225846431187
11,AC012442.2,41498287,0.8240662497887443
11,PANK4,41492478,0.8240099149343699
11,DERL2,41489710,0.8239535800799955
11,CCDC117,41483821,0.8238972452256211
11,TMEM243,41482293,0.8238409103712467
11,ZNF473,41480411,0.8237845755168723
11,KYAT3,41479563,0.8237282406624978
11,BOLA3,41475571,0.8236719058081234
11,CCDC88C,41472475,0.823615570953749
11,ENTPD3-AS1,41469018,0.8235592360993746
11,ULK3,41468792,0.8235029012450003
11,RAB26,41467428,0.8234465663906259
11,RNF7,41467268,0.8233902315362515
11,RPL22P12,41464226,0.8233338966818771
11,TBRG4,41462488,0.8232775618275027
11,AC040162.1,41460503,0.8232212269731283
11,RDH13,41460440,0.8231648921187539
11,MRPL39,41454145,0.8231085572643795
11,CARD19,41448321,0.8230522224100051
11,AQP3,41446216,0.8229958875556307
11,KRBOX4,41445999,0.8229395527012563
11,NAT1,41441601,0.8228832178468819
11,PATL1,41439166,0.8228268829925075
11,MUS81,41437926,0.8227705481381331
11,ABCB8,41435342,0.8227142132837587
11,PUM2,41434511,0.8226578784293843
11,BAIAP2,41433553,0.8226015435750098
11,N6AMT1,41433325,0.8225452087206354
11,KAT6B,41430544,0.822488873866261
11,KLRG1,41427929,0.8224325390118866
11,TACC1,41424533,0.8223762041575122
11,SUOX,41422776,0.8223198693031378
11,BUB1,41421490,0.8222635344487634
11,GPN1,41421023,0.822207199594389
11,PPIL2,41419124,0.8221508647400146
11,FLNA,41418861,0.8220945298856402
11,RAB24,41413906,0.8220381950312659
11,TRABD2A,41409680,0.8219818601768915
11,LIAS,41407941,0.8219255253225171
11,DNAJC6,41394732,0.8218691904681427
11,MAB21L3,41391815,0.8218128556137683
11,COP1,41390296,0.8217565207593939
11,AC098591.1,41386031,0.8217001859050195
11,OXSR1,41385677,0.8216438510506451
11,ATP5PB,41384158,0.8215875161962707
11,DNASE1,41383746,0.8215311813418962
11,ZNF519,41383037,0.8214748464875218
11,FOXO1,41382692,0.8214185116331474
11,HSD17B7,41369803,0.821362176778773
11,CHMP2A,41369268,0.8213058419243986
11,CMTM7,41365794,0.8212495070700242
11,RPL21,41362013,0.8211931722156498
11,CHKB,41361509,0.8211368373612754
11,YPEL3,41360965,0.821080502506901
11,TACC3,41357336,0.8210241676525266
11,GAPDHP70,41353477,0.8209678327981522
11,RARS2,41338428,0.8209114979437778
11,HJURP,41335800,0.8208551630894034
11,DANCR,41332055,0.820798828235029
11,ZNF91,41325858,0.8207424933806546
11,CCT5P1,41321704,0.8206861585262802
11,RNF123,41320459,0.8206298236719058
11,SLC6A9,41318820,0.8205734888175314
11,NPIPB15,41317549,0.820517153963157
11,HSPE1,41317485,0.8204608191087827
11,RCN1,41312634,0.8204044842544082
11,ZNF543,41309625,0.8203481494000338
11,UST,41307650,0.8202918145456594
11,CA5B,41302463,0.820235479691285
11,WDR66,41299952,0.8201791448369106
11,DNAJB12,41295861,0.8201228099825362
11,AC106886.2,41293239,0.8200664751281618
11,SRSF8,41282236,0.8200101402737874
11,TMEM201,41277972,0.819953805419413
11,ZNF585A,41271527,0.8198974705650386
11,FABP5P3,41270166,0.8198411357106642
11,ERO1A,41265854,0.8197848008562898
11,C1orf198,41265427,0.8197284660019154
11,HAUS2,41264164,0.819672131147541
11,SURF1,41260747,0.8196157962931666
11,SDF2L1,41257718,0.8195594614387922
11,ASXL1,41256207,0.8195031265844178
11,FBXO34,41251643,0.8194467917300434
11,SMARCA5-AS1,41240890,0.819390456875669
11,AC007688.1,41230711,0.8193341220212945
11,NSD3,41230430,0.8192777871669201
11,SERPINB8,41224696,0.8192214523125457
11,RPSAP4,41223720,0.8191651174581713
11,LPP,41223602,0.8191087826037969
11,CEP55,41223537,0.8190524477494225
11,STRN4,41222490,0.8189961128950481
11,ZNF433-AS1,41220266,0.8189397780406737
11,C5orf51,41215990,0.8188834431862994
11,AC156455.1,41215199,0.818827108331925
11,ALAD,41211886,0.8187707734775506
11,ZNF264,41211441,0.8187144386231762
11,SSRP1,41210412,0.8186581037688018
11,CSNK1A1P3,41202343,0.8186017689144274
11,LINC01205,41196405,0.818545434060053
11,SAMD8,41196285,0.8184890992056786
11,ZNF277,41192609,0.8184327643513042
11,TIA1,41188735,0.8183764294969298
11,ZNF791,41186506,0.8183200946425554
11,ELF3,41183865,0.818263759788181
11,ACBD5,41183436,0.8182074249338065
11,LAMTOR4,41178994,0.8181510900794321
11,ERCC2,41177558,0.8180947552250577
11,MTHFD1L,41176249,0.8180384203706833
11,GGT7,41169865,0.8179820855163089
11,SATB2,41168962,0.8179257506619345
11,ANXA3,41165366,0.8178694158075601
11,EEF1E1,41162618,0.8178130809531857
11,RNPS1,41157220,0.8177567460988113
11,MDH1,41153496,0.8177004112444369
11,ZNF644,41151129,0.8176440763900625
11,HLA-F,41149036,0.8175877415356881
11,ARL6IP1,41148216,0.8175314066813137
11,EIF3M,41144774,0.8174750718269393
11,ZFP82,41140950,0.817418736972565
11,GLDN,41136941,0.8173624021181906
11,ZNF256,41129339,0.8173060672638162
11,DERL3,41121698,0.8172497324094418
11,AC027097.1,41120580,0.8171933975550674
11,MYO10,41115555,0.817137062700693
11,PTDSS2,41107343,0.8170807278463185
11,HDHD2,41105670,0.8170243929919441
11,PLP2,41105201,0.8169680581375697
11,EML2,41102590,0.8169117232831953
11,USP53,41098646,0.8168553884288209
11,CDYL,41096155,0.8167990535744465
11,PUS7,41091588,0.8167427187200721
11,RNF219,41089981,0.8166863838656977
11,SDHC,41088448,0.8166300490113233
11,ATP7B,41087435,0.8165737141569489
11,CHAC1,41080498,0.8165173793025745
11,ARFGAP2,41078290,0.8164610444482001
11,USF3,41069004,0.8164047095938257
11,AL442663.3,41068936,0.8163483747394513
11,GATC,41065903,0.8162920398850769
11,REEP6,41062571,0.8162357050307025
11,CISD1,41060609,0.8161793701763281
11,TUBB6,41059318,0.8161230353219537
11,LSG1,41058794,0.8160667004675793
11,TUG1,41057818,0.8160103656132048
11,WDFY2,41054134,0.8159540307588304
11,BOLA2-SMG1P6,41048745,0.815897695904456
11,THOC3,41047145,0.8158413610500816
11,BCAP29,41047094,0.8157850261957073
11,PSMC5,41046128,0.8157286913413329
11,AL354702.1,41044370,0.8156723564869585
11,CUL1,41041795,0.8156160216325841
11,ARIH2OS,41040878,0.8155596867782097
11,CYREN,41040130,0.8155033519238353
11,CEMIP2,41039329,0.8154470170694609
11,GPS2P1,41039032,0.8153906822150865
11,CORO1B,41038931,0.8153343473607121
11,RBM6,41025689,0.8152780125063377
11,RGS3,41024701,0.8152216776519633
11,OPN3,41020185,0.8151653427975889
11,TLN1,41018854,0.8151090079432145
11,AC092881.1,41018752,0.8150526730888401
11,PRDX6,41017124,0.8149963382344657
11,NNT,41012835,0.8149400033800913
11,FTO,41008263,0.8148836685257168
11,LRCH3,41003774,0.8148273336713424
11,AL133338.2,41001419,0.814770998816968
11,STK40,40999771,0.8147146639625936
11,GPATCH8,40998175,0.8146583291082192
11,TOMM20,40995765,0.8146019942538448
11,LINC02377,40991207,0.8145456593994704
11,ZNF732,40991133,0.814489324545096
11,INPP5B,40988079,0.8144329896907216
11,NOL9,40986439,0.8143766548363472
11,ZFP64,40982191,0.8143203199819729
11,EPOP,40981856,0.8142639851275985
11,CTC1,40980649,0.8142076502732241
11,NNT-AS1,40975086,0.8141513154188497
11,IFT43,40971705,0.8140949805644753
11,CCAR1,40966886,0.8140386457101009
11,IGF1R,40958309,0.8139823108557265
11,ATF7IP,40956497,0.8139259760013521
11,PFDN2,40952258,0.8138696411469777
11,ZNF514,40951288,0.8138133062926033
11,AC110079.1,40949022,0.8137569714382288
11,RUNX1,40945713,0.8137006365838544
11,TOP3A,40938004,0.81364430172948
11,ATP5F1EP2,40937663,0.8135879668751056
11,SEMA3F,40928008,0.8135316320207312
11,AC064872.1,40921519,0.8134752971663568
11,ZNRD2,40920043,0.8134189623119824
11,STARD3,40919712,0.813362627457608
11,ASH2L,40914935,0.8133062926032336
11,PEX3,40913802,0.8132499577488592
11,DGKZ,40911021,0.8131936228944848
11,MT-CO1,40908397,0.8131372880401104
11,AGPAT5,40906267,0.813080953185736
11,CSDE1,40902515,0.8130246183313616
11,CGB5,40902047,0.8129682834769872
11,CARHSP1,40899326,0.8129119486226128
11,SUB1,40891675,0.8128556137682384
11,MST1,40888656,0.812799278913864
11,ZFP3,40883596,0.8127429440594897
11,HSD17B4,40883561,0.8126866092051152
11,CLPS,40874708,0.8126302743507408
11,RGMA,40870392,0.8125739394963664
11,IPO4,40854254,0.812517604641992
11,NFKB1,40846753,0.8124612697876176
11,ZNF486,40845065,0.8124049349332432
11,DDX5,40844533,0.8123486000788688
11,STK25,40843082,0.8122922652244944
11,CGREF1,40842624,0.81223593037012
11,RBM5,40841091,0.8121795955157456
11,PPFIA3,40837289,0.8121232606613712
11,PPP6R3,40831913,0.8120669258069968
11,AP001505.1,40827770,0.8120105909526224
11,FAM8A1,40825702,0.811954256098248
11,IMP3,40825044,0.8118979212438736
11,ATP11AUN,40821265,0.8118415863894992
11,CCNE1,40816742,0.8117852515351248
11,MAP2K3,40813688,0.8117289166807504
11,GNS,40813317,0.811672581826376
11,RAPGEF2,40812577,0.8116162469720016
11,COL21A1,40811472,0.8115599121176271
11,NCOA2,40808302,0.8115035772632527
11,TTC3P1,40802518,0.8114472424088783
11,COPS7A,40800069,0.8113909075545039
11,LAMTOR5,40797839,0.8113345727001295
11,SMARCD1,40796862,0.8112782378457551
11,GPR155,40789574,0.81122190299138075
11,FAM221A,40789529,0.8111655681370064
11,ZNF567,40787324,0.811109233282632
11,RFPL4B,40784509,0.8110528984282576
11,ZNF746,40783243,0.8109965635738832
11,NDUFB7,40777767,0.8109402287195088
11,CSTF1,40776040,0.8108838938651344
11,TUBGCP5,40774299,0.81082755901076
11,TSG101,40762110,0.8107712241563856
11,DHRSX,40761979,0.8107148893020112
11,AFTPH,40757661,0.8106585544476368
11,CEP57,40757095,0.8106022195932624
11,SDR39U1,40756689,0.810545884738888
11,TMEM62,40755518,0.8104895498845135
11,MTA1,40747401,0.8104332150301391
11,NR2F2,40743869,0.8103768801757647
11,TNRC18,40742087,0.8103205453213903
11,UBXN11,40741229,0.8102642104670159
11,AC069282.1,40737357,0.8102078756126415
11,JCAD,40736904,0.8101515407582671
11,TATDN2,40735807,0.8100952059038927
11,HAUS4,40733973,0.8100388710495183
11,PORCN,40733404,0.8099825361951439
11,PPM1G,40733077,0.8099262013407695
11,NEMP1,40732893,0.8098698664863951
11,SPATA22,40732719,0.8098135316320207
11,RNMT,40727098,0.8097571967776463
11,PHF20L1,40726063,0.809700861923272
11,MAU2,40725262,0.8096445270688976
11,COASY,40723824,0.8095881922145232
11,DUSP16,40706709,0.8095318573601488
11,ATPSCKMT,40704005,0.8094755225057744
11,XPO6,40702218,0.8094191876514
11,GOT2P2,40701551,0.8093628527970255
11,NRDC,40694255,0.8093065179426511
11,LPP-AS2,40689711,0.8092501830882767
11,DCUN1D5,40683547,0.8091938482339023
11,NAA10,40677738,0.8091375133795279
11,MECP2,40675824,0.8090811785251535
11,PARK7,40673431,0.8090248436707791
11,HDGFL2,40669317,0.8089685088164047
11,C1orf174,40668712,0.8089121739620303
11,ARHGEF12,40666513,0.8088558391076559
11,ALMS1,40663018,0.8087995042532815
11,CSNK1E,40662372,0.8087431693989071
11,CA5BP1,40662242,0.8086868345445327
11,SNRNP35,40660417,0.8086304996901583
11,UBR3,40657384,0.8085741648357839
11,SAP30BP,40654733,0.8085178299814095
11,CHD4,40653188,0.8084614951270351
11,HSPBP1,40650786,0.8084051602726607
11,ACTG1P11,40649540,0.8083488254182863
11,MANF,40647981,0.808292490563912
11,AL162718.1,40642004,0.8082361557095374
11,KIF26A,40638963,0.808179820855163
11,ICE1,40636333,0.8081234860007886
11,RPL30P7,40633134,0.8080671511464143
11,PQLC3,40631093,0.8080108162920399
11,SPP1,40630282,0.8079544814376655
11,PRC1,40629202,0.8078981465832911
11,ANKEF1,40625758,0.8078418117289167
11,DGCR6L,40618660,0.8077854768745423
11,CARD8,40618137,0.8077291420201679
11,AC008124.1,40616593,0.8076728071657935
11,CCDC71,40615787,0.8076164723114191
11,AC022795.1,40615710,0.8075601374570447
11,PAGE2B,40609197,0.8075038026026703
11,ACAP2,40604918,0.8074474677482959
11,ASRGL1,40604571,0.8073911328939215
11,AIMP1,40603671,0.8073347980395471
11,KIF18A,40599867,0.8072784631851727
11,ARHGAP17,40598751,0.8072221283307983
11,CAMSAP3,40597656,0.8071657934764238
11,TAF7,40596288,0.8071094586220494
11,TMEM39A,40595122,0.807053123767675
11,FBLN1,40590102,0.8069967889133006
11,DLX3,40578063,0.8069404540589262
11,PHLPP1,40576519,0.8068841192045518
11,RPL15P2,40566978,0.8068277843501774
11,NDUFV1,40560892,0.806771449495803
11,AC097263.1,40555470,0.8067151146414286
11,MAPK3,40555220,0.8066587797870542
11,UBA52,40552593,0.8066024449326799
11,AC092128.1,40548802,0.8065461100783055
11,SMARCAD1,40547124,0.8064897752239311
11,SNRPB,40535349,0.8064334403695567
11,ZNF583,40524647,0.8063771055151823
11,MZT1,40523760,0.8063207706608079
11,HEPACAM,40516043,0.8062644358064335
11,MRPL55,40511572,0.8062081009520591
11,UBE2NL,40511070,0.8061517660976847
11,KLK8,40502159,0.8060954312433103
11,ZNF500,40500817,0.8060390963889358
11,SREK1IP1,40497798,0.8059827615345614
11,ALPP,40496119,0.805926426680187
11,C7orf26,40485769,0.8058700918258126
11,AMDHD2,40485503,0.8058137569714382
11,CRYBB2,40485363,0.8057574221170638
11,SEM1,40481586,0.8057010872626894
11,ZNF226,40481525,0.805644752408315
11,SELENOK,40478561,0.8055884175539406
11,ALDH6A1,40475157,0.8055320826995662
11,CRELD2,40473492,0.8054757478451918
11,TRIP11,40471445,0.8054194129908174
11,HMGA1,40471129,0.805363078136443
11,TAF1B,40470284,0.8053067432820686
11,TDRKH,40452691,0.8052504084276942
11,CARD10,40448233,0.8051940735733198
11,STXBP1,40447988,0.8051377387189455
11,DHX8,40443333,0.805081403864571
11,FICD,40442877,0.8050250690101967
11,LPIN1,40441800,0.8049687341558222
11,ORC5,40438157,0.8049123993014478
11,FBXW11,40430450,0.8048560644470734
11,SLC27A2,40429243,0.804799729592699
11,TM7SF3,40427786,0.8047433947383246
11,BOD1L1,40418758,0.8046870598839502
11,PSMC6,40412275,0.8046307250295758
11,PSMG3,40410486,0.8045743901752014
11,ZNF480,40409613,0.804518055320827
11,AC013701.1,40408111,0.8044617204664526
11,ZNF576,40405824,0.8044053856120782
11,THAP9-AS1,40404955,0.8043490507577038
11,BTN2A1,40402511,0.8042927159033294
11,RNPS1P1,40402056,0.804236381048955
11,KCNV2,40399675,0.8041800461945806
11,BIRC2,40397058,0.8041237113402062
11,RAB6D,40395602,0.8040673764858318
11,FAM91A3P,40393638,0.8040110416314574
11,APEH,40392843,0.803954706777083
11,RERE,40392663,0.8038983719227086
11,MAST2,40389599,0.8038420370683341
11,SKIV2L,40389310,0.8037857022139597
11,RAB25,40363915,0.8037293673595853
11,HNRNPUL1,40363154,0.8036730325052109
11,FLVCR2,40356867,0.8036166976508365
11,ARL8B,40344380,0.8035603627964621
11,CST1,40341969,0.8035040279420878
11,TUBG2,40339234,0.8034476930877134
11,ZPR1,40333916,0.803391358233339
11,IL34,40332246,0.8033350233789646
11,MRPL15,40329738,0.8032786885245902
11,MLXIP,40326434,0.8032223536702158
11,FGF18,40326005,0.8031660188158414
11,LASP1,40323321,0.803109683961467
11,ALDH3A2,40316773,0.8030533491070926
11,SDF2,40303275,0.8029970142527182
11,ADAM9,40303096,0.8029406793983438
11,AC005696.1,40301330,0.8028843445439694
11,AC015813.5,40300975,0.802828009689595
11,SPOPL,40297755,0.8027716748352206
11,MACF1,40288698,0.8027153399808461
11,CLASP2,40288402,0.8026590051264717
11,CPEB3,40287674,0.8026026702720973
11,KDELR1,40287459,0.8025463354177229
11,KATNA1,40286150,0.8024900005633485
11,TMPRSS11E,40274229,0.8024336657089741
11,UBE2F,40272917,0.8023773308545997
11,PRKAR1A,40263272,0.8023209960002253
11,CEP120,40259042,0.8022646611458509
11,LACC1,40258477,0.8022083262914765
11,AL356292.1,40250956,0.8021519914371021
11,GEMIN6,40250554,0.8020956565827277
11,AL390728.4,40246079,0.8020393217283533
11,MT-TR,40243017,0.801982986873979
11,PPT1,40240660,0.8019266520196046
11,PKIG,40238900,0.8018703171652302
11,CLTA,40232375,0.8018139823108558
11,ARNT,40223998,0.8017576474564814
11,PPM1J,40223584,0.801701312602107
11,TFDP1,40211930,0.8016449777477325
11,NDUFAF1,40211716,0.8015886428933581
11,VAV1,40211558,0.8015323080389837
11,TMTC4,40210194,0.8014759731846093
11,PIEZO1,40206533,0.8014196383302349
11,RPARP-AS1,40204541,0.8013633034758605
11,GNB5,40204376,0.8013069686214861
11,PROS1,40203366,0.8012506337671117
11,ATP5F1AP2,40200854,0.8011942989127373
11,MYL5,40189043,0.8011379640583629
11,UACA,40188452,0.8010816292039885
11,BACH1,40182642,0.8010252943496141
11,BLVRB,40177320,0.8009689594952397
11,RPL13AP5,40176816,0.8009126246408653
11,RNF217,40176796,0.8008562897864909
11,CFAP20,40174699,0.8007999549321165
11,SNX21,40167321,0.8007436200777421
11,RPS27,40153911,0.8006872852233677
11,PRAMEF10,40153072,0.8004056109514956
11,PRAMEF33,40153072,0.8004056109514956
11,AL356095.1,40153072,0.8004056109514956
11,NRAP,40153072,0.8004056109514956
11,MAJIN,40153072,0.8004056109514956
11,ADCY7,40153072,0.8004056109514956
11,LINC02188,40153072,0.8004056109514956
11,AL121772.1,40153072,0.8004056109514956
11,PPP1R14C,40153072,0.8004056109514956
11,BAIAP2L1,40150954,0.8001239366796237
11,KLHDC4,40150395,0.8000676018252493
11,TMEM192,40147878,0.8000112669708749
0,HIP1R,40420336,1
0,ORC2,38520823,0.9999373394322952
0,RPS19BP1,38290312,0.9998746788645905
0,DAPK3,37960364,0.9998120182968858
0,CDYL,37927514,0.999749357729181
0,EIF1AY,37701272,0.9996866971614763
0,MAPK8,37690965,0.9996240365937715
0,SLC35C2,37596020,0.9995613760260668
0,FYB1,37589846,0.9994987154583621
0,RGL2,37540135,0.9994360548906573
0,PFDN6,37527011,0.9993733943229526
0,KIAA1217,37498245,0.9993107337552478
0,KIF1C,37496940,0.999248073187543
0,LMTK2,37438929,0.9991854126198383
0,PRR14,37317861,0.9991227520521336
0,SRC,37216289,0.9990600914844289
0,CALM2,37145153,0.9989974309167241
0,HRAS,37138259,0.9989347703490193
0,ZNF593,37117594,0.9988721097813146
0,SLC15A4,37111924,0.9988094492136099
0,RPS26P8,37084975,0.9987467886459052
0,EIF4H,37065170,0.9986841280782004
0,MVB12A,37063591,0.9986214675104956
0,C22orf39,37012377,0.9985588069427909
0,STK17A,37006619,0.9984961463750862
0,ADH5P2,36995198,0.9984334858073814
0,PROSER2-AS1,36971183,0.9983708252396767
0,DOT1L,36883360,0.9983081646719719
0,CAB39L,36824551,0.9982455041042672
0,SURF6,36778607,0.9981828435365624
0,ING5,36759836,0.9981201829688577
0,AL445524.1,36701482,0.998057522401153
0,MROH6,36692289,0.9979948618334482
0,FADS1,36634431,0.9979322012657434
0,PPIAP22,36613395,0.9978695406980387
0,SUPT5H,36567516,0.997806880130334
0,VPS41,36425836,0.9977442195626293
0,HSPA1B,36375091,0.9976815589949245
0,AC022154.1,36363495,0.9976188984272197
0,ASB3,36352246,0.997556237859515
0,BTG2,36311496,0.9974935772918103
0,RPL18A,36300054,0.9974309167241056
0,MON1B,36269651,0.9973682561564008
0,MAN1A2,36267927,0.997305595588696
0,NFKBIA,36250330,0.9972429350209913
0,PAK4,36230387,0.9971802744532865
0,PHKG2,36174843,0.9971176138855818
0,PRR19,36172388,0.9970549533178771
0,GOLGA5,36156694,0.9969922927501723
0,CALD1,36115715,0.9969296321824676
0,POLRMTP1,36081043,0.9968669716147628
0,FANCI,36079443,0.9968043110470581
0,MARCKS,36034475,0.9967416504793534
0,PPM1G,36032345,0.9966789899116486
0,RECQL4,36028661,0.9966163293439438
0,TIMM13,35996885,0.9965536687762391
0,DPP9,35993294,0.9964910082085344
0,ZNF692,35987595,0.9964283476408297
0,DDX3Y,35940440,0.9963656870731249
0,STX10,35904888,0.9963030265054201
0,CIC,35897576,0.9962403659377154
0,ZNF292,35888818,0.9961777053700106
0,PUS7L,35880155,0.996115044802306
0,UBE4B,35878217,0.9960523842346012
0,SUCO,35875875,0.9959897236668964
0,AC006445.1,35863820,0.9959270630991917
0,BAIAP2L1,35842445,0.9958644025314869
0,CARM1,35839769,0.9958017419637822
0,FEM1B,35791254,0.9957390813960775
0,NPM3,35786253,0.9956764208283727
0,RPL22P12,35781092,0.995613760260668
0,NR2F2,35758423,0.9955510996929632
0,MAP4,35755759,0.9954884391252585
0,LMNB1,35748057,0.9954257785575538
0,BAG3,35744973,0.995363117989849
0,RABGGTA,35736043,0.9953004574221442
0,C20orf27,35723678,0.9952377968544395
0,FBXO30,35699665,0.9951751362867347
0,EXOC2,35662656,0.99511247571903
0,CDC42EP1,35638159,0.9950498151513253
0,ERH,35629538,0.9949871545836205
0,TUBGCP4,35618038,0.9949244940159158
0,TTPAL,35610136,0.994861833448211
0,RPS10,35539486,0.9947991728805063
0,RPL30P4,35538222,0.9947365123128016
0,MSL1,35537058,0.9946738517450968
0,RPS28,35529886,0.994611191177392
0,RPS8,35504692,0.9945485306096873
0,ACTG1P19,35498843,0.9944858700419826
0,CHEK2,35480775,0.9944232094742779
0,ACO2,35479250,0.9943605489065731
0,DBT,35465844,0.9942978883388683
0,RPS3,35454012,0.9942352277711636
0,PLXDC2,35451366,0.9941725672034588
0,PTPA,35438828,0.9941099066357542
0,CHMP1A,35428010,0.9940472460680494
0,DDB1,35416524,0.9939845855003446
0,ACAD8,35415708,0.9939219249326399
0,CENPL,35414733,0.9938592643649351
0,SMARCA2,35413844,0.9937966037972304
0,CIAO3,35412625,0.9937339432295257
0,GEMIN4,35397675,0.9936712826618209
0,TMEM120A,35393922,0.9936086220941162
0,RPS15,35386020,0.9935459615264114
0,CTNNBL1,35375788,0.9934833009587067
0,ACOXL,35361351,0.993420640391002
0,UNKL,35356086,0.9933579798232972
0,ZNF326,35354687,0.9932953192555924
0,GPBP1L1,35352716,0.9932326586878877
0,RPL13,35351288,0.9931699981201829
0,SMIM1,35350935,0.9931073375524783
0,LRRC42,35341241,0.9930446769847735
0,AC021723.1,35331387,0.9929820164170687
0,XRCC6,35321142,0.992919355849364
0,ANXA1,35311135,0.9928566952816592
0,INTS11,35310091,0.9927940347139546
0,AC026688.1,35298700,0.9927313741462498
0,TDRD3,35293517,0.992668713578545
0,PIP4K2B,35291447,0.9926060530108403
0,ARF1,35273643,0.9925433924431355
0,VPS11,35250920,0.9924807318754308
0,PWWP2B,35246275,0.9924180713077261
0,TINAGL1,35244097,0.9923554107400213
0,FBXL18,35241961,0.9922927501723166
0,NBPF11,35235576,0.9922300896046118
0,OAT,35216354,0.992167429036907
0,SLC25A5,35207167,0.9921047684692024
0,HINFP,35197203,0.9920421079014976
0,SART1,35157097,0.9919794473337928
0,RPL27A,35154463,0.9919167867660881
0,TM9SF3,35137762,0.9918541261983833
0,SATB1,35126529,0.9917914656306787
0,AIDA,35124576,0.9917288050629739
0,NOL7,35103774,0.9916661444952691
0,PPP1R15A,35100831,0.9916034839275644
0,RNF6,35069475,0.9915408233598596
0,FRS2,35069433,0.991478162792155
0,SEC63,35061661,0.9914155022244502
0,PNRC1,35061128,0.9913528416567454
0,PSMB4,35055074,0.9912901810890407
0,CHMP7,35041457,0.9912275205213359
0,MALAT1,35032897,0.9911648599536311
0,AC010970.1,35030869,0.9911021993859265
0,IFRD2,35023644,0.9910395388182217
0,DAD1,35017479,0.990976878250517
0,NOL6,35010268,0.9909142176828122
0,RAP2A,35009518,0.9908515571151074
0,PLD3,34997460,0.9907888965474028
0,PEG10,34979596,0.990726235979698
0,MED12L,34977833,0.9906635754119932
0,MRPL34,34976734,0.9906009148442885
0,RN7SL3,34972979,0.9905382542765837
0,RAB31,34970394,0.990475593708879
0,STARD10,34965418,0.9904129331411743
0,H2AFX,34952595,0.9903502725734695
0,RPL38,34950881,0.9902876120057648
0,ASS1P11,34948799,0.99022495143806
0,BIK,34945841,0.9901622908703552
0,PIP4P1,34937833,0.9900996303026506
0,GABARAPL2,34929477,0.9900369697349458
0,DNAJC15,34927030,0.989974309167241
0,TMEM33,34919515,0.9899116485995363
0,LONP1,34914940,0.9898489880318315
0,POLRMT,34908325,0.9897863274641269
0,CGA,34904773,0.9897236668964221
0,MRPL20,34894699,0.9896610063287173
0,APRT,34879402,0.9895983457610126
0,C6orf62,34873945,0.9895356851933078
0,GMPSP1,34862572,0.9894730246256032
0,HAUS6P1,34861038,0.9894103640578984
0,PPIA,34858080,0.9893477034901936
0,CMAS,34846397,0.9892850429224889
0,POLR2E,34844899,0.9892223823547841
0,FP671120.5,34839176,0.9891597217870793
0,TPRN,34837610,0.9890970612193747
0,PRMT1,34812261,0.9890344006516699
0,TRMU,34798482,0.9889717400839652
0,FABP3,34794642,0.9889090795162604
0,CYB5R1,34793908,0.9888464189485556
0,EARS2,34772715,0.988783758380851
0,LCMT2,34772195,0.9887210978131462
0,CBWD5,34763940,0.9886584372454414
0,NDUFA11,34758483,0.9885957766777367
0,LRRC8D,34748129,0.9885331161100319
0,SLC25A1,34747283,0.9884704555423273
0,PBRM1,34739884,0.9884077949746225
0,ENOX2,34735823,0.9883451344069177
0,TMBIM6,34706021,0.988282473839213
0,LGALS3,34701729,0.9882198132715082
0,IFITM3,34699973,0.9881571527038034
0,DPH2,34691820,0.9880944921360988
0,LYPLA2,34686585,0.988031831568394
0,CIT,34682199,0.9879691710006893
0,MIF,34677281,0.9879065104329845
0,ATP5MGP2,34674728,0.9878438498652797
0,TMX1,34673488,0.9877811892975751
0,NUP50,34671418,0.9877185287298703
0,MAP4K3,34661469,0.9876558681621656
0,MBTPS1,34653362,0.9875932075944608
0,TMUB1,34652432,0.987530547026756
0,HSPBP1,34650834,0.9874678864590514
0,JUND,34647979,0.9874052258913466
0,TUFT1,34634943,0.9873425653236418
0,MRPL49,34630778,0.9872799047559371
0,FPGS,34628148,0.9872172441882323
0,SMURF2,34626828,0.9871545836205275
0,MT-CO1,34621913,0.9870919230528229
0,RFPL4B,34620420,0.9870292624851181
0,MAP2K7,34620093,0.9869666019174134
0,WDR73,34619942,0.9869039413497086
0,ZNF703,34619611,0.9868412807820038
0,FOXN2,34606550,0.9867786202142992
0,IFITM2,34599306,0.9867159596465944
0,ASCC2,34597157,0.9866532990788897
0,CCDC12,34592429,0.9865906385111849
0,SLC25A33,34589149,0.9865279779434801
0,C7orf26,34580608,0.9864653173757755
0,SENP1,34573485,0.9864026568080707
0,OAZ2,34572517,0.986339996240366
0,PSMC3,34561627,0.9862773356726612
0,NELFE,34559403,0.9862146751049564
0,LRP2,34558590,0.9861520145372517
0,IMP4,34555581,0.986089353969547
0,ACSL3,34554189,0.9860266934018422
0,COA6,34552476,0.9859640328341375
0,EEF2,34551630,0.9859013722664327
0,YAP1,34550537,0.9858387116987279
0,KLF4,34549097,0.9857760511310233
0,NHSL1,34542185,0.9857133905633185
0,IRX2,34526523,0.9856507299956138
0,PTBP1,34525064,0.985588069427909
0,RPS6KA3,34518342,0.9855254088602042
0,TRIB3,34517394,0.9854627482924996
0,CISD3,34509318,0.9854000877247948
0,UFL1,34496955,0.98533742715709
0,RPL10P9,34492130,0.9852747665893853
0,LINC01356,34478992,0.9852121060216805
0,MRPL41,34461450,0.9851494454539758
0,AASS,34458672,0.9850867848862711
0,STAT3,34448483,0.9850241243185663
0,SNHG12,34439460,0.9849614637508616
0,CDKN1C,34429274,0.9848988031831568
0,MT-ND6,34428971,0.984836142615452
0,CCDC85B,34428349,0.9847734820477474
0,FAM160A2,34419525,0.9847108214800426
0,PIH1D1,34414242,0.9846481609123379
0,TUBB4A,34409078,0.9845855003446331
0,EXPH5,34405698,0.9845228397769283
0,TET2,34402504,0.9844601792092237
0,DDX17,34400151,0.9843975186415189
0,H2AFJ,34396023,0.9843348580738142
0,SEC24C,34393996,0.9842721975061094
0,TNK2,34391560,0.9842095369384046
0,POLR2L,34372908,0.9841468763706999
0,HMGA1,34368258,0.9840842158029952
0,COMMD5,34364544,0.9840215552352904
0,NCOA4,34345822,0.9839588946675857
0,AKT1S1,34341321,0.9838962340998809
0,CNTROB,34335329,0.9838335735321762
0,POMGNT1,34319546,0.9837709129644715
0,ATP5IF1,34318309,0.9837082523967667
0,POMC,34307616,0.983645591829062
0,FASN,34297627,0.9835829312613572
0,C10orf88,34294615,0.9835202706936524
0,TELO2,34288402,0.9834576101259478
0,HNRNPH1,34285382,0.983394949558243
0,EED,34285309,0.9833322889905383
0,TBL1XR1,34283798,0.9832696284228335
0,TUSC2,34275737,0.9832069678551287
0,GAPDH,34262654,0.983144307287424
0,DUSP5,34256828,0.9830816467197193
0,ORAI1,34252436,0.9830189861520146
0,DPPA3,34248189,0.9829563255843098
0,CDK8,34245689,0.982893665016605
0,AGO1,34244061,0.9828310044489003
0,CENPO,34225932,0.9827683438811956
0,RPL10P16,34216058,0.9827056833134908
0,ZNF331,34208855,0.9826430227457861
0,SLC7A2,34204659,0.9825803621780813
0,XAB2,34203648,0.9825177016103765
0,KLHL2,34199998,0.9824550410426719
0,SAFB,34197962,0.9823923804749671
0,RANGAP1,34196661,0.9823297199072624
0,DUSP23,34188455,0.9822670593395576
0,ZNF280B,34188346,0.9822043987718528
0,TSTD2,34170568,0.9821417382041482
0,TMEM219,34166132,0.9820790776364434
0,LRRC8A,34163145,0.9820164170687387
0,RPL10,34160265,0.9819537565010339
0,IGHMBP2,34159501,0.9818910959333291
0,ACTBP11,34149838,0.9818284353656244
0,CHCHD10,34144789,0.9817657747979197
0,SPTY2D1,34143328,0.981703114230215
0,RPL19,34143011,0.9816404536625102
0,FMR1,34135070,0.9815777930948054
0,GSR,34132989,0.9815151325271007
0,UBE2Q1,34129010,0.981452471959396
0,TMEM69,34114944,0.9813898113916912
0,FAM76A,34113793,0.9813271508239865
0,EIF3D,34111044,0.9812644902562817
0,AC007969.1,34105046,0.9812018296885769
0,PKN2,34091584,0.9811391691208723
0,NAA60,34084772,0.9810765085531675
0,TUBB4B,34083546,0.9810138479854628
0,EIF3G,34083138,0.980951187417758
0,UNC45A,34081751,0.9808885268500532
0,SLC25A39,34076011,0.9808258662823485
0,TUBA1C,34066177,0.9807632057146438
0,MRPS26,34058923,0.980700545146939
0,PAIP1,34058297,0.9806378845792343
0,UIMC1,34054777,0.9805752240115295
0,RPL21,34050084,0.9805125634438248
0,STMN1,34041014,0.9804499028761201
0,VAV2,34033287,0.9803872423084153
0,DBNL,34025552,0.9803245817407106
0,LRRFIP1,34021918,0.9802619211730058
0,HSP90AA2P,34019671,0.980199260605301
0,MFSD9,34015713,0.9801366000375964
0,AC093789.1,34011140,0.9800739394698916
0,SLC39A6,34001598,0.9800112789021869
0,ZWINT,34000851,0.9799486183344821
0,SIVA1,33993962,0.9798859577667773
0,RPL8,33992099,0.9798232971990726
0,OAZ1,33983431,0.9797606366313679
0,MT-CYB,33976376,0.9796979760636632
0,HSPA8,33974735,0.9796353154959584
0,SF3A2,33974121,0.9795726549282536
0,METRNL,33965867,0.9795099943605489
0,NFIL3,33965508,0.9794473337928442
0,RPL34P6,33960919,0.9793846732251394
0,ZNF676,33955275,0.9793220126574347
0,MED16,33952054,0.9792593520897299
0,LRIG3,33950029,0.9791966915220252
0,LAPTM4A,33943644,0.9791340309543205
0,SKIL,33941343,0.9790713703866157
0,MT-TY,33934249,0.979008709818911
0,UFSP1,33929660,0.9789460492512062
0,SLC35B1,33928117,0.9788833886835014
0,SNRNP35,33922805,0.9788207281157967
0,ACTB,33920171,0.978758067548092
0,SMPD4,33919070,0.9786954069803873
0,SPCS3,33918030,0.9786327464126825
0,GAPDHP65,33912882,0.9785700858449777
0,HNRNPA2B1,33910567,0.978507425277273
0,ACVR2B,33896360,0.9784447647095683
0,MRPS28,33885384,0.9783821041418636
0,NUDT22,33881055,0.9783194435741588
0,NPTN,33867226,0.978256783006454
0,CUTA,33858279,0.9781941224387493
0,GSTP1,33854701,0.9781314618710446
0,PKIB,33848662,0.9780688013033398
0,GMEB1,33835056,0.9780061407356351
0,MT-TV,33830534,0.9779434801679303
0,IER2,33820288,0.9778808196002255
0,THUMPD2,33817195,0.9778181590325208
0,ANKRD12,33813733,0.9777554984648161
0,CDK1,33801931,0.9776928378971114
0,KRT18,33797698,0.9776301773294066
0,AC005336.2,33789367,0.9775675167617018
0,BRF2,33787818,0.9775048561939971
0,RPL7A,33782606,0.9774421956262924
0,HNRNPUL1,33780497,0.9773795350585877
0,QSOX1,33778636,0.9773168744908829
0,ITM2B,33770506,0.9772542139231781
0,ANP32E,33753503,0.9771915533554734
0,YDJC,33745538,0.9771288927877687
0,PARP6,33743233,0.977066232220064
0,TRAF6,33739166,0.9770035716523592
0,TMC5,33733633,0.9769409110846544
0,TTC17,33727407,0.9768782505169497
0,KAT14,33726879,0.9768155899492449
0,GTF2H5,33725397,0.9767529293815402
0,AGAP1,33714262,0.9766902688138355
0,IP6K1,33711809,0.9766276082461307
0,GJA1,33710863,0.9765649476784259
0,DCUN1D5,33708639,0.9765022871107212
0,BARD1,33703117,0.9764396265430165
0,TUBA1B,33699477,0.9763769659753118
0,MAP2K5,33697034,0.976314305407607
0,ZNRF1,33695484,0.9762516448399022
0,CHP1,33692265,0.9761889842721975
0,ZFAND1,33691327,0.9761263237044928
0,MIR302CHG,33687062,0.976063663136788
0,TRIM24,33683922,0.9760010025690833
0,RPS26,33683649,0.9759383420013785
0,MLF2,33682689,0.9758756814336738
0,CDC23,33682034,0.975813020865969
0,LMAN2L,33678046,0.9757503602982643
0,CCKBR,33674915,0.9756876997305596
0,OR4D1,33674045,0.9756250391628548
0,AURKA,33672897,0.97556237859515
0,SRP9,33669948,0.9754997180274453
0,EEF1D,33669802,0.9754370574597406
0,DDX5,33663863,0.9753743968920359
0,IPO8,33650167,0.9753117363243311
0,ATP5F1D,33648137,0.9752490757566263
0,TOMM70,33645135,0.9751864151889216
0,SCD,33641202,0.9751237546212169
0,MAPKAP1,33637350,0.9750610940535122
0,RPLP1,33632149,0.9749984334858074
0,CRTC2,33625920,0.9749357729181026
0,MSI1,33624788,0.9748731123503979
0,S100A10,33614954,0.9748104517826931
0,PSME1,33606940,0.9747477912149884
0,SNX3,33605225,0.9746851306472837
0,CDO1,33601736,0.9746224700795789
0,CA5BP1,33599410,0.9745598095118742
0,NECTIN4,33596506,0.9744971489441694
0,ATP2B1,33594512,0.9744344883764647
0,TWF1,33592762,0.97437182780876
0,SHKBP1,33591588,0.9743091672410552
0,KIF16B,33591363,0.9742465066733504
0,CLPP,33587486,0.9741838461056457
0,CLTA,33582150,0.974121185537941
0,ARRB2,33577575,0.9740585249702363
0,GRAMD2A,33575743,0.9739958644025315
0,SULT1A1,33574089,0.9739332038348267
0,TMEM208,33558532,0.973870543267122
0,NCOR2,33557036,0.9738078826994172
0,HNRNPD,33556099,0.9737452221317126
0,POMT1,33555417,0.9736825615640078
0,AFF1,33553248,0.973619900996303
0,U2AF2,33553014,0.9735572404285983
0,CNOT9,33548977,0.9734945798608935
0,PPT1,33547481,0.9734319192931888
0,PRKD2,33545768,0.9733692587254841
0,RHOBTB1,33542691,0.9733065981577793
0,BTF3L4,33539112,0.9732439375900745
0,NCAPD2,33538227,0.9731812770223698
0,PRIM1,33534476,0.9731186164546651
0,HES1,33529422,0.9730559558869604
0,RPS4XP2,33527150,0.9729932953192556
0,BSCL2,33524300,0.9729306347515508
0,TDRP,33524200,0.9728679741838461
0,NEAT1,33519347,0.9728053136161413
0,RPL18,33517499,0.9727426530484367
0,PKMP1,33516094,0.9726799924807319
0,PPARD,33512649,0.9726173319130271
0,NUBPL,33503964,0.9725546713453224
0,GPBP1,33501222,0.9724920107776176
0,ZNF566,33499272,0.972429350209913
0,TIMM44,33496314,0.9723666896422082
0,RPS4X,33495777,0.9723040290745034
0,NEK6,33495139,0.9722413685067987
0,PM20D2,33491217,0.9721787079390939
0,PIDD1,33490358,0.9721160473713892
0,QRSL1,33489759,0.9720533868036845
0,MIEN1,33489693,0.9719907262359797
0,TTLL12,33488695,0.9719280656682749
0,ANP32BP1,33479914,0.9718654051005702
0,AC074085.2,33478734,0.9718027445328654
0,TMEM52B,33478697,0.9717400839651608
0,ST13,33476867,0.971677423397456
0,CYC1,33468257,0.9716147628297512
0,FAM122B,33459656,0.9715521022620465
0,LMO4,33457153,0.9714894416943417
0,GRK3,33455362,0.971426781126637
0,PRRC1,33453971,0.9713641205589323
0,AL354702.1,33442225,0.9713014599912275
0,AKAP10,33440311,0.9712387994235228
0,POLE4,33436888,0.971176138855818
0,MDFI,33428450,0.9711134782881133
0,GET4,33422014,0.9710508177204086
0,SLC38A2,33421058,0.9709881571527038
0,UBE2E2,33418945,0.970925496584999
0,EMC7,33413522,0.9708628360172943
0,RPL13P12,33411353,0.9708001754495895
0,LAMP2,33410825,0.9707375148818849
0,RPS4XP22,33406293,0.9706748543141801
0,ATP6V0A1,33399663,0.9706121937464753
0,PYCR1,33399441,0.9705495331787706
0,ZNF317,33397485,0.9704868726110658
0,PRELID1,33396834,0.9704242120433612
0,NSL1,33393576,0.9703615514756564
0,CFL1,33392042,0.9702988909079516
0,C19orf53,33390069,0.9702362303402469
0,PDCL3,33386396,0.9701735697725421
0,GOPC,33385887,0.9701109092048374
0,PIM1,33379240,0.9700482486371327
0,MINK1,33376309,0.9699855880694279
0,EIF3J,33370342,0.9699229275017232
0,MRPL27,33363246,0.9698602669340184
0,RPS4Y1,33361486,0.9697976063663136
0,COX8A,33361396,0.969734945798609
0,MCM4,33360489,0.9696722852309042
0,RILPL2,33354547,0.9696096246631994
0,CLDN10,33352826,0.9695469640954947
0,SLC6A8,33348563,0.9694843035277899
0,RPS19P1,33347591,0.9694216429600853
0,GDI1,33346468,0.9693589823923805
0,GYS1,33343539,0.9692963218246757
0,SP6,33339766,0.969233661256971
0,TMED9,33337972,0.9691710006892662
0,NAT9,33334810,0.9691083401215616
0,PRELID3B,33334223,0.9690456795538568
0,TMEM30A,33330800,0.968983018986152
0,EIF3C,33325820,0.9689203584184473
0,ZNF236,33323545,0.9688576978507425
0,ENO1,33320823,0.9687950372830377
0,SP1,33319905,0.9687323767153331
0,FANCG,33318073,0.9686697161476283
0,CBLB,33317674,0.9686070555799235
0,LINC00431,33317212,0.9685443950122188
0,LAD1,33310915,0.968481734444514
0,RPS19,33310165,0.9684190738768094
0,ARID3A,33299657,0.9683564133091046
0,PSMA4,33297604,0.9682937527413998
0,MOCS3,33291859,0.9682310921736951
0,ATP13A1,33290985,0.9681684316059903
0,LAMTOR4,33290064,0.9681057710382857
0,CDH1,33289748,0.9680431104705809
0,SETDB1,33289335,0.9679804499028761
0,FRG1GP,33286421,0.9679177893351714
0,AL031777.3,33286080,0.9678551287674666
0,DERL1,33284873,0.9677924681997618
0,RPL36,33283950,0.9677298076320572
0,STK11,33279103,0.9676671470643524
0,RPUSD4,33277652,0.9676044864966477
0,ECSIT,33274925,0.9675418259289429
0,MTX1,33273399,0.9674791653612381
0,UBE2A,33268796,0.9674165047935335
0,MARCH6,33267548,0.9673538442258287
0,CD53,33261249,0.9672911836581239
0,NOC4L,33257886,0.9672285230904192
0,G6PC3,33255022,0.9671658625227144
0,TMEM206,33252379,0.9671032019550098
0,DCLRE1B,33249366,0.967040541387305
0,MRTFB,33244811,0.9669778808196002
0,SLC38A1,33244013,0.9669152202518955
0,PTN,33243656,0.9668525596841907
0,ZNF267,33239453,0.9667898991164859
0,TPM3P4,33237496,0.9667272385487813
0,CCR7,33236859,0.9666645779810765
0,CNIH1,33236229,0.9666019174133718
0,KTN1,33234861,0.966539256845667
0,MACF1,33233534,0.9664765962779622
0,NUDT1,33231471,0.9664139357102576
0,POLDIP2,33227885,0.9663512751425528
0,WWTR1,33227590,0.966288614574848
0,RHOC,33225339,0.9662259540071433
0,SLBP,33211795,0.9661632934394385
0,PAN3,33211290,0.9661006328717339
0,ABL2,33211176,0.9660379723040291
0,IL17RA,33210201,0.9659753117363243
0,TFE3,33209483,0.9659126511686196
0,COBL,33207962,0.9658499906009148
0,WDR62,33205966,0.9657873300332102
0,RNF19B,33201459,0.9657246694655054
0,SARS2,33199338,0.9656620088978006
0,ENPEP,33194017,0.9655993483300959
0,MPP6,33187928,0.9655366877623911
0,MGRN1,33186620,0.9654740271946863
0,SIX4,33185720,0.9654113666269817
0,NBEAL1,33183298,0.9653487060592769
0,PISD,33179936,0.9652860454915722
0,CHRNB1,33176659,0.9652233849238674
0,MCRIP1,33176535,0.9651607243561626
0,S100A13,33174228,0.965098063788458
0,SMPDL3A,33169704,0.9650354032207532
0,RSBN1L,33169231,0.9649727426530484
0,ZBTB38,33169206,0.9649100820853437
0,BAG2,33168074,0.9648474215176389
0,RN7SL507P,33167319,0.9647847609499343
0,ATP6V1B1,33165019,0.9647221003822295
0,RAF1,33163162,0.9646594398145247
0,TMCO1,33153928,0.96459677924682
0,NELFA,33149508,0.9645341186791152
0,F2RL1,33145287,0.9644714581114104
0,MARK2,33143406,0.9644087975437058
0,CTBP2,33140205,0.964346136976001
0,RN7SL296P,33135966,0.9642834764082963
0,AL953862.1,33135886,0.9642208158405915
0,SRSF1,33126194,0.9641581552728867
0,MAPT,33123187,0.9640954947051821
0,HACL1,33118498,0.9640328341374773
0,SLC1A5,33117313,0.9639701735697725
0,LAMTOR1,33115183,0.9639075130020678
0,DENND2D,33114634,0.963844852434363
0,SLC2A1,33112989,0.9637821918666584
0,KXD1,33108792,0.9637195312989536
0,RNF145,33107222,0.9636568707312488
0,FZD7,33107021,0.9635942101635441
0,SEPT9,33101526,0.9635315495958393
0,CEP152,33098848,0.9634688890281345
0,CDK11A,33094095,0.9634062284604299
0,EXTL2,33093416,0.9633435678927251
0,UBXN6,33092974,0.9632809073250204
0,AC093840.1,33090544,0.9632182467573156
0,SERF2,33090410,0.9631555861896108
0,RPSAP74,33085833,0.9630929256219062
0,RBM42,33082844,0.9630302650542014
0,GNL1,33080981,0.9629676044864967
0,RN7SL709P,33076027,0.9629049439187919
0,DCTD,33075821,0.9628422833510871
0,RB1CC1,33075597,0.9627796227833825
0,CNPPD1,33073666,0.9627169622156777
0,UBE2Z,33067383,0.9626543016479729
0,NOP56P1,33066860,0.9625916410802682
0,FEM1C,33062318,0.9625289805125634
0,FKBP4,33061547,0.9624663199448587
0,TMEM63B,33059741,0.962403659377154
0,PABPN1,33055519,0.9623409988094492
0,MTMR4,33053444,0.9622783382417445
0,EHMT2,33053019,0.9622156776740397
0,SOX4,33050765,0.9621530171063349
0,NME2,33046750,0.9620903565386303
0,NUDT16,33046507,0.9620276959709255
0,ZNF736,33043490,0.9619650354032208
0,PDHA1,33039764,0.961902374835516
0,RITA1,33038328,0.9618397142678112
0,CANX,33034641,0.9617770537001066
0,COL9A3,33027714,0.9617143931324018
0,PGS1,33025957,0.961651732564697
0,MECP2,33024095,0.9615890719969923
0,LSR,33021174,0.9615264114292875
0,GUK1,33020800,0.9614637508615828
0,DAGLB,33016790,0.9614010902938781
0,RGS16,33008410,0.9613384297261733
0,C1D,33003563,0.9612757691584686
0,GAK,33003446,0.9612131085907638
0,RPL17,33002401,0.961150448023059
0,FOXRED1,33002215,0.9610877874553544
0,ZNF335,33001034,0.9610251268876496
0,RN7SL396P,32994514,0.9609624663199449
0,GTF3C4,32993753,0.9608998057522401
0,TP63,32992305,0.9608371451845353
0,PLEKHB2,32988679,0.9607744846168307
0,SDF2,32983506,0.9607118240491259
0,RPL27AP,32971383,0.9606491634814212
0,ATP6V1H,32970362,0.9605865029137164
0,AC010618.1,32969188,0.9605238423460116
0,VPS26A,32964247,0.9604611817783069
0,POLH,32962264,0.9603985212106022
0,URM1,32962030,0.9603358606428974
0,JUP,32959023,0.9602732000751927
0,ROCK2,32957166,0.9602105395074879
0,FAM241B,32955134,0.9601478789397832
0,FBXO46,32952604,0.9600852183720785
0,PRR13,32951088,0.9600225578043737
0,EMC9,32950620,0.959959897236669
0,MT-ND4L,32949415,0.9598972366689642
0,MAP2K4,32946648,0.9598345761012594
0,SPATA5L1,32945913,0.9597719155335548
0,TNKS2,32945584,0.95970925496585
0,GJC1,32942270,0.9596465943981453
0,RHOT2,32942088,0.9595839338304405
0,PHF5A,32937667,0.9595212732627357
0,ASS1,32936048,0.959458612695031
0,CLIC4P2,32933715,0.9593959521273263
0,HSD17B10,32930628,0.9593332915596215
0,GPR157,32929215,0.9592706309919168
0,TMEM39A,32926700,0.959207970424212
0,LIMS1,32924930,0.9591453098565073
0,TCF20,32923512,0.9590826492888026
0,SHMT2,32919882,0.9590199887210978
0,SYNPO,32917534,0.9589573281533931
0,YBX3,32911005,0.9588946675856883
0,SET,32906115,0.9588320070179835
0,MVK,32900894,0.9587693464502789
0,RPL39,32898355,0.9587066858825741
0,MBOAT7,32898181,0.9586440253148694
0,TMEM259,32897496,0.9585813647471646
0,ITPKC,32897219,0.9585187041794598
0,EIF4A2P4,32896861,0.9584560436117551
0,CDV3,32889397,0.9583933830440504
0,MAVS,32885417,0.9583307224763457
0,RN7SL597P,32881284,0.9582054013409361
0,RN7SL151P,32881284,0.9582054013409361
0,RN7SL732P,32881284,0.9582054013409361
0,EIF2S3,32879562,0.9580800802055267
0,PSMD8,32875638,0.9580174196378219
0,HSP90B1,32875546,0.9579547590701172
0,CKB,32870485,0.9578920985024124
0,HIST1H4I,32868402,0.9578294379347077
0,ANKRD20A19P,32863937,0.957766777367003
0,MZT1,32861449,0.9577041167992982
0,MZT2B,32853802,0.9576414562315935
0,AC006511.6,32849623,0.9575787956638887
0,DDX1,32848582,0.9575161350961839
0,AC092139.1,32848310,0.9574534745284792
0,MT-CO3,32845812,0.9573908139607745
0,AP5Z1,32841942,0.9573281533930698
0,ATAD3B,32841829,0.957265492825365
0,KLHL9,32841814,0.9572028322576602
0,MAP1S,32839996,0.9571401716899555
0,EIF4E,32839282,0.9570775111222508
0,TCEA1,32838949,0.957014850554546
0,LSM12,32836203,0.9569521899868413
0,FGFR2,32834780,0.9568895294191365
0,CFAP74,32831351,0.9501221881070242
0,CHD5,32831351,0.9501221881070242
0,GPR153,32831351,0.9501221881070242
0,LRRC38,32831351,0.9501221881070242
0,PADI2,32831351,0.9501221881070242
0,MAP3K6,32831351,0.9501221881070242
0,CSMD2,32831351,0.9501221881070242
0,TMEM35B,32831351,0.9501221881070242
0,SCMH1,32831351,0.9501221881070242
0,LINC01562,32831351,0.9501221881070242
0,FAM78B,32831351,0.9501221881070242
0,RPL5P5,32831351,0.9501221881070242
0,USH2A,32831351,0.9501221881070242
0,PCNX2,32831351,0.9501221881070242
0,CHML,32831351,0.9501221881070242
0,DRAXIN,32831351,0.9501221881070242
0,AL021155.1,32831351,0.9501221881070242
0,PRAMEF1,32831351,0.9501221881070242
0,KAZN,32831351,0.9501221881070242
0,NBL1,32831351,0.9501221881070242
0,ST6GALNAC5,32831351,0.9501221881070242
0,NTNG1,32831351,0.9501221881070242
0,WNT2B,32831351,0.9501221881070242
0,HCN3,32831351,0.9501221881070242
0,DDR2,32831351,0.9501221881070242
0,HMCN1,32831351,0.9501221881070242
0,NFASC,32831351,0.9501221881070242
0,FMN2,32831351,0.9501221881070242
0,BEND7,32831351,0.9501221881070242
0,CUBN,32831351,0.9501221881070242
0,MSMB,32831351,0.9501221881070242
0,LRRC20,32831351,0.9501221881070242
0,AFAP1L2,32831351,0.9501221881070242
0,HSPA12A,32831351,0.9501221881070242
0,LINC00200,32831351,0.9501221881070242
0,PRKCQ-AS1,32831351,0.9501221881070242
0,CCDC7,32831351,0.9501221881070242
0,CDH23,32831351,0.9501221881070242
0,SESN3,32831351,0.9501221881070242
0,BMPR1AP2,32831351,0.9501221881070242
0,MIR4697HG,32831351,0.9501221881070242
0,BRSK2,32831351,0.9501221881070242
0,NLRP14,32831351,0.9501221881070242
0,SLC6A5,32831351,0.9501221881070242
0,KIAA1549L,32831351,0.9501221881070242
0,ZP1,32831351,0.9501221881070242
0,FAT3,32831351,0.9501221881070242
0,POU2F3,32831351,0.9501221881070242
0,GRAMD1B,32831351,0.9501221881070242
0,LINC01559,32831351,0.9501221881070242
0,SOX5,32831351,0.9501221881070242
0,AMIGO2,32831351,0.9501221881070242
0,ADCY6,32831351,0.9501221881070242
0,PTPRB,32831351,0.9501221881070242
0,HCAR1,32831351,0.9501221881070242
0,PLBD1-AS1,32831351,0.9501221881070242
0,C12orf60,32831351,0.9501221881070242
0,GLI1,32831351,0.9501221881070242
0,RPH3A,32831351,0.9501221881070242
0,DNAH10,32831351,0.9501221881070242
0,ADGRD1,32831351,0.9501221881070242
0,AL161716.1,32831351,0.9501221881070242
0,LINC00456,32831351,0.9501221881070242
0,CCDC168,32831351,0.9501221881070242
0,ADPRHL1,32831351,0.9501221881070242
0,FGF9,32831351,0.9501221881070242
0,FRY,32831351,0.9501221881070242
0,AL162493.1,32831351,0.9501221881070242
0,ZIC2,32831351,0.9501221881070242
0,TEP1,32831351,0.9501221881070242
0,BCL11B,32831351,0.9501221881070242
0,RPL23AP71,32831351,0.9501221881070242
0,C14orf28,32831351,0.9501221881070242
0,VRTN,32831351,0.9501221881070242
0,COX8C,32831351,0.9501221881070242
0,PPP4R4,32831351,0.9501221881070242
0,TDRD9,32831351,0.9501221881070242
0,GPR176,32831351,0.9501221881070242
0,EXD1,32831351,0.9501221881070242
0,IGDCC4,32831351,0.9501221881070242
0,HAPLN3,32831351,0.9501221881070242
0,CHRM5,32831351,0.9501221881070242
0,MAP1A,32831351,0.9501221881070242
0,UNC13C,32831351,0.9501221881070242
0,SMAD6,32831351,0.9501221881070242
0,AC124068.2,32831351,0.9501221881070242
0,DCUN1D3,32831351,0.9501221881070242
0,ZNF629,32831351,0.9501221881070242
0,SLC6A10P,32831351,0.9501221881070242
0,CBLN1,32831351,0.9501221881070242
0,ZNF319,32831351,0.9501221881070242
0,HYDIN,32831351,0.9501221881070242
0,AC004233.2,32831351,0.9501221881070242
0,SLC5A11,32831351,0.9501221881070242
0,MT1L,32831351,0.9501221881070242
0,CDH5,32831351,0.9501221881070242
0,AC005670.3,32831351,0.9501221881070242
0,LINC00511,32831351,0.9501221881070242
0,SDK2,32831351,0.9501221881070242
0,RNF157,32831351,0.9501221881070242
0,DNAH17,32831351,0.9501221881070242
0,TM4SF5,32831351,0.9501221881070242
0,EFNB3,32831351,0.9501221881070242
0,DNAH2,32831351,0.9501221881070242
0,ARHGEF15,32831351,0.9501221881070242
0,TTC25,32831351,0.9501221881070242
0,TMEM92,32831351,0.9501221881070242
0,XYLT2,32831351,0.9501221881070242
0,ISCA1P3,32831351,0.9501221881070242
0,AP002414.3,32831351,0.9501221881070242
0,SLC25A52,32831351,0.9501221881070242
0,ST8SIA5,32831351,0.9501221881070242
0,ASXL3,32831351,0.9501221881070242
0,CDH7,32831351,0.9501221881070242
0,SHC2,32831351,0.9501221881070242
0,TLE5,32831351,0.9501221881070242
0,MYO1F,32831351,0.9501221881070242
0,AC008687.4,32831351,0.9501221881070242
0,EVI5L,32831351,0.9501221881070242
0,NLRP5,32831351,0.9501221881070242
0,APOB,32831351,0.9501221881070242
0,AC092164.1,32831351,0.9501221881070242
0,AC064836.1,32831351,0.9501221881070242
0,CRYGEP,32831351,0.9501221881070242
0,CRYGD,32831351,0.9501221881070242
0,ABCA12,32831351,0.9501221881070242
0,KIF1A,32831351,0.9501221881070242
0,SOX11,32831351,0.9501221881070242
0,C2orf16,32831351,0.9501221881070242
0,CLIP4,32831351,0.9501221881070242
0,PLEKHH2,32831351,0.9501221881070242
0,AC139712.1,32831351,0.9501221881070242
0,AC093159.1,32831351,0.9501221881070242
0,ANTXR1,32831351,0.9501221881070242
0,EMX1,32831351,0.9501221881070242
0,ARHGEF4,32831351,0.9501221881070242
0,CSRNP3,32831351,0.9501221881070242
0,ITGA4,32831351,0.9501221881070242
0,MFSD6,32831351,0.9501221881070242
0,PLCL1,32831351,0.9501221881070242
0,JAG1,32831351,0.9501221881070242
0,BFSP1,32831351,0.9501221881070242
0,KCNS1,32831351,0.9501221881070242
0,SNPH,32831351,0.9501221881070242
0,TTLL9,32831351,0.9501221881070242
0,BPIFA2,32831351,0.9501221881070242
0,SNX21,32831351,0.9501221881070242
0,PHACTR3,32831351,0.9501221881070242
0,CHODL,32831351,0.9501221881070242
0,LINC00334,32831351,0.9501221881070242
0,KLHL22,32831351,0.9501221881070242
0,ISCA2P1,32831351,0.9501221881070242
0,AC005005.4,32831351,0.9501221881070242
0,SHANK3,32831351,0.9501221881070242
0,SUSD5,32831351,0.9501221881070242
0,C3orf18,32831351,0.9501221881070242
0,LSAMP,32831351,0.9501221881070242
0,ROBO2,32831351,0.9501221881070242
0,AC117488.1,32831351,0.9501221881070242
0,TF,32831351,0.9501221881070242
0,HMGB3P13,32831351,0.9501221881070242
0,TM4SF1-AS1,32831351,0.9501221881070242
0,FAM43A,32831351,0.9501221881070242
0,RRH,32831351,0.9501221881070242
0,PCDH10,32831351,0.9501221881070242
0,STOX2,32831351,0.9501221881070242
0,DNAH5,32831351,0.9501221881070242
0,H3.Y,32831351,0.9501221881070242
0,FSTL4,32831351,0.9501221881070242
0,CD14,32831351,0.9501221881070242
0,SH3TC2,32831351,0.9501221881070242
0,FAT2,32831351,0.9501221881070242
0,AC018754.1,32831351,0.9501221881070242
0,LVRN,32831351,0.9501221881070242
0,FABP6,32831351,0.9501221881070242
0,GUCA1B,32831351,0.9501221881070242
0,TMEM170B,32831351,0.9501221881070242
0,PRSS35,32831351,0.9501221881070242
0,KLHL32,32831351,0.9501221881070242
0,CCDC170,32831351,0.9501221881070242
0,TMEM184A,32831351,0.9501221881070242
0,CARD11,32831351,0.9501221881070242
0,RP9P,32831351,0.9501221881070242
0,KIAA0895,32831351,0.9501221881070242
0,LINC01446,32831351,0.9501221881070242
0,CALN1,32831351,0.9501221881070242
0,SEMA3E,32831351,0.9501221881070242
0,AC093716.1,32831351,0.9501221881070242
0,GAL3ST4,32831351,0.9501221881070242
0,CREB5,32831351,0.9501221881070242
0,AC004987.3,32831351,0.9501221881070242
0,ADCY1,32831351,0.9501221881070242
0,NOS3,32831351,0.9501221881070242
0,MCPH1-AS1,32831351,0.9501221881070242
0,PHYHIP,32831351,0.9501221881070242
0,NEFL,32831351,0.9501221881070242
0,C8orf88,32831351,0.9501221881070242
0,ENPP2,32831351,0.9501221881070242
0,CASC8,32831351,0.9501221881070242
0,CCDC26,32831351,0.9501221881070242
0,TNFRSF10C,32831351,0.9501221881070242
0,UNC5D,32831351,0.9501221881070242
0,PKHD1L1,32831351,0.9501221881070242
0,WHRN,32831351,0.9501221881070242
0,TTLL11,32831351,0.9501221881070242
0,DCAF10,32831351,0.9501221881070242
0,AF013593.1,32831351,0.9501221881070242
0,PTCHD1,32831351,0.9501221881070242
0,GAGE10,32831351,0.9501221881070242
0,GAGE2A,32831351,0.9501221881070242
0,ARMCX4,32831351,0.9501221881070242
0,AL117327.1,32831351,0.9501221881070242
0,FRMPD3,32831351,0.9501221881070242
0,HTR2C,32831351,0.9501221881070242
0,MAGEA8,32831351,0.9501221881070242
0,SYF2,32831118,0.943354846794912
0,MORC2,32828933,0.9432921862272072
0,RN7SL499P,32828405,0.9431981953756501
0,RN7SL767P,32828405,0.9431981953756501
0,SMARCB1,32826966,0.9431042045240929
0,SLC25A6,32825790,0.9430415439563883
0,WBP2,32823615,0.9429788833886835
0,TMED3,32823251,0.9429162228209788
0,CCDC86,32820203,0.942853562253274
0,AC015911.4,32819680,0.9427909016855692
0,NABP2,32817996,0.9427282411178646
0,FURIN,32817233,0.9426655805501598
0,SGPP1,32815431,0.942602919982455
0,EHMT1,32811851,0.9425402594147503
0,PRAP1,32809482,0.9424775988470455
0,MT-ATP6,32809452,0.9424149382793409
0,SNAPC2,32809260,0.9423522777116361
0,SOCS4,32808096,0.9422896171439313
0,ANGEL2,32805372,0.9422269565762266
0,PHLDB3,32802604,0.9421642960085218
0,ENTR1,32800043,0.942101635440817
0,KIF18B,32794920,0.9420389748731124
0,NACAP2,32792360,0.9419763143054076
0,VAPB,32788426,0.9419136537377029
0,LIMA1,32788379,0.9418509931699981
0,NDUFV3,32787171,0.9417883326022933
0,SYNRG,32785371,0.9417256720345887
0,PRMT6,32784469,0.9416630114668839
0,CABYR,32783660,0.9416003508991792
0,RNF14,32783385,0.9415376903314744
0,DTX2,32779368,0.9414750297637696
0,CYB5B,32778345,0.941412369196065
0,CHERP,32778017,0.9413497086283602
0,EIF3LP2,32773800,0.9412870480606554
0,MT-CO2,32770742,0.9412243874929507
0,FAAP24,32768538,0.9411617269252459
0,ITGB1,32765236,0.9410990663575411
0,AURKAIP1,32763211,0.9410364057898365
0,FDPS,32762355,0.9409737452221317
0,UGCG,32762283,0.940911084654427
0,RN7SL7P,32759917,0.9408484240867222
0,KRT18P35,32751141,0.9407857635190174
0,CNN3,32749203,0.9407231029513128
0,NCL,32747574,0.940660442383608
0,ANGEL1,32746831,0.9405977818159033
0,HSCB,32746040,0.9405351212481985
0,THAP12,32744691,0.9404724606804937
0,RPS4Y2,32744646,0.9404098001127891
0,PHBP21,32734042,0.9403471395450843
0,NDUFS8,32732866,0.9402844789773795
0,NAF1,32728873,0.9402218184096748
0,DGCR8,32728229,0.94015915784197
0,RPS4XP21,32727029,0.9400964972742653
0,KIAA0319L,32722369,0.9400338367065606
0,DMAP1,32721017,0.9399711761388558
0,NFATC3,32719803,0.9399085155711511
0,MRM1,32713638,0.9398458550034463
0,AP2A1,32712287,0.9397831944357415
0,USP9Y,32711096,0.9397205338680369
0,BCAT1,32708624,0.9396578733003321
0,C12orf10,32706434,0.9395952127326274
0,GATAD2A,32699844,0.9395325521649226
0,MAZ,32699177,0.9394698915972178
0,OSTC,32698471,0.9394072310295132
0,GUCD1,32693721,0.9393445704618084
0,RAB14,32689653,0.9392819098941037
0,USP22,32685955,0.9392192493263989
0,NSD3,32683071,0.9391565887586941
0,EPS8,32680388,0.9390939281909894
0,EEF1DP1,32677356,0.9390312676232847
0,GTF2I,32676906,0.9389686070555799
0,EMD,32674208,0.9389059464878752
0,ALKBH8,32673744,0.9388432859201704
0,METTL22,32672016,0.9387806253524656
0,MTCO2P22,32670299,0.938717964784761
0,TBCD,32666388,0.9386553042170562
0,GAR1,32664307,0.9385926436493515
0,MRPS2,32664120,0.9385299830816467
0,DGCR2,32663031,0.9384673225139419
0,SMPD2,32661508,0.9384046619462373
0,RABEPK,32660525,0.9383420013785325
0,TMEM189,32657519,0.9382793408108278
0,CSRNP2,32655739,0.938216680243123
0,MOV10,32655716,0.9381540196754182
0,SBF1,32655078,0.9380913591077135
0,DDIAS,32653593,0.9380286985400088
0,TMTC3,32644998,0.937966037972304
0,EWSR1,32642229,0.9379033774045993
0,KHDRBS3,32639333,0.9378407168368945
0,GRTP1,32638764,0.9377780562691898
0,B3GAT3,32636113,0.9377153957014851
0,RN7SL711P,32636071,0.9376527351337803
0,PRPF19,32635203,0.9375900745660756
0,EPB41L4A-AS1,32634864,0.9375274139983708
0,RN7SL218P,32628563,0.937464753430666
0,PDXDC1,32626139,0.9374020928629614
0,GAPDHP72,32624518,0.9373394322952566
0,SNRNP27,32623912,0.9372767717275519
0,SUZ12,32622284,0.9372141111598471
0,VCY1B,32621994,0.9371514505921423
0,KIFC1,32620551,0.9370887900244376
0,ANO6,32618471,0.9370261294567329
0,SNRPB,32615891,0.9369634688890282
0,BOLA1,32614917,0.9369008083213234
0,RCN1,32613380,0.9368381477536186
0,ZBTB6,32611918,0.9367754871859139
0,METTL2B,32609143,0.9367128266182092
0,TAGLN2,32608738,0.9366501660505044
0,AL122018.1,32604020,0.9365875054827997
0,EPCAM,32603578,0.9365248449150949
0,VDAC1,32603263,0.9364621843473901
0,SRSF2,32601702,0.9363995237796855
0,ZRSR2,32601207,0.9363368632119807
0,RN7SL342P,32600344,0.936274202644276
0,TMEM138,32590576,0.9362115420765712
0,AC138207.8,32588231,0.9361488815088664
0,H3F3A,32588140,0.9360862209411617
0,TKT,32587382,0.936023560373457
0,EYA3,32585269,0.9359608998057523
0,KRT8,32584912,0.9358982392380475
0,CUL3,32584414,0.9358355786703427
0,VPS45,32584236,0.935772918102638
0,KRT18P34,32583312,0.9357102575349333
0,DYNC1H1,32582701,0.9356475969672285
0,DOHH,32581663,0.9355849363995238
0,SELENOI,32579701,0.935522275831819
0,NDUFB7,32577834,0.9354596152641143
0,METTL4,32574507,0.9353969546964096
0,DDI2,32574364,0.9353342941287048
0,PNPLA6,32568620,0.9352716335610001
0,PHB,32568468,0.9352089729932953
0,MTLN,32568364,0.9351463124255905
0,MT-ATP8,32567605,0.9350836518578858
0,HDGF,32566086,0.9350209912901811
0,SURF4,32565969,0.9349583307224764
0,PSMD3,32565269,0.9348956701547716
0,MAP3K8,32562038,0.9348330095870668
0,ATP5F1B,32561897,0.9347703490193621
0,STK38L,32555483,0.9347076884516574
0,CPVL,32552422,0.9346450278839527
0,MTRF1L,32544896,0.9345823673162479
0,SSR4,32542493,0.9345197067485431
0,C1orf122,32542424,0.9344570461808384
0,ELAVL1,32539875,0.9343943856131337
0,TNS3,32532516,0.9343317250454289
0,MRPL52,32532513,0.9342690644777242
0,RPS4XP8,32531736,0.9342064039100194
0,PDSS2,32531545,0.9341437433423146
0,SLC50A1,32531332,0.9340810827746099
0,CFAP298,32529941,0.9340184222069052
0,ARF6,32528265,0.9339557616392005
0,RASSF2,32527103,0.9338931010714957
0,LAMP1,32527082,0.9338304405037909
0,RIPK1,32526595,0.9337677799360862
0,RBPJ,32519605,0.9337051193683815
0,YWHAE,32519160,0.9336424588006768
0,PSRC1,32514696,0.933579798232972
0,HDAC5,32513518,0.9335171376652672
0,ZFAND3,32509114,0.9334544770975625
0,TPD52L1,32507802,0.9333918165298578
0,NDUFAF8,32507099,0.933329155962153
0,IRF2BP2,32502953,0.9332664953944483
0,CYP51A1P1,32494630,0.9332038348267435
0,SNX13,32490763,0.9331411742590388
0,NCKAP5L,32488027,0.933078513691334
0,LYPLA1,32487670,0.9330158531236293
0,UBFD1,32484281,0.9329531925559246
0,HTATIP2,32479865,0.9328905319882198
0,UBN2,32479671,0.932827871420515
0,EXOSC2,32477334,0.9327652108528103
0,NUP153,32474030,0.9327025502851056
0,DLD,32473832,0.9326398897174009
0,IMPDH2,32473705,0.9325772291496961
0,UBALD1,32471636,0.9325145685819913
0,ATIC,32471195,0.9324519080142866
0,ZNF101,32468887,0.9323892474465819
0,GTF2A1,32464928,0.9323265868788772
0,SLC12A2,32462476,0.9322639263111724
0,RAD54L2,32457562,0.9322012657434676
0,REXO2,32455776,0.9321386051757629
0,MRTFA,32455061,0.9320759446080582
0,PCYOX1,32453574,0.9320132840403534
0,PEX19,32451855,0.9319506234726487
0,RN7SL496P,32451417,0.9318879629049439
0,PTMAP5,32451284,0.9318253023372391
0,TLE3,32446393,0.9317626417695344
0,KCTD2,32444414,0.9316999812018297
0,GLRX3P2,32440367,0.931637320634125
0,PERP,32438812,0.9315746600664202
0,JPX,32438465,0.9315119994987154
0,LRWD1,32437158,0.9314493389310107
0,CEP57L1,32433138,0.931386678363306
0,TMEM126B,32430768,0.9313240177956013
0,RABL6,32428762,0.9312613572278965
0,ZNF706,32427516,0.9311986966601917
0,HPDL,32426628,0.931136036092487
0,COX7B,32426389,0.9310733755247823
0,AP000648.3,32425799,0.9310107149570775
0,POMK,32424889,0.9309480543893728
0,GAPDHP1,32424353,0.930885393821668
0,MXRA8,32422269,0.9308227332539633
0,RNASEH2A,32421416,0.9307600726862585
0,DCXR,32421228,0.9306974121185538
0,CRY1,32415537,0.9306347515508491
0,BTBD3,32415340,0.9305720909831443
0,RBPMS,32414549,0.9305094304154395
0,DNAJC3,32411602,0.9304467698477348
0,HNRNPKP2,32407706,0.9303841092800301
0,PRMT2,32407315,0.9303214487123254
0,RSL24D1,32407056,0.9302587881446206
0,C8orf76,32401275,0.9301961275769158
0,SHARPIN,32400962,0.9301334670092111
0,PLCXD1,32399639,0.9300708064415064
0,TBC1D15,32399313,0.9300081458738017
0,JADE2,32397513,0.9299454853060969
0,IRF3,32396763,0.9298828247383921
0,FUT11,32393997,0.9298201641706874
0,WDR20,32393360,0.9297575036029826
0,PCGF1,32391034,0.9296948430352779
0,SRF,32390115,0.9296321824675732
0,TEDC1,32388761,0.9295695218998684
0,ZNF408,32387843,0.9295068613321636
0,VPS4A,32386093,0.9294442007644589
0,ZFAND2A,32381671,0.9293815401967542
0,UGGT2,32380929,0.9293188796290495
0,IMPAD1,32380665,0.9292562190613447
0,RNF122,32377119,0.9291935584936399
0,DNAJC8,32376095,0.9291308979259352
0,EPHB4,32368995,0.9290682373582305
0,NUBP1,32364747,0.9290055767905258
0,LRRC58,32363810,0.928942916222821
0,ATP5MC3,32362959,0.9288802556551162
0,NUDT16L1,32362729,0.9288175950874115
0,ZKSCAN2,32361382,0.9287549345197067
0,HAVCR1,32360591,0.928692273952002
0,BIRC2,32359160,0.9286296133842973
0,GNG10,32358948,0.9285669528165925
0,ARL5AP4,32352311,0.9285042922488878
0,MAP2K2,32352177,0.928441631681183
0,ZFAND5,32348145,0.9283789711134783
0,LMNB2,32347570,0.9283163105457736
0,GPI,32345282,0.9282536499780688
0,ANAPC15,32342698,0.928190989410364
0,KAT6A,32341326,0.9281283288426593
0,AIMP2,32337293,0.9280656682749546
0,AC026410.1,32336725,0.9280030077072499
0,U2SURP,32331227,0.9279403471395451
0,RPL7P8,32328097,0.9278776865718403
0,PGRMC2,32324213,0.9278150260041356
0,RYBP,32322159,0.9277523654364308
0,AC107990.1,32320014,0.9276897048687262
0,HTT,32319897,0.9276270443010214
0,IMPDH1,32315118,0.9275643837333166
0,TXNL4B,32313685,0.9275017231656119
0,ACAT2,32308501,0.9274390625979071
0,BCL10,32301477,0.9273764020302024
0,TFB2M,32298958,0.9273137414624977
0,SDC4,32294111,0.9272510808947929
0,AHDC1,32290558,0.9271884203270881
0,RPLP0,32290181,0.9271257597593834
0,MTX3,32287092,0.9270630991916787
0,ATG13,32284641,0.927000438623974
0,TYMS,32281234,0.9269377780562692
0,SLC35F2,32279556,0.9268751174885644
0,LINC00665,32277073,0.9268124569208597
0,RCC1L,32275850,0.9267497963531549
0,OCLN,32275802,0.9266871357854503
0,ACTG1,32275801,0.9266244752177455
0,LSM7,32273970,0.9265618146500407
0,PRAMEF18,32262936,0.926499154082336
0,LPCAT3,32262844,0.9264364935146312
0,C4orf19,32260676,0.9263738329469265
0,MCAT,32256938,0.9263111723792218
0,SDHC,32254176,0.926248511811517
0,IPMK,32252780,0.9261858512438123
0,VPS36,32248406,0.9261231906761075
0,B3GNT2,32247382,0.9260605301084028
0,SPATS2,32246352,0.9259978695406981
0,TBC1D17,32246165,0.9259352089729933
0,SCAMP4,32244660,0.9258725484052885
0,MTREX,32242695,0.9258098878375838
0,FIGN,32238278,0.925747227269879
0,UBA2,32237777,0.9256845667021744
0,SLK,32233195,0.9256219061344696
0,PPP1R13L,32232246,0.9255592455667648
0,MSI2,32232086,0.9254965849990601
0,NPM1P14,32224256,0.9254339244313553
0,OTULIN,32224077,0.9253712638636507
0,AZI2,32223967,0.9253086032959459
0,AC074019.1,32223624,0.9252459427282411
0,RTL8C,32222689,0.9251832821605364
0,RPTOR,32217867,0.9251206215928316
0,PIP4P2,32216242,0.9250579610251269
0,SHROOM2,32214170,0.9249953004574222
0,SPPL3,32212736,0.9249326398897174
0,GUSB,32212327,0.9248699793220126
0,PLOD3,32212080,0.9248073187543079
0,KANSL3,32208490,0.9247446581866031
0,TSTD1,32207811,0.9246819976188985
0,NXF1,32207000,0.9246193370511937
0,MID1,32205640,0.9245566764834889
0,LYN,32205111,0.9244940159157842
0,LDLRAP1,32202906,0.9244313553480794
0,ANXA2P2,32202456,0.9243686947803748
0,SEMA4C,32202291,0.92430603421267
0,ISCA1,32200182,0.9242433736449652
0,PRDX1,32196691,0.9241807130772605
0,EDF1,32195246,0.9241180525095557
0,TMEM59,32192331,0.924055391941851
0,TSR3,32189431,0.9239927313741463
0,KRT8P32,32184392,0.9239300708064415
0,TMEM147,32183697,0.9238674102387368
0,FADS3,32181611,0.923804749671032
0,CCDC124,32181036,0.9237420891033272
0,ADK,32175759,0.9236794285356226
0,DCAF6,32171048,0.9236167679679178
0,XRRA1,32170948,0.923554107400213
0,PHTF2,32170564,0.9234914468325083
0,NUP58,32170413,0.9234287862648035
0,AC008753.2,32166776,0.9233661256970989
0,TMPOP2,32166094,0.9233034651293941
0,TBRG4,32160886,0.9232408045616893
0,ARHGDIA,32158960,0.9231781439939846
0,TBRG1,32153982,0.9231154834262798
0,SLC1A3,32153085,0.9230528228585752
0,MORF4L1,32152683,0.9229901622908704
0,TRAK2,32151280,0.9229275017231656
0,GAPDHP35,32150991,0.9228648411554609
0,RPEL1,32148728,0.9228021805877561
0,NAA10,32147641,0.9227395200200513
0,ALDH4A1,32146394,0.9226768594523467
0,NADSYN1,32145691,0.9226141988846419
0,SLC7A5,32145217,0.9225515383169371
0,RACK1,32144776,0.9224888777492324
0,UBR5,32144319,0.9224262171815276
0,NEK4,32143317,0.922363556613823
0,RPL3,32137903,0.9223008960461182
0,ZSWIM1,32134954,0.9222382354784134
0,RPP14,32132829,0.9221755749107087
0,UXT,32132776,0.9221129143430039
0,GAB1,32132159,0.9220502537752993
0,SRSF7,32131492,0.9219875932075945
0,ZFP82,32128110,0.9219249326398897
0,RPL32,32127609,0.921862272072185
0,GCM1,32127604,0.9217996115044802
0,BCAS2,32125434,0.9217369509367754
0,FNTA,32122858,0.9216742903690708
0,AC073534.1,32120272,0.921611629801366
0,INF2,32119290,0.9215489692336613
0,MSMO1,32116326,0.9214863086659565
0,PHF23,32113230,0.9214236480982517
0,VDAC1P2,32112699,0.9213609875305471
0,SPPL2A,32112400,0.9212983269628423
0,GLRX,32110958,0.9212356663951375
0,MRPL38,32105575,0.9211730058274328
0,KRT19,32103482,0.921110345259728
0,EMC6,32102692,0.9210476846920234
0,MAD2L1,32101241,0.9209850241243186
0,DYNLL2,32098784,0.9209223635566138
0,SLC35B4,32098661,0.9208597029889091
0,ESD,32095966,0.9207970424212043
0,CLASRP,32095527,0.9207343818534995
0,TENT4B,32095143,0.9206717212857949
0,NR1H2,32094951,0.9206090607180901
0,NID1,32093814,0.9205464001503854
0,KLF10,32093251,0.9204837395826806
0,MARCKSL1,32091732,0.9204210790149758
0,EIF3K,32089016,0.9203584184472712
0,ISOC1,32088347,0.9202957578795664
0,ARL13B,32087783,0.9202330973118616
0,IFT27,32087108,0.9201704367441569
0,PIM3,32083589,0.9201077761764521
0,SUMO2,32082440,0.9200451156087475
0,CNPY3,32079990,0.9199824550410427
0,PKM,32072754,0.9199197944733379
0,BAK1,32071773,0.9198571339056332
0,TOMM40L,32071532,0.9197944733379284
0,HK1,32069791,0.9197318127702236
0,PPIAP59,32067804,0.919669152202519
0,SF3B2,32062865,0.9196064916348142
0,ZCCHC3,32060285,0.9195438310671095
0,PSAP,32056654,0.9194811704994047
0,MCRS1,32055537,0.9194185099316999
0,AC004156.1,32055437,0.9193558493639953
0,RN7SL300P,32055198,0.9192931887962905
0,UFC1,32054662,0.9192305282285858
0,CALM3,32051732,0.919167867660881
0,ZDHHC11,32051160,0.9191052070931762
0,AC092809.3,32046215,0.9190425465254716
0,RPP25L,32041727,0.9189798859577668
0,TRA2A,32039645,0.918917225390062
0,KIAA0930,32035586,0.9188545648223573
0,NLK,32027843,0.9187919042546525
0,BCL2L12,32026206,0.9187292436869477
0,NTHL1,32026170,0.9186665831192431
0,TMEM165,32025336,0.9186039225515383
0,UPF3A,32021630,0.9185412619838336
0,PSMB7,32021149,0.9184786014161288
0,B4GALT2,32018474,0.918415940848424
0,FBXW11,32017239,0.9183532802807194
0,MIR194-2HG,32011255,0.9182906197130146
0,NCAPH,32011075,0.9182279591453099
0,E2F7,32007755,0.9181652985776051
0,HACD3,32004249,0.9181026380099003
0,GADD45A,32003040,0.9180399774421957
0,AC246787.1,32002061,0.9179773168744909
0,SLU7,31999334,0.9179146563067861
0,TDP2,31994487,0.9178519957390814
0,HSF1,31992189,0.9177893351713766
0,ALDOA,31991977,0.9177266746036719
0,STS,31988303,0.9176640140359672
0,CNOT7,31988092,0.9176013534682624
0,RAB8B,31987227,0.9175386929005577
0,JAK1,31986029,0.9174760323328529
0,CSTF3,31982587,0.9174133717651481
0,SH2D5,31976306,0.9173507111974435
0,QKI,31975305,0.9172880506297387
0,LENG1,31972682,0.917225390062034
0,TCF7L2,31970645,0.9171627294943292
0,P3H1,31970006,0.9171000689266244
0,GCH1,31967236,0.9170374083589198
0,MEPCE,31964615,0.916974747791215
0,HMGB1P1,31960837,0.9169120872235103
0,KIAA1522,31958607,0.9168494266558055
0,PFN2,31956100,0.9167867660881007
0,IRF2BPL,31954725,0.916724105520396
0,RAB11FIP2,31953516,0.9166614449526913
0,SREBF2-AS1,31949241,0.9165987843849865
0,STK25,31941638,0.9165361238172818
0,KIF4B,31939835,0.916473463249577
0,DDOST,31939660,0.9164108026818722
0,GOLPH3,31937687,0.9163481421141676
0,GNB2,31936842,0.9162854815464628
0,MKLN1,31935087,0.9162228209787581
0,CAPZA1,31931159,0.9161601604110533
0,MBD3,31928829,0.9160974998433485
0,CDC42,31927433,0.9160348392756439
0,PDF,31927210,0.9159721787079391
0,CBL,31924518,0.9159095181402344
0,GRWD1,31924046,0.9158468575725296
0,PRMT5,31921668,0.9157841970048248
0,CYSTM1,31914112,0.9157215364371201
0,ZNF560,31910769,0.9156588758694154
0,NUDT2,31909868,0.9155962153017106
0,USP19,31909432,0.9155335547340059
0,TMSB4X,31906679,0.9154708941663011
0,RPLP0P2,31906651,0.9154082335985964
0,BX255925.3,31905809,0.9153455730308917
0,MTPAP,31903687,0.9152829124631869
0,SF3B6,31903126,0.9152202518954822
0,SYPL1,31898377,0.9151575913277774
0,TM2D3,31897717,0.9150949307600726
0,CAP1,31897664,0.915032270192368
0,MRPL17,31896008,0.9149696096246632
0,HAND1,31895719,0.9149069490569585
0,CNN2,31894281,0.9148442884892537
0,ERCC1,31893685,0.9147816279215489
0,LPIN1,31893463,0.9147189673538443
0,NR6A1,31893229,0.9146563067861395
0,GPATCH3,31892849,0.9145936462184348
0,LINC00668,31890181,0.91453098565073
0,CAPZB,31889529,0.9144683250830252
0,AC233982.1,31888215,0.9144056645153205
0,SPHK2,31886751,0.9143430039476158
0,GSKIP,31883946,0.914280343379911
0,PTMAP10,31881384,0.9142176828122063
0,ARAP1,31880571,0.9141550222445015
0,VMP1,31880220,0.9140923616767967
0,TMEM109,31879872,0.9140297011090921
0,CDC37,31879684,0.9139670405413873
0,PNP,31878736,0.9139043799736826
0,VIRMA,31878279,0.9138417194059778
0,TUSC1,31877489,0.913779058838273
0,MAGI1,31876873,0.9137163982705684
0,CCDC18-AS1,31875099,0.912933141174259
0,AL390038.1,31875099,0.912933141174259
0,DAP3P1,31875099,0.912933141174259
0,LINC02663,31875099,0.912933141174259
0,ZNF239,31875099,0.912933141174259
0,AVIL,31875099,0.912933141174259
0,HRK,31875099,0.912933141174259
0,AC023157.3,31875099,0.912933141174259
0,C1GALT1P1,31875099,0.912933141174259
0,CDH8,31875099,0.912933141174259
0,AC138811.1,31875099,0.912933141174259
0,ADGRG1,31875099,0.912933141174259
0,AC025682.1,31875099,0.912933141174259
0,RBFADN,31875099,0.912933141174259
0,IZUMO4,31875099,0.912933141174259
0,SULT2B1,31875099,0.912933141174259
0,RIBC2,31875099,0.912933141174259
0,RAB24,31875099,0.912933141174259
0,OSMR,31875099,0.912933141174259
0,RPS6KA2,31875099,0.912933141174259
0,TRIM39,31875099,0.912933141174259
0,CDHR3,31875099,0.912933141174259
0,SNTB1,31875099,0.912933141174259
0,FOXE1,31875099,0.912933141174259
0,AKAP12,31873145,0.9121498840779497
0,PIGS,31872704,0.912087223510245
0,FRAT2,31872375,0.9120245629425403
0,RRM2,31870722,0.9119619023748355
0,FUS,31870511,0.9118992418071308
0,VCP,31866563,0.911836581239426
0,UROS,31864037,0.9117739206717212
0,SLC36A4,31862504,0.9117112601040166
0,TBCB,31861910,0.9116485995363118
0,OXT,31856618,0.9115859389686071
0,ARPC1A,31852751,0.9115232784009023
0,SH3TC1,31852622,0.9114606178331975
0,AC131235.1,31850567,0.9113979572654928
0,DNAJC9,31846841,0.9113352966977881
0,UBC,31838719,0.9112726361300834
0,EXOSC4,31838440,0.9112099755623786
0,MPLKIP,31838420,0.9111473149946738
0,CCDC120,31837927,0.9110846544269691
0,RELA,31836396,0.9110219938592644
0,RNF25,31832426,0.9109593332915596
0,CXXC1,31832288,0.9108966727238549
0,ALG14,31831484,0.9108340121561501
0,PRMT7,31829646,0.9107713515884454
0,ARPC5L,31828969,0.9107086910207407
0,RPP25,31828853,0.9106460304530359
0,WDR77,31825801,0.9105833698853312
0,TMEM154,31818649,0.9105207093176264
0,CDKAL1,31815410,0.9104580487499216
0,GATC,31813006,0.9103953881822169
0,GLO1,31809134,0.9103327276145122
0,RPSAP53,31808111,0.9102700670468075
0,CCDC66,31805189,0.9102074064791027
0,SETD2,31802210,0.9101447459113979
0,EEF2KMT,31798346,0.9100820853436932
0,PFN1P1,31792404,0.9100194247759885
0,AP1AR,31788468,0.9099567642082838
0,SLC35A1,31787245,0.909894103640579
0,LDOC1,31786714,0.9098314430728742
0,LSS,31785198,0.9097687825051695
0,LINC00470,31782582,0.9097061219374648
0,ZMPSTE24,31781191,0.90964346136976
0,EBNA1BP2,31780717,0.9095808008020553
0,TXN2,31780468,0.9095181402343505
0,PWWP2A,31779711,0.9094554796666457
0,ABT1,31778403,0.909392819098941
0,KPNB1,31778240,0.9093301585312363
0,TGIF1,31778054,0.9092674979635316
0,DLGAP4,31775494,0.9092048373958268
0,DMAC2,31772439,0.909142176828122
0,SLC39A4,31770543,0.9090795162604173
0,TSR2,31770519,0.9090168556927126
0,ARFRP1,31770281,0.9089541951250079
0,AKR7A2,31768455,0.9088915345573031
0,PTPN12,31768361,0.9088288739895983
0,NPIPB5,31768072,0.9087662134218936
0,LMBRD1,31767098,0.9087035528541889
0,STXBP2,31766933,0.9086408922864841
0,SMIM10L1,31766777,0.9085782317187794
0,AC092155.2,31766193,0.9085155711510746
0,POLR2K,31765704,0.9084529105833699
0,HSP90AB1,31761833,0.9083902500156651
0,POLR2G,31761025,0.9083275894479604
0,HMG20A,31759118,0.9082649288802557
0,EPN1,31758561,0.9082022683125509
0,NEK7,31753158,0.9081396077448461
0,CPSF1,31749850,0.9080769471771414
0,USP53,31749105,0.9080142866094367
0,ZFP57,31749066,0.907951626041732
0,CHKA,31746550,0.9078889654740272
0,MED24,31746346,0.9078263049063224
0,PRADC1,31745953,0.9077636443386177
0,UBL5,31740754,0.907700983770913
0,MKI67,31740014,0.9076383232032083
0,CD55,31738894,0.9075756626355035
0,UBBP4,31738057,0.9075130020677987
0,SEC13,31735850,0.907450341500094
0,NUMA1,31735277,0.9073876809323892
0,LARP4,31735143,0.9073250203646845
0,RANBP1,31734131,0.9072623597969798
0,PREPL,31731516,0.907199699229275
0,EXT2,31731364,0.9071370386615702
0,NCLN,31731173,0.9070743780938655
0,ATP5F1E,31728550,0.9070117175261608
0,PGAP2,31724782,0.9069490569584561
0,RAB1A,31724522,0.9068863963907513
0,RBM15,31723916,0.9068237358230465
0,DCAF17,31722689,0.9067610752553418
0,ATF4,31721880,0.9066984146876371
0,AL355338.1,31716525,0.9066357541199324
0,PDIA3,31708397,0.9065730935522276
0,KLHL23,31704913,0.9065104329845228
0,ASCC3,31702474,0.9064477724168181
0,AC023157.1,31702249,0.9063851118491133
0,LEMD3,31700099,0.9063224512814086
0,PPM1N,31700044,0.9062597907137039
0,SRPRB,31699597,0.9061971301459991
0,CCP110,31693982,0.9061344695782944
0,HERC2,31693855,0.9060718090105896
0,RIN2,31689573,0.9060091484428849
0,TMEM131,31688236,0.9059464878751802
0,CHCHD3,31687004,0.9058838273074754
0,RNF185,31686462,0.9058211667397706
0,AP001527.2,31686317,0.9057585061720659
0,SLC25A37,31683962,0.9056958456043612
0,UPP1,31683810,0.9056331850366565
0,ATP11C,31683700,0.9055705244689517
0,CNOT6L,31683560,0.9055078639012469
0,HSP90AA1,31681199,0.9054452033335422
0,PTEN,31680670,0.9053825427658374
0,ABCB10,31679742,0.9053198821981328
0,TAF5,31679222,0.905257221630428
0,FDPSP5,31678897,0.9051945610627232
0,CALCOCO1,31678556,0.9051319004950185
0,RNF139,31677333,0.9050692399273137
0,FXYD5,31675945,0.905006579359609
0,YTHDF2P1,31675297,0.9049439187919043
0,ABHD12,31673569,0.9048812582241995
0,GGCT,31672539,0.9048185976564947
0,ELOVL5,31672396,0.90475593708879
0,CMIP,31671165,0.9046932765210853
0,RPL35AP4,31670884,0.9046306159533806
0,ALKBH7,31667284,0.9045679553856758
0,TNRC6C,31662750,0.904505294817971
0,PPP4R2,31662414,0.9044426342502663
0,H3F3C,31661542,0.9043799736825615
0,ATP6V0C,31661068,0.9043173131148569
0,RFXANK,31660699,0.9042546525471521
0,KCTD10,31659529,0.9041919919794473
0,ITGB5,31659230,0.9041293314117426
0,TMX3,31659213,0.9040666708440378
0,KIAA1671,31654585,0.9040040102763331
0,PRAMEF8,31654417,0.9019988721097814
0,ITLN2,31654417,0.9019988721097814
0,AKT3,31654417,0.9019988721097814
0,PRAMEF12,31654417,0.9019988721097814
0,PRAMEF7,31654417,0.9019988721097814
0,PRAMEF20,31654417,0.9019988721097814
0,TENT5C,31654417,0.9019988721097814
0,NOS1AP,31654417,0.9019988721097814
0,LGALS8,31654417,0.9019988721097814
0,PLA2G12B,31654417,0.9019988721097814
0,TRIM51EP,31654417,0.9019988721097814
0,BTG4,31654417,0.9019988721097814
0,AP001462.1,31654417,0.9019988721097814
0,TRIM77,31654417,0.9019988721097814
0,ZBTB16,31654417,0.9019988721097814
0,DDX11-AS1,31654417,0.9019988721097814
0,RND1,31654417,0.9019988721097814
0,NAV3,31654417,0.9019988721097814
0,TCTN1,31654417,0.9019988721097814
0,GPC6,31654417,0.9019988721097814
0,PATL2,31654417,0.9019988721097814
0,FAM227B,31654417,0.9019988721097814
0,LMF1,31654417,0.9019988721097814
0,AC092724.1,31654417,0.9019988721097814
0,LINC00672,31654417,0.9019988721097814
0,NFATC1,31654417,0.9019988721097814
0,ZGLP1,31654417,0.9019988721097814
0,NLRP13,31654417,0.9019988721097814
0,TLE6,31654417,0.9019988721097814
0,RPL36P16,31654417,0.9019988721097814
0,RFPL4AL1,31654417,0.9019988721097814
0,LYPD1,31654417,0.9019988721097814
0,TMEFF2,31654417,0.9019988721097814
0,LINC01494,31654417,0.9019988721097814
0,FBLN7,31654417,0.9019988721097814
0,ZHX3,31654417,0.9019988721097814
0,SLC2A10,31654417,0.9019988721097814
0,THRB,31654417,0.9019988721097814
0,TIGIT,31654417,0.9019988721097814
0,STXBP5L,31654417,0.9019988721097814
0,C3orf56,31654417,0.9019988721097814
0,MUC20P1,31654417,0.9019988721097814
0,TIGD4,31654417,0.9019988721097814
0,LRAT,31654417,0.9019988721097814
0,AC012640.2,31654417,0.9019988721097814
0,EDIL3,31654417,0.9019988721097814
0,NEUROG1,31654417,0.9019988721097814
0,PPP2R2B,31654417,0.9019988721097814
0,AC008940.1,31654417,0.9019988721097814
0,AC092353.1,31654417,0.9019988721097814
0,AL590652.1,31654417,0.9019988721097814
0,AL353133.1,31654417,0.9019988721097814
0,AL022721.1,31654417,0.9019988721097814
0,AL033504.1,31654417,0.9019988721097814
0,UNC93A,31654417,0.9019988721097814
0,JAZF1,31654417,0.9019988721097814
0,CACNA2D1,31654417,0.9019988721097814
0,IQUB,31654417,0.9019988721097814
0,RARRES2,31654417,0.9019988721097814
0,OR10AH1P,31654417,0.9019988721097814
0,SPATA6L,31654417,0.9019988721097814
0,LINGO2,31654417,0.9019988721097814
0,NLGN4X,31654417,0.9019988721097814
0,KIF4A,31651055,0.8999937339432296
0,EEA1,31649070,0.8999310733755248
0,FAM189B,31648127,0.89986841280782
0,UTRN,31647285,0.8998057522401153
0,AL035446.2,31647257,0.8997430916724105
0,CMTM4,31646920,0.8996804311047059
0,SKP2,31646612,0.8996177705370011
0,RFNG,31645808,0.8995551099692963
0,AP000769.1,31645485,0.8994924494015916
0,UBE3D,31645109,0.8994297888338868
0,TFAP2C,31642993,0.899367128266182
0,KCNN4,31640029,0.8993044676984774
0,TNFAIP1,31639438,0.8992418071307726
0,OSTCP1,31638301,0.8991791465630679
0,SRGAP2,31637688,0.8991164859953631
0,PTER,31636313,0.8990538254276583
0,MBNL2,31635157,0.8989911648599537
0,UGGT1,31633486,0.8989285042922489
0,RARS2,31631414,0.8988658437245441
0,ARL6IP4,31630667,0.8988031831568394
0,EIF3H,31626585,0.8987405225891346
0,CDCA5,31624105,0.89867786202143
0,C6orf132,31623305,0.8986152014537252
0,STAU2,31621825,0.8985525408860204
0,SAT1,31621661,0.8984898803183157
0,TOR1AIP1,31619929,0.8984272197506109
0,MAP2K1,31617246,0.8983645591829061
0,FOXP4,31616327,0.8983018986152015
0,RN7SL786P,31614955,0.8982079077636443
0,RF00017-142,31614955,0.8982079077636443
0,RAB25,31614853,0.8981139169120872
0,S100A6,31614491,0.8980512563443824
0,DNAJA1P3,31612066,0.8979885957766778
0,HIF1AN,31611440,0.897925935208973
0,NOC3L,31610217,0.8978632746412682
0,DEGS1,31610212,0.8978006140735635
0,AGPAT1,31607486,0.8977379535058587
0,MLX,31605651,0.8976752929381541
0,TPT1,31602239,0.8976126323704493
0,PXN-AS1,31600733,0.8975499718027445
0,KIF2C,31597106,0.8974873112350398
0,CLUH,31594040,0.897424650667335
0,ARHGAP23,31593086,0.8973619900996304
0,ATP11B,31589105,0.8972993295319256
0,GFOD2,31585842,0.8972366689642208
0,CFAP36,31585523,0.8971740083965161
0,RNF5,31585229,0.8971113478288113
0,SLC25A38,31584853,0.8970486872611065
0,RHBDD3,31584690,0.8969860266934019
0,SH3BP5L,31582769,0.8969233661256971
0,UBALD2,31581976,0.8968607055579924
0,TRMT2A,31581206,0.8967980449902876
0,PRKCSH,31578294,0.8967353844225828
0,EIF1B,31577832,0.8966727238548782
0,LPAR2,31577087,0.8966100632871734
0,ZDHHC5,31575648,0.8965474027194686
0,RASSF1,31575356,0.8964847421517639
0,CLK2,31574343,0.8964220815840591
0,SPINDOC,31574281,0.8963594210163545
0,EIF4A2,31573441,0.8962967604486497
0,GM2A,31572458,0.8962340998809449
0,ILF3,31570462,0.8961714393132402
0,DDX42,31566789,0.8961087787455354
0,CCDC32,31562962,0.8960461181778306
0,C3orf38,31558065,0.895983457610126
0,GPAT4,31557855,0.8959207970424212
0,TADA2B,31549927,0.8958581364747165
0,ZNF611,31549745,0.8957954759070117
0,PARG,31546928,0.8957328153393069
0,ABHD17C,31546084,0.8956701547716023
0,ATP13A3,31545693,0.8956074942038975
0,PPP1R12A,31544829,0.8955448336361927
0,MBD2,31541541,0.895482173068488
0,AC087343.1,31537705,0.8954195125007832
0,PSMD11,31537442,0.8953568519330786
0,YTHDF2,31536946,0.8952941913653738
0,GOLGA4,31532318,0.895231530797669
0,SIRT7,31531816,0.8951688702299643
0,C4orf46,31527892,0.8951062096622595
0,SELENOT,31525025,0.8950435490945547
0,AL158214.1,31524715,0.8949808885268501
0,AC015871.1,31523577,0.8949182279591453
0,KMT2E-AS1,31523274,0.8948555673914406
0,ALG8,31523075,0.8947929068237358
0,NPM1P46,31522320,0.894730246256031
0,TMUB2,31521064,0.8946675856883264
0,CCT4,31519585,0.8946049251206216
0,C5orf22,31516492,0.8945422645529169
0,VPS16,31516347,0.8944796039852121
0,ECHDC1,31515648,0.8944169434175073
0,FEZ2,31510295,0.8943542828498027
0,RNF181,31502295,0.8942916222820979
0,GRPEL2,31502268,0.8942289617143931
0,MKNK2,31501669,0.8941663011466884
0,MADD,31499598,0.8941036405789836
0,SART3,31498769,0.8940409800112789
0,AC093909.1,31498155,0.8939783194435742
0,AC116359.1,31494287,0.8939156588758694
0,TMEM191C,31494033,0.8938529983081647
0,INA,31490234,0.8937903377404599
0,MTCO1P40,31488715,0.8937276771727551
0,PTP4A2,31488441,0.8936650166050505
0,RPL35,31486978,0.8936023560373457
0,PRR11,31485898,0.893539695469641
0,PTMA,31484635,0.8934770349019362
0,NFRKB,31483455,0.8934143743342314
0,SLC16A1,31480757,0.8933517137665268
0,CENPE,31480734,0.893289053198822
0,NDUFS6,31478992,0.8932263926311172
0,TRAF3,31478784,0.8931637320634125
0,BOD1,31475821,0.8931010714957077
0,UBE2V1,31473385,0.893038410928003
0,MSRB1,31472663,0.8929757503602983
0,ATP6V1G1,31471445,0.8929130897925935
0,CALM2P4,31467161,0.8928504292248888
0,MVD,31466999,0.892787768657184
0,SF3A1,31466268,0.8927251080894792
0,WDR74,31464617,0.8926624475217746
0,MRPS6,31464439,0.8925997869540698
0,GLG1,31463496,0.8925371263863651
0,TNNC1,31463196,0.8924744658186603
0,PITPNA,31462821,0.8924118052509555
0,PAXBP1,31462200,0.8923491446832509
0,SS18L2P1,31460011,0.8922864841155461
0,MRPL1,31457102,0.8922238235478414
0,MTND4P35,31455644,0.8921611629801366
0,RTKN2,31455058,0.8920985024124318
0,AEBP2,31453922,0.8920358418447271
0,DNAJA1,31452757,0.8919731812770224
0,APP,31451211,0.8919105207093176
0,FAM83F,31451175,0.8918478601416129
0,HNRNPK,31448614,0.8917851995739081
0,CWC27,31447532,0.8917225390062034
0,PI4KB,31444490,0.8916598784384987
0,ATP1B1,31443908,0.8915972178707939
0,PA2G4,31443650,0.8915345573030892
0,ARL3,31438159,0.8914718967353844
0,TIMM8A,31437021,0.8914092361676796
0,SMU1,31433658,0.891346575599975
0,BRD3,31432833,0.8912839150322702
0,CENPF,31432027,0.8912212544645655
0,FLYWCH2,31429005,0.8911585938968607
0,AL357055.1,31428037,0.8910959333291559
0,ADAM10,31426640,0.8910332727614512
0,SLC12A9,31425562,0.8909706121937465
0,RSF1,31422607,0.8909079516260417
0,ELP2,31422570,0.890845291058337
0,PRTG,31422229,0.8907826304906322
0,NELFB,31420248,0.8907199699229275
0,CCT5,31420123,0.8906573093552228
0,ANPEP,31419407,0.890594648787518
0,HNRNPC,31418819,0.8905319882198133
0,TACC3,31415919,0.8904693276521085
0,AP000354.1,31410812,0.8904066670844037
0,HAUS5,31410665,0.8903440065166991
0,DMTF1,31404517,0.8902813459489943
0,NOP16,31403344,0.8902186853812896
0,RPL12P4,31396776,0.8901560248135848
0,TXNP1,31395266,0.89009336424588
0,BZW1P1,31395055,0.8900307036781753
0,SUMF2,31387784,0.8899680431104706
0,CSDE1,31387335,0.8899053825427659
0,FASTK,31385851,0.8898427219750611
0,DHCR24,31385557,0.8897800614073563
0,MTRNR2L8,31384799,0.8897174008396516
0,DCP1A,31384393,0.8896547402719469
0,ATP6V1F,31383611,0.8895920797042421
0,CBR4,31370619,0.8895294191365374
0,LAGE3,31370006,0.8894667585688326
0,ZC3H18,31369910,0.8894040980011279
0,CETN2,31367529,0.8893414374334232
0,AKAP17A,31367361,0.8892787768657184
0,RPS6KB2,31365918,0.8892161162980137
0,GOLGA8A,31364533,0.8891534557303089
0,ZFYVE27,31364386,0.8890907951626041
0,GMPPA,31364019,0.8890281345948994
0,PYY2,31362986,0.8889654740271947
0,TAF11,31362793,0.88890281345949
0,CCDC47,31362400,0.8888401528917852
0,SGO1,31361535,0.8887774923240804
0,MCRIP2,31360619,0.8887148317563757
0,MED13,31360040,0.888652171188671
0,PTGES,31359798,0.8885895106209662
0,RGS19,31356169,0.8885268500532615
0,PANK3,31355342,0.8884641894855567
0,AHSA1,31354178,0.888401528917852
0,RPN2,31353908,0.8883388683501473
0,KCTD20,31351779,0.8882762077824425
0,SOAT1,31349768,0.8882135472147378
0,CACYBP,31347976,0.888150886647033
0,FH,31347972,0.8880882260793282
0,SSX2B,31347641,0.8880255655116235
0,WDR76,31344884,0.8879629049439188
0,PDIA6,31344624,0.8879002443762141
0,RPL24P4,31341946,0.8878375838085093
0,CYTH2,31341685,0.8877749232408045
0,EXD2,31340346,0.8877122626730998
0,AL353796.1,31339886,0.8876496021053951
0,ANKIB1,31335716,0.8875869415376904
0,STK38,31333506,0.8875242809699856
0,SEC62,31333503,0.8874616204022808
0,GTF2A2,31333419,0.8873989598345761
0,VPS18,31333156,0.8873362992668714
0,DAB2,31332833,0.8872736386991666
0,PHF13,31331792,0.8872109781314619
0,UQCRFS1,31331503,0.8871483175637571
0,SHQ1,31330205,0.8870856569960524
0,ZBTB7A,31327977,0.8870229964283476
0,PWWP3A,31327386,0.8869603358606429
0,AP000568.1,31324706,0.8868976752929382
0,DHX57,31322294,0.8868350147252334
0,PARN,31321257,0.8867723541575286
0,TMEM160,31319744,0.8867096935898239
0,HTRA2,31319401,0.8866470330221192
0,COX14,31318611,0.8865843724544145
0,DCTPP1,31318045,0.8865217118867097
0,ARID2,31316420,0.8864590513190049
0,MSX2,31316050,0.8863963907513002
0,NAT14,31315586,0.8863337301835955
0,YWHAB,31313883,0.8862710696158907
0,NUP107,31309062,0.886208409048186
0,RACGAP1,31308988,0.8861457484804812
0,MTPN,31308280,0.8860830879127765
0,EMC2,31307965,0.8860204273450717
0,PHLDA3,31307611,0.885957766777367
0,HNRNPM,31306341,0.8858951062096623
0,RETREG3,31305493,0.8858324456419575
0,AP3B1,31304426,0.8857697850742527
0,CD320,31304329,0.885707124506548
0,RPS27AP6,31303497,0.8856444639388433
0,RRP9,31302327,0.8855818033711386
0,LINC00643,31297410,0.8855191428034338
0,STOM,31297275,0.885456482235729
0,COQ8A,31297203,0.8853938216680243
0,CEBPB,31295962,0.8853311611003196
0,FLVCR1,31294639,0.8852685005326149
0,CARMIL1,31294336,0.8852058399649101
0,MT-ND4,31293231,0.8851431793972053
0,SUB1P1,31293113,0.8850805188295006
0,FARSA,31292920,0.8850178582617958
0,FADS2,31292916,0.8849551976940911
0,THAP7,31291826,0.8848925371263864
0,UBE2K,31290764,0.8848298765586816
0,ANAPC16,31289745,0.8847672159909769
0,PHC3,31285115,0.8847045554232721
0,MRPS36,31284312,0.8846418948555674
0,STRA6,31282829,0.8845792342878627
0,KLHL28,31281603,0.8845165737201579
0,HYOU1,31279559,0.8844539131524531
0,ID3,31279263,0.8843912525847484
0,SF3B1,31276375,0.8843285920170437
0,GPX1,31276024,0.884265931449339
0,NPC1,31273961,0.8842032708816342
0,ATAT1,31273934,0.8841406103139294
0,CDK11B,31271485,0.8840779497462247
0,FSCN1P1,31270734,0.8840152891785199
0,AC025575.2,31269995,0.8839526286108152
0,AL080317.1,31269634,0.8838899680431105
0,SNRPCP2,31269468,0.8838273074754057
0,MBTD1,31268724,0.883764646907701
0,KIF22,31266721,0.8837019863399962
0,PHBP7,31266673,0.8836393257722915
0,PDCD4,31265808,0.8835766652045868
0,GSTK1,31265346,0.883514004636882
0,CTDSP1,31265023,0.8834513440691772
0,KRT19P1,31264445,0.8833886835014725
0,DHX30,31264408,0.8833260229337678
0,ZNF254,31262345,0.8832633623660631
0,PPP2R2A,31257839,0.8832007017983583
0,TMED2,31257816,0.8831380412306535
0,EDEM3,31256353,0.8830753806629488
0,MT-ND5,31254410,0.883012720095244
0,CLASP1,31251928,0.8829500595275394
0,CAP1P2,31246489,0.8828873989598346
0,FANCB,31244857,0.8828247383921298
0,ZNF385A,31244456,0.8827620778244251
0,ZDHHC20,31242057,0.8826994172567203
0,PLEKHA3,31237840,0.8826367566890156
0,WDR75,31237429,0.8825740961213109
0,ALS2,31237372,0.8825114355536061
0,PHRF1,31235883,0.8824487749859014
0,RPF2P1,31234197,0.8823861144181966
0,KCTD5,31233658,0.8823234538504919
0,PPIF,31231166,0.8822607932827872
0,PRRC2C,31228923,0.8821981327150824
0,AATF,31228811,0.8821354721473776
0,RPL3P4,31228309,0.8820728115796729
0,RPL3P7,31228207,0.8820101510119681
0,CAPN15,31222258,0.8819474904442635
0,AL450998.1,31221194,0.8818848298765587
0,DLX3,31220295,0.8818221693088539
0,POU2F1,31218759,0.8817595087411492
0,MRPL4,31216563,0.8816968481734444
0,PPP5C,31210888,0.8816341876057397
0,ADSL,31209438,0.881571527038035
0,WDR45,31208774,0.8815088664703302
0,CARNMT1,31207980,0.8814462059026255
0,RAD54L,31207407,0.8813835453349207
0,TTC7B,31207272,0.881320884767216
0,FAM78A,31206397,0.8812582241995113
0,DDX39A,31205634,0.8811955636318065
0,MYCBP,31203294,0.8811329030641017
0,TNIP2,31203214,0.881070242496397
0,ENAH,31201947,0.8810075819286923
0,METTL14,31200904,0.8809449213609876
0,DCAKD,31199511,0.8808822607932828
0,SPTLC1P2,31199197,0.880819600225578
0,JPT1,31197173,0.8807569396578733
0,LAMC1,31194327,0.8806942790901685
0,RPS4XP6,31192959,0.8806316185224639
0,SERBP1,31192394,0.8805689579547591
0,RPL35AP21,31190553,0.8805062973870543
0,KCTD15,31187849,0.8804436368193496
0,BOD1L1,31185590,0.8803809762516448
0,GDF15,31185410,0.8803183156839401
0,SLC25A5P7,31184203,0.8802556551162354
0,PSMA7,31184175,0.8801929945485306
0,SRM,31182233,0.8801303339808259
0,PLEKHJ1,31181758,0.8800676734131211
0,DDA1,31180660,0.8800050128454164
0,HELB,31180325,0.8799423522777117
0,WDR83,31177330,0.8798796917100069
0,AMPD2,31176661,0.8798170311423021
0,GPN3,31174404,0.8797543705745974
0,SMARCA4,31173417,0.8796917100068926
0,ZFP36L1,31171423,0.879629049439188
0,MTRNR2L1,31171312,0.8795663888714832
0,HNRNPAB,31170911,0.8795037283037784
0,COASY,31170265,0.8794410677360737
0,MRPS15,31166816,0.8793784071683689
0,IL3RA,31166368,0.8793157466006642
0,AKR1A1,31165267,0.8792530860329595
0,AGPS,31164624,0.8791904254652547
0,PGM2,31160197,0.87912776489755
0,ACTR3P2,31159775,0.8790651043298452
0,DUSP12,31159751,0.8790024437621405
0,MAGED1,31158846,0.8789397831944358
0,FAM72D,31158001,0.878877122626731
0,RIDA,31156505,0.8788144620590262
0,CHMP4B,31153850,0.8787518014913215
0,C19orf24,31153647,0.8786891409236167
0,ULK3,31152350,0.8786264803559121
0,PDZD8,31151027,0.8785638197882073
0,MGST1,31148345,0.8785011592205025
0,WDR53,31147482,0.8784384986527978
0,MAPK3,31147102,0.878375838085093
0,PUS1,31145463,0.8783131775173884
0,MRPL39,31144794,0.8782505169496836
0,NUAK2,31142320,0.8781878563819788
0,COMMD8,31140973,0.8781251958142741
0,SDF4,31140893,0.8780625352465693
0,SLC12A3,31139952,0.8779998746788646
0,CHCHD3P3,31139281,0.8779372141111599
0,MRPS7,31139077,0.8778745535434551
0,NCAPH2,31131710,0.8778118929757504
0,PAFAH2,31131649,0.8777492324080456
0,TNFRSF21,31128627,0.8776865718403408
0,SIGMAR1,31128042,0.8776239112726362
0,CD164,31127643,0.8775612507049314
0,RABAC1,31126634,0.8774985901372266
0,GALNT6,31124225,0.8774359295695219
0,NOMO1,31123565,0.8773732690018171
0,FRMD6,31123469,0.8773106084341125
0,RMI1,31123390,0.8772479478664077
0,RAB34,31121967,0.8771852872987029
0,SENP5,31120213,0.8771226267309982
0,GFER,31118094,0.8770599661632934
0,NFKB1,31111658,0.8769973055955887
0,PRPF39,31109347,0.876934645027884
0,PELO,31109111,0.8768719844601792
0,ZNF526,31108790,0.8768093238924745
0,CIAO2B,31106892,0.8767466633247697
0,PCMTD1,31106783,0.8766840027570649
0,AKAP9,31105426,0.8766213421893603
0,PPP6R3,31104462,0.8765586816216555
0,BEX2,31101806,0.8764960210539507
0,CMTM6,31100992,0.876433360486246
0,SLC3A2,31099839,0.8763706999185412
0,ERGIC2,31099732,0.8763080393508366
0,SWT1,31096190,0.8762453787831318
0,MED22,31095766,0.876182718215427
0,ZNF74,31094946,0.8761200576477223
0,KPNA3,31091982,0.8760573970800175
0,TRIML1,31091926,0.8759947365123129
0,TALDO1,31091317,0.8759320759446081
0,PRKACA,31090942,0.8758694153769033
0,COQ2,31090525,0.8758067548091986
0,LY6E,31090276,0.8757440942414938
0,PLAAT3,31089318,0.875681433673789
0,SIAE,31087685,0.8756187731060844
0,ACTR5,31087634,0.8755561125383796
0,PRDX6,31086441,0.8754934519706749
0,ISG20L2,31081299,0.8754307914029701
0,TRIP13,31079634,0.8753681308352653
0,ASAP2,31078569,0.8753054702675607
0,PSMD10,31077455,0.8752428096998559
0,MRPS12,31076943,0.8751801491321511
0,POLR2F,31074780,0.8751174885644464
0,RPF2,31074633,0.8750548279967416
0,PSMB2,31074180,0.874992167429037
0,KCMF1,31073768,0.8749295068613322
0,C3orf14,31072489,0.8748668462936274
0,SAC3D1,31071997,0.8748041857259227
0,TUBB3,31069751,0.8747415251582179
0,SUSD2,31069743,0.8746788645905131
0,VPS53,31068331,0.8746162040228085
0,ASS1P5,31068268,0.8745535434551037
0,UBB,31067469,0.874490882887399
0,AMDHD1,31066870,0.8744282223196942
0,ABCF1,31066846,0.8743655617519894
0,RBFA,31066753,0.8743029011842848
0,SZRD1,31066617,0.87424024061658
0,MBD1,31064075,0.8741775800488752
0,BX276092.2,31061599,0.8741149194811705
0,CTTN,31061286,0.8740522589134657
0,TMEM51,31061069,0.8739895983457611
0,IMPA2,31060943,0.8739269377780563
0,PEX10,31059523,0.8738642772103515
0,PTGES3P3,31057731,0.8738016166426468
0,PIP5K1A,31055504,0.873738956074942
0,PSMC1,31054976,0.8736762955072372
0,NMRAL1,31053789,0.8736136349395326
0,TUBG2,31052009,0.8735509743718278
0,DEF8,31051327,0.8734883138041231
0,PRKAB1,31050765,0.8734256532364183
0,NAPA,31050556,0.8733629926687135
0,VPS51,31049953,0.8733003321010089
0,SMOX,31049317,0.8732376715333041
0,ZFYVE26,31048036,0.8731750109655994
0,TSN,31047778,0.8731123503978946
0,YTHDF1,31046930,0.8730496898301898
0,GALNT2,31046920,0.8729870292624852
0,BMP2,31046029,0.8729243686947804
0,LLGL2,31045384,0.8728617081270756
0,GPC1,31044713,0.8727990475593709
0,RPLP2,31044543,0.8727363869916661
0,RBM14,31044427,0.8726737264239613
0,NOP56P3,31043973,0.8726110658562567
0,RPS2P7,31043821,0.8725484052885519
0,POLE3,31042504,0.8724857447208472
0,WDR34,31040124,0.8724230841531424
0,RBBP9,31039902,0.8723604235854376
0,STT3A,31039556,0.872297763017733
0,ITPR3,31038123,0.8722351024500282
0,PLOD1,31037157,0.8721724418823235
0,PTBP2,31036872,0.8721097813146187
0,POLK,31036053,0.8720471207469139
0,RNF44,31032553,0.8719844601792093
0,ITPRIPL1,31027727,0.8719217996115045
0,ELOVL1,31025837,0.8718591390437997
0,STAU1,31021986,0.871796478476095
0,CREM,31019864,0.8717338179083902
0,ZBTB45,31019448,0.8716711573406855
0,AL358942.1,31018249,0.8716084967729808
0,AMDHD2,31017380,0.871545836205276
0,AC079834.1,31015823,0.8714831756375713
0,CISD1,31014698,0.8714205150698665
0,YWHAG,31014626,0.8713578545021617
0,EIF1P5,31014226,0.8712951939344571
0,DANCR,31013937,0.8712325333667523
0,TNPO1,31013533,0.8711698727990476
0,ABTB2,31013092,0.8711072122313428
0,WDR45B,31011828,0.871044551663638
0,ANKRD27,31011644,0.8709818910959334
0,FAM136BP,31011524,0.8709192305282286
0,MANSC1,31011335,0.8708565699605239
0,APH1A,31009570,0.8707939093928191
0,YWHAZ,31006513,0.8707312488251143
0,TK1,31005878,0.8706685882574096
0,EDNRB,31004927,0.8706059276897049
0,UQCRC1,31004818,0.8705432671220001
0,MT-TS2,31002182,0.8704806065542954
0,DDX18P4,31001846,0.8704179459865906
0,FKBP1A,30998357,0.8703552854188858
0,AHCY,30998111,0.8702926248511812
0,HIC2,30997605,0.8702299642834764
0,PRKRA,30997129,0.8701673037157717
0,TRMT61A,30996441,0.8701046431480669
0,CD2AP,30995661,0.8700419825803621
0,CASP8AP2,30992718,0.8699793220126575
0,SCFD2,30989691,0.8699166614449527
0,C7orf50,30988708,0.869854000877248
0,CTSV,30987672,0.8697913403095432
0,RPS27A,30986170,0.8697286797418384
0,ABHD18,30985357,0.8696660191741337
0,HPCAL1,30983728,0.869603358606429
0,KIF14,30983316,0.8695406980387242
0,CERS2,30980768,0.8694780374710195
0,METTL3,30979273,0.8694153769033147
0,SLC26A6,30978908,0.86935271633561
0,HNRNPKP1,30978291,0.8692900557679053
0,ZNF232,30977203,0.8692273952002005
0,PHBP1,30976497,0.8691647346324958
0,EP400P1,30975641,0.869102074064791
0,LDB1,30975410,0.8690394134970862
0,RDH14,30972952,0.8689767529293816
0,PSMD14,30972935,0.8689140923616768
0,ZNF211,30971817,0.8688514317939721
0,NCOA1,30971633,0.8687887712262673
0,NKRF,30971468,0.8687261106585625
0,ALYREF,30971245,0.8686634500908578
0,KRT8P23,30970876,0.8686007895231531
0,AL096870.1,30968985,0.8685381289554484
0,RAB5C,30967665,0.8684754683877436
0,ZC3H7A,30967257,0.8684128078200388
0,AMMECR1,30965449,0.8683501472523341
0,LCP1,30964142,0.8682874866846294
0,GOSR1,30963511,0.8682248261169246
0,PPID,30959195,0.8681621655492199
0,GK5,30959112,0.8680995049815151
0,ARHGAP10,30956381,0.8680368444138103
0,ADGRE5,30954747,0.8679741838461057
0,PSMD13,30953689,0.8679115232784009
0,ZBED4,30953272,0.8678488627106962
0,SGTA,30951881,0.8677862021429914
0,INPP5K,30951239,0.8677235415752866
0,UQCRHL,30951101,0.8676608810075819
0,AP4E1,30950769,0.8675982204398772
0,FANCD2,30950160,0.8675355598721725
0,MDK,30948765,0.8674728993044677
0,PPP1R10,30946333,0.8674102387367629
0,DSC2,30946234,0.8673475781690582
0,TM9SF2,30944536,0.8672849176013535
0,FTH1P7,30943103,0.8672222570336487
0,RPL18AP15,30942637,0.867159596465944
0,MMS22L,30939347,0.8670969358982392
0,SCAF4,30938932,0.8670342753305345
0,NUS1,30938431,0.8669716147628298
0,MAP2K3,30935575,0.866908954195125
0,ADGRL3,30935141,0.8668462936274203
0,OTUB1,30934437,0.8667836330597155
0,DNMT3L,30933478,0.8667209724920107
0,RTN3P1,30931040,0.866658311924306
0,DPM2,30930730,0.8665956513566013
0,SETD1A,30930531,0.8665329907888966
0,CALR,30926971,0.8664703302211918
0,PALM3,30924544,0.866407669653487
0,RAPGEF1,30923475,0.8663450090857823
0,VIPAS39,30922921,0.8662823485180776
0,AC068137.1,30921564,0.8662196879503729
0,NAP1L1,30920827,0.8661570273826681
0,NT5DC2,30920291,0.8660943668149633
0,DYNC1I2,30919666,0.8660317062472586
0,CA5B,30917599,0.8659690456795539
0,SPCS2,30916951,0.8659063851118491
0,ASS1P12,30916833,0.8658437245441444
0,HSP90B3P,30916637,0.8657810639764396
0,RPP21,30916547,0.8657184034087348
0,JMY,30916328,0.8656557428410301
0,SNRNP70,30914276,0.8655930822733254
0,BANF1,30913396,0.8655304217056207
0,DEPDC5,30913187,0.8654677611379159
0,TOMM40,30913138,0.8654051005702111
0,MID1IP1,30912643,0.8653424400025064
0,BRCA2,30911795,0.8652797794348017
0,USP47,30911351,0.865217118867097
0,KLHL11,30911123,0.8651544582993922
0,AHCYP4,30910410,0.8650917977316874
0,NDUFAF2,30910143,0.8650291371639827
0,SLC30A6,30909259,0.864966476596278
0,RPS23P1,30908436,0.8649038160285732
0,MLH1,30907126,0.8648411554608685
0,TOMM7,30906896,0.8647784948931637
0,EEF1AKNMT,30904609,0.864715834325459
0,NFKBIB,30904603,0.8646531737577542
0,ETV3,30902100,0.8645905131900495
0,BICD2,30900109,0.8645278526223448
0,CYB561D2,30898532,0.86446519205464
0,DFFB,30898095,0.8644025314869352
0,ARPC1B,30897689,0.8643398709192305
0,ANXA5,30896361,0.8642772103515258
0,TUFM,30894956,0.8642145497838211
0,SGPL1,30894931,0.8641518892161163
0,MPV17L2,30894275,0.8640892286484115
0,AC004151.1,30890410,0.8640265680807068
0,PCNX3,30890228,0.8639639075130021
0,SIGIRR,30888661,0.8639012469452974
0,ARRDC4,30887056,0.8638385863775926
0,MRPL54,30885091,0.8637759258098878
0,RCC1,30882580,0.8637132652421831
0,AL023574.1,30880901,0.8636506046744784
0,JDP2,30880568,0.8635879441067736
0,HSPA5,30879598,0.8635252835390689
0,TMED10,30874260,0.8634626229713641
0,XPO5,30873681,0.8633999624036593
0,RPS20P10,30873333,0.8633373018359546
0,WDR6,30872459,0.8632746412682499
0,FAM20B,30871863,0.8632119807005452
0,DAP,30870785,0.8631493201328404
0,CYP11A1,30870774,0.8630866595651356
0,SP2,30870644,0.8630239989974309
0,CLTB,30869983,0.8629613384297262
0,UTP3,30869332,0.8628986778620215
0,C9orf72,30868176,0.8628360172943167
0,AAAS,30867779,0.8627733567266119
0,RGCC,30867508,0.8627106961589072
0,TFDP2,30866847,0.8626480355912025
0,Z73417.1,30864158,0.8625853750234977
0,CDK7,30863883,0.862522714455793
0,WASH8P,30861282,0.8624600538880882
0,KLHL29,30860762,0.8623973933203835
0,EIF4A3,30857605,0.8623347327526787
0,PCNX1,30849601,0.862272072184974
0,GANAB,30848503,0.8622094116172693
0,MAN2A1,30848480,0.8621467510495645
0,POLR3D,30847346,0.8620840904818597
0,AC110749.1,30846553,0.862021429914155
0,STIP1,30844865,0.8619587693464503
0,NDUFB11,30843648,0.8618961087787456
0,FAM168B,30842867,0.8618334482110408
0,PLXND1,30841819,0.861770787643336
0,TMEM161A,30841664,0.8617081270756313
0,ERP29,30841465,0.8616454665079266
0,LINC00888,30840642,0.8615828059402219
0,TMEM41B,30837988,0.8615201453725171
0,ME2,30837580,0.8614574848048123
0,PRDX4,30835616,0.8613948242371076
0,MESTP3,30834749,0.8613321636694028
0,FOXJ3,30833285,0.8612695031016981
0,TUBB,30832935,0.8612068425339934
0,NDOR1,30830185,0.8611441819662886
0,TLK1,30830154,0.8610815213985838
0,MPST,30827446,0.8610188608308791
0,SPCS1,30826423,0.8609562002631744
0,FIP1L1,30826345,0.8608935396954697
0,TNS1,30826239,0.8608308791277649
0,PPTC7,30826103,0.8607682185600601
0,RPL13P2,30824921,0.8607055579923554
0,AC125807.2,30820849,0.8606428974246507
0,CHD2,30819872,0.860580236856946
0,ETNK1,30819801,0.8605175762892412
0,PI4K2A,30818994,0.8604549157215364
0,ODF2L,30814763,0.8603922551538317
0,AC105021.1,30814684,0.8603295945861269
0,TSPAN6,30812272,0.8602669340184222
0,ACTL8,30810879,0.8601729431668651
0,TUBB7P,30810879,0.8601729431668651
0,PDXK,30810729,0.860078952315308
0,PPIAP1,30809318,0.8600162917476032
0,LMAN1,30807923,0.8599536311798985
0,CCAR2,30807624,0.8598909706121938
0,FAM53C,30807058,0.859828310044489
0,EIF5,30805427,0.8597656494767842
0,RPL23AP7,30804111,0.8597029889090795
0,ATF1,30803325,0.8596403283413748
0,CEP57L1P1,30802320,0.8595776677736701
0,PRKAR1B,30802091,0.8595150072059653
0,PPP1R11P1,30801424,0.8594523466382605
0,ASAH1,30801283,0.8593896860705558
0,RO60,30799139,0.859327025502851
0,ZNF682,30798130,0.8592643649351464
0,NUB1,30797736,0.8592017043674416
0,BRPF1,30797633,0.8591390437997368
0,MT-ND3,30790621,0.8590763832320321
0,CTU2,30790609,0.8590137226643273
0,AC004475.1,30790440,0.8589510620966226
0,RPL23A,30790123,0.8588884015289179
0,CLSTN1,30789956,0.8588257409612131
0,EPOP,30788521,0.8587630803935083
0,BTBD2,30788437,0.8587004198258036
0,POM121C,30788399,0.8586377592580989
0,CYB561,30784898,0.8585750986903942
0,UBA3,30784409,0.8585124381226894
0,NFYC,30781676,0.8584497775549846
0,WNT7A,30780393,0.8583871169872799
0,ELMOD2,30780036,0.8583244564195751
0,PLEKHA8P1,30780033,0.8582617958518705
0,CDT1,30778744,0.8581991352841657
0,RAD54B,30777655,0.8581364747164609
0,ENTPD6,30777517,0.8580738141487562
0,POC1A,30775732,0.8580111535810514
0,RPL35A,30774863,0.8579484930133467
0,ELMO1,30774011,0.857885832445642
0,RPS29P11,30773456,0.8578231718779372
0,RPL37A,30772766,0.8577605113102325
0,ELOBP2,30771787,0.8576978507425277
0,RPL13A,30771369,0.857635190174823
0,MTHFD2P5,30769108,0.8575725296071183
0,NORAD,30766327,0.8575098690394135
0,RANBP2,30764581,0.8574472084717087
0,NUFIP2,30763936,0.857384547904004
0,GDF9,30760061,0.8573218873362992
0,ANXA6,30759587,0.8572592267685946
0,SRGAP2C,30757770,0.8571965662008898
0,DEDD2,30757473,0.857133905633185
0,JMJD6,30757396,0.8570712450654803
0,RTP3,30757209,0.8570085844977755
0,SLF1,30755076,0.8569459239300709
0,SMIM4,30754762,0.8568832633623661
0,NR2C1,30754608,0.8568206027946613
0,KIAA0100,30753860,0.8567579422269566
0,SETP8,30753455,0.8566952816592518
0,TRMT112,30753439,0.8566326210915471
0,AP3S1,30752446,0.8565699605238424
0,WAPL,30752336,0.8565072999561376
0,E2F1,30750693,0.8564446393884328
0,LPCAT1,30749914,0.8563819788207281
0,FLOT1,30749766,0.8563193182530233
0,ZNF708,30749749,0.8562566576853187
0,SIK3,30746740,0.8561939971176139
0,AL162151.2,30744175,0.8561313365499091
0,UQCR11,30743752,0.8560686759822044
0,MAML1,30741219,0.8560060154144996
0,ISCA1P1,30740820,0.855943354846795
0,MED28,30739715,0.8558806942790902
0,TBC1D31,30737867,0.8558180337113854
0,PABPC1P3,30737213,0.8557553731436807
0,SCAMP2,30736679,0.8556927125759759
0,ATP5MF,30735693,0.8556300520082712
0,MMADHC,30734471,0.8555673914405665
0,HSD17B1,30732922,0.8555047308728617
0,ZNF275,30732366,0.855442070305157
0,INTS5,30730849,0.8553794097374522
0,SCAPER,30730278,0.8553167491697474
0,ZBTB34,30730261,0.8552540886020428
0,MTRR,30729672,0.855191428034338
0,AAR2,30729087,0.8551287674666332
0,SPEN,30728831,0.8550661068989285
0,APEH,30727163,0.8550034463312237
0,MYDGF,30726622,0.8549407857635191
0,XIST,30726509,0.8548781251958143
0,SNX30,30725499,0.8548154646281095
0,SLC35C1,30724503,0.8547528040604048
0,POMP,30722938,0.8546901434927
0,MRPS24,30722519,0.8546274829249954
0,PBX2,30719815,0.8545648223572906
0,ZNF146,30716887,0.8545021617895858
0,PPP4R1,30716813,0.8544395012218811
0,RNF7,30715290,0.8543768406541763
0,KDM5D,30714947,0.8543141800864715
0,NOLC1,30714125,0.8542515195187669
0,SCGB3A2,30713865,0.8541888589510621
0,RNF217,30712822,0.8541261983833573
0,POR,30712751,0.8540635378156526
0,CHI3L2,30711882,0.8540008772479478
0,AK4P3,30711743,0.8539382166802432
0,YIF1A,30709898,0.8538755561125384
0,CD24,30703329,0.8538128955448336
0,VPS26C,30702870,0.8537502349771289
0,MYL7,30702511,0.8536875744094241
0,SMYD5,30702260,0.8536249138417195
0,MISP,30696410,0.8535622532740147
0,PTGES3,30695815,0.8534995927063099
0,CHTF8,30695691,0.8534369321386052
0,SSNA1,30693907,0.8533742715709004
0,ROMO1,30693742,0.8533116110031956
0,CLPTM1,30693534,0.853248950435491
0,TSEN34,30692256,0.8531862898677862
0,SLC39A9,30691106,0.8531236293000815
0,RAP2B,30689655,0.8530609687323767
0,SOCS7,30689330,0.8529983081646719
0,ANP32D,30686631,0.8529356475969673
0,KANSL1,30684259,0.8528729870292625
0,SMC3,30683846,0.8528103264615577
0,RPS16,30683232,0.852747665893853
0,SPART,30683129,0.8526850053261482
0,SCAND1,30683111,0.8526223447584436
0,RNF20,30682992,0.8525596841907388
0,RNPC3,30681490,0.852497023623034
0,MICALL1,30680684,0.8524343630553293
0,KALRN,30680313,0.8523717024876245
0,SNRPF,30679535,0.8523090419199197
0,SSBP4,30679323,0.8522463813522151
0,PRELID3BP10,30678796,0.8521837207845103
0,ARHGAP17,30675804,0.8521210602168056
0,SLC27A2,30675217,0.8520583996491008
0,MYADM,30674147,0.851995739081396
0,FARS2,30673663,0.8519330785136914
0,SEC61A1,30673223,0.8518704179459866
0,COX4I1,30672091,0.8518077573782818
0,DNAJB2,30670534,0.8517450968105771
0,HGS,30669937,0.8516824362428723
0,SEMA6A,30669384,0.8516197756751677
0,HIST1H1B,30666260,0.8515571151074629
0,YIPF6,30666130,0.8514944545397581
0,RANBP3,30665734,0.8514317939720534
0,CDV3P1,30662557,0.8513691334043486
0,MPP5,30661874,0.8513064728366438
0,IDH3G,30661790,0.8512438122689392
0,TFRC,30661098,0.8511811517012344
0,FBXO38,30659449,0.8511184911335297
0,TMEM18,30656552,0.8510558305658249
0,FTH1,30655119,0.8509931699981201
0,WSB2,30654562,0.8509305094304155
0,KCNJ3,30653284,0.8508678488627107
0,F11R,30652769,0.850805188295006
0,PPP2R2D,30648258,0.8507425277273012
0,PFN1,30648195,0.8506798671595964
0,CRYZ,30647441,0.8506172065918918
0,ACTR6,30646413,0.850554546024187
0,FAM83H,30646386,0.8504918854564822
0,PGAM1,30645981,0.8504292248887775
0,AC016586.1,30645126,0.8503665643210727
0,GPATCH8,30640571,0.850303903753368
0,HSPA2,30640174,0.8502412431856633
0,RANGRF,30639606,0.8501785826179585
0,CAPZA2,30639486,0.8501159220502538
0,MARCH7,30638582,0.850053261482549
0,AFG3L2,30635989,0.8499906009148442
0,EEF1A1P17,30634653,0.8499279403471396
0,ZNF259P1,30633010,0.8498652797794348
0,ESRRA,30632020,0.8498026192117301
0,ZDHHC4,30631610,0.8497399586440253
0,DAG1,30630229,0.8496772980763205
0,ATP5MC2,30628598,0.8496146375086159
0,TAF13,30627497,0.8495519769409111
0,BTAF1,30627392,0.8494893163732063
0,ATP5MC1P4,30624377,0.8494266558055016
0,JMJD4,30623591,0.8493639952377968
0,CDX2,30623297,0.8493013346700921
0,CLEC16A,30620315,0.8492386741023874
0,ZNHIT6,30619836,0.8491760135346826
0,CDC123,30619806,0.8491133529669779
0,CTSH,30619363,0.8490506923992731
0,KHDC4,30619077,0.8489880318315683
0,ATG7,30618918,0.8489253712638637
0,UGT8,30618641,0.8488627106961589
0,QDPR,30618268,0.8488000501284542
0,LASP1,30618063,0.8487373895607494
0,UBA52,30615647,0.8486747289930446
0,RPL7P38,30615526,0.84861206842534
0,AC127024.1,30615298,0.8485494078576352
0,ABHD3,30612333,0.8484867472899305
0,IMPDH1P4,30611595,0.8484240867222257
0,RPS7,30611199,0.8483614261545209
0,ZNF598,30610748,0.8482987655868162
0,BROX,30610594,0.8482361050191115
0,POTEI,30609903,0.8481734444514067
0,GABPB2,30609485,0.848110783883702
0,YWHAQ,30605630,0.8480481233159972
0,PKIA,30603093,0.8479854627482925
0,TPM1,30602088,0.8479228021805878
0,LINC02434,30600441,0.847860141612883
0,TMEM245,30600358,0.8477974810451783
0,AC010683.1,30598940,0.8477348204774735
0,PSMD12P,30596049,0.8476721599097687
0,DBF4B,30595336,0.8476094993420641
0,SCN8A,30593874,0.8475468387743593
0,VAT1,30592600,0.8474841782066546
0,HNRNPKP4,30591748,0.8474215176389498
0,MRPL42,30591568,0.847358857071245
0,ICK,30591113,0.8472961965035404
0,ANKMY2,30590015,0.8472335359358356
0,ARL2,30589744,0.8471708753681308
0,MDM4,30588140,0.8471082148004261
0,SAMD4B,30587911,0.8470455542327213
0,PPP1R14B,30587578,0.8469828936650166
0,POLE2,30587367,0.8469202330973119
0,SC5D,30586582,0.8468575725296071
0,ZNF432,30586204,0.8467949119619024
0,PKMYT1,30586181,0.8467322513941976
0,UBE2G1,30585969,0.8466695908264928
0,NSF,30585946,0.8466069302587882
0,FUNDC2,30585092,0.8465442696910834
0,C9orf16,30582852,0.8464816091233787
0,EBAG9,30581920,0.8464189485556739
0,RASSF3,30581246,0.8463562879879691
0,IVNS1ABP,30580289,0.8462936274202645
0,MRPL22,30579694,0.8462309668525597
0,RTKN,30577122,0.846168306284855
0,GNG5,30575355,0.8461056457171502
0,NANS,30575019,0.8460429851494454
0,ALG5,30573661,0.8459803245817407
0,Z96811.1,30573229,0.845917664014036
0,AC016304.1,30572404,0.8458550034463312
0,TOP2A,30570358,0.8457923428786265
0,CTDSPL,30568926,0.8457296823109217
0,SAP18,30568701,0.845667021743217
0,EML3,30568667,0.8456043611755123
0,TNFSF13B,30568563,0.8455417006078075
0,CTSC,30568418,0.8454790400401028
0,CCAR1,30566719,0.845416379472398
0,DNASE2,30566054,0.8453537189046932
0,PPP4C,30565774,0.8452910583369886
0,PLD2,30564377,0.8452283977692838
0,FAM168A,30563046,0.8451657372015791
0,ARSB,30561910,0.8451030766338743
0,AC026774.2,30561523,0.8450404160661695
0,SAV1,30561253,0.8449777554984648
0,PKMP5,30560326,0.8449150949307601
0,MRPL30P1,30559410,0.8448524343630553
0,CENPV,30559231,0.8447897737953506
0,KIF18A,30558882,0.8447271132276458
0,LIN54,30558310,0.8446644526599411
0,HYLS1,30558094,0.8446017920922364
0,PAXIP1,30557108,0.8445391315245316
0,SMC6,30557015,0.8444764709568269
0,TCL1A,30555028,0.8444138103891221
0,SMIM19,30554412,0.8443511498214173
0,HDHD5,30554288,0.8442884892537127
0,MRPL47,30554159,0.8442258286860079
0,AC025161.1,30552434,0.8441631681183032
0,NSUN5P1,30551557,0.8441005075505984
0,PRELID3BP7,30551384,0.8440378469828936
0,TGFBR3,30550293,0.8439751864151889
0,NCOA4P2,30547478,0.8439125258474842
0,TFIP11,30546606,0.8438498652797795
0,KLRG2,30545477,0.8437872047120747
0,BOLA2P1,30543929,0.8437245441443699
0,MIR22HG,30543643,0.8436618835766652
0,SF3B4,30542838,0.8435992230089605
0,SBDS,30542520,0.8435365624412557
0,ZFP62,30541838,0.843473901873551
0,SLC35F5,30541405,0.8434112413058462
0,MEST,30540154,0.8433485807381415
0,TSPAN14,30539542,0.8432859201704368
0,RRP1,30539454,0.843223259602732
0,UBE2D3,30539068,0.8431605990350273
0,ATP6AP1,30538659,0.8430979384673225
0,EIF4HP1,30538433,0.8430352778996177
0,RPS24,30536551,0.842972617331913
0,GOLGA3,30535949,0.8429099567642083
0,AC010460.3,30534839,0.8428472961965036
0,ERG28,30534773,0.8427846356287988
0,MAPRE2,30534484,0.842721975061094
0,PTPN9,30533444,0.8426593144933893
0,SLC52A2,30532918,0.8425966539256846
0,INTU,30532003,0.8425339933579798
0,JARID2,30530465,0.8424713327902751
0,ZFAS1,30530375,0.8424086722225703
0,PHIP,30530295,0.8423460116548656
0,ZFYVE21,30527026,0.8422833510871609
0,SRSF6,30526040,0.8422206905194561
0,ZNF644,30525870,0.8421580299517514
0,AAK1,30525109,0.8420953693840466
0,YBX1P6,30521983,0.8420327088163418
0,AL359837.1,30521514,0.8419700482486371
0,SMARCE1,30520568,0.8419073876809324
0,KHSRP,30519962,0.8418447271132277
0,IRAK1,30518876,0.8417820665455229
0,SLC16A1-AS1,30518119,0.8417194059778181
0,BTG3,30516515,0.8416567454101134
0,RPS4XP3,30514771,0.8415940848424087
0,MT-TL1,30514339,0.841531424274704
0,UBTF,30513787,0.8414687637069992
0,RPS23P8,30512295,0.8414061031392944
0,BHLHE40,30511475,0.8413434425715897
0,URB2,30511343,0.841280782003885
0,ERI3,30511106,0.8412181214361802
0,ICA1L,30506509,0.8411554608684755
0,FTLP5,30505779,0.8410928003007707
0,RPL4P2,30505581,0.841030139733066
0,DDX56,30504471,0.8409674791653612
0,SERF1B,30503480,0.8409048185976565
0,WASF1,30503107,0.8408421580299518
0,KRT8P24,30500841,0.840779497462247
0,XPO1,30500146,0.8407168368945422
0,MRPS27,30498588,0.8406541763268375
0,USP42,30495583,0.8405915157591328
0,RPL4,30495558,0.8405288551914281
0,DNALI1,30495393,0.8404661946237233
0,NDUFAF3,30494489,0.8404035340560185
0,NACC1,30490861,0.8403408734883138
0,QTRT1,30490808,0.8402782129206091
0,SEL1L,30486168,0.8402155523529043
0,SNRNP48,30484679,0.8401528917851996
0,RHOA,30483798,0.8400902312174948
0,RPUSD1,30483137,0.8400275706497901
0,SLC25A5P5,30482833,0.8399649100820853
0,TRAPPC1,30480451,0.8399022495143806
0,TRAPPC4,30479371,0.8398395889466759
0,PFDN5,30479318,0.8397769283789711
0,SNHG21,30477716,0.8397142678112663
0,BIN1,30477656,0.8396516072435616
0,PPM1A,30477429,0.8395889466758569
0,LRSAM1,30477138,0.8395262861081522
0,PPIC,30476933,0.8394636255404474
0,PTBP3,30476484,0.8394009649727426
0,PINX1-1,30475516,0.8393383044050379
0,TSSC4,30475457,0.8392756438373332
0,DXO,30474770,0.8392129832696285
0,STAG3,30474720,0.8391503227019237
0,TSKU,30474698,0.8390876621342189
0,FAR1,30474638,0.8390250015665142
0,BRI3,30473131,0.8389623409988094
0,ERCC3,30472811,0.8388996804311047
0,EIF4E2,30472519,0.8388370198634
0,MTMR12,30471922,0.8387743592956952
0,AL450063.1,30470660,0.8387116987279905
0,SURF2,30469942,0.8386490381602857
0,AL033519.2,30468372,0.838586377592581
0,RUSC1,30467529,0.8385237170248763
0,USP3,30467262,0.8384610564571715
0,IKBKB,30466577,0.8383983958894667
0,NAP1L1P1,30465027,0.838335735321762
0,FAM162A,30464680,0.8382730747540573
0,TRAPPC3,30464571,0.8382104141863526
0,FUNDC2P2,30463471,0.8381477536186478
0,UBL3,30463162,0.838085093050943
0,CTSL,30462470,0.8380224324832383
0,WIZ,30462058,0.8379597719155335
0,JADE3,30461299,0.8378971113478288
0,SEPHS1P4,30460949,0.8378344507801241
0,AXIN1,30460465,0.8377717902124193
0,RWDD2A,30458295,0.8377091296447146
0,BOLA3,30457719,0.8376464690770098
0,OTUD6B-AS1,30457551,0.8375838085093051
0,PNISR,30457319,0.8375211479416004
0,TIMM23,30456705,0.8374584873738956
0,AFG3L2P1,30455654,0.8373958268061908
0,ZKSCAN5,30454060,0.8373331662384861
0,ALG1,30454031,0.8372705056707814
0,RFX1,30453970,0.8372078451030767
0,HELZ,30452193,0.8371451845353719
0,GADD45GIP1,30451658,0.8370825239676671
0,NOP14,30451310,0.8370198633999624
0,ZNF324,30451306,0.8369572028322576
0,ATRN,30451024,0.836894542264553
0,CDK9,30449882,0.8368318816968482
0,RBSN,30448238,0.8367692211291434
0,ZNF787,30446458,0.8367065605614387
0,MSN,30444437,0.8366438999937339
0,SNTB2,30443844,0.8365812394260292
0,ANGPT1,30442137,0.8365185788583245
0,AC006011.2,30441371,0.8364559182906197
0,TMEM214,30441266,0.836393257722915
0,ATG2A,30439842,0.8363305971552102
0,MAIP1,30436545,0.8362679365875055
0,VPS37B,30435664,0.8362052760198008
0,VARS2,30434882,0.836142615452096
0,PRPF40A,30434434,0.8360799548843912
0,MT-ND2,30434137,0.8360172943166865
0,ZNF76,30433511,0.8359546337489817
0,PSMB6,30432101,0.8358919731812771
0,FAM120AOS,30432027,0.8358293126135723
0,PPP2CA,30431518,0.8357666520458675
0,TUBBP2,30430691,0.8357039914781628
0,UMPS,30430499,0.835641330910458
0,AVL9,30429880,0.8355786703427533
0,CDK16,30429829,0.8355160097750486
0,TECPR1,30429644,0.8354533492073438
0,AL645568.2,30429358,0.8353906886396391
0,CLTC,30428702,0.8353280280719343
0,AL353705.3,30428504,0.8352653675042296
0,RFX7,30425076,0.8352027069365249
0,FGFR1OP2,30424661,0.8351400463688201
0,CFAP97,30424515,0.8350773858011153
0,DYNC1LI1,30423556,0.8350147252334106
0,RPS7P4,30423414,0.8349520646657058
0,SLC11A2,30421087,0.8348894040980012
0,POP7,30420864,0.8348267435302964
0,SRRM2,30420395,0.8347640829625916
0,EPAS1,30419143,0.8347014223948869
0,MGLL,30418592,0.8346387618271821
0,BIN2P1,30417248,0.8345761012594775
0,ALDH1B1,30416187,0.8345134406917727
0,FAM131A,30414621,0.8344507801240679
0,EIF1AX,30414056,0.8343881195563632
0,HNRNPA3,30412436,0.8343254589886584
0,ODC1,30411535,0.8342627984209537
0,RHOBTB2,30411204,0.834200137853249
0,TUT7,30407754,0.8341374772855442
0,FAM3C,30406473,0.8340748167178395
0,GCN1,30405734,0.8340121561501347
0,DLX4,30403332,0.8339494955824299
0,LUC7L,30403112,0.8338868350147253
0,RPL9,30403067,0.8338241744470205
0,LGMN,30402693,0.8337615138793157
0,MED20,30399929,0.833698853311611
0,MKKS,30398885,0.8336361927439062
0,SLC9A3R1,30397706,0.8335735321762016
0,USP25,30396864,0.8335108716084968
0,AC010468.1,30396312,0.833448211040792
0,NUDC,30396185,0.8333855504730873
0,PRKDC,30395956,0.8333228899053825
0,GLULP4,30395130,0.8332602293376778
0,LIN28B,30395004,0.8331975687699731
0,REX1BD,30394507,0.8331349082022683
0,KMT5B,30394300,0.8330722476345636
0,HNRNPA0,30393827,0.8330095870668588
0,STRIP1,30390707,0.832946926499154
0,HIST1H2AH,30390208,0.8328842659314494
0,RPS17,30390122,0.8328216053637446
0,KRTCAP2,30390088,0.8327589447960398
0,PROCR,30388663,0.8326962842283351
0,XRN2,30386467,0.8326336236606303
0,PPIAP54,30386421,0.8325709630929257
0,CCNT2,30386201,0.8325083025252209
0,ATP2A1,30381071,0.8324456419575161
0,AC018735.1,30379433,0.8323829813898114
0,OTUD7B,30379278,0.8323203208221066
0,ZNF266,30376920,0.832257660254402
0,CEP89,30376794,0.8321949996866972
0,TC2N,30376689,0.8321323391189924
0,CEP97,30376461,0.8320696785512877
0,UNC50,30374076,0.8320070179835829
0,SLC5A6,30369755,0.8319443574158781
0,UBA6,30368389,0.8318816968481735
0,PPIAP31,30367365,0.8318190362804687
0,TRIM35,30366132,0.831756375712764
0,SERTAD2,30363308,0.8316937151450592
0,ZMYM3,30362525,0.8316310545773544
0,AP4B1,30361475,0.8315683940096498
0,CD81,30361450,0.831505733441945
0,LMNA,30361421,0.8314430728742402
0,DNTTIP2,30360818,0.8313804123065355
0,PQLC2,30360663,0.8313177517388307
0,OSBPL1A,30359449,0.8312550911711261
0,SNHG29,30359319,0.8311924306034213
0,C1GALT1,30359244,0.8311297700357165
0,WDR59,30358473,0.8310671094680118
0,MIGA1,30357566,0.831004448900307
0,UCK1,30356322,0.8309417883326022
0,UBE4A,30356027,0.8308791277648976
0,GABBR2,30355954,0.8308164671971928
0,CNKSR1,30355325,0.8307538066294881
0,ZNF431,30354097,0.8306911460617833
0,TKTL1,30353283,0.8306284854940785
0,ANP32A,30353253,0.8305658249263739
0,AC046185.2,30350958,0.8305031643586691
0,CSK,30350548,0.8304405037909643
0,OCIAD1,30350335,0.8303778432232596
0,CEP95,30349928,0.8303151826555548
0,ZCCHC4,30348176,0.8302525220878502
0,UPF1,30346999,0.8301898615201454
0,ATF6,30346887,0.8301272009524406
0,LRRC59,30346850,0.8300645403847359
0,LDHB,30342633,0.8300018798170311
0,SRP68,30341243,0.8299392192493265
0,TLN1,30340575,0.8298765586816217
0,EMC10,30338823,0.8298138981139169
0,HOOK2,30338741,0.8297512375462122
0,ACSL4,30337541,0.8296885769785074
0,EIF3A,30337063,0.8296259164108026
0,CDKN2AIP,30335653,0.829563255843098
0,CCNY,30335001,0.8295005952753932
0,TNKS1BP1,30334698,0.8294379347076885
0,ZUP1,30332975,0.8293752741399837
0,BBS7,30332808,0.8293126135722789
0,FADD,30330714,0.8292499530045743
0,PLEKHM1,30329817,0.8291872924368695
0,RNF41,30326902,0.8291246318691647
0,SMC4,30325017,0.82906197130146
0,MTATP6P2,30322444,0.8289993107337552
0,GPX3,30322101,0.8289366501660506
0,ZNF33A,30321815,0.8288739895983458
0,RPL15P20,30320754,0.828811329030641
0,DENND5B-AS1,30320532,0.8287486684629363
0,OARD1,30320446,0.8286860078952315
0,NDC1,30319657,0.8286233473275267
0,RPL27,30319131,0.8285606867598221
0,LAMA1,30318431,0.8284980261921173
0,NBR1,30318342,0.8284353656244126
0,RAB35,30318167,0.8283727050567078
0,CBLL1,30317812,0.828310044489003
0,SMDT1,30317165,0.8282473839212984
0,TUBGCP3,30316793,0.8281847233535936
0,COX6C,30315885,0.8281220627858888
0,LDLR,30314901,0.8280594022181841
0,SAFB2,30314859,0.8279967416504793
0,SLC39A14,30314777,0.8279340810827747
0,RPE,30314669,0.8278714205150699
0,PCYT2,30314632,0.8278087599473651
0,RAB12,30311291,0.8277460993796604
0,MFSD14B,30311257,0.8276834388119556
0,EMSY,30310479,0.8276207782442508
0,VPS29,30308131,0.8275581176765462
0,SERINC1,30308115,0.8274954571088414
0,ZNF257,30307597,0.8274327965411367
0,BBS9,30304034,0.8273701359734319
0,KIAA1586,30303784,0.8273074754057271
0,GPD2,30303448,0.8272448148380225
0,PYROXD1,30303173,0.8271821542703177
0,AC105245.1,30303054,0.827119493702613
0,RPL28,30302472,0.8270568331349082
0,FAM50A,30299097,0.8269941725672034
0,CDK2AP2,30298628,0.8269315119994988
0,KLC2,30298091,0.826868851431794
0,CLK3,30297474,0.8268061908640892
0,COA1,30297277,0.8267435302963845
0,EPS15L1,30294732,0.8266808697286797
0,LRRC40,30294460,0.826618209160975
0,RRBP1,30294190,0.8265555485932703
0,AC245041.2,30294045,0.8264928880255655
0,LRBA,30293646,0.8264302274578608
0,MRPL20-AS1,30293509,0.826367566890156
0,RN7SL664P,30293339,0.8263049063224512
0,BRMS1L,30291983,0.8262422457547466
0,POU5F1,30291919,0.8261795851870418
0,PPP4R3B,30290942,0.8261169246193371
0,ALG12,30290691,0.8260542640516323
0,KEAP1,30289777,0.8259916034839275
0,NRBF2,30289504,0.8259289429162229
0,METTL21A,30287449,0.8258662823485181
0,PIAS2,30287153,0.8258036217808133
0,POLD1,30284836,0.8257409612131086
0,MAST4,30280537,0.8256783006454038
0,XRCC5,30279446,0.825615640077699
0,CTNS,30276617,0.8255529795099944
0,SEC16A,30275695,0.8254903189422896
0,PRRC2A,30273862,0.8254276583745849
0,CBS,30273785,0.8253649978068801
0,GTF2E1,30271348,0.8253023372391753
0,BRD1,30269650,0.8252396766714707
0,TUBB6,30269535,0.8251770161037659
0,TXLNA,30268064,0.8251143555360612
0,CNOT3,30266880,0.8250516949683564
0,RBMX,30266741,0.8249890344006516
0,PUM1,30265591,0.824926373832947
0,ERLEC1,30263495,0.8248637132652422
0,KIF20B,30261419,0.8248010526975375
0,RPRD2,30261248,0.8247383921298327
0,LMF2,30259493,0.8246757315621279
0,XPC,30259422,0.8246130709944232
0,ANAPC13,30257741,0.8245504104267185
0,GLRX3,30257141,0.8244877498590137
0,MYO10,30256377,0.824425089291309
0,KNL1,30256110,0.8243624287236042
0,CEP85,30255475,0.8242997681558994
0,DHX36,30255095,0.8242371075881948
0,B4GALT4,30253597,0.82417444702049
0,PLXNA2,30253393,0.8241117864527853
0,TOM1,30253124,0.8240491258850805
0,ALPL,30251346,0.8239864653173757
0,RAB23,30251331,0.8239238047496711
0,NDUFV2,30251264,0.8238611441819663
0,PPIB,30250176,0.8237984836142616
0,ACTG1P21,30248523,0.8237358230465568
0,PGF,30245775,0.823673162478852
0,BUB3,30245750,0.8236105019111473
0,CDR2L,30244901,0.8235478413434426
0,FAM96AP2,30243618,0.8234851807757378
0,FUT8,30243364,0.8234225202080331
0,YAF2,30241500,0.8233598596403283
0,BLOC1S1,30241468,0.8232971990726236
0,RNMT,30239421,0.8232345385049189
0,POLR2A,30239114,0.8231718779372141
0,KCTD9,30238783,0.8231092173695094
0,GLCE,30237753,0.8230465568018046
0,GPRC5A,30237503,0.8229838962340998
0,NPIPB11,30237455,0.8229212356663952
0,ZWILCH,30237011,0.8228585750986904
0,CELF1,30233753,0.8227959145309857
0,TBL3,30233667,0.8227332539632809
0,NFS1,30230938,0.8226705933955761
0,TRAF4,30230663,0.8226079328278714
0,AL158206.1,30228267,0.8225452722601667
0,SKIDA1,30227147,0.822482611692462
0,RTL8A,30225595,0.8224199511247572
0,PHF8,30224778,0.8223572905570524
0,IPO13,30222097,0.8222946299893477
0,HDAC3,30221348,0.822231969421643
0,SPTLC1,30221209,0.8221693088539382
0,AP006296.1,30218098,0.8221066482862335
0,KLHDC4,30217238,0.8220439877185287
0,RPS9,30216226,0.821981327150824
0,AHCTF1,30212380,0.8219186665831193
0,CSGALNACT1,30212054,0.8218560060154145
0,ZCCHC10,30211484,0.8217933454477098
0,ATP1B3,30209926,0.821730684880005
0,AC113398.1,30209637,0.8216680243123002
0,ZNF66,30209595,0.8216053637445955
0,MED30,30208656,0.8215427031768908
0,FUNDC2P1,30208484,0.8214800426091861
0,SYVN1,30207142,0.8214173820414813
0,UBA1,30206471,0.8213547214737765
0,INCENP,30206324,0.8212920609060718
0,CPSF2,30206075,0.8212294003383671
0,HCFC1,30206030,0.8211667397706623
0,FBLN1,30205101,0.8211040792029576
0,IQGAP1,30204702,0.8210414186352528
0,SUOX,30204036,0.820978758067548
0,MRPS34,30203985,0.8209160974998434
0,VGLL1,30203801,0.8208534369321386
0,TRIM41,30203172,0.8207907763644339
0,RPL22L1,30203016,0.8207281157967291
0,TRERF1,30202298,0.8206654552290243
0,PROM1,30201520,0.8206027946613196
0,PUF60,30201159,0.8205401340936149
0,ZNF37BP,30200727,0.8204774735259102
0,ZGRF1,30197181,0.8204148129582054
0,PDRG1,30194371,0.8203521523905006
0,NRBP1,30191978,0.8202894918227959
0,RNH1,30191570,0.8202268312550912
0,SLC27A4,30190677,0.8201641706873865
0,ACP6,30189904,0.8201015101196817
0,TUBBP1,30189133,0.8200388495519769
0,RBBP6,30188836,0.8199761889842722
0,CRNKL1,30187145,0.8199135284165675
0,RPS20,30186257,0.8198508678488627
0,TOR1A,30186125,0.819788207281158
0,EPB41L5,30186089,0.8197255467134532
0,ZNF394,30185147,0.8196628861457484
0,UBBP1,30183648,0.8196002255780437
0,MMAB,30183205,0.819537565010339
0,PSENEN,30181214,0.8194749044426343
0,SLC2A3,30180631,0.8194122438749295
0,NUDT21,30177557,0.8193495833072247
0,SNX1,30175149,0.81928692273952
0,FRG1FP,30172901,0.8192242621718153
0,RABGAP1,30172412,0.8191616016041106
0,GNPDA2,30172134,0.8190989410364058
0,ATP2C2,30170571,0.819036280468701
0,CDK5RAP1,30170294,0.8189736199009963
0,NDUFS7,30169417,0.8189109593332916
0,MRPL48P1,30169199,0.8188482987655868
0,CCDC117,30168827,0.8187856381978821
0,TCAIM,30165926,0.8187229776301773
0,GLYR1,30164122,0.8186603170624726
0,LIN52,30163437,0.8185976564947678
0,HNRNPA1P48,30163388,0.8185349959270631
0,THAP3,30163101,0.8184723353593584
0,HM13,30162163,0.8184096747916536
0,DIAPH3,30161625,0.8183470142239488
0,BOLA3P3,30161581,0.8182843536562441
0,SCDP1,30161316,0.8182216930885394
0,DNAJB1,30160136,0.8181590325208347
0,CHMP2B,30159721,0.8180963719531299
0,BX322784.1,30157652,0.8180337113854251
0,RALY,30156736,0.8179710508177204
0,FAM207A,30156552,0.8179083902500157
0,CSNK2B,30156518,0.817845729682311
0,FBL,30155922,0.8177830691146062
0,ZC3H8,30155400,0.8177204085469014
0,YARS2,30155346,0.8176577479791967
0,THUMPD1,30152626,0.8175950874114919
0,FAM118A,30152483,0.8175324268437872
0,PGK1,30152090,0.8174697662760825
0,CLPX,30152015,0.8174071057083777
0,ATG9A,30151354,0.817344445140673
0,RPL4P5,30150523,0.8172817845729682
0,EIF6,30149349,0.8172191240052635
0,COX6B1,30148919,0.8171564634375588
0,NCBP2AS2,30148809,0.817093802869854
0,BMPR1A,30148589,0.8170311423021492
0,C19orf12,30147989,0.8169684817344445
0,CHD7,30147675,0.8169058211667398
0,ZNF888,30146804,0.8168431605990351
0,SELENOTP1,30146274,0.8167805000313303
0,CHORDC1,30146038,0.8167178394636255
0,HELLS,30145618,0.8166551788959208
0,THOC3,30143884,0.816592518328216
0,ANKRD9,30143640,0.8165298577605113
0,ZC3H11B,30141508,0.8164671971928066
0,TRAP1,30139325,0.8164045366251018
0,S100A16,30138977,0.816341876057397
0,SLC19A2,30138522,0.8162792154896923
0,TULP3,30136543,0.8162165549219876
0,NUF2,30135608,0.8161538943542829
0,RPS11,30133271,0.8160912337865781
0,YWHAZP2,30133253,0.8160285732188733
0,A4GALT,30133196,0.8159659126511686
0,MRC1,30132090,0.8157779309480544
0,AP001528.2,30132090,0.8157779309480544
0,ZG16,30132090,0.8157779309480544
0,RFPL2,30132090,0.8157779309480544
0,AC004129.1,30132090,0.8157779309480544
0,ARHGEF18,30131882,0.8155899492449401
0,OSGEP,30131537,0.8155272886772355
0,IRF6,30129076,0.8154646281095307
0,SLC38A7,30128622,0.8154019675418259
0,AP5S1,30126825,0.8153393069741212
0,NASP,30126278,0.8152766464064164
0,C6orf136,30125465,0.8152139858387117
0,PIGK,30124987,0.815151325271007
0,FZD3,30122741,0.8150886647033022
0,IRF2BP1,30122195,0.8150260041355974
0,CSE1L,30121342,0.8149633435678927
0,CKS1B,30119731,0.814900683000188
0,MFSD5,30119021,0.8148380224324833
0,UHRF1,30118364,0.8147753618647785
0,EIF5A,30118288,0.8147127012970737
0,SPRED2,30117934,0.814650040729369
0,AL031668.2,30116596,0.8145873801616642
0,DNAJB11,30115570,0.8145247195939596
0,RNF135,30114185,0.8144620590262548
0,CHPT1,30114155,0.81439939845855
0,TMF1,30113236,0.8143367378908453
0,SFR1,30111842,0.8142740773231405
0,COQ4,30111512,0.8142114167554358
0,BAD,30109789,0.8141487561877311
0,TACC1,30107987,0.8140860956200263
0,TAF1D,30106947,0.8140234350523216
0,ILKAP,30105378,0.8139607744846168
0,CUTC,30104431,0.8138981139169121
0,ARPC3P5,30102010,0.8138354533492074
0,AC006453.2,30100901,0.8137727927815026
0,INPPL1,30095402,0.8137101322137978
0,GABARAPL1,30095076,0.8136474716460931
0,FABP5P3,30094783,0.8135848110783883
0,CCNB1,30094471,0.8135221505106837
0,PSMA6P2,30094385,0.8134594899429789
0,STARD7,30094071,0.8133968293752741
0,RPL14,30092654,0.8133341688075694
0,RPS4XP1,30092073,0.8132715082398646
0,SBNO1,30091159,0.81320884767216
0,NDC80,30088756,0.8131461871044552
0,AHCYP7,30087868,0.8130835265367504
0,C1orf35,30085541,0.8130208659690457
0,ZNF106,30084769,0.8129582054013409
0,MRPL55,30084620,0.8128955448336362
0,RPL23AP65,30084402,0.8128328842659315
0,SOWAHC,30081313,0.8127702236982267
0,ARID1B,30080212,0.812707563130522
0,FAIM,30079271,0.8126449025628172
0,TXNDC11,30079061,0.8125822419951125
0,PEBP1,30078057,0.8125195814274078
0,SPSB3,30076543,0.812456920859703
0,USP21,30075487,0.8123942602919982
0,FRG1JP,30075300,0.8123315997242935
0,ALPP,30073399,0.8122689391565887
0,COX7B2,30072730,0.8122062785888841
0,PLEKHA1,30070926,0.8121436180211793
0,FLAD1,30070893,0.8120809574534745
0,MT-ND1,30070648,0.8120182968857698
0,TADA3,30070409,0.811955636318065
0,METTL6,30070139,0.8118929757503603
0,RGPD8,30069434,0.8118303151826556
0,TMEM230,30069252,0.8117676546149508
0,KRT8P21,30069020,0.811704994047246
0,UFSP2,30068850,0.8116423334795413
0,AK6,30067197,0.8115796729118366
0,CEBPZOS,30067030,0.8115170123441319
0,ATP6V0D1,30066685,0.8114543517764271
0,MGAT1,30066396,0.8113916912087223
0,CSNK2A2,30065509,0.8113290306410176
0,ADAMTSL4,30065455,0.8112663700733128
0,DNAJC17,30065166,0.8112037095056082
0,RP9,30065146,0.8111410489379034
0,HERC4,30063282,0.8110783883701986
0,DLG3,30061926,0.8110157278024939
0,ODAM,30060807,0.8109530672347891
0,FKBPL,30059977,0.8108904066670845
0,DPM1,30057291,0.8108277460993797
0,TBC1D1,30056583,0.8107650855316749
0,KIF3B,30056385,0.8107024249639702
0,AC103987.3,30055484,0.8106397643962654
0,FLNA,30055442,0.8105771038285607
0,CCDC14,30054586,0.810514443260856
0,IGF2BP3,30052723,0.8104517826931512
0,HDGFL2,30052542,0.8103891221254464
0,PHLDA2,30051493,0.8103264615577417
0,NRF1,30050604,0.8102638009900369
0,ZNF180,30050500,0.8102011404223323
0,TENT5B,30049976,0.8101384798546275
0,NARS2,30049668,0.8100758192869227
0,PTMS,30048156,0.810013158719218
0,TPT1P4,30047308,0.8099504981515132
0,ANKRD26,30046190,0.8098878375838086
0,DNAJC21,30044529,0.8098251770161038
0,MAPKAPK2,30043761,0.809762516448399
0,ASCC1,30042982,0.8096998558806943
0,TM9SF4,30041337,0.8096371953129895
0,PHF7,30040875,0.8095745347452848
0,NCAPGP2,30039954,0.8095118741775801
0,MDC1,30038425,0.8094492136098753
0,RTN3,30038288,0.8093865530421706
0,CYCS,30038089,0.8093238924744658
0,LRRC61,30037566,0.809261231906761
0,PPIG,30037111,0.8091985713390564
0,RPL23P2,30036846,0.8091359107713516
0,CDC42SE2,30036686,0.8090732502036468
0,MECR,30035691,0.8090105896359421
0,TCOF1,30035180,0.8089479290682373
0,CLDN6,30033585,0.8088852685005327
0,TMEM79,30033345,0.8088226079328279
0,AC005000.2,30032995,0.8087599473651231
0,NUP133,30032649,0.8086972867974184
0,FECH,30030442,0.8086346262297136
0,PUDP,30030323,0.808571965662009
0,AP3M1,30028873,0.8085093050943042
0,OPA3,30028433,0.8084466445265994
0,AGAP3,30028337,0.8083839839588947
0,PUM2,30027429,0.8083213233911899
0,EXOC1,30026887,0.8082586628234851
0,TJP3,30026811,0.8081960022557805
0,RPGR,30026728,0.8081333416880757
0,PPP1CC,30025370,0.808070681120371
0,CENPI,30023362,0.8080080205526662
0,ERP44,30021660,0.8079453599849614
0,CERS4,30021409,0.8078826994172568
0,TMEM43,30021213,0.807820038849552
0,INTS4,30021150,0.8077573782818472
0,DNPEP,30020237,0.8076947177141425
0,FOXR1,30020150,0.8076320571464377
0,MEMO1,30019559,0.8075693965787331
0,RPS14,30019397,0.8075067360110283
0,N4BP2L2,30017866,0.8074440754433235
0,C8orf33,30015144,0.8073814148756188
0,MOGS,30012756,0.807318754307914
0,PSMD1,30012377,0.8072560937402092
0,SERTAD1,30011923,0.8071934331725046
0,AC005840.1,30011734,0.8071307726047998
0,NCAPG2,30011105,0.807068112037095
0,GNL2,30009897,0.8070054514693903
0,HCFC1R1,30005546,0.8069427909016855
0,FTSJ3,30002921,0.8068801303339809
0,PLBD2,30002532,0.8068174697662761
0,LSM5,30000982,0.8067548091985713
0,UCHL1,30000026,0.8066921486308666
0,MRM3,29999876,0.8066294880631618
0,CCT5P2,29998566,0.8065668274954572
0,PDAP1,29997939,0.8065041669277524
0,C9orf85,29994312,0.8064415063600476
0,MTA1,29993759,0.8063788457923429
0,FHDC1,29992045,0.8063161852246381
0,CLDN3,29991963,0.8062535246569333
0,TTLL5,29990385,0.8061908640892287
0,MYOF,29989047,0.8061282035215239
0,ASNSD1,29987809,0.8060655429538192
0,AL513497.1,29987796,0.8060028823861144
0,DPH5,29987224,0.8059402218184096
0,DCAF16,29986810,0.805877561250705
0,ADA,29984584,0.8058149006830002
0,TEPSIN,29984309,0.8057522401152954
0,PSMC1P1,29983359,0.8056895795475907
0,COA3,29982482,0.8056269189798859
0,IMPA1,29982152,0.8055642584121813
0,PRSS8,29982083,0.8055015978444765
0,AC011453.1,29981357,0.8054389372767717
0,EFNA1,29978285,0.805376276709067
0,HAGH,29977985,0.8053136161413622
0,TSPAN13,29977970,0.8052509555736574
0,COX19,29977129,0.8051882950059528
0,SEC11A,29975121,0.805125634438248
0,SMYD4,29974150,0.8050629738705433
0,TPI1,29974068,0.8050003133028385
0,RPIA,29974025,0.8049376527351337
0,TLCD1,29973342,0.8048749921674291
0,RBM33,29969746,0.8048123315997243
0,PDLIM5,29969205,0.8047496710320196
0,ZNF518B,29964808,0.8046870104643148
0,AC007041.1,29964772,0.80462434989661
0,CCT6A,29963711,0.8045616893289054
0,GAS5,29963090,0.8044990287612006
0,WASL,29962518,0.8044363681934958
0,CDKN2D,29962437,0.8043737076257911
0,NNT-AS1,29961803,0.8043110470580863
0,ACTBP9,29961762,0.8042483864903816
0,ACAP2,29961346,0.8041857259226769
0,ZNF100,29959999,0.8041230653549721
0,SRSF9,29959779,0.8040604047872674
0,SNX9,29959700,0.8039977442195626
0,XPO7,29958823,0.8039350836518578
0,XBP1,29957537,0.8038724230841532
0,RPS15A,29957457,0.8038097625164484
0,MCPH1,29956912,0.8037471019487437
0,BRMS1,29956733,0.8036844413810389
0,EGLN3,29953676,0.8036217808133341
0,TPI1P1,29953498,0.8035591202456295
0,WDR4,29953212,0.8034964596779247
0,KRT8P31,29951294,0.80343379911022
0,HCCS,29951272,0.8033711385425152
0,HEATR5B,29950469,0.8033084779748104
0,SNX11,29950452,0.8032458174071057
0,PLXNA1,29949926,0.803183156839401
0,AC034102.1,29946773,0.8031204962716962
0,KIAA1109,29946546,0.8030578357039915
0,ELOC,29945998,0.8029951751362867
0,SECISBP2,29945224,0.802932514568582
0,GORASP1,29945040,0.8028698540008773
0,CPSF3,29944893,0.8028071934331725
0,ZNF507,29944330,0.8027445328654678
0,UNC13B,29943991,0.802681872297763
0,NELFCD,29943281,0.8026192117300582
0,SP4,29943036,0.8025565511623536
0,SFRP1,29942210,0.8024938905946488
0,CWC25,29941013,0.802431230026944
0,MED12,29940940,0.8023685694592393
0,IBA57,29940364,0.8023059088915345
0,PLEK2,29940287,0.8022432483238298
0,GPR37,29938769,0.8021805877561251
0,RAB39A,29937459,0.8021179271884203
0,TFAP4,29936947,0.8020552666207156
0,MUL1,29936540,0.8019926060530108
0,PABPC4,29935970,0.801929945485306
0,JPT2,29935069,0.8018672849176014
0,C1GALT1C1,29932302,0.8018046243498966
0,CIAO2A,29931126,0.8017419637821919
0,BSDC1,29931086,0.8016793032144871
0,ZNF813,29928864,0.8016166426467823
0,DHX34,29928264,0.8015539820790777
0,FUZ,29928013,0.8014913215113729
0,RAD23A,29927563,0.8014286609436682
0,ARHGEF2,29927507,0.8013660003759634
0,WWC1,29926055,0.8013033398082586
0,MBD4,29924857,0.8012406792405539
0,BCS1L,29923657,0.8011780186728492
0,CXorf49,29923575,0.8011153581051444
0,GPS1,29922848,0.8010526975374397
0,TWNK,29922807,0.8009900369697349
0,PDLIM7,29922071,0.8009273764020302
0,SUPT20H,29921861,0.8008647158343255
0,AC145207.5,29921721,0.8008020552666207
0,AGPAT5,29921238,0.800739394698916
0,OSBPL2,29921038,0.8006767341312112
0,RBM3,29921036,0.8006140735635064
0,COCH,29920627,0.8005514129958018
0,PPP1R7,29919411,0.800488752428097
0,SQLE,29918690,0.8004260918603923
0,FAM174A,29917427,0.8003634312926875
0,AL603750.1,29916401,0.8003007707249827
0,HPS3,29915684,0.800238110157278
0,SSR1,29915328,0.8001754495895733
0,GOT1,29913571,0.8001127890218686
0,CYTH3,29912014,0.8000501284541638
