chromosome,gene,transcript,canonical,lof.oe_ci.upper,lof.oe_ci.upper_bin_decile,leiden,rowsum,norm_rank
NA,AAK1,NM_014911.5,TRUE,0.406,NA,1,52659927,0.9577417551704864
NA,AAK1,NM_014911.5,TRUE,0.406,NA,9,34230404,0.8996172366958883
NA,AAK1,NM_014911.5,TRUE,0.406,NA,0,30525109,0.8420953693840466
chr2,AAK1,ENST00000409085,TRUE,0.406,1,1,52659927,0.9577417551704864
chr2,AAK1,ENST00000409085,TRUE,0.406,1,9,34230404,0.8996172366958883
chr2,AAK1,ENST00000409085,TRUE,0.406,1,0,30525109,0.8420953693840466
NA,AAMP,NM_001087.5,TRUE,0.372,NA,1,47954261,0.9058133035215205
NA,AAMP,NM_001087.5,TRUE,0.372,NA,15,38426151,0.9858935075446608
NA,AAMP,NM_001087.5,TRUE,0.372,NA,11,52952545,0.9613542898991606
chr2,AAMP,ENST00000248450,TRUE,0.372,0,1,47954261,0.9058133035215205
chr2,AAMP,ENST00000248450,TRUE,0.372,0,15,38426151,0.9858935075446608
chr2,AAMP,ENST00000248450,TRUE,0.372,0,11,52952545,0.9613542898991606
NA,ABCA12,NM_173076.3,TRUE,0.582,NA,0,32831351,0.9501221881070242
chr2,ABCA12,ENST00000272895,TRUE,0.582,1,0,32831351,0.9501221881070242
NA,ABCC5,NM_005688.4,TRUE,0.455,NA,15,34655666,0.8095623518529225
NA,ABCC5,NM_005688.4,TRUE,0.455,NA,11,50222200,0.937975325333784
chr3,ABCC5,ENST00000334444,TRUE,0.455,1,15,34655666,0.8095623518529225
chr3,ABCC5,ENST00000334444,TRUE,0.455,1,11,50222200,0.937975325333784
NA,ABCD3,NM_002858.4,TRUE,0.484,NA,11,47888815,0.9133569939721706
chr1,ABCD3,ENST00000370214,TRUE,0.484,1,11,47888815,0.9133569939721706
NA,ABCE1,NM_002940.3,TRUE,0.466,NA,1,60637691,0.9970374510899944
NA,ABCE1,NM_002940.3,TRUE,0.466,NA,15,35991823,0.915418858761635
NA,ABCE1,NM_002940.3,TRUE,0.466,NA,9,33426855,0.8668971477960242
NA,ABCE1,NM_002940.3,TRUE,0.466,NA,11,51581371,0.949749309898034
chr4,ABCE1,ENST00000296577,TRUE,0.466,1,1,60637691,0.9970374510899944
chr4,ABCE1,ENST00000296577,TRUE,0.466,1,15,35991823,0.915418858761635
chr4,ABCE1,ENST00000296577,TRUE,0.466,1,9,33426855,0.8668971477960242
chr4,ABCE1,ENST00000296577,TRUE,0.466,1,11,51581371,0.949749309898034
NA,ABHD2,NM_152924.5,TRUE,0.57,NA,9,34198527,0.8987529324607977
chr15,ABHD2,ENST00000352732,TRUE,0.57,1,9,34198527,0.8987529324607977
NA,ABI1,NM_001012750.3,TRUE,0.41,NA,15,35617892,0.8921200208128577
chr10,ABI1,ENST00000376140,TRUE,0.41,1,15,35617892,0.8921200208128577
NA,ABL2,NM_007314.4,TRUE,0.578,NA,9,33386852,0.864612915174713
NA,ABL2,NM_007314.4,TRUE,0.578,NA,11,55206492,0.9778604022308602
NA,ABL2,NM_007314.4,TRUE,0.578,NA,0,33211176,0.9660379723040292
chr1,ABL2,ENST00000502732,TRUE,0.578,1,9,33386852,0.864612915174713
chr1,ABL2,ENST00000502732,TRUE,0.578,1,11,55206492,0.9778604022308602
chr1,ABL2,ENST00000502732,TRUE,0.578,1,0,33211176,0.9660379723040292
NA,ABR,NM_021962.5,TRUE,0.431,NA,1,46109108,0.8777529346003354
NA,ABR,NM_021962.5,TRUE,0.431,NA,9,33120486,0.8516483516483516
chr17,ABR,ENST00000302538,TRUE,0.431,1,1,46109108,0.8777529346003354
chr17,ABR,ENST00000302538,TRUE,0.431,1,9,33120486,0.8516483516483516
NA,ACACA,NM_198834.3,TRUE,0.374,NA,1,45934803,0.8748462828395752
NA,ACACA,NM_198834.3,TRUE,0.374,NA,9,36286438,0.9574638844301766
chr17,ACACA,ENST00000616317,TRUE,0.374,0,1,45934803,0.8748462828395752
chr17,ACACA,ENST00000616317,TRUE,0.374,0,9,36286438,0.9574638844301766
NA,ACAN,NM_001369268.1,TRUE,0.377,NA,15,35106305,0.8517372954847662
chr15,ACAN,ENST00000560601,TRUE,0.377,0,15,35106305,0.8517372954847662
NA,ACAP2,NM_012287.6,TRUE,0.47,NA,15,34810004,0.8240157252702781
NA,ACAP2,NM_012287.6,TRUE,0.47,NA,11,40604918,0.8074474677482959
NA,ACAP2,NM_012287.6,TRUE,0.47,NA,0,29961346,0.8041857259226769
chr3,ACAP2,ENST00000326793,TRUE,0.47,1,15,34810004,0.8240157252702781
chr3,ACAP2,ENST00000326793,TRUE,0.47,1,11,40604918,0.8074474677482959
chr3,ACAP2,ENST00000326793,TRUE,0.47,1,0,29961346,0.8041857259226769
NA,ACIN1,NM_001386863.1,TRUE,0.15,NA,1,58267805,0.9918949133594188
NA,ACIN1,NM_001386863.1,TRUE,0.15,NA,11,55924995,0.9819728466001916
chr14,ACIN1,ENST00000605057,TRUE,0.15,0,1,58267805,0.9918949133594188
chr14,ACIN1,ENST00000605057,TRUE,0.15,0,11,55924995,0.9819728466001916
NA,ACLY,NM_001096.3,TRUE,0.401,NA,15,36384103,0.9350176331155692
NA,ACLY,NM_001096.3,TRUE,0.401,NA,9,32954795,0.8436226694653661
NA,ACLY,NM_001096.3,TRUE,0.401,NA,11,42828018,0.8458678384316377
chr17,ACLY,ENST00000352035,TRUE,0.401,1,15,36384103,0.9350176331155692
chr17,ACLY,ENST00000352035,TRUE,0.401,1,9,32954795,0.8436226694653661
chr17,ACLY,ENST00000352035,TRUE,0.401,1,11,42828018,0.8458678384316377
NA,ACO2,NM_001098.3,TRUE,0.489,NA,1,59355356,0.9948015651201788
NA,ACO2,NM_001098.3,TRUE,0.489,NA,15,36860737,0.9514944788113544
NA,ACO2,NM_001098.3,TRUE,0.489,NA,11,54560669,0.9735789532984056
NA,ACO2,NM_001098.3,TRUE,0.489,NA,0,35479250,0.9943605489065732
chr22,ACO2,ENST00000216254,TRUE,0.489,1,1,59355356,0.9948015651201788
chr22,ACO2,ENST00000216254,TRUE,0.489,1,15,36860737,0.9514944788113544
chr22,ACO2,ENST00000216254,TRUE,0.489,1,11,54560669,0.9735789532984056
chr22,ACO2,ENST00000216254,TRUE,0.489,1,0,35479250,0.9943605489065732
NA,ACTB,NM_001101.5,TRUE,0.193,NA,1,51855071,0.951369480156512
NA,ACTB,NM_001101.5,TRUE,0.193,NA,15,38557739,0.9872232178990576
NA,ACTB,NM_001101.5,TRUE,0.193,NA,11,46949171,0.9008506563010534
NA,ACTB,NM_001101.5,TRUE,0.193,NA,0,33920171,0.978758067548092
chr7,ACTB,ENST00000646664,TRUE,0.193,0,1,51855071,0.951369480156512
chr7,ACTB,ENST00000646664,TRUE,0.193,0,15,38557739,0.9872232178990576
chr7,ACTB,ENST00000646664,TRUE,0.193,0,11,46949171,0.9008506563010534
chr7,ACTB,ENST00000646664,TRUE,0.193,0,0,33920171,0.978758067548092
NA,ACTL6A,NM_004301.5,TRUE,0.186,NA,1,42393926,0.8120737842370039
NA,ACTL6A,NM_004301.5,TRUE,0.186,NA,9,35205864,0.930608717125571
NA,ACTL6A,NM_004301.5,TRUE,0.186,NA,11,42085077,0.8332488310517717
chr3,ACTL6A,ENST00000429709,TRUE,0.186,0,1,42393926,0.8120737842370039
chr3,ACTL6A,ENST00000429709,TRUE,0.186,0,9,35205864,0.930608717125571
chr3,ACTL6A,ENST00000429709,TRUE,0.186,0,11,42085077,0.8332488310517717
NA,ACTN1,NM_001130004.2,TRUE,0.331,NA,1,55647139,0.9807713806595864
chr14,ACTN1,ENST00000394419,TRUE,0.331,0,1,55647139,0.9807713806595864
NA,ACTN2,NM_001103.4,TRUE,0.432,NA,9,33084225,0.8496727991110014
chr1,ACTN2,ENST00000366578,TRUE,0.432,1,9,33084225,0.8496727991110014
NA,ACTN4,NM_004924.6,TRUE,0.238,NA,15,35960440,0.9137422674452216
NA,ACTN4,NM_004924.6,TRUE,0.238,NA,11,45311872,0.8806264435806433
chr19,ACTN4,ENST00000252699,TRUE,0.238,0,15,35960440,0.9137422674452216
chr19,ACTN4,ENST00000252699,TRUE,0.238,0,11,45311872,0.8806264435806433
NA,ACTR1A,NM_005736.4,TRUE,0.337,NA,1,53849744,0.9675237562884292
NA,ACTR1A,NM_005736.4,TRUE,0.337,NA,11,47548986,0.909075545039716
chr10,ACTR1A,ENST00000369905,TRUE,0.337,0,1,53849744,0.9675237562884292
chr10,ACTR1A,ENST00000369905,TRUE,0.337,0,11,47548986,0.909075545039716
NA,ACTR2,NM_005722.4,TRUE,0.177,NA,11,51959746,0.9535800799954932
chr2,ACTR2,ENST00000260641,TRUE,0.177,0,11,51959746,0.9535800799954932
NA,ACTR3,NM_005721.5,TRUE,0.461,NA,1,51618869,0.9491335941866964
NA,ACTR3,NM_005721.5,TRUE,0.461,NA,15,35916754,0.9111984737237672
chr2,ACTR3,ENST00000263238,TRUE,0.461,1,1,51618869,0.9491335941866964
chr2,ACTR3,ENST00000263238,TRUE,0.461,1,15,35916754,0.9111984737237672
NA,ACVR1B,NM_004302.5,TRUE,0.403,NA,15,36230539,0.9266924900271724
chr12,ACVR1B,ENST00000257963,TRUE,0.403,1,15,36230539,0.9266924900271724
NA,ACVR2B,NM_001106.4,TRUE,0.408,NA,11,55653710,0.980339135823334
NA,ACVR2B,NM_001106.4,TRUE,0.408,NA,0,33896360,0.9784447647095684
chr3,ACVR2B,ENST00000352511,TRUE,0.408,1,11,55653710,0.980339135823334
chr3,ACVR2B,ENST00000352511,TRUE,0.408,1,0,33896360,0.9784447647095684
NA,ADAM10,NM_001110.4,TRUE,0.276,NA,0,31426640,0.8910332727614512
chr15,ADAM10,ENST00000260408,TRUE,0.276,0,0,31426640,0.8910332727614512
NA,ADAM17,NM_003183.6,TRUE,0.565,NA,15,35159628,0.8562756547378159
NA,ADAM17,NM_003183.6,TRUE,0.565,NA,9,32883571,0.8401037165082109
NA,ADAM17,NM_003183.6,TRUE,0.565,NA,11,49362252,0.9285674046532588
chr2,ADAM17,ENST00000310823,TRUE,0.565,1,15,35159628,0.8562756547378159
chr2,ADAM17,ENST00000310823,TRUE,0.565,1,9,32883571,0.8401037165082109
chr2,ADAM17,ENST00000310823,TRUE,0.565,1,11,49362252,0.9285674046532588
NA,ADAM9,NM_003816.3,TRUE,0.575,NA,15,35248130,0.8630976469908077
NA,ADAM9,NM_003816.3,TRUE,0.575,NA,9,37495630,0.9745030250648228
NA,ADAM9,NM_003816.3,TRUE,0.575,NA,11,40303096,0.8029406793983438
chr8,ADAM9,ENST00000487273,TRUE,0.575,1,15,35248130,0.8630976469908077
chr8,ADAM9,ENST00000487273,TRUE,0.575,1,9,37495630,0.9745030250648228
chr8,ADAM9,ENST00000487273,TRUE,0.575,1,11,40303096,0.8029406793983438
NA,ADAMTS1,NM_006988.5,TRUE,0.329,NA,1,45766520,0.8720514253773057
chr21,ADAMTS1,ENST00000284984,TRUE,0.329,0,1,45766520,0.8720514253773057
NA,ADAMTS6,NM_197941.4,TRUE,0.228,NA,1,42985353,0.8229178311906092
chr5,ADAMTS6,ENST00000381055,TRUE,0.228,0,1,42985353,0.8229178311906092
NA,ADAR,NM_001111.5,TRUE,0.449,NA,15,34683395,0.8118748915996994
NA,ADAR,NM_001111.5,TRUE,0.449,NA,9,34023529,0.8920237066304482
chr1,ADAR,ENST00000368474,TRUE,0.449,1,15,34683395,0.8118748915996994
chr1,ADAR,ENST00000368474,TRUE,0.449,1,9,34023529,0.8920237066304482
NA,ADARB1,NM_001112.4,TRUE,0.323,NA,9,33007076,0.8465242622545993
chr21,ADARB1,ENST00000348831,TRUE,0.323,0,9,33007076,0.8465242622545993
NA,ADCY1,NM_021116.4,TRUE,0.346,NA,15,38764726,0.9893334104179916
NA,ADCY1,NM_021116.4,TRUE,0.346,NA,0,32831351,0.9501221881070242
chr7,ADCY1,ENST00000297323,TRUE,0.346,0,15,38764726,0.9893334104179916
chr7,ADCY1,ENST00000297323,TRUE,0.346,0,0,32831351,0.9501221881070242
NA,ADD1,NM_001354761.2,TRUE,0.387,NA,1,49398943,0.9242034656232532
NA,ADD1,NM_001354761.2,TRUE,0.387,NA,11,57061274,0.9874373274745084
chr4,ADD1,ENST00000683351,TRUE,0.387,0,1,49398943,0.9242034656232532
chr4,ADD1,ENST00000683351,TRUE,0.387,0,11,57061274,0.9874373274745084
NA,ADD3,NM_016824.5,TRUE,0.395,NA,11,45116752,0.8776406962988
chr10,ADD3,ENST00000356080,TRUE,0.395,0,11,45116752,0.8776406962988
chr1,ADGRL2,ENST00000686636,TRUE,0.301,0,9,34091709,0.8947400913693049
chr1,ADGRL2,ENST00000686636,TRUE,0.301,0,11,47114911,0.9036673990197736
NA,ADGRL3,NM_001387552.1,TRUE,0.451,NA,0,30935141,0.8668462936274203
chr4,ADGRL3,ENST00000683033,TRUE,0.451,1,0,30935141,0.8668462936274203
NA,ADIPOR1,NM_015999.6,TRUE,0.571,NA,1,48990993,0.919564002235886
chr1,ADIPOR1,ENST00000340990,TRUE,0.571,1,1,48990993,0.919564002235886
NA,ADM,NM_001124.3,TRUE,0.581,NA,9,34515993,0.90893937523151
NA,ADM,NM_001124.3,TRUE,0.581,NA,11,48983791,0.9247366345557996
chr11,ADM,ENST00000278175,TRUE,0.581,1,9,34515993,0.90893937523151
chr11,ADM,ENST00000278175,TRUE,0.581,1,11,48983791,0.9247366345557996
NA,ADNP,NM_001282531.3,TRUE,0.106,NA,1,43762120,0.8377864728898826
NA,ADNP,NM_001282531.3,TRUE,0.106,NA,15,34676632,0.811412383650344
NA,ADNP,NM_001282531.3,TRUE,0.106,NA,11,49552392,0.930539124556363
chr20,ADNP,ENST00000621696,TRUE,0.106,0,1,43762120,0.8377864728898826
chr20,ADNP,ENST00000621696,TRUE,0.106,0,15,34676632,0.811412383650344
chr20,ADNP,ENST00000621696,TRUE,0.106,0,11,49552392,0.930539124556363
NA,ADRM1,NM_007002.4,TRUE,0.188,NA,15,36348939,0.9307972480777014
NA,ADRM1,NM_007002.4,TRUE,0.188,NA,9,33401683,0.8657241634769725
NA,ADRM1,NM_007002.4,TRUE,0.188,NA,11,57881820,0.9905920793194748
chr20,ADRM1,ENST00000253003,TRUE,0.188,0,15,36348939,0.9307972480777014
chr20,ADRM1,ENST00000253003,TRUE,0.188,0,9,33401683,0.8657241634769725
chr20,ADRM1,ENST00000253003,TRUE,0.188,0,11,57881820,0.9905920793194748
NA,AEBP2,NM_153207.5,TRUE,0.461,NA,9,34986072,0.9241264353623904
NA,AEBP2,NM_153207.5,TRUE,0.461,NA,0,31453922,0.8920358418447271
chr12,AEBP2,ENST00000266508,TRUE,0.461,1,9,34986072,0.9241264353623904
chr12,AEBP2,ENST00000266508,TRUE,0.461,1,0,31453922,0.8920358418447271
NA,AFDN,NM_001386888.1,TRUE,0.398,NA,1,53875095,0.96763555058692
NA,AFDN,NM_001386888.1,TRUE,0.398,NA,15,38288468,0.9842747297219172
NA,AFDN,NM_001386888.1,TRUE,0.398,NA,9,34061853,0.893505371033461
NA,AFDN,NM_001386888.1,TRUE,0.398,NA,11,53977767,0.9695791786378232
chr6,AFDN,ENST00000683244,TRUE,0.398,0,1,53875095,0.96763555058692
chr6,AFDN,ENST00000683244,TRUE,0.398,0,15,38288468,0.9842747297219172
chr6,AFDN,ENST00000683244,TRUE,0.398,0,9,34061853,0.893505371033461
chr6,AFDN,ENST00000683244,TRUE,0.398,0,11,53977767,0.9695791786378232
NA,AFF1,NM_001166693.3,TRUE,0.49,NA,11,47528275,0.9086248662047208
NA,AFF1,NM_001166693.3,TRUE,0.49,NA,0,33553248,0.973619900996303
chr4,AFF1,ENST00000395146,TRUE,0.49,1,11,47528275,0.9086248662047208
chr4,AFF1,ENST00000395146,TRUE,0.49,1,0,33553248,0.973619900996303
NA,AFF3,NM_001386135.1,TRUE,0.318,NA,15,35598512,0.8901254552812626
chr2,AFF3,ENST00000672756,TRUE,0.318,0,15,35598512,0.8901254552812626
NA,AFF4,NM_014423.4,TRUE,0.114,NA,15,37210610,0.9610915187604788
NA,AFF4,NM_014423.4,TRUE,0.114,NA,11,54301605,0.9720015773759224
chr5,AFF4,ENST00000265343,TRUE,0.114,0,15,37210610,0.9610915187604788
chr5,AFF4,ENST00000265343,TRUE,0.114,0,11,54301605,0.9720015773759224
chr2,AFTPH,ENST00000238856,TRUE,0.207,0,11,40757661,0.8106585544476368
NA,AGAP1,NM_001037131.3,TRUE,0.366,NA,0,33714262,0.9766902688138356
chr2,AGAP1,ENST00000304032,TRUE,0.366,0,0,33714262,0.9766902688138356
NA,AGAP3,NM_031946.7,TRUE,0.359,NA,1,46145185,0.8781442146450531
NA,AGAP3,NM_031946.7,TRUE,0.359,NA,0,30028337,0.8083839839588947
chr7,AGAP3,ENST00000397238,TRUE,0.359,0,1,46145185,0.8781442146450531
chr7,AGAP3,ENST00000397238,TRUE,0.359,0,0,30028337,0.8083839839588947
NA,AGFG1,NM_004504.5,TRUE,0.286,NA,1,55287511,0.978256008943544
NA,AGFG1,NM_004504.5,TRUE,0.286,NA,11,58118152,0.9913244324263422
chr2,AGFG1,ENST00000310078,TRUE,0.286,0,1,55287511,0.978256008943544
chr2,AGFG1,ENST00000310078,TRUE,0.286,0,11,58118152,0.9913244324263422
NA,AGO1,NM_012199.5,TRUE,0.164,NA,15,34660854,0.8100826732959473
NA,AGO1,NM_012199.5,TRUE,0.164,NA,0,34244061,0.9828310044489004
chr1,AGO1,ENST00000373204,TRUE,0.164,0,15,34660854,0.8100826732959473
chr1,AGO1,ENST00000373204,TRUE,0.164,0,0,34244061,0.9828310044489004
NA,AGO2,NM_012154.5,TRUE,0.102,NA,1,42755703,0.8188373392956959
NA,AGO2,NM_012154.5,TRUE,0.102,NA,15,34832861,0.8265595189917326
NA,AGO2,NM_012154.5,TRUE,0.102,NA,11,43337199,0.8526280209565659
chr8,AGO2,ENST00000220592,TRUE,0.102,0,1,42755703,0.8188373392956959
chr8,AGO2,ENST00000220592,TRUE,0.102,0,15,34832861,0.8265595189917326
chr8,AGO2,ENST00000220592,TRUE,0.102,0,11,43337199,0.8526280209565659
NA,AGPAT1,NM_006411.4,TRUE,0.367,NA,11,46911490,0.9000619683398119
NA,AGPAT1,NM_006411.4,TRUE,0.367,NA,0,31607486,0.8977379535058587
chr6,AGPAT1,ENST00000375107,TRUE,0.367,0,11,46911490,0.9000619683398119
chr6,AGPAT1,ENST00000375107,TRUE,0.367,0,0,31607486,0.8977379535058587
NA,AGPAT4,NM_020133.3,TRUE,0.461,NA,15,34582758,0.8023934786379141
chr6,AGPAT4,ENST00000320285,TRUE,0.461,1,15,34582758,0.8023934786379141
NA,AGPS,NM_003659.4,TRUE,0.408,NA,0,31164624,0.8791904254652547
chr2,AGPS,ENST00000264167,TRUE,0.408,1,0,31164624,0.8791904254652547
NA,AHCTF1,NM_001323342.2,TRUE,0.142,NA,1,50554206,0.9384013415315818
NA,AHCTF1,NM_001323342.2,TRUE,0.142,NA,9,32781447,0.8345474749969132
NA,AHCTF1,NM_001323342.2,TRUE,0.142,NA,0,30212380,0.8219186665831193
chr1,AHCTF1,ENST00000648844,TRUE,0.142,0,1,50554206,0.9384013415315818
chr1,AHCTF1,ENST00000648844,TRUE,0.142,0,9,32781447,0.8345474749969132
chr1,AHCTF1,ENST00000648844,TRUE,0.142,0,0,30212380,0.8219186665831193
NA,AHCYL1,NM_006621.7,TRUE,0.34,NA,1,48711956,0.9164337618781442
NA,AHCYL1,NM_006621.7,TRUE,0.34,NA,11,54222883,0.9713255591234295
chr1,AHCYL1,ENST00000369799,TRUE,0.34,0,1,48711956,0.9164337618781442
chr1,AHCYL1,ENST00000369799,TRUE,0.34,0,11,54222883,0.9713255591234295
NA,AHDC1,NM_001371928.1,TRUE,0.168,NA,9,32986789,0.8455982220027164
NA,AHDC1,NM_001371928.1,TRUE,0.168,NA,0,32290558,0.927188420327088
chr1,AHDC1,ENST00000673934,TRUE,0.168,0,9,32986789,0.8455982220027164
chr1,AHDC1,ENST00000673934,TRUE,0.168,0,0,32290558,0.927188420327088
NA,AHSA1,NM_012111.3,TRUE,0.505,NA,1,53064793,0.9610396869759642
NA,AHSA1,NM_012111.3,TRUE,0.505,NA,0,31354178,0.888401528917852
chr14,AHSA1,ENST00000216479,TRUE,0.505,1,1,53064793,0.9610396869759642
chr14,AHSA1,ENST00000216479,TRUE,0.505,1,0,31354178,0.888401528917852
NA,AIDA,NM_022831.4,TRUE,0.545,NA,15,35335725,0.8701508932184772
NA,AIDA,NM_022831.4,TRUE,0.545,NA,0,35124576,0.991728805062974
chr1,AIDA,ENST00000340020,TRUE,0.545,1,15,35335725,0.8701508932184772
chr1,AIDA,ENST00000340020,TRUE,0.545,1,0,35124576,0.991728805062974
NA,AJUBA,NM_032876.6,TRUE,0.581,NA,1,52347459,0.9552263834544438
NA,AJUBA,NM_032876.6,TRUE,0.581,NA,9,32985296,0.8454130139523398
chr14,AJUBA,ENST00000262713,TRUE,0.581,1,1,52347459,0.9552263834544438
chr14,AJUBA,ENST00000262713,TRUE,0.581,1,9,32985296,0.8454130139523398
NA,AKAP10,NM_007202.4,TRUE,0.381,NA,0,33440311,0.9712387994235228
chr17,AKAP10,ENST00000225737,TRUE,0.381,0,0,33440311,0.9712387994235228
NA,AKAP12,NM_005100.4,TRUE,0.496,NA,1,51452040,0.947344885410844
NA,AKAP12,NM_005100.4,TRUE,0.496,NA,9,35581442,0.9386961353253488
NA,AKAP12,NM_005100.4,TRUE,0.496,NA,11,46792256,0.8979212438735846
NA,AKAP12,NM_005100.4,TRUE,0.496,NA,0,31873145,0.9121498840779496
chr6,AKAP12,ENST00000402676,TRUE,0.496,1,1,51452040,0.947344885410844
chr6,AKAP12,ENST00000402676,TRUE,0.496,1,9,35581442,0.9386961353253488
chr6,AKAP12,ENST00000402676,TRUE,0.496,1,11,46792256,0.8979212438735846
chr6,AKAP12,ENST00000402676,TRUE,0.496,1,0,31873145,0.9121498840779496
NA,AKAP13,NM_007200.5,TRUE,0.362,NA,1,43096892,0.8248183342649524
NA,AKAP13,NM_007200.5,TRUE,0.362,NA,9,34069823,0.8938757871342141
chr15,AKAP13,ENST00000394518,TRUE,0.362,0,1,43096892,0.8248183342649524
chr15,AKAP13,ENST00000394518,TRUE,0.362,0,9,34069823,0.8938757871342141
NA,AKAP6,NM_004274.5,TRUE,0.367,NA,15,35598512,0.8901254552812626
chr14,AKAP6,ENST00000280979,TRUE,0.367,0,15,35598512,0.8901254552812626
NA,AKAP8,NM_005858.4,TRUE,0.48,NA,15,35644027,0.8935653581545933
chr19,AKAP8,ENST00000269701,TRUE,0.48,1,15,35644027,0.8935653581545933
NA,AKAP8L,NM_014371.4,TRUE,0.592,NA,15,35127284,0.8532693530670058
NA,AKAP8L,NM_014371.4,TRUE,0.592,NA,9,33946984,0.889430793925176
chr19,AKAP8L,ENST00000397410,TRUE,0.592,2,15,35127284,0.8532693530670058
chr19,AKAP8L,ENST00000397410,TRUE,0.592,2,9,33946984,0.889430793925176
NA,AKIRIN1,NM_024595.3,TRUE,0.435,NA,15,34594313,0.8037810024859803
chr1,AKIRIN1,ENST00000432648,TRUE,0.435,1,15,34594313,0.8037810024859803
NA,AKT2,NM_001626.6,TRUE,0.398,NA,1,49086974,0.9206260480715484
NA,AKT2,NM_001626.6,TRUE,0.398,NA,9,32316499,0.8103469564143722
NA,AKT2,NM_001626.6,TRUE,0.398,NA,11,44926458,0.8745986141625824
chr19,AKT2,ENST00000392038,TRUE,0.398,0,1,49086974,0.9206260480715484
chr19,AKT2,ENST00000392038,TRUE,0.398,0,9,32316499,0.8103469564143722
chr19,AKT2,ENST00000392038,TRUE,0.398,0,11,44926458,0.8745986141625824
NA,AKT3,NM_005465.7,TRUE,0.482,NA,0,31654417,0.9019988721097814
chr1,AKT3,ENST00000673466,TRUE,0.482,1,0,31654417,0.9019988721097814
NA,ALKBH5,NM_017758.4,TRUE,0.19,NA,1,52902459,0.9599776411403018
NA,ALKBH5,NM_017758.4,TRUE,0.19,NA,11,46126912,0.8898653596980451
chr17,ALKBH5,ENST00000399138,TRUE,0.19,0,1,52902459,0.9599776411403018
chr17,ALKBH5,ENST00000399138,TRUE,0.19,0,11,46126912,0.8898653596980451
NA,ALYREF,NM_005782.4,TRUE,0.235,NA,1,59887803,0.9958636109558412
NA,ALYREF,NM_005782.4,TRUE,0.235,NA,11,59468466,0.996901583009408
NA,ALYREF,NM_005782.4,TRUE,0.235,NA,0,30971245,0.8686634500908578
chr17,ALYREF,ENST00000505490,TRUE,0.235,0,1,59887803,0.9958636109558412
chr17,ALYREF,ENST00000505490,TRUE,0.235,0,11,59468466,0.996901583009408
chr17,ALYREF,ENST00000505490,TRUE,0.235,0,0,30971245,0.8686634500908578
NA,AMBRA1,NM_001387011.1,TRUE,0.491,NA,15,34741984,0.8178874949413193
NA,AMBRA1,NM_001387011.1,TRUE,0.491,NA,9,37848794,0.9816644030127176
chr11,AMBRA1,ENST00000683756,TRUE,0.491,1,15,34741984,0.8178874949413193
chr11,AMBRA1,ENST00000683756,TRUE,0.491,1,9,37848794,0.9816644030127176
NA,AMOTL2,NM_016201.4,TRUE,0.574,NA,1,49118119,0.9210732252655116
chr3,AMOTL2,ENST00000249883,TRUE,0.574,1,1,49118119,0.9210732252655116
NA,ANAPC2,NM_013366.4,TRUE,0.482,NA,15,35544885,0.8853558420535353
NA,ANAPC2,NM_013366.4,TRUE,0.482,NA,11,45073541,0.8767393386288096
chr9,ANAPC2,ENST00000323927,TRUE,0.482,1,15,35544885,0.8853558420535353
chr9,ANAPC2,ENST00000323927,TRUE,0.482,1,11,45073541,0.8767393386288096
NA,ANGPT1,NM_001146.5,TRUE,0.414,NA,9,35880389,0.9499320903815286
NA,ANGPT1,NM_001146.5,TRUE,0.414,NA,0,30442137,0.8365185788583245
chr8,ANGPT1,ENST00000517746,TRUE,0.414,1,9,35880389,0.9499320903815286
chr8,ANGPT1,ENST00000517746,TRUE,0.414,1,0,30442137,0.8365185788583245
NA,ANK1,NM_000037.4,TRUE,0.299,NA,15,35674128,0.8956466439266925
chr8,ANK1,ENST00000289734,TRUE,0.299,0,15,35674128,0.8956466439266925
NA,ANKFY1,NM_001330063.2,TRUE,0.463,NA,1,49888558,0.9309670206819451
NA,ANKFY1,NM_001330063.2,TRUE,0.463,NA,9,32423507,0.8164588220767997
NA,ANKFY1,NM_001330063.2,TRUE,0.463,NA,11,43926951,0.8613035885302236
chr17,ANKFY1,ENST00000341657,TRUE,0.463,1,1,49888558,0.9309670206819451
chr17,ANKFY1,ENST00000341657,TRUE,0.463,1,9,32423507,0.8164588220767997
chr17,ANKFY1,ENST00000341657,TRUE,0.463,1,11,43926951,0.8613035885302236
NA,ANKIB1,NM_019004.2,TRUE,0.533,NA,15,34681549,0.8116436376250217
NA,ANKIB1,NM_019004.2,TRUE,0.533,NA,11,42476848,0.8406850318291927
NA,ANKIB1,NM_019004.2,TRUE,0.533,NA,0,31335716,0.8875869415376904
chr7,ANKIB1,ENST00000265742,TRUE,0.533,1,15,34681549,0.8116436376250217
chr7,ANKIB1,ENST00000265742,TRUE,0.533,1,11,42476848,0.8406850318291927
chr7,ANKIB1,ENST00000265742,TRUE,0.533,1,0,31335716,0.8875869415376904
NA,ANKRD11,NM_013275.6,TRUE,0.132,NA,1,53893363,0.9677473448854108
NA,ANKRD11,NM_013275.6,TRUE,0.132,NA,9,32820554,0.8371403877021855
NA,ANKRD11,NM_013275.6,TRUE,0.132,NA,11,51874873,0.9526223874711284
chr16,ANKRD11,ENST00000301030,TRUE,0.132,0,1,53893363,0.9677473448854108
chr16,ANKRD11,ENST00000301030,TRUE,0.132,0,9,32820554,0.8371403877021855
chr16,ANKRD11,ENST00000301030,TRUE,0.132,0,11,51874873,0.9526223874711284
NA,ANKRD12,NM_015208.5,TRUE,0.583,NA,9,35287621,0.9327077416965056
NA,ANKRD12,NM_015208.5,TRUE,0.583,NA,0,33813733,0.977755498464816
chr18,ANKRD12,ENST00000262126,TRUE,0.583,1,9,35287621,0.9327077416965056
chr18,ANKRD12,ENST00000262126,TRUE,0.583,1,0,33813733,0.977755498464816
NA,ANKRD13C,NM_030816.5,TRUE,0.449,NA,15,35286136,0.8662773891426259
chr1,ANKRD13C,ENST00000370944,TRUE,0.449,1,15,35286136,0.8662773891426259
NA,ANKRD13D,NM_207354.3,TRUE,0.552,NA,15,36985783,0.9549054749378504
chr11,ANKRD13D,ENST00000511455,TRUE,0.552,1,15,36985783,0.9549054749378504
NA,ANKRD17,NM_032217.5,TRUE,0.118,NA,1,53094989,0.9613191727221913
NA,ANKRD17,NM_032217.5,TRUE,0.118,NA,11,56398644,0.9845079150470396
chr4,ANKRD17,ENST00000358602,TRUE,0.118,0,1,53094989,0.9613191727221913
chr4,ANKRD17,ENST00000358602,TRUE,0.118,0,11,56398644,0.9845079150470396
NA,ANKRD28,NM_001349278.2,TRUE,0.455,NA,9,38522520,0.9866650203728856
chr3,ANKRD28,ENST00000683139,TRUE,0.455,1,9,38522520,0.9866650203728856
NA,ANKRD52,NM_173595.4,TRUE,0.122,NA,9,32547674,0.8227558957896036
chr12,ANKRD52,ENST00000267116,TRUE,0.122,0,9,32547674,0.8227558957896036
NA,ANLN,NM_018685.5,TRUE,0.537,NA,1,48768042,0.9171604248183344
NA,ANLN,NM_018685.5,TRUE,0.537,NA,15,35533775,0.8847777071168411
NA,ANLN,NM_018685.5,TRUE,0.537,NA,9,32287877,0.8087418199777751
chr7,ANLN,ENST00000265748,TRUE,0.537,1,1,48768042,0.9171604248183344
chr7,ANLN,ENST00000265748,TRUE,0.537,1,15,35533775,0.8847777071168411
chr7,ANLN,ENST00000265748,TRUE,0.537,1,9,32287877,0.8087418199777751
NA,ANP32A,NM_006305.4,TRUE,0.143,NA,0,30353253,0.8305658249263739
chr15,ANP32A,ENST00000465139,TRUE,0.143,0,0,30353253,0.8305658249263739
NA,ANP32B,NM_006401.3,TRUE,0.364,NA,11,60407029,0.9986479634950144
chr9,ANP32B,ENST00000339399,TRUE,0.364,0,11,60407029,0.9986479634950144
NA,ANTXR1,NM_032208.3,TRUE,0.346,NA,0,32831351,0.9501221881070242
chr2,ANTXR1,ENST00000303714,TRUE,0.346,0,0,32831351,0.9501221881070242
NA,AP1B1,NM_001127.4,TRUE,0.476,NA,15,36445351,0.937330172862346
chr22,AP1B1,ENST00000357586,TRUE,0.476,1,15,36445351,0.937330172862346
NA,AP1G1,NM_001128.6,TRUE,0.113,NA,15,35860645,0.9075562236225936
chr16,AP1G1,ENST00000299980,TRUE,0.113,0,15,35860645,0.9075562236225936
NA,AP1M1,NM_032493.4,TRUE,0.474,NA,9,32636917,0.827571305099395
chr19,AP1M1,ENST00000291439,TRUE,0.474,1,9,32636917,0.827571305099395
NA,AP2A1,NM_130787.3,TRUE,0.331,NA,9,32886221,0.8404123965921718
NA,AP2A1,NM_130787.3,TRUE,0.331,NA,0,32712287,0.9397831944357417
chr19,AP2A1,ENST00000354293,TRUE,0.331,0,9,32886221,0.8404123965921718
chr19,AP2A1,ENST00000354293,TRUE,0.331,0,0,32712287,0.9397831944357417
NA,AP2A2,NM_012305.4,TRUE,0.437,NA,15,34794817,0.8225703879285425
NA,AP2A2,NM_012305.4,TRUE,0.437,NA,9,37732531,0.9779602420051858
NA,AP2A2,NM_012305.4,TRUE,0.437,NA,11,48772181,0.9223705706720748
chr11,AP2A2,ENST00000448903,TRUE,0.437,1,15,34794817,0.8225703879285425
chr11,AP2A2,ENST00000448903,TRUE,0.437,1,9,37732531,0.9779602420051858
chr11,AP2A2,ENST00000448903,TRUE,0.437,1,11,48772181,0.9223705706720748
NA,AP2B1,NM_001030006.2,TRUE,0.275,NA,1,47529883,0.8986025712688653
NA,AP2B1,NM_001030006.2,TRUE,0.275,NA,11,49499705,0.9301447805757422
chr17,AP2B1,ENST00000610402,TRUE,0.275,0,1,47529883,0.8986025712688653
chr17,AP2B1,ENST00000610402,TRUE,0.275,0,11,49499705,0.9301447805757422
NA,AP2M1,NM_004068.4,TRUE,0.182,NA,1,42423890,0.8126327557294578
NA,AP2M1,NM_004068.4,TRUE,0.182,NA,15,36337412,0.930334740128346
NA,AP2M1,NM_004068.4,TRUE,0.182,NA,11,41953665,0.8312771111486676
chr3,AP2M1,ENST00000292807,TRUE,0.182,0,1,42423890,0.8126327557294578
chr3,AP2M1,ENST00000292807,TRUE,0.182,0,15,36337412,0.930334740128346
chr3,AP2M1,ENST00000292807,TRUE,0.182,0,11,41953665,0.8312771111486676
NA,AP2S1,NM_004069.6,TRUE,0.478,NA,1,44767912,0.8556735606484069
NA,AP2S1,NM_004069.6,TRUE,0.478,NA,15,38879816,0.990692027519223
chr19,AP2S1,ENST00000263270,TRUE,0.478,1,1,44767912,0.8556735606484069
chr19,AP2S1,ENST00000263270,TRUE,0.478,1,15,38879816,0.990692027519223
NA,AP3B1,NM_003664.5,TRUE,0.59,NA,9,34342098,0.9031361896530437
NA,AP3B1,NM_003664.5,TRUE,0.59,NA,0,31304426,0.8857697850742527
chr5,AP3B1,ENST00000255194,TRUE,0.59,2,9,34342098,0.9031361896530437
chr5,AP3B1,ENST00000255194,TRUE,0.59,2,0,31304426,0.8857697850742527
NA,AP3D1,NM_001261826.3,TRUE,0.443,NA,1,59531405,0.9951928451648966
NA,AP3D1,NM_001261826.3,TRUE,0.443,NA,9,35710084,0.9455488331892826
NA,AP3D1,NM_001261826.3,TRUE,0.443,NA,11,56460413,0.9849585938820348
chr19,AP3D1,ENST00000643116,TRUE,0.443,1,1,59531405,0.9951928451648966
chr19,AP3D1,ENST00000643116,TRUE,0.443,1,9,35710084,0.9455488331892826
chr19,AP3D1,ENST00000643116,TRUE,0.443,1,11,56460413,0.9849585938820348
NA,AP4E1,NM_007347.5,TRUE,0.576,NA,15,36541479,0.9410302364571892
NA,AP4E1,NM_007347.5,TRUE,0.576,NA,9,38502542,0.9864798123225088
NA,AP4E1,NM_007347.5,TRUE,0.576,NA,0,30950769,0.8675982204398772
chr15,AP4E1,ENST00000261842,TRUE,0.576,1,15,36541479,0.9410302364571892
chr15,AP4E1,ENST00000261842,TRUE,0.576,1,9,38502542,0.9864798123225088
chr15,AP4E1,ENST00000261842,TRUE,0.576,1,0,30950769,0.8675982204398772
NA,APBB1,NM_001164.5,TRUE,0.401,NA,9,39064226,0.9896900851957032
chr11,APBB1,ENST00000609360,TRUE,0.401,1,9,39064226,0.9896900851957032
NA,APBB1IP,NM_019043.4,TRUE,0.585,NA,9,32600002,0.8253488084948759
chr10,APBB1IP,ENST00000376236,TRUE,0.585,2,9,32600002,0.8253488084948759
NA,APBB2,NM_004307.2,TRUE,0.54,NA,1,43138067,0.8256567915036334
NA,APBB2,NM_004307.2,TRUE,0.54,NA,9,36176983,0.9556735399432028
chr4,APBB2,ENST00000508593,TRUE,0.54,1,1,43138067,0.8256567915036334
chr4,APBB2,ENST00000508593,TRUE,0.54,1,9,36176983,0.9556735399432028
NA,API5,NM_001142930.2,TRUE,0.211,NA,1,57616265,0.9899944102850756
NA,API5,NM_001142930.2,TRUE,0.211,NA,9,33377497,0.8643659711075441
NA,API5,NM_001142930.2,TRUE,0.211,NA,11,53699255,0.967156779899724
chr11,API5,ENST00000531273,TRUE,0.211,0,1,57616265,0.9899944102850756
chr11,API5,ENST00000531273,TRUE,0.211,0,9,33377497,0.8643659711075441
chr11,API5,ENST00000531273,TRUE,0.211,0,11,53699255,0.967156779899724
NA,APOB,NM_000384.3,TRUE,0.537,NA,0,32831351,0.9501221881070242
chr2,APOB,ENST00000233242,TRUE,0.537,1,0,32831351,0.9501221881070242
NA,APP,NM_000484.4,TRUE,0.41,NA,1,51564679,0.9485187255449972
NA,APP,NM_000484.4,TRUE,0.41,NA,15,38777012,0.9901717060761982
NA,APP,NM_000484.4,TRUE,0.41,NA,11,41766670,0.8285730381386964
NA,APP,NM_000484.4,TRUE,0.41,NA,0,31451211,0.8919105207093176
chr21,APP,ENST00000346798,TRUE,0.41,1,1,51564679,0.9485187255449972
chr21,APP,ENST00000346798,TRUE,0.41,1,15,38777012,0.9901717060761982
chr21,APP,ENST00000346798,TRUE,0.41,1,11,41766670,0.8285730381386964
chr21,APP,ENST00000346798,TRUE,0.41,1,0,31451211,0.8919105207093176
NA,APPBP2,NM_006380.5,TRUE,0.34,NA,9,32930720,0.842943573280652
chr17,APPBP2,ENST00000083182,TRUE,0.34,0,9,32930720,0.842943573280652
NA,APPL1,NM_012096.3,TRUE,0.524,NA,9,33021028,0.8469564143721448
chr3,APPL1,ENST00000288266,TRUE,0.524,1,9,33021028,0.8469564143721448
NA,ARAP1,NM_001040118.3,TRUE,0.572,NA,0,31880571,0.9141550222445016
chr11,ARAP1,ENST00000393609,TRUE,0.572,1,0,31880571,0.9141550222445016
NA,ARF1,NM_001658.4,TRUE,0.247,NA,15,37510491,0.9672775625831068
NA,ARF1,NM_001658.4,TRUE,0.247,NA,11,44443426,0.8681201059095263
NA,ARF1,NM_001658.4,TRUE,0.247,NA,0,35273643,0.9925433924431356
chr1,ARF1,ENST00000272102,TRUE,0.247,0,15,37510491,0.9672775625831068
chr1,ARF1,ENST00000272102,TRUE,0.247,0,11,44443426,0.8681201059095263
chr1,ARF1,ENST00000272102,TRUE,0.247,0,0,35273643,0.9925433924431356
NA,ARF3,NM_001659.3,TRUE,0.485,NA,1,44672521,0.8536612632755729
chr12,ARF3,ENST00000256682,TRUE,0.485,1,1,44672521,0.8536612632755729
NA,ARF4,NM_001660.4,TRUE,0.418,NA,1,52844165,0.9592509782001118
chr3,ARF4,ENST00000303436,TRUE,0.418,1,1,52844165,0.9592509782001118
NA,ARF6,NM_001663.4,TRUE,0.251,NA,15,38363890,0.9852575591142972
NA,ARF6,NM_001663.4,TRUE,0.251,NA,11,50587665,0.9411864120331248
NA,ARF6,NM_001663.4,TRUE,0.251,NA,0,32528265,0.9339557616392004
chr14,ARF6,ENST00000298316,TRUE,0.251,0,15,38363890,0.9852575591142972
chr14,ARF6,ENST00000298316,TRUE,0.251,0,11,50587665,0.9411864120331248
chr14,ARF6,ENST00000298316,TRUE,0.251,0,0,32528265,0.9339557616392004
NA,ARFGEF1,NM_006421.5,TRUE,0.236,NA,1,46962530,0.8899944102850754
NA,ARFGEF1,NM_006421.5,TRUE,0.236,NA,9,32253537,0.8063341153228794
chr8,ARFGEF1,ENST00000262215,TRUE,0.236,0,1,46962530,0.8899944102850754
chr8,ARFGEF1,ENST00000262215,TRUE,0.236,0,9,32253537,0.8063341153228794
NA,ARFGEF2,NM_006420.3,TRUE,0.391,NA,1,43720196,0.8370039128004472
chr20,ARFGEF2,ENST00000371917,TRUE,0.391,0,1,43720196,0.8370039128004472
NA,ARFIP2,NM_001376558.2,TRUE,0.543,NA,1,50890481,0.9416433761878144
chr11,ARFIP2,ENST00000396777,TRUE,0.543,1,1,50890481,0.9416433761878144
NA,ARGLU1,NM_018011.4,TRUE,0.396,NA,15,37275228,0.962768110076892
chr13,ARGLU1,ENST00000400198,TRUE,0.396,0,15,37275228,0.962768110076892
NA,ARHGAP21,NM_020824.4,TRUE,0.261,NA,1,43521786,0.8328675237562885
NA,ARHGAP21,NM_020824.4,TRUE,0.261,NA,9,38904413,0.988640572910236
NA,ARHGAP21,NM_020824.4,TRUE,0.261,NA,11,50416777,0.9396090361106416
chr10,ARHGAP21,ENST00000396432,TRUE,0.261,0,1,43521786,0.8328675237562885
chr10,ARHGAP21,ENST00000396432,TRUE,0.261,0,9,38904413,0.988640572910236
chr10,ARHGAP21,ENST00000396432,TRUE,0.261,0,11,50416777,0.9396090361106416
NA,ARHGAP23,NM_001199417.2,TRUE,0.414,NA,11,48011311,0.9144836910596588
NA,ARHGAP23,NM_001199417.2,TRUE,0.414,NA,0,31593086,0.8973619900996304
chr17,ARHGAP23,ENST00000622683,TRUE,0.414,1,11,48011311,0.9144836910596588
chr17,ARHGAP23,ENST00000622683,TRUE,0.414,1,0,31593086,0.8973619900996304
NA,ARHGAP26,NM_001135608.3,TRUE,0.493,NA,9,34154850,0.8967773799234473
chr5,ARHGAP26,ENST00000645722,TRUE,0.493,1,9,34154850,0.8967773799234473
NA,ARHGAP29,NM_004815.4,TRUE,0.448,NA,1,47864896,0.9043599776411404
NA,ARHGAP29,NM_004815.4,TRUE,0.448,NA,9,39315072,0.9938263983207803
NA,ARHGAP29,NM_004815.4,TRUE,0.448,NA,11,55918324,0.9819165117458172
chr1,ARHGAP29,ENST00000260526,TRUE,0.448,1,1,47864896,0.9043599776411404
chr1,ARHGAP29,ENST00000260526,TRUE,0.448,1,9,39315072,0.9938263983207803
chr1,ARHGAP29,ENST00000260526,TRUE,0.448,1,11,55918324,0.9819165117458172
NA,ARHGAP35,NM_004491.5,TRUE,0.204,NA,9,36811639,0.9665390788986294
NA,ARHGAP35,NM_004491.5,TRUE,0.204,NA,11,45265108,0.8798940904737761
chr19,ARHGAP35,ENST00000672722,TRUE,0.204,0,9,36811639,0.9665390788986294
chr19,ARHGAP35,ENST00000672722,TRUE,0.204,0,11,45265108,0.8798940904737761
NA,ARHGEF1,NM_004706.4,TRUE,0.459,NA,15,34836118,0.8267907729664103
chr19,ARHGEF1,ENST00000354532,TRUE,0.459,1,15,34836118,0.8267907729664103
NA,ARHGEF11,NM_198236.3,TRUE,0.336,NA,15,34941007,0.8357518644851708
NA,ARHGEF11,NM_198236.3,TRUE,0.336,NA,9,34213885,0.899185084578343
NA,ARHGEF11,NM_198236.3,TRUE,0.336,NA,11,49199536,0.9266520196045294
chr1,ARHGEF11,ENST00000368194,TRUE,0.336,0,15,34941007,0.8357518644851708
chr1,ARHGEF11,ENST00000368194,TRUE,0.336,0,9,34213885,0.899185084578343
chr1,ARHGEF11,ENST00000368194,TRUE,0.336,0,11,49199536,0.9266520196045294
NA,ARHGEF12,NM_015313.3,TRUE,0.369,NA,9,33826306,0.8849240646993456
NA,ARHGEF12,NM_015313.3,TRUE,0.369,NA,11,40666513,0.8088558391076559
chr11,ARHGEF12,ENST00000397843,TRUE,0.369,0,9,33826306,0.8849240646993456
chr11,ARHGEF12,ENST00000397843,TRUE,0.369,0,11,40666513,0.8088558391076559
NA,ARHGEF2,NM_001162383.2,TRUE,0.259,NA,9,35490091,0.9367823188047908
NA,ARHGEF2,NM_001162383.2,TRUE,0.259,NA,0,29927507,0.8013660003759634
chr1,ARHGEF2,ENST00000361247,TRUE,0.259,0,9,35490091,0.9367823188047908
chr1,ARHGEF2,ENST00000361247,TRUE,0.259,0,0,29927507,0.8013660003759634
NA,ARHGEF7,NM_001354046.2,TRUE,0.53,NA,9,37193316,0.970798864057291
chr13,ARHGEF7,ENST00000646102,TRUE,0.53,1,9,37193316,0.970798864057291
NA,ARID1A,NM_006015.6,TRUE,0.141,NA,1,56026532,0.9832308552263834
NA,ARID1A,NM_006015.6,TRUE,0.141,NA,11,56365481,0.9843389104839164
chr1,ARID1A,ENST00000324856,TRUE,0.141,0,1,56026532,0.9832308552263834
chr1,ARID1A,ENST00000324856,TRUE,0.141,0,11,56365481,0.9843389104839164
NA,ARID1B,NM_001374828.1,TRUE,0.205,NA,11,41609795,0.8260943045462228
NA,ARID1B,NM_001374828.1,TRUE,0.205,NA,0,30080212,0.812707563130522
chr6,ARID1B,ENST00000636930,TRUE,0.205,0,11,41609795,0.8260943045462228
chr6,ARID1B,ENST00000636930,TRUE,0.205,0,0,30080212,0.812707563130522
NA,ARID2,NM_152641.4,TRUE,0.224,NA,9,33477715,0.8697987405852574
NA,ARID2,NM_152641.4,TRUE,0.224,NA,11,41808623,0.8290237169736916
NA,ARID2,NM_152641.4,TRUE,0.224,NA,0,31316420,0.8864590513190049
chr12,ARID2,ENST00000334344,TRUE,0.224,0,9,33477715,0.8697987405852574
chr12,ARID2,ENST00000334344,TRUE,0.224,0,11,41808623,0.8290237169736916
chr12,ARID2,ENST00000334344,TRUE,0.224,0,0,31316420,0.8864590513190049
NA,ARID3A,NM_005224.3,TRUE,0.442,NA,15,34784249,0.8218766260045095
NA,ARID3A,NM_005224.3,TRUE,0.442,NA,9,35838694,0.9490677861464378
NA,ARID3A,NM_005224.3,TRUE,0.442,NA,0,33299657,0.9683564133091046
chr19,ARID3A,ENST00000263620,TRUE,0.442,1,15,34784249,0.8218766260045095
chr19,ARID3A,ENST00000263620,TRUE,0.442,1,9,35838694,0.9490677861464378
chr19,ARID3A,ENST00000263620,TRUE,0.442,1,0,33299657,0.9683564133091046
NA,ARID4B,NM_016374.6,TRUE,0.176,NA,11,44308467,0.8665990648414174
chr1,ARID4B,ENST00000264183,TRUE,0.176,0,11,44308467,0.8665990648414174
NA,ARID5B,NM_032199.3,TRUE,0.211,NA,15,36292461,0.9283690813435856
chr10,ARID5B,ENST00000279873,TRUE,0.211,0,15,36292461,0.9283690813435856
NA,ARIH1,NM_005744.5,TRUE,0.302,NA,1,44012635,0.8422023476802684
NA,ARIH1,NM_005744.5,TRUE,0.302,NA,9,37099840,0.9694406716878629
NA,ARIH1,NM_005744.5,TRUE,0.302,NA,11,50074398,0.9363416145569264
chr15,ARIH1,ENST00000379887,TRUE,0.302,0,1,44012635,0.8422023476802684
chr15,ARIH1,ENST00000379887,TRUE,0.302,0,9,37099840,0.9694406716878629
chr15,ARIH1,ENST00000379887,TRUE,0.302,0,11,50074398,0.9363416145569264
NA,ARIH2,NM_006321.4,TRUE,0.242,NA,15,34724477,0.8160374631438978
chr3,ARIH2,ENST00000356401,TRUE,0.242,0,15,34724477,0.8160374631438978
NA,ARL3,NM_004311.4,TRUE,0.557,NA,0,31438159,0.8914718967353844
chr10,ARL3,ENST00000260746,TRUE,0.557,1,0,31438159,0.8914718967353844
NA,ARMC8,NM_001363941.2,TRUE,0.317,NA,1,48463761,0.9125768585802124
NA,ARMC8,NM_001363941.2,TRUE,0.317,NA,11,50245328,0.9381443298969072
chr3,ARMC8,ENST00000469044,TRUE,0.317,0,1,48463761,0.9125768585802124
chr3,ARMC8,ENST00000469044,TRUE,0.317,0,11,50245328,0.9381443298969072
NA,ARNT,NM_001668.4,TRUE,0.387,NA,11,40223998,0.8017576474564814
chr1,ARNT,ENST00000358595,TRUE,0.387,0,11,40223998,0.8017576474564814
NA,ARPC1A,NM_006409.4,TRUE,0.31,NA,0,31852751,0.9115232784009024
chr7,ARPC1A,ENST00000262942,TRUE,0.31,0,0,31852751,0.9115232784009024
NA,ARPC2,NM_152862.3,TRUE,0.319,NA,1,52504104,0.956400223588597
NA,ARPC2,NM_152862.3,TRUE,0.319,NA,15,37187251,0.9606868243047928
NA,ARPC2,NM_152862.3,TRUE,0.319,NA,11,46776438,0.8977522393104613
chr2,ARPC2,ENST00000315717,TRUE,0.319,0,1,52504104,0.956400223588597
chr2,ARPC2,ENST00000315717,TRUE,0.319,0,15,37187251,0.9606868243047928
chr2,ARPC2,ENST00000315717,TRUE,0.319,0,11,46776438,0.8977522393104613
NA,ARRB2,NM_004313.4,TRUE,0.562,NA,15,35310449,0.8677805399780308
NA,ARRB2,NM_004313.4,TRUE,0.562,NA,0,33577575,0.9740585249702364
chr17,ARRB2,ENST00000269260,TRUE,0.562,1,15,35310449,0.8677805399780308
chr17,ARRB2,ENST00000269260,TRUE,0.562,1,0,33577575,0.9740585249702364
NA,ASAP1,NM_018482.4,TRUE,0.439,NA,1,51871265,0.951648965902739
NA,ASAP1,NM_018482.4,TRUE,0.439,NA,9,35251362,0.931843437461415
NA,ASAP1,NM_018482.4,TRUE,0.439,NA,11,49936158,0.9348205734888176
chr8,ASAP1,ENST00000518721,TRUE,0.439,1,1,51871265,0.951648965902739
chr8,ASAP1,ENST00000518721,TRUE,0.439,1,9,35251362,0.931843437461415
chr8,ASAP1,ENST00000518721,TRUE,0.439,1,11,49936158,0.9348205734888176
NA,ASAP2,NM_003887.3,TRUE,0.465,NA,9,34951005,0.9229534510433388
NA,ASAP2,NM_003887.3,TRUE,0.465,NA,0,31078569,0.8753054702675607
chr2,ASAP2,ENST00000281419,TRUE,0.465,1,9,34951005,0.9229534510433388
chr2,ASAP2,ENST00000281419,TRUE,0.465,1,0,31078569,0.8753054702675607
NA,ASCC2,NM_032204.5,TRUE,0.593,NA,11,51688792,0.9506506675680244
NA,ASCC2,NM_032204.5,TRUE,0.593,NA,0,34597157,0.9866532990788895
chr22,ASCC2,ENST00000307790,TRUE,0.593,2,11,51688792,0.9506506675680244
chr22,ASCC2,ENST00000307790,TRUE,0.593,2,0,34597157,0.9866532990788895
NA,ASF1A,NM_014034.3,TRUE,0.571,NA,15,36406197,0.93594264901428
NA,ASF1A,NM_014034.3,TRUE,0.571,NA,11,43432095,0.8547124105684187
chr6,ASF1A,ENST00000229595,TRUE,0.571,1,15,36406197,0.93594264901428
chr6,ASF1A,ENST00000229595,TRUE,0.571,1,11,43432095,0.8547124105684187
NA,ASH1L,NM_018489.3,TRUE,0.104,NA,15,35624222,0.8924669017748743
NA,ASH1L,NM_018489.3,TRUE,0.104,NA,9,40418137,0.998086183479442
chr1,ASH1L,ENST00000392403,TRUE,0.104,0,15,35624222,0.8924669017748743
chr1,ASH1L,ENST00000392403,TRUE,0.104,0,9,40418137,0.998086183479442
NA,ASH2L,NM_004674.5,TRUE,0.529,NA,1,51267572,0.9452207937395192
NA,ASH2L,NM_004674.5,TRUE,0.529,NA,9,33066860,0.8484380787751574
NA,ASH2L,NM_004674.5,TRUE,0.529,NA,11,40914935,0.8133062926032336
chr8,ASH2L,ENST00000343823,TRUE,0.529,1,1,51267572,0.9452207937395192
chr8,ASH2L,ENST00000343823,TRUE,0.529,1,9,33066860,0.8484380787751574
chr8,ASH2L,ENST00000343823,TRUE,0.529,1,11,40914935,0.8133062926032336
NA,ASTN2,NM_001365068.1,TRUE,0.473,NA,9,32881027,0.8400419804914186
chr9,ASTN2,ENST00000313400,TRUE,0.473,1,9,32881027,0.8400419804914186
NA,ASXL2,NM_018263.6,TRUE,0.239,NA,1,51472502,0.9474566797093348
NA,ASXL2,NM_018263.6,TRUE,0.239,NA,15,35864315,0.9080187315719488
NA,ASXL2,NM_018263.6,TRUE,0.239,NA,11,53870027,0.9685088164047096
chr2,ASXL2,ENST00000435504,TRUE,0.239,0,1,51472502,0.9474566797093348
chr2,ASXL2,ENST00000435504,TRUE,0.239,0,15,35864315,0.9080187315719488
chr2,ASXL2,ENST00000435504,TRUE,0.239,0,11,53870027,0.9685088164047096
NA,ASXL3,NM_030632.3,TRUE,0.229,NA,9,35663671,0.9423694283244846
NA,ASXL3,NM_030632.3,TRUE,0.229,NA,0,32831351,0.9501221881070242
chr18,ASXL3,ENST00000269197,TRUE,0.229,0,9,35663671,0.9423694283244846
chr18,ASXL3,ENST00000269197,TRUE,0.229,0,0,32831351,0.9501221881070242
NA,ATAD1,NM_001321967.2,TRUE,0.505,NA,11,47401625,0.9069348205734888
chr10,ATAD1,ENST00000680024,TRUE,0.505,1,11,47401625,0.9069348205734888
NA,ATAD2B,NM_017552.4,TRUE,0.376,NA,9,34707827,0.9143104086924312
chr2,ATAD2B,ENST00000238789,TRUE,0.376,0,9,34707827,0.9143104086924312
NA,ATAD5,NM_024857.5,TRUE,0.417,NA,15,35676482,0.8957622709140314
NA,ATAD5,NM_024857.5,TRUE,0.417,NA,9,32890422,0.8406593406593407
chr17,ATAD5,ENST00000321990,TRUE,0.417,1,15,35676482,0.8957622709140314
chr17,ATAD5,ENST00000321990,TRUE,0.417,1,9,32890422,0.8406593406593407
NA,ATF7IP,NM_018179.5,TRUE,0.294,NA,1,51314040,0.9456679709334824
NA,ATF7IP,NM_018179.5,TRUE,0.294,NA,9,36160999,0.9554883318928262
NA,ATF7IP,NM_018179.5,TRUE,0.294,NA,11,40956497,0.8139259760013521
chr12,ATF7IP,ENST00000261168,TRUE,0.294,0,1,51314040,0.9456679709334824
chr12,ATF7IP,ENST00000261168,TRUE,0.294,0,9,36160999,0.9554883318928262
chr12,ATF7IP,ENST00000261168,TRUE,0.294,0,11,40956497,0.8139259760013521
NA,ATG13,NM_001346311.2,TRUE,0.473,NA,0,32284641,0.927000438623974
chr11,ATG13,ENST00000683050,TRUE,0.473,1,0,32284641,0.927000438623974
NA,ATG16L1,NM_030803.7,TRUE,0.545,NA,1,53124189,0.9616545556176636
chr2,ATG16L1,ENST00000392017,TRUE,0.545,1,1,53124189,0.9616545556176636
NA,ATG9A,NM_001077198.3,TRUE,0.333,NA,1,43659179,0.8357741755170486
NA,ATG9A,NM_001077198.3,TRUE,0.333,NA,9,32408313,0.8160884059760464
NA,ATG9A,NM_001077198.3,TRUE,0.333,NA,11,56364482,0.984282575629542
NA,ATG9A,NM_001077198.3,TRUE,0.333,NA,0,30151354,0.817344445140673
chr2,ATG9A,ENST00000361242,TRUE,0.333,0,1,43659179,0.8357741755170486
chr2,ATG9A,ENST00000361242,TRUE,0.333,0,9,32408313,0.8160884059760464
chr2,ATG9A,ENST00000361242,TRUE,0.333,0,11,56364482,0.984282575629542
chr2,ATG9A,ENST00000361242,TRUE,0.333,0,0,30151354,0.817344445140673
NA,ATN1,NM_001940.4,TRUE,0.352,NA,1,52881278,0.9598658468418112
NA,ATN1,NM_001940.4,TRUE,0.352,NA,9,33084295,0.8497345351277935
chr12,ATN1,ENST00000396684,TRUE,0.352,0,1,52881278,0.9598658468418112
chr12,ATN1,ENST00000396684,TRUE,0.352,0,9,33084295,0.8497345351277935
NA,ATP11A,NM_015205.3,TRUE,0.596,NA,1,43761839,0.8377305757406373
chr13,ATP11A,ENST00000375645,TRUE,0.596,2,1,43761839,0.8377305757406373
NA,ATP11B,NM_014616.3,TRUE,0.522,NA,15,35311742,0.868069607446378
NA,ATP11B,NM_014616.3,TRUE,0.522,NA,0,31589105,0.8972993295319256
chr3,ATP11B,ENST00000323116,TRUE,0.522,1,15,35311742,0.868069607446378
chr3,ATP11B,ENST00000323116,TRUE,0.522,1,0,31589105,0.8972993295319256
NA,ATP13A1,NM_020410.3,TRUE,0.592,NA,9,34893145,0.9207309544388196
NA,ATP13A1,NM_020410.3,TRUE,0.592,NA,0,33290985,0.9681684316059904
chr19,ATP13A1,ENST00000357324,TRUE,0.592,2,9,34893145,0.9207309544388196
chr19,ATP13A1,ENST00000357324,TRUE,0.592,2,0,33290985,0.9681684316059904
NA,ATP13A3,NM_001367549.1,TRUE,0.428,NA,1,54615375,0.9732811626607044
NA,ATP13A3,NM_001367549.1,TRUE,0.428,NA,15,37497294,0.9670463086084292
NA,ATP13A3,NM_001367549.1,TRUE,0.428,NA,11,48824007,0.9227085797983212
NA,ATP13A3,NM_001367549.1,TRUE,0.428,NA,0,31545693,0.8956074942038975
chr3,ATP13A3,ENST00000645319,TRUE,0.428,1,1,54615375,0.9732811626607044
chr3,ATP13A3,ENST00000645319,TRUE,0.428,1,15,37497294,0.9670463086084292
chr3,ATP13A3,ENST00000645319,TRUE,0.428,1,11,48824007,0.9227085797983212
chr3,ATP13A3,ENST00000645319,TRUE,0.428,1,0,31545693,0.8956074942038975
NA,ATP1A1,NM_000701.8,TRUE,0.188,NA,15,37205519,0.9609180782794704
NA,ATP1A1,NM_000701.8,TRUE,0.188,NA,11,51899328,0.9529603965973747
chr1,ATP1A1,ENST00000295598,TRUE,0.188,0,15,37205519,0.9609180782794704
chr1,ATP1A1,ENST00000295598,TRUE,0.188,0,11,51899328,0.9529603965973747
NA,ATP1B1,NM_001677.4,TRUE,0.195,NA,1,49036418,0.9198993851313584
NA,ATP1B1,NM_001677.4,TRUE,0.195,NA,15,37777435,0.9743308088107764
NA,ATP1B1,NM_001677.4,TRUE,0.195,NA,0,31443908,0.8915972178707939
chr1,ATP1B1,ENST00000367815,TRUE,0.195,0,1,49036418,0.9198993851313584
chr1,ATP1B1,ENST00000367815,TRUE,0.195,0,15,37777435,0.9743308088107764
chr1,ATP1B1,ENST00000367815,TRUE,0.195,0,0,31443908,0.8915972178707939
NA,ATP2A2,NM_170665.4,TRUE,0.205,NA,1,51118566,0.9437674678591392
NA,ATP2A2,NM_170665.4,TRUE,0.205,NA,15,35043675,0.8463317338266751
chr12,ATP2A2,ENST00000539276,TRUE,0.205,0,1,51118566,0.9437674678591392
chr12,ATP2A2,ENST00000539276,TRUE,0.205,0,15,35043675,0.8463317338266751
NA,ATP2B1,NM_001366521.1,TRUE,0.172,NA,15,36124728,0.9216049025842632
NA,ATP2B1,NM_001366521.1,TRUE,0.172,NA,9,33024058,0.8470798864057291
NA,ATP2B1,NM_001366521.1,TRUE,0.172,NA,0,33594512,0.9744344883764648
chr12,ATP2B1,ENST00000428670,TRUE,0.172,0,15,36124728,0.9216049025842632
chr12,ATP2B1,ENST00000428670,TRUE,0.172,0,9,33024058,0.8470798864057291
chr12,ATP2B1,ENST00000428670,TRUE,0.172,0,0,33594512,0.9744344883764648
NA,ATP2C1,NM_001378687.1,TRUE,0.402,NA,11,56255305,0.9835502225226748
chr3,ATP2C1,ENST00000510168,TRUE,0.402,1,11,56255305,0.9835502225226748
NA,ATP5F1A,NM_004046.6,TRUE,0.576,NA,1,59549476,0.995248742314142
NA,ATP5F1A,NM_004046.6,TRUE,0.576,NA,15,35916202,0.9111406602300977
chr18,ATP5F1A,ENST00000398752,TRUE,0.576,1,1,59549476,0.995248742314142
chr18,ATP5F1A,ENST00000398752,TRUE,0.576,1,15,35916202,0.9111406602300977
NA,ATP5F1B,NM_001686.4,TRUE,0.531,NA,1,58371147,0.9923979877026272
NA,ATP5F1B,NM_001686.4,TRUE,0.531,NA,15,38942876,0.9912123489622476
NA,ATP5F1B,NM_001686.4,TRUE,0.531,NA,9,33298474,0.8604766020496357
NA,ATP5F1B,NM_001686.4,TRUE,0.531,NA,0,32561897,0.934770349019362
chr12,ATP5F1B,ENST00000262030,TRUE,0.531,1,1,58371147,0.9923979877026272
chr12,ATP5F1B,ENST00000262030,TRUE,0.531,1,15,38942876,0.9912123489622476
chr12,ATP5F1B,ENST00000262030,TRUE,0.531,1,9,33298474,0.8604766020496357
chr12,ATP5F1B,ENST00000262030,TRUE,0.531,1,0,32561897,0.934770349019362
NA,ATP6V0A1,NM_001130021.3,TRUE,0.478,NA,0,33399663,0.9706121937464752
chr17,ATP6V0A1,ENST00000343619,TRUE,0.478,1,0,33399663,0.9706121937464752
NA,ATP6V0B,NM_004047.5,TRUE,0.372,NA,11,55810104,0.9811278237845756
chr1,ATP6V0B,ENST00000472174,TRUE,0.372,0,11,55810104,0.9811278237845756
NA,ATP6V0D1,NM_004691.5,TRUE,0.513,NA,15,37397728,0.9648493958489912
NA,ATP6V0D1,NM_004691.5,TRUE,0.513,NA,11,44036042,0.8626556250352093
NA,ATP6V0D1,NM_004691.5,TRUE,0.513,NA,0,30066685,0.8114543517764271
chr16,ATP6V0D1,ENST00000290949,TRUE,0.513,1,15,37397728,0.9648493958489912
chr16,ATP6V0D1,ENST00000290949,TRUE,0.513,1,11,44036042,0.8626556250352093
chr16,ATP6V0D1,ENST00000290949,TRUE,0.513,1,0,30066685,0.8114543517764271
NA,ATP6V1A,NM_001690.4,TRUE,0.391,NA,1,46079134,0.8773057574063723
NA,ATP6V1A,NM_001690.4,TRUE,0.391,NA,15,34597430,0.8041856969416662
NA,ATP6V1A,NM_001690.4,TRUE,0.391,NA,9,38306065,0.9851216199530808
chr3,ATP6V1A,ENST00000273398,TRUE,0.391,0,1,46079134,0.8773057574063723
chr3,ATP6V1A,ENST00000273398,TRUE,0.391,0,15,34597430,0.8041856969416662
chr3,ATP6V1A,ENST00000273398,TRUE,0.391,0,9,38306065,0.9851216199530808
NA,ATP6V1B2,NM_001693.4,TRUE,0.457,NA,11,49560148,0.9307081291194862
chr8,ATP6V1B2,ENST00000276390,TRUE,0.457,1,11,49560148,0.9307081291194862
NA,ATP9A,NM_006045.3,TRUE,0.455,NA,9,38497450,0.9864180763057168
chr20,ATP9A,ENST00000338821,TRUE,0.455,1,9,38497450,0.9864180763057168
NA,ATR,NM_001184.4,TRUE,0.518,NA,9,35719492,0.9459192492900358
chr3,ATR,ENST00000350721,TRUE,0.518,1,9,35719492,0.9459192492900358
NA,ATRN,NM_139321.3,TRUE,0.395,NA,0,30451024,0.836894542264553
chr20,ATRN,ENST00000262919,TRUE,0.395,0,0,30451024,0.836894542264553
NA,ATXN1,NM_001128164.2,TRUE,0.264,NA,15,35191059,0.8586460079782621
chr6,ATXN1,ENST00000436367,TRUE,0.264,0,15,35191059,0.8586460079782621
NA,ATXN7L3,NM_001382309.1,TRUE,0.227,NA,1,45901911,0.8744550027948574
NA,ATXN7L3,NM_001382309.1,TRUE,0.227,NA,9,33300311,0.860538338066428
chr17,ATXN7L3,ENST00000587097,TRUE,0.227,0,1,45901911,0.8744550027948574
chr17,ATXN7L3,ENST00000587097,TRUE,0.227,0,9,33300311,0.860538338066428
NA,AURKA,NM_198437.3,TRUE,0.528,NA,0,33672897,0.97556237859515
chr20,AURKA,ENST00000395915,TRUE,0.528,1,0,33672897,0.97556237859515
NA,AUTS2,NM_015570.4,TRUE,0.232,NA,9,33483623,0.8699222126188418
chr7,AUTS2,ENST00000342771,TRUE,0.232,0,9,33483623,0.8699222126188418
NA,AXIN1,NM_003502.4,TRUE,0.563,NA,1,46261148,0.8800447177193963
NA,AXIN1,NM_003502.4,TRUE,0.563,NA,11,43270021,0.8514449890147034
NA,AXIN1,NM_003502.4,TRUE,0.563,NA,0,30460465,0.8377717902124193
chr16,AXIN1,ENST00000262320,TRUE,0.563,1,1,46261148,0.8800447177193963
chr16,AXIN1,ENST00000262320,TRUE,0.563,1,11,43270021,0.8514449890147034
chr16,AXIN1,ENST00000262320,TRUE,0.563,1,0,30460465,0.8377717902124193
NA,AZIN1,NM_148174.4,TRUE,0.36,NA,9,35611409,0.9395604395604396
chr8,AZIN1,ENST00000337198,TRUE,0.36,0,9,35611409,0.9395604395604396
NA,B3GNT5,NM_032047.5,TRUE,0.568,NA,11,42476626,0.8406286969748183
chr3,B3GNT5,ENST00000326505,TRUE,0.568,1,11,42476626,0.8406286969748183
NA,B4GALT5,NM_004776.4,TRUE,0.415,NA,9,37657627,0.976725521669342
NA,B4GALT5,NM_004776.4,TRUE,0.415,NA,11,46501960,0.8948228268829925
chr20,B4GALT5,ENST00000371711,TRUE,0.415,1,9,37657627,0.976725521669342
chr20,B4GALT5,ENST00000371711,TRUE,0.415,1,11,46501960,0.8948228268829925
NA,BAG3,NM_004281.4,TRUE,0.538,NA,9,34424682,0.9059143104086924
NA,BAG3,NM_004281.4,TRUE,0.538,NA,0,35744973,0.995363117989849
chr10,BAG3,ENST00000369085,TRUE,0.538,1,9,34424682,0.9059143104086924
chr10,BAG3,ENST00000369085,TRUE,0.538,1,0,35744973,0.995363117989849
NA,BAG6,NM_001387940.1,TRUE,0.21,NA,11,49817475,0.9332431975663344
chr6,BAG6,ENST00000676615,TRUE,0.265,0,11,49817475,0.9332431975663344
NA,BAHD1,NM_014952.5,TRUE,0.447,NA,1,49941940,0.9316936836221352
chr15,BAHD1,ENST00000416165,TRUE,0.447,1,1,49941940,0.9316936836221352
NA,BAIAP2,NM_001144888.2,TRUE,0.446,NA,11,41433553,0.8226015435750098
chr17,BAIAP2,ENST00000428708,TRUE,0.446,1,11,41433553,0.8226015435750098
NA,BANF1,NM_003860.4,TRUE,0.286,NA,15,34589766,0.8031450540556165
NA,BANF1,NM_003860.4,TRUE,0.286,NA,11,51209788,0.9467635626161908
NA,BANF1,NM_003860.4,TRUE,0.286,NA,0,30913396,0.8655304217056207
chr11,BANF1,ENST00000312175,TRUE,0.286,0,15,34589766,0.8031450540556165
chr11,BANF1,ENST00000312175,TRUE,0.286,0,11,51209788,0.9467635626161908
chr11,BANF1,ENST00000312175,TRUE,0.286,0,0,30913396,0.8655304217056207
NA,BANP,NM_001386991.1,TRUE,0.303,NA,15,35978396,0.9149563508122796
NA,BANP,NM_001386991.1,TRUE,0.303,NA,9,35581522,0.9387578713421412
chr16,BANP,ENST00000682872,TRUE,0.303,0,15,35978396,0.9149563508122796
chr16,BANP,ENST00000682872,TRUE,0.303,0,9,35581522,0.9387578713421412
NA,BAP1,NM_004656.4,TRUE,0.324,NA,1,48683863,0.9161542761319172
NA,BAP1,NM_004656.4,TRUE,0.324,NA,9,35948511,0.9512285467341648
chr3,BAP1,ENST00000460680,TRUE,0.324,0,1,48683863,0.9161542761319172
chr3,BAP1,ENST00000460680,TRUE,0.324,0,9,35948511,0.9512285467341648
NA,BAZ1A,NM_013448.3,TRUE,0.376,NA,1,55030934,0.97624371157071
NA,BAZ1A,NM_013448.3,TRUE,0.376,NA,11,46669653,0.8966255422229733
chr14,BAZ1A,ENST00000360310,TRUE,0.376,0,1,55030934,0.97624371157071
chr14,BAZ1A,ENST00000360310,TRUE,0.376,0,11,46669653,0.8966255422229733
NA,BAZ1B,NM_032408.4,TRUE,0.201,NA,1,55463609,0.9796534376746786
NA,BAZ1B,NM_032408.4,TRUE,0.201,NA,11,59437841,0.9966762435919104
chr7,BAZ1B,ENST00000339594,TRUE,0.201,0,1,55463609,0.9796534376746786
chr7,BAZ1B,ENST00000339594,TRUE,0.201,0,11,59437841,0.9966762435919104
NA,BAZ2A,NM_001300905.2,TRUE,0.226,NA,1,52929474,0.960145332588038
NA,BAZ2A,NM_001300905.2,TRUE,0.226,NA,9,32368196,0.8134954932707742
NA,BAZ2A,NM_001300905.2,TRUE,0.226,NA,11,48221190,0.9163427412540138
chr12,BAZ2A,ENST00000549884,TRUE,0.226,0,1,52929474,0.960145332588038
chr12,BAZ2A,ENST00000549884,TRUE,0.226,0,9,32368196,0.8134954932707742
chr12,BAZ2A,ENST00000549884,TRUE,0.226,0,11,48221190,0.9163427412540138
NA,BCL11B,NM_138576.4,TRUE,0.462,NA,0,32831351,0.9501221881070242
chr14,BCL11B,ENST00000357195,TRUE,0.462,1,0,32831351,0.9501221881070242
NA,BCL2L1,NM_138578.3,TRUE,0.261,NA,1,42730015,0.8182224706539967
NA,BCL2L1,NM_138578.3,TRUE,0.261,NA,11,51515868,0.9493549659174132
chr20,BCL2L1,ENST00000307677,TRUE,0.261,0,1,42730015,0.8182224706539967
chr20,BCL2L1,ENST00000307677,TRUE,0.261,0,11,51515868,0.9493549659174132
NA,BCL6,NM_001706.5,TRUE,0.221,NA,1,46201140,0.8790944661822248
chr3,BCL6,ENST00000406870,TRUE,0.221,0,1,46201140,0.8790944661822248
NA,BCL9L,NM_001378213.1,TRUE,0.3,NA,1,54620242,0.9733370598099496
NA,BCL9L,NM_001378213.1,TRUE,0.3,NA,11,54563454,0.97363528815278
chr11,BCL9L,ENST00000683865,TRUE,0.3,0,1,54620242,0.9733370598099496
chr11,BCL9L,ENST00000683865,TRUE,0.3,0,11,54563454,0.97363528815278
NA,BCLAF1,NM_014739.3,TRUE,0.213,NA,1,43306741,0.8291783119060928
NA,BCLAF1,NM_014739.3,TRUE,0.213,NA,15,36564621,0.9418974388622304
NA,BCLAF1,NM_014739.3,TRUE,0.213,NA,9,32911504,0.8418940609951846
chr6,BCLAF1,ENST00000531224,TRUE,0.213,0,1,43306741,0.8291783119060928
chr6,BCLAF1,ENST00000531224,TRUE,0.213,0,15,36564621,0.9418974388622304
chr6,BCLAF1,ENST00000531224,TRUE,0.213,0,9,32911504,0.8418940609951846
NA,BECN1,NM_001313998.2,TRUE,0.33,NA,1,60642749,0.9970933482392398
NA,BECN1,NM_001313998.2,TRUE,0.33,NA,9,35106038,0.927460180269169
NA,BECN1,NM_001313998.2,TRUE,0.33,NA,11,53456092,0.9652413948509944
chr17,BECN1,ENST00000590099,TRUE,0.33,0,1,60642749,0.9970933482392398
chr17,BECN1,ENST00000590099,TRUE,0.33,0,9,35106038,0.927460180269169
chr17,BECN1,ENST00000590099,TRUE,0.33,0,11,53456092,0.9652413948509944
NA,BEND3,NM_001367314.1,TRUE,0.339,NA,15,34854034,0.8283517372954847
NA,BEND3,NM_001367314.1,TRUE,0.339,NA,9,34939273,0.9225830349425856
chr6,BEND3,ENST00000369042,TRUE,0.339,0,15,34854034,0.8283517372954847
chr6,BEND3,ENST00000369042,TRUE,0.339,0,9,34939273,0.9225830349425856
NA,BHLHE40,NM_003670.3,TRUE,0.219,NA,0,30511475,0.8413434425715897
chr3,BHLHE40,ENST00000256495,TRUE,0.219,0,0,30511475,0.8413434425715897
NA,BICD2,NM_001003800.2,TRUE,0.507,NA,1,47682892,0.901006148686417
NA,BICD2,NM_001003800.2,TRUE,0.507,NA,15,34755148,0.8192172052957161
NA,BICD2,NM_001003800.2,TRUE,0.507,NA,11,48390596,0.9180891217396204
NA,BICD2,NM_001003800.2,TRUE,0.507,NA,0,30900109,0.8645278526223448
chr9,BICD2,ENST00000356884,TRUE,0.507,1,1,47682892,0.901006148686417
chr9,BICD2,ENST00000356884,TRUE,0.507,1,15,34755148,0.8192172052957161
chr9,BICD2,ENST00000356884,TRUE,0.507,1,11,48390596,0.9180891217396204
chr9,BICD2,ENST00000356884,TRUE,0.507,1,0,30900109,0.8645278526223448
chr12,BICDL1,ENST00000548673,TRUE,0.444,1,1,42533208,0.8150922302962549
NA,BIRC2,NM_001166.5,TRUE,0.381,NA,15,35265610,0.8646586113198821
NA,BIRC2,NM_001166.5,TRUE,0.381,NA,11,40397058,0.8041237113402062
NA,BIRC2,NM_001166.5,TRUE,0.381,NA,0,32359160,0.9286296133842972
chr11,BIRC2,ENST00000227758,TRUE,0.381,0,15,35265610,0.8646586113198821
chr11,BIRC2,ENST00000227758,TRUE,0.381,0,11,40397058,0.8041237113402062
chr11,BIRC2,ENST00000227758,TRUE,0.381,0,0,32359160,0.9286296133842972
chr2,BIRC6,ENST00000421745,TRUE,0.213,0,1,49673100,0.9279485746226942
chr2,BIRC6,ENST00000421745,TRUE,0.213,0,15,36107062,0.92091114066023
chr2,BIRC6,ENST00000421745,TRUE,0.213,0,9,34194409,0.898567724410421
chr2,BIRC6,ENST00000421745,TRUE,0.213,0,11,44932577,0.8747676187257056
NA,BMI1,NM_005180.9,TRUE,0.413,NA,1,53180351,0.961878144214645
NA,BMI1,NM_005180.9,TRUE,0.413,NA,15,35477847,0.8802682546106261
NA,BMI1,NM_005180.9,TRUE,0.413,NA,11,58124660,0.9913807672807166
chr10,BMI1,ENST00000376663,TRUE,0.413,1,1,53180351,0.961878144214645
chr10,BMI1,ENST00000376663,TRUE,0.413,1,15,35477847,0.8802682546106261
chr10,BMI1,ENST00000376663,TRUE,0.413,1,11,58124660,0.9913807672807166
NA,BMP2,NM_001200.4,TRUE,0.213,NA,0,31046029,0.8729243686947804
chr20,BMP2,ENST00000378827,TRUE,0.213,0,0,31046029,0.8729243686947804
NA,BMP4,NM_001202.6,TRUE,0.258,NA,15,35061664,0.8473723767127247
chr14,BMP4,ENST00000245451,TRUE,0.258,0,15,35061664,0.8473723767127247
NA,BMPR1A,NM_004329.3,TRUE,0.195,NA,9,36772734,0.9659217187307076
NA,BMPR1A,NM_004329.3,TRUE,0.195,NA,0,30148589,0.8170311423021492
chr10,BMPR1A,ENST00000372037,TRUE,0.195,0,9,36772734,0.9659217187307076
chr10,BMPR1A,ENST00000372037,TRUE,0.195,0,0,30148589,0.8170311423021492
NA,BMS1,NM_014753.4,TRUE,0.507,NA,9,32989153,0.8456599580195086
chr10,BMS1,ENST00000374518,TRUE,0.507,1,9,32989153,0.8456599580195086
NA,BOD1L1,NM_148894.3,TRUE,0.412,NA,1,51606260,0.9489100055897148
NA,BOD1L1,NM_148894.3,TRUE,0.412,NA,15,34742024,0.8179453084349887
NA,BOD1L1,NM_148894.3,TRUE,0.412,NA,11,40418758,0.8046870598839502
NA,BOD1L1,NM_148894.3,TRUE,0.412,NA,0,31185590,0.8803809762516448
chr4,BOD1L1,ENST00000040738,TRUE,0.412,1,1,51606260,0.9489100055897148
chr4,BOD1L1,ENST00000040738,TRUE,0.412,1,15,34742024,0.8179453084349887
chr4,BOD1L1,ENST00000040738,TRUE,0.412,1,11,40418758,0.8046870598839502
chr4,BOD1L1,ENST00000040738,TRUE,0.412,1,0,31185590,0.8803809762516448
NA,BPTF,NM_182641.4,TRUE,0.09,NA,1,59582634,0.9954164337618782
NA,BPTF,NM_182641.4,TRUE,0.09,NA,15,36871569,0.9518413597733713
NA,BPTF,NM_182641.4,TRUE,0.09,NA,9,35995082,0.9520311149524632
NA,BPTF,NM_182641.4,TRUE,0.09,NA,11,59573310,0.9970705875725312
chr17,BPTF,ENST00000306378,TRUE,0.09,0,1,59582634,0.9954164337618782
chr17,BPTF,ENST00000306378,TRUE,0.09,0,15,36871569,0.9518413597733713
chr17,BPTF,ENST00000306378,TRUE,0.09,0,9,35995082,0.9520311149524632
chr17,BPTF,ENST00000306378,TRUE,0.09,0,11,59573310,0.9970705875725312
chr22,BRD1,ENST00000404760,TRUE,0.337,0,0,30269650,0.8252396766714707
NA,BRD2,NM_005104.4,TRUE,0.28,NA,1,52911188,0.9600894354387928
NA,BRD2,NM_005104.4,TRUE,0.28,NA,11,45331154,0.8808517829981409
chr6,BRD2,ENST00000374825,TRUE,0.28,0,1,52911188,0.9600894354387928
chr6,BRD2,ENST00000374825,TRUE,0.28,0,11,45331154,0.8808517829981409
NA,BRD3,NM_007371.4,TRUE,0.396,NA,0,31432833,0.8912839150322702
chr9,BRD3,ENST00000303407,TRUE,0.396,0,0,31432833,0.8912839150322702
NA,BRD4,NM_001379291.1,TRUE,0.191,NA,1,62576294,0.9993851313583008
NA,BRD4,NM_001379291.1,TRUE,0.191,NA,11,58399311,0.9926201340769534
chr19,BRD4,ENST00000679869,TRUE,0.191,0,1,62576294,0.9993851313583008
chr19,BRD4,ENST00000679869,TRUE,0.191,0,11,58399311,0.9926201340769534
NA,BRD7,NM_013263.5,TRUE,0.336,NA,1,53281460,0.9627724986025712
NA,BRD7,NM_013263.5,TRUE,0.336,NA,9,35496838,0.9371527349055438
NA,BRD7,NM_013263.5,TRUE,0.336,NA,11,43252688,0.8511633147428314
chr16,BRD7,ENST00000394688,TRUE,0.336,0,1,53281460,0.9627724986025712
chr16,BRD7,ENST00000394688,TRUE,0.336,0,9,35496838,0.9371527349055438
chr16,BRD7,ENST00000394688,TRUE,0.336,0,11,43252688,0.8511633147428314
NA,BRD8,NM_139199.2,TRUE,0.546,NA,15,35267980,0.8648898652945598
NA,BRD8,NM_139199.2,TRUE,0.546,NA,11,42814197,0.8454734944510168
chr5,BRD8,ENST00000254900,TRUE,0.546,1,15,35267980,0.8648898652945598
chr5,BRD8,ENST00000254900,TRUE,0.546,1,11,42814197,0.8454734944510168
NA,BRPF1,NM_001003694.2,TRUE,0.205,NA,0,30797633,0.8591390437997368
chr3,BRPF1,ENST00000383829,TRUE,0.205,0,0,30797633,0.8591390437997368
NA,BRPF3,NM_015695.3,TRUE,0.256,NA,1,49435223,0.9245388485187256
NA,BRPF3,NM_015695.3,TRUE,0.256,NA,9,32520696,0.8216446474873441
NA,BRPF3,NM_015695.3,TRUE,0.256,NA,11,51443653,0.9485662779561714
chr6,BRPF3,ENST00000357641,TRUE,0.256,0,1,49435223,0.9245388485187256
chr6,BRPF3,ENST00000357641,TRUE,0.256,0,9,32520696,0.8216446474873441
chr6,BRPF3,ENST00000357641,TRUE,0.256,0,11,51443653,0.9485662779561714
NA,BRSK2,NM_001256627.2,TRUE,0.361,NA,0,32831351,0.9501221881070242
chr11,BRSK2,ENST00000528841,TRUE,0.361,0,0,32831351,0.9501221881070242
NA,BRWD1,NM_033656.4,TRUE,0.447,NA,15,34622059,0.8063247962074348
NA,BRWD1,NM_033656.4,TRUE,0.447,NA,11,49446251,0.929694101740747
chr21,BRWD1,ENST00000342449,TRUE,0.447,1,15,34622059,0.8063247962074348
chr21,BRWD1,ENST00000342449,TRUE,0.447,1,11,49446251,0.929694101740747
chr10,BTAF1,ENST00000265990,TRUE,0.213,0,1,44332764,0.8482392397987703
chr10,BTAF1,ENST00000265990,TRUE,0.213,0,15,35107440,0.8521130831936173
chr10,BTAF1,ENST00000265990,TRUE,0.213,0,0,30627392,0.8494893163732063
NA,BTBD10,NM_032320.7,TRUE,0.587,NA,1,43757949,0.8376746785913919
NA,BTBD10,NM_032320.7,TRUE,0.587,NA,9,33280636,0.8593653537473762
chr11,BTBD10,ENST00000278174,TRUE,0.587,2,1,43757949,0.8376746785913919
chr11,BTBD10,ENST00000278174,TRUE,0.587,2,9,33280636,0.8593653537473762
NA,BTBD3,NM_014962.4,TRUE,0.527,NA,9,36314349,0.9577725645141376
NA,BTBD3,NM_014962.4,TRUE,0.527,NA,0,32415340,0.9305720909831444
chr20,BTBD3,ENST00000378226,TRUE,0.527,1,9,36314349,0.9577725645141376
chr20,BTBD3,ENST00000378226,TRUE,0.527,1,0,32415340,0.9305720909831444
NA,BTBD7,NM_001002860.4,TRUE,0.542,NA,1,42065068,0.8052543320290665
NA,BTBD7,NM_001002860.4,TRUE,0.542,NA,9,35995264,0.9520928509692554
chr14,BTBD7,ENST00000334746,TRUE,0.542,1,1,42065068,0.8052543320290665
chr14,BTBD7,ENST00000334746,TRUE,0.542,1,9,35995264,0.9520928509692554
NA,BTG1,NM_001731.3,TRUE,0.458,NA,1,59322805,0.9947456679709334
NA,BTG1,NM_001731.3,TRUE,0.458,NA,15,35484662,0.8811354570156674
NA,BTG1,NM_001731.3,TRUE,0.458,NA,11,60475723,0.9988169680581376
chr12,BTG1,ENST00000256015,TRUE,0.458,1,1,59322805,0.9947456679709334
chr12,BTG1,ENST00000256015,TRUE,0.458,1,15,35484662,0.8811354570156674
chr12,BTG1,ENST00000256015,TRUE,0.458,1,11,60475723,0.9988169680581376
NA,BTG3,NM_006806.5,TRUE,0.34,NA,0,30516515,0.8416567454101134
chr21,BTG3,ENST00000348354,TRUE,0.34,0,0,30516515,0.8416567454101134
NA,BZW1,NM_001207067.2,TRUE,0.186,NA,1,47699568,0.9013415315818892
NA,BZW1,NM_001207067.2,TRUE,0.186,NA,11,46916748,0.9002309729029351
chr2,BZW1,ENST00000409600,TRUE,0.186,0,1,47699568,0.9013415315818892
chr2,BZW1,ENST00000409600,TRUE,0.186,0,11,46916748,0.9002309729029351
NA,BZW2,NM_014038.3,TRUE,0.597,NA,11,54175246,0.9709312151428088
chr7,BZW2,ENST00000258761,TRUE,0.597,2,11,54175246,0.9709312151428088
NA,C11orf58,NM_014267.6,TRUE,0.445,NA,1,42489609,0.8139183901621018
NA,C11orf58,NM_014267.6,TRUE,0.445,NA,15,37680224,0.9729432849627104
NA,C11orf58,NM_014267.6,TRUE,0.445,NA,11,45185835,0.8784857191144161
chr11,C11orf58,ENST00000228136,TRUE,0.445,1,1,42489609,0.8139183901621018
chr11,C11orf58,ENST00000228136,TRUE,0.445,1,15,37680224,0.9729432849627104
chr11,C11orf58,ENST00000228136,TRUE,0.445,1,11,45185835,0.8784857191144161
NA,C16orf72,NM_014117.3,TRUE,0.464,NA,1,54143379,0.9698155394074902
NA,C16orf72,NM_014117.3,TRUE,0.464,NA,9,35102412,0.9270897641684158
NA,C16orf72,NM_014117.3,TRUE,0.464,NA,11,54606936,0.9740296321334008
chr16,C16orf72,ENST00000327827,TRUE,0.464,1,1,54143379,0.9698155394074902
chr16,C16orf72,ENST00000327827,TRUE,0.464,1,9,35102412,0.9270897641684158
chr16,C16orf72,ENST00000327827,TRUE,0.464,1,11,54606936,0.9740296321334008
NA,C19orf12,NM_031448.6,TRUE,0.568,NA,0,30147989,0.8169684817344445
chr19,C19orf12,ENST00000323670,TRUE,0.568,1,0,30147989,0.8169684817344445
NA,C1GALT1,NM_020156.5,TRUE,0.589,NA,0,30359244,0.8311297700357165
chr7,C1GALT1,ENST00000436587,TRUE,0.589,2,0,30359244,0.8311297700357165
NA,C2CD2L,NM_001290474.2,TRUE,0.494,NA,15,34928233,0.8347690350927907
chr11,C2CD2L,ENST00000648610,TRUE,0.494,1,15,34928233,0.8347690350927907
NA,C4B,NM_001002029.4,TRUE,0.413,NA,1,45832216,0.8734488541084404
NA,C4B,NM_001002029.4,TRUE,0.413,NA,15,36381317,0.9335433890269988
chr6,C4B,ENST00000435363,TRUE,0.413,1,1,45832216,0.8734488541084404
chr6,C4B,ENST00000435363,TRUE,0.413,1,15,36381317,0.9335433890269988
NA,C7orf26,NM_024067.4,TRUE,0.387,NA,11,40485769,0.8058700918258126
NA,C7orf26,NM_024067.4,TRUE,0.387,NA,0,34580608,0.9864653173757756
chr7,C7orf26,ENST00000344417,TRUE,0.387,0,11,40485769,0.8058700918258126
chr7,C7orf26,ENST00000344417,TRUE,0.387,0,0,34580608,0.9864653173757756
NA,CACNA1C,NM_000719.7,TRUE,0.186,NA,15,41663929,0.996097589177314
chr12,CACNA1C,ENST00000399655,TRUE,0.186,0,15,41663929,0.996097589177314
NA,CACNA2D1,NM_000722.4,TRUE,0.437,NA,0,31654417,0.9019988721097814
chr7,CACNA2D1,ENST00000356860,TRUE,0.437,1,0,31654417,0.9019988721097814
NA,CACNA2D3,NM_018398.3,TRUE,0.454,NA,9,32177925,0.8011482899123349
chr3,CACNA2D3,ENST00000474759,TRUE,0.454,1,9,32177925,0.8011482899123349
NA,CACNB1,NM_000723.5,TRUE,0.556,NA,15,35106305,0.8517372954847662
NA,CACNB1,NM_000723.5,TRUE,0.556,NA,9,39230757,0.9917891097666378
chr17,CACNB1,ENST00000394303,TRUE,0.556,1,15,35106305,0.8517372954847662
chr17,CACNB1,ENST00000394303,TRUE,0.556,1,9,39230757,0.9917891097666378
NA,CALD1,NM_033138.4,TRUE,0.498,NA,1,43475233,0.8323085522638345
NA,CALD1,NM_033138.4,TRUE,0.498,NA,9,38115481,0.9835782195332756
NA,CALD1,NM_033138.4,TRUE,0.498,NA,0,36115715,0.9969296321824676
chr7,CALD1,ENST00000361675,TRUE,0.498,1,1,43475233,0.8323085522638345
chr7,CALD1,ENST00000361675,TRUE,0.498,1,9,38115481,0.9835782195332756
chr7,CALD1,ENST00000361675,TRUE,0.498,1,0,36115715,0.9969296321824676
NA,CALM1,NM_006888.6,TRUE,0.276,NA,1,42229049,0.8092230296254891
NA,CALM1,NM_006888.6,TRUE,0.276,NA,11,43678903,0.858261506394006
chr14,CALM1,ENST00000356978,TRUE,0.276,0,1,42229049,0.8092230296254891
chr14,CALM1,ENST00000356978,TRUE,0.276,0,11,43678903,0.858261506394006
NA,CALM2,NM_001743.6,TRUE,0.262,NA,1,46994097,0.8905533817775293
NA,CALM2,NM_001743.6,TRUE,0.262,NA,15,37105791,0.958547725039024
NA,CALM2,NM_001743.6,TRUE,0.262,NA,0,37145153,0.998997430916724
chr2,CALM2,ENST00000272298,TRUE,0.262,0,1,46994097,0.8905533817775293
chr2,CALM2,ENST00000272298,TRUE,0.262,0,15,37105791,0.958547725039024
chr2,CALM2,ENST00000272298,TRUE,0.262,0,0,37145153,0.998997430916724
NA,CALM3,NM_005184.4,TRUE,0.556,NA,9,37205261,0.9709223360908754
NA,CALM3,NM_005184.4,TRUE,0.556,NA,0,32051732,0.919167867660881
chr19,CALM3,ENST00000291295,TRUE,0.556,1,9,37205261,0.9709223360908754
chr19,CALM3,ENST00000291295,TRUE,0.556,1,0,32051732,0.919167867660881
NA,CALR,NM_004343.4,TRUE,0.423,NA,1,43632787,0.8353828954723309
NA,CALR,NM_004343.4,TRUE,0.423,NA,15,36216700,0.9258831011158004
NA,CALR,NM_004343.4,TRUE,0.423,NA,11,56127055,0.982874204270182
NA,CALR,NM_004343.4,TRUE,0.423,NA,0,30926971,0.8664703302211918
chr19,CALR,ENST00000316448,TRUE,0.423,1,1,43632787,0.8353828954723309
chr19,CALR,ENST00000316448,TRUE,0.423,1,15,36216700,0.9258831011158004
chr19,CALR,ENST00000316448,TRUE,0.423,1,11,56127055,0.982874204270182
chr19,CALR,ENST00000316448,TRUE,0.423,1,0,30926971,0.8664703302211918
NA,CALU,NM_001219.5,TRUE,0.556,NA,1,46582393,0.8837898267188373
NA,CALU,NM_001219.5,TRUE,0.556,NA,11,56930094,0.98681764407639
chr7,CALU,ENST00000249364,TRUE,0.556,1,1,46582393,0.8837898267188373
chr7,CALU,ENST00000249364,TRUE,0.556,1,11,56930094,0.98681764407639
NA,CAMK1D,NM_153498.4,TRUE,0.365,NA,15,37905895,0.9790137017979996
chr10,CAMK1D,ENST00000619168,TRUE,0.365,0,15,37905895,0.9790137017979996
NA,CAMK2D,NM_001321571.2,TRUE,0.447,NA,1,42156155,0.8074343208496366
NA,CAMK2D,NM_001321571.2,TRUE,0.447,NA,9,36234190,0.9565995801950858
chr4,CAMK2D,ENST00000511664,TRUE,0.447,1,1,42156155,0.8074343208496366
chr4,CAMK2D,ENST00000511664,TRUE,0.447,1,9,36234190,0.9565995801950858
NA,CAMK2G,NM_001367534.1,TRUE,0.404,NA,15,35505635,0.8824073538763948
NA,CAMK2G,NM_001367534.1,TRUE,0.404,NA,9,34214632,0.8992468205951352
chr10,CAMK2G,ENST00000423381,TRUE,0.404,1,15,35505635,0.8824073538763948
chr10,CAMK2G,ENST00000423381,TRUE,0.404,1,9,34214632,0.8992468205951352
NA,CAMSAP2,NM_001297707.3,TRUE,0.199,NA,1,42931754,0.8220234768026831
NA,CAMSAP2,NM_001297707.3,TRUE,0.199,NA,9,35074285,0.9262871959501172
NA,CAMSAP2,NM_001297707.3,TRUE,0.199,NA,11,52031581,0.9543124331023604
chr1,CAMSAP2,ENST00000358823,TRUE,0.196,0,1,42931754,0.8220234768026831
chr1,CAMSAP2,ENST00000358823,TRUE,0.196,0,9,35074285,0.9262871959501172
chr1,CAMSAP2,ENST00000358823,TRUE,0.196,0,11,52031581,0.9543124331023604
NA,CAMSAP3,NM_020902.2,TRUE,0.51,NA,1,42379631,0.8120178870877586
NA,CAMSAP3,NM_020902.2,TRUE,0.51,NA,9,35392781,0.9347450302506484
NA,CAMSAP3,NM_020902.2,TRUE,0.51,NA,11,40597656,0.8071657934764238
chr19,CAMSAP3,ENST00000160298,TRUE,0.51,1,1,42379631,0.8120178870877586
chr19,CAMSAP3,ENST00000160298,TRUE,0.51,1,9,35392781,0.9347450302506484
chr19,CAMSAP3,ENST00000160298,TRUE,0.51,1,11,40597656,0.8071657934764238
NA,CAMTA1,NM_015215.4,TRUE,0.227,NA,9,32271672,0.8074453636251389
chr1,CAMTA1,ENST00000303635,TRUE,0.227,0,9,32271672,0.8074453636251389
NA,CAMTA2,NM_015099.4,TRUE,0.512,NA,11,41579858,0.8253056165849811
chr17,CAMTA2,ENST00000348066,TRUE,0.512,1,11,41579858,0.8253056165849811
NA,CAND1,NM_018448.5,TRUE,0.076,NA,1,46860239,0.8881498043599776
NA,CAND1,NM_018448.5,TRUE,0.076,NA,15,34600143,0.8045325779036827
NA,CAND1,NM_018448.5,TRUE,0.076,NA,11,51131449,0.9458622049462002
chr12,CAND1,ENST00000545606,TRUE,0.076,0,1,46860239,0.8881498043599776
chr12,CAND1,ENST00000545606,TRUE,0.076,0,15,34600143,0.8045325779036827
chr12,CAND1,ENST00000545606,TRUE,0.076,0,11,51131449,0.9458622049462002
NA,CANX,NM_001746.4,TRUE,0.268,NA,15,35882494,0.9090593744579984
NA,CANX,NM_001746.4,TRUE,0.268,NA,9,32789469,0.8354735152487961
NA,CANX,NM_001746.4,TRUE,0.268,NA,0,33034641,0.9617770537001066
chr5,CANX,ENST00000247461,TRUE,0.268,0,15,35882494,0.9090593744579984
chr5,CANX,ENST00000247461,TRUE,0.268,0,9,32789469,0.8354735152487961
chr5,CANX,ENST00000247461,TRUE,0.268,0,0,33034641,0.9617770537001066
NA,CAP1,NM_006367.4,TRUE,0.361,NA,1,58512680,0.9926215762996088
NA,CAP1,NM_006367.4,TRUE,0.361,NA,11,58912499,0.9948735282519294
NA,CAP1,NM_006367.4,TRUE,0.361,NA,0,31897664,0.915032270192368
chr1,CAP1,ENST00000372805,TRUE,0.361,0,1,58512680,0.9926215762996088
chr1,CAP1,ENST00000372805,TRUE,0.361,0,11,58912499,0.9948735282519294
chr1,CAP1,ENST00000372805,TRUE,0.361,0,0,31897664,0.915032270192368
NA,CAPZA1,NM_006135.3,TRUE,0.329,NA,1,50894591,0.9418110676355506
NA,CAPZA1,NM_006135.3,TRUE,0.329,NA,15,40237626,0.9951436665317686
NA,CAPZA1,NM_006135.3,TRUE,0.329,NA,0,31931159,0.9161601604110532
chr1,CAPZA1,ENST00000263168,TRUE,0.329,0,1,50894591,0.9418110676355506
chr1,CAPZA1,ENST00000263168,TRUE,0.329,0,15,40237626,0.9951436665317686
chr1,CAPZA1,ENST00000263168,TRUE,0.329,0,0,31931159,0.9161601604110532
NA,CAPZA2,NM_006136.3,TRUE,0.444,NA,1,42238963,0.8095584125209614
NA,CAPZA2,NM_006136.3,TRUE,0.444,NA,15,35730904,0.898999826559519
NA,CAPZA2,NM_006136.3,TRUE,0.444,NA,0,30639486,0.8501159220502538
chr7,CAPZA2,ENST00000361183,TRUE,0.444,1,1,42238963,0.8095584125209614
chr7,CAPZA2,ENST00000361183,TRUE,0.444,1,15,35730904,0.898999826559519
chr7,CAPZA2,ENST00000361183,TRUE,0.444,1,0,30639486,0.8501159220502538
NA,CAPZB,NM_004930.5,TRUE,0.221,NA,1,44263276,0.8470653996646171
NA,CAPZB,NM_004930.5,TRUE,0.221,NA,0,31889529,0.9144683250830252
chr1,CAPZB,ENST00000264202,TRUE,0.221,0,1,44263276,0.8470653996646171
chr1,CAPZB,ENST00000264202,TRUE,0.221,0,0,31889529,0.9144683250830252
NA,CARD11,NM_032415.7,TRUE,0.364,NA,0,32831351,0.9501221881070242
chr7,CARD11,ENST00000396946,TRUE,0.364,0,0,32831351,0.9501221881070242
NA,CARM1,NM_199141.2,TRUE,0.353,NA,1,47129889,0.8921743991056457
NA,CARM1,NM_199141.2,TRUE,0.353,NA,9,33721898,0.8810346956414372
NA,CARM1,NM_199141.2,TRUE,0.353,NA,0,35839769,0.9958017419637822
chr19,CARM1,ENST00000327064,TRUE,0.353,0,1,47129889,0.8921743991056457
chr19,CARM1,ENST00000327064,TRUE,0.353,0,9,33721898,0.8810346956414372
chr19,CARM1,ENST00000327064,TRUE,0.353,0,0,35839769,0.9958017419637822
NA,CASC3,NM_007359.5,TRUE,0.466,NA,15,34840648,0.8272532809157658
chr17,CASC3,ENST00000264645,TRUE,0.466,1,15,34840648,0.8272532809157658
NA,CASP8AP2,NM_012115.4,TRUE,0.209,NA,15,34959470,0.8389894201306585
NA,CASP8AP2,NM_012115.4,TRUE,0.209,NA,9,35953830,0.951290282750957
NA,CASP8AP2,NM_012115.4,TRUE,0.209,NA,0,30992718,0.8699793220126575
chr6,CASP8AP2,ENST00000551025,TRUE,0.209,0,15,34959470,0.8389894201306585
chr6,CASP8AP2,ENST00000551025,TRUE,0.209,0,9,35953830,0.951290282750957
chr6,CASP8AP2,ENST00000551025,TRUE,0.209,0,0,30992718,0.8699793220126575
NA,CBLB,NM_170662.5,TRUE,0.406,NA,1,43699828,0.8363331470095026
NA,CBLB,NM_170662.5,TRUE,0.406,NA,0,33317674,0.9686070555799235
chr3,CBLB,ENST00000394030,TRUE,0.406,1,1,43699828,0.8363331470095026
chr3,CBLB,ENST00000394030,TRUE,0.406,1,0,33317674,0.9686070555799235
NA,CBLL1,NM_024814.4,TRUE,0.251,NA,15,34856646,0.8286408047638318
NA,CBLL1,NM_024814.4,TRUE,0.251,NA,0,30317812,0.828310044489003
chr7,CBLL1,ENST00000440859,TRUE,0.251,0,15,34856646,0.8286408047638318
chr7,CBLL1,ENST00000440859,TRUE,0.251,0,0,30317812,0.828310044489003
NA,CBWD2,NM_172003.3,TRUE,0.572,NA,9,36978483,0.968638103469564
chr2,CBWD2,ENST00000259199,TRUE,0.572,1,9,36978483,0.968638103469564
NA,CBWD5,NM_001330668.2,TRUE,0.363,NA,0,34763940,0.9886584372454414
chr9,CBWD5,ENST00000382405,TRUE,0.363,0,0,34763940,0.9886584372454414
NA,CBX3,NM_016587.4,TRUE,0.565,NA,15,37000424,0.9554257963808752
NA,CBX3,NM_016587.4,TRUE,0.565,NA,11,60462651,0.9987042983493888
chr7,CBX3,ENST00000396386,TRUE,0.565,1,15,37000424,0.9554257963808752
chr7,CBX3,ENST00000396386,TRUE,0.565,1,11,60462651,0.9987042983493888
NA,CBX4,NM_003655.3,TRUE,0.48,NA,1,49798275,0.9295695919508103
NA,CBX4,NM_003655.3,TRUE,0.48,NA,15,36088803,0.920217378736197
NA,CBX4,NM_003655.3,TRUE,0.48,NA,11,44087196,0.8633316432877021
chr17,CBX4,ENST00000269397,TRUE,0.48,1,1,49798275,0.9295695919508103
chr17,CBX4,ENST00000269397,TRUE,0.48,1,15,36088803,0.920217378736197
chr17,CBX4,ENST00000269397,TRUE,0.48,1,11,44087196,0.8633316432877021
NA,CCAR2,XM_011544604.2,TRUE,0.304,NA,0,30807624,0.8598909706121938
chr8,CCAR2,ENST00000308511,TRUE,0.288,0,0,30807624,0.8598909706121938
NA,CCDC117,NM_173510.4,TRUE,0.254,NA,15,37044110,0.9566976932416026
NA,CCDC117,NM_173510.4,TRUE,0.254,NA,11,41483821,0.8238972452256211
NA,CCDC117,NM_173510.4,TRUE,0.254,NA,0,30168827,0.8187856381978821
chr22,CCDC117,ENST00000249064,TRUE,0.254,0,15,37044110,0.9566976932416026
chr22,CCDC117,ENST00000249064,TRUE,0.254,0,11,41483821,0.8238972452256211
chr22,CCDC117,ENST00000249064,TRUE,0.254,0,0,30168827,0.8187856381978821
NA,CCDC186,NM_018017.4,TRUE,0.56,NA,15,34849265,0.8279470428397988
NA,CCDC186,NM_018017.4,TRUE,0.56,NA,9,35198672,0.930238301024818
chr10,CCDC186,ENST00000369287,TRUE,0.56,1,15,34849265,0.8279470428397988
chr10,CCDC186,ENST00000369287,TRUE,0.56,1,9,35198672,0.930238301024818
NA,CCDC6,NM_005436.5,TRUE,0.562,NA,1,51894606,0.951928451648966
NA,CCDC6,NM_005436.5,TRUE,0.562,NA,9,34974517,0.923694283244845
NA,CCDC6,NM_005436.5,TRUE,0.562,NA,11,49178570,0.9263703453326572
chr10,CCDC6,ENST00000263102,TRUE,0.562,1,1,51894606,0.951928451648966
chr10,CCDC6,ENST00000263102,TRUE,0.562,1,9,34974517,0.923694283244845
chr10,CCDC6,ENST00000263102,TRUE,0.562,1,11,49178570,0.9263703453326572
NA,CCDC88A,NM_001365480.1,TRUE,0.25,NA,11,50248052,0.9382006647512816
chr2,CCDC88A,ENST00000436346,TRUE,0.25,0,11,50248052,0.9382006647512816
NA,CCN1,NM_001554.5,TRUE,0.509,NA,1,43614465,0.8350475125768586
NA,CCN1,NM_001554.5,TRUE,0.509,NA,15,35289895,0.866566456610973
NA,CCN1,NM_001554.5,TRUE,0.509,NA,11,42819647,0.8457551687228888
chr1,CCN1,ENST00000451137,TRUE,0.509,1,1,43614465,0.8350475125768586
chr1,CCN1,ENST00000451137,TRUE,0.509,1,15,35289895,0.866566456610973
chr1,CCN1,ENST00000451137,TRUE,0.509,1,11,42819647,0.8457551687228888
NA,CCNA1,NM_003914.4,TRUE,0.583,NA,9,32337103,0.8117051487838005
chr13,CCNA1,ENST00000255465,TRUE,0.583,1,9,32337103,0.8117051487838005
NA,CCNA2,NM_001237.5,TRUE,0.183,NA,9,32861069,0.8391776762563279
NA,CCNA2,NM_001237.5,TRUE,0.183,NA,11,44912804,0.8743169398907104
chr4,CCNA2,ENST00000274026,TRUE,0.183,0,9,32861069,0.8391776762563279
chr4,CCNA2,ENST00000274026,TRUE,0.183,0,11,44912804,0.8743169398907104
NA,CCND3,NM_001760.5,TRUE,0.548,NA,15,36573231,0.9420130658495692
NA,CCND3,NM_001760.5,TRUE,0.548,NA,9,32430663,0.816890974194345
NA,CCND3,NM_001760.5,TRUE,0.548,NA,11,50064591,0.9361726099938033
chr6,CCND3,ENST00000372991,TRUE,0.548,1,15,36573231,0.9420130658495692
chr6,CCND3,ENST00000372991,TRUE,0.548,1,9,32430663,0.816890974194345
chr6,CCND3,ENST00000372991,TRUE,0.548,1,11,50064591,0.9361726099938033
NA,CCNE1,NM_001238.4,TRUE,0.366,NA,1,59703616,0.9956959195081052
NA,CCNE1,NM_001238.4,TRUE,0.366,NA,9,33213910,0.8565254969749352
NA,CCNE1,NM_001238.4,TRUE,0.366,NA,11,40816742,0.8117852515351248
chr19,CCNE1,ENST00000262643,TRUE,0.366,0,1,59703616,0.9956959195081052
chr19,CCNE1,ENST00000262643,TRUE,0.366,0,9,33213910,0.8565254969749352
chr19,CCNE1,ENST00000262643,TRUE,0.366,0,11,40816742,0.8117852515351248
NA,CCNE2,NM_057749.3,TRUE,0.537,NA,1,51196205,0.9443823365008384
NA,CCNE2,NM_057749.3,TRUE,0.537,NA,11,44440176,0.8680074362007775
chr8,CCNE2,ENST00000308108,TRUE,0.537,1,1,51196205,0.9443823365008384
chr8,CCNE2,ENST00000308108,TRUE,0.537,1,11,44440176,0.8680074362007775
NA,CCNF,NM_001761.3,TRUE,0.531,NA,1,42617970,0.8164337618781442
NA,CCNF,NM_001761.3,TRUE,0.531,NA,11,49648628,0.9316094867894766
chr16,CCNF,ENST00000397066,TRUE,0.531,1,1,42617970,0.8164337618781442
chr16,CCNF,ENST00000397066,TRUE,0.531,1,11,49648628,0.9316094867894766
NA,CCNI,NM_006835.3,TRUE,0.574,NA,1,58422421,0.9924538848518726
NA,CCNI,NM_006835.3,TRUE,0.574,NA,15,34645851,0.8086951494478811
NA,CCNI,NM_006835.3,TRUE,0.574,NA,11,62792997,0.9997746605825024
chr4,CCNI,ENST00000237654,TRUE,0.574,1,1,58422421,0.9924538848518726
chr4,CCNI,ENST00000237654,TRUE,0.574,1,15,34645851,0.8086951494478811
chr4,CCNI,ENST00000237654,TRUE,0.574,1,11,62792997,0.9997746605825024
NA,CCNJ,NM_001134375.2,TRUE,0.497,NA,1,51829461,0.9509782001117943
chr10,CCNJ,ENST00000465148,TRUE,0.497,1,1,51829461,0.9509782001117943
NA,CCNK,NM_001099402.2,TRUE,0.34,NA,9,35089197,0.9268428201012472
chr14,CCNK,ENST00000389879,TRUE,0.34,0,9,35089197,0.9268428201012472
NA,CCNT2,NM_058241.3,TRUE,0.428,NA,0,30386201,0.8325083025252209
chr2,CCNT2,ENST00000264157,TRUE,0.428,1,0,30386201,0.8325083025252209
NA,CCP110,XM_017023908.1,TRUE,0.372,NA,9,35746738,0.9469687615755032
NA,CCP110,XM_017023908.1,TRUE,0.372,NA,0,31693982,0.9061344695782944
chr16,CCP110,ENST00000381396,TRUE,0.372,0,9,35746738,0.9469687615755032
chr16,CCP110,ENST00000381396,TRUE,0.372,0,0,31693982,0.9061344695782944
NA,CCT2,NM_006431.3,TRUE,0.445,NA,1,52687922,0.957965343767468
NA,CCT2,NM_006431.3,TRUE,0.445,NA,15,34846648,0.8275423483841129
NA,CCT2,NM_006431.3,TRUE,0.445,NA,9,32842394,0.8384368440548216
chr12,CCT2,ENST00000299300,TRUE,0.445,1,1,52687922,0.957965343767468
chr12,CCT2,ENST00000299300,TRUE,0.445,1,15,34846648,0.8275423483841129
chr12,CCT2,ENST00000299300,TRUE,0.445,1,9,32842394,0.8384368440548216
NA,CCT3,NM_005998.5,TRUE,0.282,NA,1,46009178,0.8762996087199553
NA,CCT3,NM_005998.5,TRUE,0.282,NA,15,37098656,0.9584320980516852
chr1,CCT3,ENST00000295688,TRUE,0.282,0,1,46009178,0.8762996087199553
chr1,CCT3,ENST00000295688,TRUE,0.282,0,15,37098656,0.9584320980516852
NA,CCT5,NM_012073.5,TRUE,0.235,NA,1,51613904,0.949077697037451
NA,CCT5,NM_012073.5,TRUE,0.235,NA,11,52751640,0.9592699002873076
NA,CCT5,NM_012073.5,TRUE,0.235,NA,0,31420123,0.8906573093552228
chr5,CCT5,ENST00000280326,TRUE,0.235,0,1,51613904,0.949077697037451
chr5,CCT5,ENST00000280326,TRUE,0.235,0,11,52751640,0.9592699002873076
chr5,CCT5,ENST00000280326,TRUE,0.235,0,0,31420123,0.8906573093552228
NA,CCT6A,NM_001762.4,TRUE,0.234,NA,1,49823606,0.9298490776970374
NA,CCT6A,NM_001762.4,TRUE,0.234,NA,15,36122318,0.9214314621032548
NA,CCT6A,NM_001762.4,TRUE,0.234,NA,0,29963711,0.8045616893289054
chr7,CCT6A,ENST00000275603,TRUE,0.234,0,1,49823606,0.9298490776970374
chr7,CCT6A,ENST00000275603,TRUE,0.234,0,15,36122318,0.9214314621032548
chr7,CCT6A,ENST00000275603,TRUE,0.234,0,0,29963711,0.8045616893289054
NA,CCT7,NM_006429.4,TRUE,0.455,NA,1,52192289,0.9542761319172722
NA,CCT7,NM_006429.4,TRUE,0.455,NA,15,36082338,0.9199861247615192
chr2,CCT7,ENST00000258091,TRUE,0.455,1,1,52192289,0.9542761319172722
chr2,CCT7,ENST00000258091,TRUE,0.455,1,15,36082338,0.9199861247615192
NA,CCT8,NM_006585.4,TRUE,0.287,NA,1,47912227,0.9049748462828396
NA,CCT8,NM_006585.4,TRUE,0.287,NA,9,33335654,0.8623286825534017
NA,CCT8,NM_006585.4,TRUE,0.287,NA,11,48172945,0.9157230578558956
chr21,CCT8,ENST00000286788,TRUE,0.287,0,1,47912227,0.9049748462828396
chr21,CCT8,ENST00000286788,TRUE,0.287,0,9,33335654,0.8623286825534017
chr21,CCT8,ENST00000286788,TRUE,0.287,0,11,48172945,0.9157230578558956
NA,CD274,NM_014143.4,TRUE,0.476,NA,15,35665847,0.8950685089899982
NA,CD274,NM_014143.4,TRUE,0.476,NA,11,44723873,0.8715565320263647
chr9,CD274,ENST00000381577,TRUE,0.476,1,15,35665847,0.8950685089899982
chr9,CD274,ENST00000381577,TRUE,0.476,1,11,44723873,0.8715565320263647
NA,CD9,NM_001769.4,TRUE,0.555,NA,15,34657158,0.8097357923339308
NA,CD9,NM_001769.4,TRUE,0.555,NA,11,46120642,0.8897526899892964
chr12,CD9,ENST00000009180,TRUE,0.555,1,15,34657158,0.8097357923339308
chr12,CD9,ENST00000009180,TRUE,0.555,1,11,46120642,0.8897526899892964
NA,CDC23,NM_004661.4,TRUE,0.452,NA,0,33682034,0.975813020865969
chr5,CDC23,ENST00000394886,TRUE,0.452,1,0,33682034,0.975813020865969
NA,CDC25A,NM_001789.3,TRUE,0.489,NA,1,58887980,0.993795416433762
NA,CDC25A,NM_001789.3,TRUE,0.489,NA,11,53176936,0.9630443355303928
chr3,CDC25A,ENST00000302506,TRUE,0.489,1,1,58887980,0.993795416433762
chr3,CDC25A,ENST00000302506,TRUE,0.489,1,11,53176936,0.9630443355303928
NA,CDC27,NM_001256.6,TRUE,0.38,NA,11,41997881,0.8321784688186581
chr17,CDC27,ENST00000066544,TRUE,0.38,0,11,41997881,0.8321784688186581
NA,CDC37,NM_007065.4,TRUE,0.321,NA,1,49761557,0.928898826159866
NA,CDC37,NM_007065.4,TRUE,0.321,NA,9,33337131,0.8624521545869861
NA,CDC37,NM_007065.4,TRUE,0.321,NA,0,31879684,0.9139670405413872
chr19,CDC37,ENST00000222005,TRUE,0.321,0,1,49761557,0.928898826159866
chr19,CDC37,ENST00000222005,TRUE,0.321,0,9,33337131,0.8624521545869861
chr19,CDC37,ENST00000222005,TRUE,0.321,0,0,31879684,0.9139670405413872
NA,CDC40,NM_015891.3,TRUE,0.491,NA,9,35957005,0.9513520187677492
chr6,CDC40,ENST00000307731,TRUE,0.491,1,9,35957005,0.9513520187677492
NA,CDC42BPB,NM_006035.4,TRUE,0.235,NA,9,34440201,0.90640819854303
chr14,CDC42BPB,ENST00000361246,TRUE,0.235,0,9,34440201,0.90640819854303
NA,CDC5L,NM_001253.4,TRUE,0.26,NA,11,44598667,0.8698101515407582
chr6,CDC5L,ENST00000371477,TRUE,0.26,0,11,44598667,0.8698101515407582
NA,CDC73,NM_024529.5,TRUE,0.42,NA,1,43247888,0.8278926774734489
NA,CDC73,NM_024529.5,TRUE,0.42,NA,9,34822706,0.9182615137671316
NA,CDC73,NM_024529.5,TRUE,0.42,NA,11,47226576,0.9050194355247592
chr1,CDC73,ENST00000367435,TRUE,0.42,1,1,43247888,0.8278926774734489
chr1,CDC73,ENST00000367435,TRUE,0.42,1,9,34822706,0.9182615137671316
chr1,CDC73,ENST00000367435,TRUE,0.42,1,11,47226576,0.9050194355247592
NA,CDH1,NM_004360.5,TRUE,0.514,NA,15,38027192,0.9814996820257847
NA,CDH1,NM_004360.5,TRUE,0.514,NA,11,50463774,0.94022871950876
NA,CDH1,NM_004360.5,TRUE,0.514,NA,0,33289748,0.9680431104705808
chr16,CDH1,ENST00000261769,TRUE,0.514,1,15,38027192,0.9814996820257847
chr16,CDH1,ENST00000261769,TRUE,0.514,1,11,50463774,0.94022871950876
chr16,CDH1,ENST00000261769,TRUE,0.514,1,0,33289748,0.9680431104705808
NA,CDH11,NM_001797.4,TRUE,0.249,NA,15,36192899,0.9246112042550731
chr16,CDH11,ENST00000268603,TRUE,0.249,0,15,36192899,0.9246112042550731
NA,CDH7,NM_004361.5,TRUE,0.552,NA,9,39230757,0.9917891097666378
NA,CDH7,NM_004361.5,TRUE,0.552,NA,0,32831351,0.9501221881070242
chr18,CDH7,ENST00000397968,TRUE,0.552,1,9,39230757,0.9917891097666378
chr18,CDH7,ENST00000397968,TRUE,0.552,1,0,32831351,0.9501221881070242
NA,CDH8,NM_001796.5,TRUE,0.369,NA,0,31875099,0.912933141174259
chr16,CDH8,ENST00000577390,TRUE,0.369,0,0,31875099,0.912933141174259
NA,CDK1,NM_001786.5,TRUE,0.565,NA,0,33801931,0.9776928378971114
chr10,CDK1,ENST00000395284,TRUE,0.565,1,0,33801931,0.9776928378971114
NA,CDK12,NM_016507.4,TRUE,0.21,NA,15,34726278,0.8163265306122449
NA,CDK12,NM_016507.4,TRUE,0.21,NA,9,35188315,0.9298061489072724
NA,CDK12,NM_016507.4,TRUE,0.21,NA,11,48619662,0.9207368598952173
chr17,CDK12,ENST00000447079,TRUE,0.21,0,15,34726278,0.8163265306122449
chr17,CDK12,ENST00000447079,TRUE,0.21,0,9,35188315,0.9298061489072724
chr17,CDK12,ENST00000447079,TRUE,0.21,0,11,48619662,0.9207368598952173
NA,CDK13,NM_003718.5,TRUE,0.434,NA,1,46617781,0.8843487982112912
NA,CDK13,NM_003718.5,TRUE,0.434,NA,9,33375047,0.8640572910235832
chr7,CDK13,ENST00000181839,TRUE,0.434,1,1,46617781,0.8843487982112912
chr7,CDK13,ENST00000181839,TRUE,0.434,1,9,33375047,0.8640572910235832
NA,CDK2,NM_001798.5,TRUE,0.39,NA,9,32237865,0.8052228670206198
NA,CDK2,NM_001798.5,TRUE,0.39,NA,11,42854774,0.8462621824122585
chr12,CDK2,ENST00000266970,TRUE,0.39,0,9,32237865,0.8052228670206198
chr12,CDK2,ENST00000266970,TRUE,0.39,0,11,42854774,0.8462621824122585
NA,CDK2AP2,NM_005851.5,TRUE,0.41,NA,15,37882578,0.9761230271145286
NA,CDK2AP2,NM_005851.5,TRUE,0.41,NA,0,30298628,0.8269315119994988
chr11,CDK2AP2,ENST00000301488,TRUE,0.41,1,15,37882578,0.9761230271145286
chr11,CDK2AP2,ENST00000301488,TRUE,0.41,1,0,30298628,0.8269315119994988
NA,CDK5,NM_004935.4,TRUE,0.584,NA,15,35680326,0.8960513383823785
NA,CDK5,NM_004935.4,TRUE,0.584,NA,11,48543219,0.9197791673708524
chr7,CDK5,ENST00000485972,TRUE,0.584,1,15,35680326,0.8960513383823785
chr7,CDK5,ENST00000485972,TRUE,0.584,1,11,48543219,0.9197791673708524
NA,CDK6,NM_001145306.2,TRUE,0.412,NA,1,50319479,0.935830072666294
NA,CDK6,NM_001145306.2,TRUE,0.412,NA,11,58863860,0.9944791842713088
chr7,CDK6,ENST00000424848,TRUE,0.412,1,1,50319479,0.935830072666294
chr7,CDK6,ENST00000424848,TRUE,0.412,1,11,58863860,0.9944791842713088
NA,CDKN2AIP,NM_017632.4,TRUE,0.49,NA,0,30335653,0.829563255843098
chr4,CDKN2AIP,ENST00000504169,TRUE,0.49,1,0,30335653,0.829563255843098
NA,CDYL,NM_004824.4,TRUE,0.293,NA,1,42175272,0.8077138065958636
NA,CDYL,NM_004824.4,TRUE,0.293,NA,11,41096155,0.8167990535744465
NA,CDYL,NM_004824.4,TRUE,0.293,NA,0,37927514,0.999749357729181
chr6,CDYL,ENST00000397588,TRUE,0.293,0,1,42175272,0.8077138065958636
chr6,CDYL,ENST00000397588,TRUE,0.293,0,11,41096155,0.8167990535744465
chr6,CDYL,ENST00000397588,TRUE,0.293,0,0,37927514,0.999749357729181
NA,CELF1,NM_001376443.1,TRUE,0.273,NA,11,45893964,0.8869359472705763
NA,CELF1,NM_001376443.1,TRUE,0.273,NA,0,30233753,0.8227959145309857
chr11,CELF1,ENST00000687097,TRUE,0.247,0,11,45893964,0.8869359472705763
chr11,CELF1,ENST00000687097,TRUE,0.247,0,0,30233753,0.8227959145309857
NA,CEMIP2,NM_013390.3,TRUE,0.588,NA,9,34978845,0.9239412273120138
NA,CEMIP2,NM_013390.3,TRUE,0.588,NA,11,41039329,0.8154470170694609
chr9,CEMIP2,ENST00000377044,TRUE,0.588,2,9,34978845,0.9239412273120138
chr9,CEMIP2,ENST00000377044,TRUE,0.588,2,11,41039329,0.8154470170694609
NA,CENPE,NM_001813.3,TRUE,0.451,NA,1,49868723,0.9305757406372276
NA,CENPE,NM_001813.3,TRUE,0.451,NA,9,33624546,0.8767131744659834
NA,CENPE,NM_001813.3,TRUE,0.451,NA,0,31480734,0.893289053198822
chr4,CENPE,ENST00000265148,TRUE,0.451,1,1,49868723,0.9305757406372276
chr4,CENPE,ENST00000265148,TRUE,0.451,1,9,33624546,0.8767131744659834
chr4,CENPE,ENST00000265148,TRUE,0.451,1,0,31480734,0.893289053198822
NA,CENPW,NM_001012507.4,TRUE,0.55,NA,15,35630462,0.8926403422558825
chr6,CENPW,ENST00000368328,TRUE,0.55,1,15,35630462,0.8926403422558825
NA,CEP350,NM_014810.5,TRUE,0.402,NA,1,52001212,0.952822806036892
NA,CEP350,NM_014810.5,TRUE,0.402,NA,15,37313068,0.9635774989882638
NA,CEP350,NM_014810.5,TRUE,0.402,NA,9,34052403,0.8932584269662921
chr1,CEP350,ENST00000367607,TRUE,0.402,1,1,52001212,0.952822806036892
chr1,CEP350,ENST00000367607,TRUE,0.402,1,15,37313068,0.9635774989882638
chr1,CEP350,ENST00000367607,TRUE,0.402,1,9,34052403,0.8932584269662921
NA,CEPT1,NM_006090.5,TRUE,0.359,NA,1,41861603,0.8010620458356624
NA,CEPT1,NM_006090.5,TRUE,0.359,NA,11,53960125,0.9694101740747
chr1,CEPT1,ENST00000357172,TRUE,0.359,0,1,41861603,0.8010620458356624
chr1,CEPT1,ENST00000357172,TRUE,0.359,0,11,53960125,0.9694101740747
NA,CERS2,NM_022075.5,TRUE,0.501,NA,11,43128220,0.8499239479465945
NA,CERS2,NM_022075.5,TRUE,0.501,NA,0,30980768,0.8694780374710195
chr1,CERS2,ENST00000368954,TRUE,0.501,1,11,43128220,0.8499239479465945
chr1,CERS2,ENST00000368954,TRUE,0.501,1,0,30980768,0.8694780374710195
NA,CFL1,NM_005507.3,TRUE,0.408,NA,1,41864975,0.8012297372833985
NA,CFL1,NM_005507.3,TRUE,0.408,NA,15,39389875,0.9937561426837024
NA,CFL1,NM_005507.3,TRUE,0.408,NA,9,33226547,0.8567724410421039
NA,CFL1,NM_005507.3,TRUE,0.408,NA,11,55818786,0.9813531632020732
NA,CFL1,NM_005507.3,TRUE,0.408,NA,0,33392042,0.9702988909079516
chr11,CFL1,ENST00000308162,TRUE,0.408,1,1,41864975,0.8012297372833985
chr11,CFL1,ENST00000308162,TRUE,0.408,1,15,39389875,0.9937561426837024
chr11,CFL1,ENST00000308162,TRUE,0.408,1,9,33226547,0.8567724410421039
chr11,CFL1,ENST00000308162,TRUE,0.408,1,11,55818786,0.9813531632020732
chr11,CFL1,ENST00000308162,TRUE,0.408,1,0,33392042,0.9702988909079516
NA,CHAF1A,NM_005483.3,TRUE,0.109,NA,1,46946452,0.8894913359418669
chr19,CHAF1A,ENST00000301280,TRUE,0.109,0,1,46946452,0.8894913359418669
NA,CHAF1B,NM_005441.3,TRUE,0.27,NA,9,33333044,0.8621434745030251
chr21,CHAF1B,ENST00000314103,TRUE,0.27,0,9,33333044,0.8621434745030251
NA,CHAMP1,NM_032436.4,TRUE,0.16,NA,1,42445946,0.813079932923421
NA,CHAMP1,NM_032436.4,TRUE,0.16,NA,9,32233543,0.804975922953451
chr13,CHAMP1,ENST00000361283,TRUE,0.16,0,1,42445946,0.813079932923421
chr13,CHAMP1,ENST00000361283,TRUE,0.16,0,9,32233543,0.804975922953451
NA,CHD1,NM_001270.4,TRUE,0.207,NA,15,36862414,0.9516101057986934
NA,CHD1,NM_001270.4,TRUE,0.207,NA,11,48483288,0.9191031491183596
chr5,CHD1,ENST00000614616,TRUE,0.207,0,15,36862414,0.9516101057986934
chr5,CHD1,ENST00000614616,TRUE,0.207,0,11,48483288,0.9191031491183596
NA,CHD2,NM_001271.4,TRUE,0.174,NA,1,49657295,0.927613191727222
NA,CHD2,NM_001271.4,TRUE,0.174,NA,11,49589761,0.931384147371979
NA,CHD2,NM_001271.4,TRUE,0.174,NA,0,30819872,0.860580236856946
chr15,CHD2,ENST00000394196,TRUE,0.174,0,1,49657295,0.927613191727222
chr15,CHD2,ENST00000394196,TRUE,0.174,0,11,49589761,0.931384147371979
chr15,CHD2,ENST00000394196,TRUE,0.174,0,0,30819872,0.860580236856946
NA,CHD3,NM_001005273.3,TRUE,0.257,NA,1,42548864,0.8152599217439911
NA,CHD3,NM_001005273.3,TRUE,0.257,NA,15,37525793,0.967566630051454
NA,CHD3,NM_001005273.3,TRUE,0.257,NA,9,34615077,0.9112853438696136
chr17,CHD3,ENST00000330494,TRUE,0.257,0,1,42548864,0.8152599217439911
chr17,CHD3,ENST00000330494,TRUE,0.257,0,15,37525793,0.967566630051454
chr17,CHD3,ENST00000330494,TRUE,0.257,0,9,34615077,0.9112853438696136
NA,CHD4,NM_001273.5,TRUE,0.192,NA,1,48600720,0.9150922302962547
NA,CHD4,NM_001273.5,TRUE,0.192,NA,9,35028563,0.9249907395974812
NA,CHD4,NM_001273.5,TRUE,0.192,NA,11,40653188,0.8084614951270351
chr12,CHD4,ENST00000544040,TRUE,0.192,0,1,48600720,0.9150922302962547
chr12,CHD4,ENST00000544040,TRUE,0.192,0,9,35028563,0.9249907395974812
chr12,CHD4,ENST00000544040,TRUE,0.192,0,11,40653188,0.8084614951270351
NA,CHD5,NM_015557.3,TRUE,0.383,NA,0,32831351,0.9501221881070242
chr1,CHD5,ENST00000262450,TRUE,0.383,0,0,32831351,0.9501221881070242
NA,CHD7,NM_017780.4,TRUE,0.109,NA,1,56699388,0.9858021240916712
NA,CHD7,NM_017780.4,TRUE,0.109,NA,9,32839725,0.8383133720212372
NA,CHD7,NM_017780.4,TRUE,0.109,NA,0,30147675,0.8169058211667398
chr8,CHD7,ENST00000423902,TRUE,0.109,0,1,56699388,0.9858021240916712
chr8,CHD7,ENST00000423902,TRUE,0.109,0,9,32839725,0.8383133720212372
chr8,CHD7,ENST00000423902,TRUE,0.109,0,0,30147675,0.8169058211667398
NA,CHD8,NM_001170629.2,TRUE,0.154,NA,1,57126843,0.9880939072107322
NA,CHD8,NM_001170629.2,TRUE,0.154,NA,15,36527264,0.9406833554951726
NA,CHD8,NM_001170629.2,TRUE,0.154,NA,11,53172591,0.9629880006760184
chr14,CHD8,ENST00000646647,TRUE,0.154,0,1,57126843,0.9880939072107322
chr14,CHD8,ENST00000646647,TRUE,0.154,0,15,36527264,0.9406833554951726
chr14,CHD8,ENST00000646647,TRUE,0.154,0,11,53172591,0.9629880006760184
NA,CHERP,NM_006387.6,TRUE,0.152,NA,15,35496229,0.8819448459270394
NA,CHERP,NM_006387.6,TRUE,0.152,NA,11,43016440,0.8485155765872345
NA,CHERP,NM_006387.6,TRUE,0.152,NA,0,32778017,0.9413497086283602
chr19,CHERP,ENST00000546361,TRUE,0.152,0,15,35496229,0.8819448459270394
chr19,CHERP,ENST00000546361,TRUE,0.152,0,11,43016440,0.8485155765872345
chr19,CHERP,ENST00000546361,TRUE,0.152,0,0,32778017,0.9413497086283602
NA,CHMP2A,NM_014453.4,TRUE,0.508,NA,9,32300917,0.80954438819607355
NA,CHMP2A,NM_014453.4,TRUE,0.508,NA,11,41369268,0.8213058419243986
chr19,CHMP2A,ENST00000312547,TRUE,0.508,1,9,32300917,0.80954438819607355
chr19,CHMP2A,ENST00000312547,TRUE,0.508,1,11,41369268,0.8213058419243986
NA,CHMP3,NM_016079.4,TRUE,0.543,NA,11,46307761,0.8924004281448933
chr2,CHMP3,ENST00000263856,TRUE,0.543,1,11,46307761,0.8924004281448933
NA,CHMP4B,NM_176812.5,TRUE,0.208,NA,11,51556743,0.9495239704805364
NA,CHMP4B,NM_176812.5,TRUE,0.208,NA,0,31153850,0.8787518014913215
chr20,CHMP4B,ENST00000217402,TRUE,0.208,0,11,51556743,0.9495239704805364
chr20,CHMP4B,ENST00000217402,TRUE,0.208,0,0,31153850,0.8787518014913215
NA,CHMP6,NM_024591.5,TRUE,0.599,NA,1,48778683,0.9172163219675796
NA,CHMP6,NM_024591.5,TRUE,0.599,NA,15,35695935,0.8973810487367752
NA,CHMP6,NM_024591.5,TRUE,0.599,NA,9,34727688,0.915236448944314
chr17,CHMP6,ENST00000325167,TRUE,0.599,2,1,48778683,0.9172163219675796
chr17,CHMP6,ENST00000325167,TRUE,0.599,2,15,35695935,0.8973810487367752
chr17,CHMP6,ENST00000325167,TRUE,0.599,2,9,34727688,0.915236448944314
NA,CHMP7,NM_152272.5,TRUE,0.496,NA,0,35041457,0.991227520521336
chr8,CHMP7,ENST00000397677,TRUE,0.496,1,0,35041457,0.991227520521336
NA,CIC,NM_001386298.1,TRUE,0.249,NA,1,46810037,0.8875349357182784
NA,CIC,NM_001386298.1,TRUE,0.249,NA,11,46646906,0.8961748633879781
NA,CIC,NM_001386298.1,TRUE,0.249,NA,0,35897576,0.9962403659377154
chr19,CIC,ENST00000681038,TRUE,0.249,0,1,46810037,0.8875349357182784
chr19,CIC,ENST00000681038,TRUE,0.249,0,11,46646906,0.8961748633879781
chr19,CIC,ENST00000681038,TRUE,0.249,0,0,35897576,0.9962403659377154
NA,CISD2,NM_001008388.5,TRUE,0.437,NA,9,33338021,0.8625756266205704
NA,CISD2,NM_001008388.5,TRUE,0.437,NA,11,53618894,0.966311757084108
chr4,CISD2,ENST00000273986,TRUE,0.437,1,9,33338021,0.8625756266205704
chr4,CISD2,ENST00000273986,TRUE,0.437,1,11,53618894,0.966311757084108
NA,CIT,NM_001206999.2,TRUE,0.353,NA,0,34682199,0.9879691710006892
chr12,CIT,ENST00000392521,TRUE,0.353,0,0,34682199,0.9879691710006892
NA,CITED2,NM_006079.5,TRUE,0.588,NA,9,35351134,0.9341894060995184
chr6,CITED2,ENST00000367651,TRUE,0.588,2,9,35351134,0.9341894060995184
NA,CKAP5,NM_001008938.4,TRUE,0.143,NA,1,47990786,0.9062604807154836
NA,CKAP5,NM_001008938.4,TRUE,0.143,NA,15,35219831,0.8602069723073366
NA,CKAP5,NM_001008938.4,TRUE,0.143,NA,9,33830320,0.88504753673293
NA,CKAP5,NM_001008938.4,TRUE,0.143,NA,11,45802758,0.8856402456199651
chr11,CKAP5,ENST00000529230,TRUE,0.143,0,1,47990786,0.9062604807154836
chr11,CKAP5,ENST00000529230,TRUE,0.143,0,15,35219831,0.8602069723073366
chr11,CKAP5,ENST00000529230,TRUE,0.143,0,9,33830320,0.88504753673293
chr11,CKAP5,ENST00000529230,TRUE,0.143,0,11,45802758,0.8856402456199651
NA,CLASP1,NM_001142274.2,TRUE,0.205,NA,0,31251928,0.8829500595275394
chr2,CLASP1,ENST00000263710,TRUE,0.237,0,0,31251928,0.8829500595275394
NA,CLASP2,NM_001365631.1,TRUE,0.365,NA,9,32918977,0.8424496851463144
NA,CLASP2,NM_001365631.1,TRUE,0.365,NA,11,40288402,0.8026590051264717
chr3,CLASP2,ENST00000682230,TRUE,0.365,0,9,32918977,0.8424496851463144
chr3,CLASP2,ENST00000682230,TRUE,0.365,0,11,40288402,0.8026590051264717
NA,CLIP1,NM_001247997.2,TRUE,0.455,NA,15,35929065,0.912123489622478
NA,CLIP1,NM_001247997.2,TRUE,0.455,NA,9,35701819,0.945363625138906
chr12,CLIP1,ENST00000620786,TRUE,0.455,1,15,35929065,0.912123489622478
chr12,CLIP1,ENST00000620786,TRUE,0.455,1,9,35701819,0.945363625138906
NA,CLIP3,NM_015526.3,TRUE,0.397,NA,15,38764726,0.9893334104179916
chr19,CLIP3,ENST00000360535,TRUE,0.397,0,15,38764726,0.9893334104179916
NA,CLK2,NM_001294338.2,TRUE,0.273,NA,0,31574343,0.8964220815840591
chr1,CLK2,ENST00000368361,TRUE,0.273,0,0,31574343,0.8964220815840591
NA,CLK3,NM_001130028.2,TRUE,0.505,NA,15,34633441,0.8076545065618316
NA,CLK3,NM_001130028.2,TRUE,0.505,NA,11,45519409,0.8827108331924962
NA,CLK3,NM_001130028.2,TRUE,0.505,NA,0,30297474,0.8268061908640892
chr15,CLK3,ENST00000395066,TRUE,0.505,1,15,34633441,0.8076545065618316
chr15,CLK3,ENST00000395066,TRUE,0.505,1,11,45519409,0.8827108331924962
chr15,CLK3,ENST00000395066,TRUE,0.505,1,0,30297474,0.8268061908640892
NA,CLOCK,NM_004898.4,TRUE,0.496,NA,9,34387228,0.904556118039264
chr4,CLOCK,ENST00000513440,TRUE,0.496,1,9,34387228,0.904556118039264
NA,CLPTM1,NM_001294.4,TRUE,0.402,NA,1,42093748,0.8059809949692566
NA,CLPTM1,NM_001294.4,TRUE,0.402,NA,15,37055995,0.957160201190958
NA,CLPTM1,NM_001294.4,TRUE,0.402,NA,9,34593972,0.9107297197184836
NA,CLPTM1,NM_001294.4,TRUE,0.402,NA,0,30693534,0.853248950435491
chr19,CLPTM1,ENST00000337392,TRUE,0.402,1,1,42093748,0.8059809949692566
chr19,CLPTM1,ENST00000337392,TRUE,0.402,1,15,37055995,0.957160201190958
chr19,CLPTM1,ENST00000337392,TRUE,0.402,1,9,34593972,0.9107297197184836
chr19,CLPTM1,ENST00000337392,TRUE,0.402,1,0,30693534,0.853248950435491
NA,CLPX,NM_006660.5,TRUE,0.586,NA,9,33681325,0.8791826151376713
NA,CLPX,NM_006660.5,TRUE,0.586,NA,0,30152015,0.8174071057083777
chr15,CLPX,ENST00000300107,TRUE,0.586,2,9,33681325,0.8791826151376713
chr15,CLPX,ENST00000300107,TRUE,0.586,2,0,30152015,0.8174071057083777
NA,CLSTN1,NM_001009566.3,TRUE,0.341,NA,1,52726518,0.9583007266629402
NA,CLSTN1,NM_001009566.3,TRUE,0.341,NA,0,30789956,0.8588257409612131
chr1,CLSTN1,ENST00000377298,TRUE,0.341,0,1,52726518,0.9583007266629402
chr1,CLSTN1,ENST00000377298,TRUE,0.341,0,0,30789956,0.8588257409612131
NA,CLSTN3,NM_014718.4,TRUE,0.508,NA,1,43754688,0.837562884292901
chr12,CLSTN3,ENST00000266546,TRUE,0.508,1,1,43754688,0.837562884292901
NA,CLTA,NM_001833.4,TRUE,0.546,NA,11,40232375,0.8018139823108558
NA,CLTA,NM_001833.4,TRUE,0.546,NA,0,33582150,0.974121185537941
chr9,CLTA,ENST00000345519,TRUE,0.546,1,11,40232375,0.8018139823108558
chr9,CLTA,ENST00000345519,TRUE,0.546,1,0,33582150,0.974121185537941
NA,CLTB,NM_007097.5,TRUE,0.567,NA,0,30869983,0.8629613384297262
chr5,CLTB,ENST00000310418,TRUE,0.567,1,0,30869983,0.8629613384297262
NA,CLTC,NM_004859.4,TRUE,0.104,NA,9,36895740,0.9677120632176812
NA,CLTC,NM_004859.4,TRUE,0.104,NA,11,51700293,0.9507633372767732
NA,CLTC,NM_004859.4,TRUE,0.104,NA,0,30428702,0.8353280280719343
chr17,CLTC,ENST00000269122,TRUE,0.104,0,9,36895740,0.9677120632176812
chr17,CLTC,ENST00000269122,TRUE,0.104,0,11,51700293,0.9507633372767732
chr17,CLTC,ENST00000269122,TRUE,0.104,0,0,30428702,0.8353280280719343
NA,CMAS,NM_018686.6,TRUE,0.566,NA,1,49671150,0.9278367803242036
NA,CMAS,NM_018686.6,TRUE,0.566,NA,0,34846397,0.9892850429224888
chr12,CMAS,ENST00000229329,TRUE,0.566,1,1,49671150,0.9278367803242036
chr12,CMAS,ENST00000229329,TRUE,0.566,1,0,34846397,0.9892850429224888
NA,CMIP,NM_198390.3,TRUE,0.189,NA,1,46456297,0.8823923979877026
NA,CMIP,NM_198390.3,TRUE,0.189,NA,9,35577303,0.9386343993085566
NA,CMIP,NM_198390.3,TRUE,0.189,NA,11,53786042,0.9680581375697144
NA,CMIP,NM_198390.3,TRUE,0.189,NA,0,31671165,0.9046932765210852
chr16,CMIP,ENST00000537098,TRUE,0.189,0,1,46456297,0.8823923979877026
chr16,CMIP,ENST00000537098,TRUE,0.189,0,9,35577303,0.9386343993085566
chr16,CMIP,ENST00000537098,TRUE,0.189,0,11,53786042,0.9680581375697144
chr16,CMIP,ENST00000537098,TRUE,0.189,0,0,31671165,0.9046932765210852
NA,CMTR1,NM_015050.3,TRUE,0.437,NA,1,45370127,0.8650642817216322
NA,CMTR1,NM_015050.3,TRUE,0.437,NA,9,33314234,0.8610939622175577
NA,CMTR1,NM_015050.3,TRUE,0.437,NA,11,50522897,0.940792068052504
chr6,CMTR1,ENST00000373451,TRUE,0.437,1,1,45370127,0.8650642817216322
chr6,CMTR1,ENST00000373451,TRUE,0.437,1,9,33314234,0.8610939622175577
chr6,CMTR1,ENST00000373451,TRUE,0.437,1,11,50522897,0.940792068052504
NA,CNBP,NM_003418.5,TRUE,0.541,NA,1,57163270,0.9883733929569593
NA,CNBP,NM_003418.5,TRUE,0.541,NA,11,45968380,0.8879499746493156
chr3,CNBP,ENST00000422453,TRUE,0.541,1,1,57163270,0.9883733929569593
chr3,CNBP,ENST00000422453,TRUE,0.541,1,11,45968380,0.8879499746493156
NA,CNN3,NM_001839.5,TRUE,0.43,NA,1,47519867,0.8983789826718838
NA,CNN3,NM_001839.5,TRUE,0.43,NA,15,35252808,0.8637335954211713
NA,CNN3,NM_001839.5,TRUE,0.43,NA,9,33657679,0.8777626867514507
NA,CNN3,NM_001839.5,TRUE,0.43,NA,0,32749203,0.9407231029513128
chr1,CNN3,ENST00000370206,TRUE,0.43,1,1,47519867,0.8983789826718838
chr1,CNN3,ENST00000370206,TRUE,0.43,1,15,35252808,0.8637335954211713
chr1,CNN3,ENST00000370206,TRUE,0.43,1,9,33657679,0.8777626867514507
chr1,CNN3,ENST00000370206,TRUE,0.43,1,0,32749203,0.9407231029513128
NA,CNNM2,NM_017649.5,TRUE,0.312,NA,15,34667779,0.8105451812453026
NA,CNNM2,NM_017649.5,TRUE,0.312,NA,9,33200252,0.8559081368070132
chr10,CNNM2,ENST00000369878,TRUE,0.312,0,15,34667779,0.8105451812453026
chr10,CNNM2,ENST00000369878,TRUE,0.312,0,9,33200252,0.8559081368070132
NA,CNOT1,NM_016284.5,TRUE,0.064,NA,9,35088879,0.9267810840844548
chr16,CNOT1,ENST00000317147,TRUE,0.064,0,9,35088879,0.9267810840844548
NA,CNOT11,NM_017546.5,TRUE,0.583,NA,1,43112261,0.8251537171604248
chr2,CNOT11,ENST00000289382,TRUE,0.583,1,1,43112261,0.8251537171604248
NA,CNOT3,NM_014516.4,TRUE,0.057,NA,9,33073366,0.8489937029262872
NA,CNOT3,NM_014516.4,TRUE,0.057,NA,0,30266880,0.8250516949683564
chr19,CNOT3,ENST00000221232,TRUE,0.057,0,9,33073366,0.8489937029262872
chr19,CNOT3,ENST00000221232,TRUE,0.057,0,0,30266880,0.8250516949683564
NA,CNOT4,NM_001393373.1,TRUE,0.236,NA,9,33702196,0.8801703914063465
chr7,CNOT4,ENST00000541284,TRUE,0.236,0,9,33702196,0.8801703914063465
NA,CNOT6,NM_001370472.1,TRUE,0.32,NA,1,49247270,0.9225824482951368
NA,CNOT6,NM_001370472.1,TRUE,0.32,NA,9,33574657,0.874675885911841
chr5,CNOT6,ENST00000261951,TRUE,0.32,0,1,49247270,0.9225824482951368
chr5,CNOT6,ENST00000261951,TRUE,0.32,0,9,33574657,0.874675885911841
NA,CNOT6L,NM_001387835.1,TRUE,0.142,NA,15,34913264,0.8338440191940799
NA,CNOT6L,NM_001387835.1,TRUE,0.142,NA,9,35136034,0.928386220521052
NA,CNOT6L,NM_001387835.1,TRUE,0.142,NA,11,45077853,0.8769083431919329
NA,CNOT6L,NM_001387835.1,TRUE,0.142,NA,0,31683560,0.9055078639012468
chr4,CNOT6L,ENST00000504123,TRUE,0.169,0,15,34913264,0.8338440191940799
chr4,CNOT6L,ENST00000504123,TRUE,0.169,0,9,35136034,0.928386220521052
chr4,CNOT6L,ENST00000504123,TRUE,0.169,0,11,45077853,0.8769083431919329
chr4,CNOT6L,ENST00000504123,TRUE,0.169,0,0,31683560,0.9055078639012468
NA,CNOT7,NM_013354.7,TRUE,0.255,NA,9,37216124,0.9709840721076676
NA,CNOT7,NM_013354.7,TRUE,0.255,NA,0,31988092,0.9176013534682624
chr8,CNOT7,ENST00000361272,TRUE,0.255,0,9,37216124,0.9709840721076676
chr8,CNOT7,ENST00000361272,TRUE,0.255,0,0,31988092,0.9176013534682624
NA,CNOT9,NM_005444.3,TRUE,0.523,NA,1,41872772,0.8016210173281163
NA,CNOT9,NM_005444.3,TRUE,0.523,NA,11,49313947,0.9278350515463918
NA,CNOT9,NM_005444.3,TRUE,0.523,NA,0,33548977,0.9734945798608936
chr2,CNOT9,ENST00000273064,TRUE,0.523,1,1,41872772,0.8016210173281163
chr2,CNOT9,ENST00000273064,TRUE,0.523,1,11,49313947,0.9278350515463918
chr2,CNOT9,ENST00000273064,TRUE,0.523,1,0,33548977,0.9734945798608936
NA,CNP,NM_033133.5,TRUE,0.379,NA,1,41852980,0.8006707657909446
chr17,CNP,ENST00000393892,TRUE,0.379,0,1,41852980,0.8006707657909446
NA,COG3,NM_031431.4,TRUE,0.314,NA,1,59758982,0.9957518166573504
NA,COG3,NM_031431.4,TRUE,0.314,NA,9,36394539,0.9592542289171504
NA,COG3,NM_031431.4,TRUE,0.314,NA,11,42095434,0.8334741704692693
chr13,COG3,ENST00000349995,TRUE,0.314,0,1,59758982,0.9957518166573504
chr13,COG3,ENST00000349995,TRUE,0.314,0,9,36394539,0.9592542289171504
chr13,COG3,ENST00000349995,TRUE,0.314,0,11,42095434,0.8334741704692693
NA,COL1A1,NM_000088.4,TRUE,0.159,NA,1,43557917,0.8335382895472331
chr17,COL1A1,ENST00000225964,TRUE,0.159,0,1,43557917,0.8335382895472331
NA,COL27A1,NM_032888.4,TRUE,0.539,NA,15,35919297,0.9114875411921144
chr9,COL27A1,ENST00000356083,TRUE,0.539,1,15,35919297,0.9114875411921144
NA,COP1,NM_022457.7,TRUE,0.557,NA,11,41390296,0.8217565207593939
chr1,COP1,ENST00000367669,TRUE,0.557,1,11,41390296,0.8217565207593939
NA,COPA,NM_004371.4,TRUE,0.098,NA,15,36011074,0.9166329421286928
chr1,COPA,ENST00000241704,TRUE,0.098,0,15,36011074,0.9166329421286928
NA,COPB2,NM_004766.3,TRUE,0.177,NA,1,55049671,0.9763555058692008
NA,COPB2,NM_004766.3,TRUE,0.177,NA,11,42561739,0.8421497380429271
chr3,COPB2,ENST00000333188,TRUE,0.177,0,1,55049671,0.9763555058692008
chr3,COPB2,ENST00000333188,TRUE,0.177,0,11,42561739,0.8421497380429271
NA,COPG1,NM_016128.4,TRUE,0.376,NA,1,56872235,0.9865846841811068
NA,COPG1,NM_016128.4,TRUE,0.376,NA,11,47694332,0.9109345952340712
chr3,COPG1,ENST00000314797,TRUE,0.376,0,1,56872235,0.9865846841811068
chr3,COPG1,ENST00000314797,TRUE,0.376,0,11,47694332,0.9109345952340712
NA,COPS2,NM_004236.4,TRUE,0.138,NA,11,47357021,0.9064841417384936
chr15,COPS2,ENST00000388901,TRUE,0.138,0,11,47357021,0.9064841417384936
NA,COPS3,NM_003653.4,TRUE,0.348,NA,9,35994706,0.951969378935671
NA,COPS3,NM_003653.4,TRUE,0.348,NA,11,47017820,0.9018083488254184
chr17,COPS3,ENST00000268717,TRUE,0.348,0,9,35994706,0.951969378935671
chr17,COPS3,ENST00000268717,TRUE,0.348,0,11,47017820,0.9018083488254184
NA,COPS4,NM_016129.3,TRUE,0.304,NA,1,44298657,0.847624371157071
chr4,COPS4,ENST00000264389,TRUE,0.304,0,1,44298657,0.847624371157071
NA,COPS5,NM_006837.3,TRUE,0.218,NA,1,48339617,0.9112912241475684
NA,COPS5,NM_006837.3,TRUE,0.218,NA,9,32969118,0.8444252376836646
NA,COPS5,NM_006837.3,TRUE,0.218,NA,11,50294597,0.9384260041687792
chr8,COPS5,ENST00000357849,TRUE,0.218,0,1,48339617,0.9112912241475684
chr8,COPS5,ENST00000357849,TRUE,0.218,0,9,32969118,0.8444252376836646
chr8,COPS5,ENST00000357849,TRUE,0.218,0,11,50294597,0.9384260041687792
NA,COPS6,NM_006833.5,TRUE,0.373,NA,1,54873495,0.9750139742873114
NA,COPS6,NM_006833.5,TRUE,0.373,NA,9,32471768,0.8191134707988641
NA,COPS6,NM_006833.5,TRUE,0.373,NA,11,41701299,0.8275590107599572
chr7,COPS6,ENST00000303904,TRUE,0.373,0,1,54873495,0.9750139742873114
chr7,COPS6,ENST00000303904,TRUE,0.373,0,9,32471768,0.8191134707988641
chr7,COPS6,ENST00000303904,TRUE,0.373,0,11,41701299,0.8275590107599572
NA,COPZ1,NM_016057.3,TRUE,0.443,NA,1,43240596,0.8276690888764673
chr12,COPZ1,ENST00000262061,TRUE,0.443,1,1,43240596,0.8276690888764673
NA,CORO1A,NM_007074.4,TRUE,0.572,NA,15,35479157,0.8806729490663121
chr16,CORO1A,ENST00000219150,TRUE,0.572,1,15,35479157,0.8806729490663121
NA,CORO1C,NM_014325.4,TRUE,0.38,NA,1,54022327,0.9686416992733372
NA,CORO1C,NM_014325.4,TRUE,0.38,NA,9,34919041,0.9218422027410792
chr12,CORO1C,ENST00000261401,TRUE,0.38,0,1,54022327,0.9686416992733372
chr12,CORO1C,ENST00000261401,TRUE,0.38,0,9,34919041,0.9218422027410792
NA,COX6B1,NM_001863.5,TRUE,0.421,NA,15,36355159,0.9312597560270568
NA,COX6B1,NM_001863.5,TRUE,0.421,NA,0,30148919,0.8171564634375588
chr19,COX6B1,ENST00000649813,TRUE,0.421,1,15,36355159,0.9312597560270568
chr19,COX6B1,ENST00000649813,TRUE,0.421,1,0,30148919,0.8171564634375588
NA,CPEB3,NM_014912.5,TRUE,0.585,NA,9,35424184,0.9357328065193232
NA,CPEB3,NM_014912.5,TRUE,0.585,NA,11,40287674,0.8026026702720973
chr10,CPEB3,ENST00000265997,TRUE,0.585,2,9,35424184,0.9357328065193232
chr10,CPEB3,ENST00000265997,TRUE,0.585,2,11,40287674,0.8026026702720973
NA,CPNE4,NM_130808.3,TRUE,0.54,NA,15,34933949,0.8351159160548072
chr3,CPNE4,ENST00000429747,TRUE,0.54,1,15,34933949,0.8351159160548072
NA,CPSF7,NM_001142565.3,TRUE,0.13,NA,1,49091005,0.9207378423700392
NA,CPSF7,NM_001142565.3,TRUE,0.13,NA,15,36139671,0.922703358963982
chr11,CPSF7,ENST00000439958,TRUE,0.13,0,1,49091005,0.9207378423700392
chr11,CPSF7,ENST00000439958,TRUE,0.13,0,15,36139671,0.922703358963982
NA,CREB1,NM_004379.5,TRUE,0.189,NA,9,33014046,0.8466477342881837
NA,CREB1,NM_004379.5,TRUE,0.189,NA,11,42594959,0.8427694214410456
chr2,CREB1,ENST00000353267,TRUE,0.189,0,9,33014046,0.8466477342881837
chr2,CREB1,ENST00000353267,TRUE,0.189,0,11,42594959,0.8427694214410456
NA,CREB5,NM_182898.4,TRUE,0.421,NA,15,38764726,0.9893334104179916
NA,CREB5,NM_182898.4,TRUE,0.421,NA,0,32831351,0.9501221881070242
chr7,CREB5,ENST00000357727,TRUE,0.421,1,15,38764726,0.9893334104179916
chr7,CREB5,ENST00000357727,TRUE,0.421,1,0,32831351,0.9501221881070242
NA,CREBBP,NM_004380.3,TRUE,0.101,NA,1,52863017,0.9594745667970932
NA,CREBBP,NM_004380.3,TRUE,0.101,NA,9,37528852,0.9748117051487838
NA,CREBBP,NM_004380.3,TRUE,0.101,NA,11,58853727,0.9944228494169344
chr16,CREBBP,ENST00000262367,TRUE,0.101,0,1,52863017,0.9594745667970932
chr16,CREBBP,ENST00000262367,TRUE,0.101,0,9,37528852,0.9748117051487838
chr16,CREBBP,ENST00000262367,TRUE,0.101,0,11,58853727,0.9944228494169344
chr10,CREM,ENST00000685392,TRUE,0.533,1,0,31019864,0.8717338179083902
NA,CRK,NM_016823.4,TRUE,0.337,NA,1,55012853,0.9761319172722192
NA,CRK,NM_016823.4,TRUE,0.337,NA,9,35179230,0.9295592048401036
NA,CRK,NM_016823.4,TRUE,0.337,NA,11,58728452,0.9940285054363136
chr17,CRK,ENST00000300574,TRUE,0.337,0,1,55012853,0.9761319172722192
chr17,CRK,ENST00000300574,TRUE,0.337,0,9,35179230,0.9295592048401036
chr17,CRK,ENST00000300574,TRUE,0.337,0,11,58728452,0.9940285054363136
NA,CRKL,NM_005207.4,TRUE,0.316,NA,1,44628587,0.8529904974846283
NA,CRKL,NM_005207.4,TRUE,0.316,NA,15,35067705,0.8478348846620801
chr22,CRKL,ENST00000354336,TRUE,0.316,0,1,44628587,0.8529904974846283
chr22,CRKL,ENST00000354336,TRUE,0.316,0,15,35067705,0.8478348846620801
NA,CRNKL1,NM_001278628.2,TRUE,0.445,NA,0,30187145,0.8199135284165675
chr20,CRNKL1,ENST00000536226,TRUE,0.445,1,0,30187145,0.8199135284165675
NA,CRTC2,NM_181715.3,TRUE,0.502,NA,1,51739143,0.9503074343208496
NA,CRTC2,NM_181715.3,TRUE,0.502,NA,0,33625920,0.9749357729181026
chr1,CRTC2,ENST00000368633,TRUE,0.502,1,1,51739143,0.9503074343208496
chr1,CRTC2,ENST00000368633,TRUE,0.502,1,0,33625920,0.9749357729181026
NA,CRY2,NM_021117.5,TRUE,0.596,NA,15,35306367,0.8674336590160143
NA,CRY2,NM_021117.5,TRUE,0.596,NA,9,34670207,0.9131374243733794
chr11,CRY2,ENST00000616080,TRUE,0.596,2,15,35306367,0.8674336590160143
chr11,CRY2,ENST00000616080,TRUE,0.596,2,9,34670207,0.9131374243733794
NA,CS,NM_004077.3,TRUE,0.356,NA,15,35811503,0.9048968029138
NA,CS,NM_004077.3,TRUE,0.356,NA,9,34351880,0.9035066057537968
chr12,CS,ENST00000351328,TRUE,0.356,0,15,35811503,0.9048968029138
chr12,CS,ENST00000351328,TRUE,0.356,0,9,34351880,0.9035066057537968
NA,CSDE1,NM_001007553.3,TRUE,0.295,NA,15,34668975,0.8107186217263109
NA,CSDE1,NM_001007553.3,TRUE,0.295,NA,11,40902515,0.8130246183313616
NA,CSDE1,NM_001007553.3,TRUE,0.295,NA,0,31387335,0.8899053825427659
chr1,CSDE1,ENST00000358528,TRUE,0.295,0,15,34668975,0.8107186217263109
chr1,CSDE1,ENST00000358528,TRUE,0.295,0,11,40902515,0.8130246183313616
chr1,CSDE1,ENST00000358528,TRUE,0.295,0,0,31387335,0.8899053825427659
NA,CSE1L,NM_001316.4,TRUE,0.277,NA,1,43888213,0.8400223588596981
NA,CSE1L,NM_001316.4,TRUE,0.277,NA,15,35756974,0.9010232988379488
NA,CSE1L,NM_001316.4,TRUE,0.277,NA,0,30121342,0.8149633435678927
chr20,CSE1L,ENST00000262982,TRUE,0.277,0,1,43888213,0.8400223588596981
chr20,CSE1L,ENST00000262982,TRUE,0.277,0,15,35756974,0.9010232988379488
chr20,CSE1L,ENST00000262982,TRUE,0.277,0,0,30121342,0.8149633435678927
NA,CSK,NM_004383.3,TRUE,0.222,NA,1,42560125,0.8154835103409727
NA,CSK,NM_004383.3,TRUE,0.222,NA,11,50042955,0.9357782660131824
NA,CSK,NM_004383.3,TRUE,0.222,NA,0,30350548,0.8304405037909643
chr15,CSK,ENST00000220003,TRUE,0.222,0,1,42560125,0.8154835103409727
chr15,CSK,ENST00000220003,TRUE,0.222,0,11,50042955,0.9357782660131824
chr15,CSK,ENST00000220003,TRUE,0.222,0,0,30350548,0.8304405037909643
NA,CSMD2,NM_001281956.2,TRUE,0.364,NA,0,32831351,0.9501221881070242
chr1,CSMD2,ENST00000373381,TRUE,0.364,0,0,32831351,0.9501221881070242
chr17,CSNK1D,ENST00000314028,TRUE,0.512,1,15,36414081,0.9363473434699658
NA,CSNK1E,NM_152221.3,TRUE,0.588,NA,11,40662372,0.8087431693989071
chr22,CSNK1E,ENST00000396832,TRUE,0.588,2,11,40662372,0.8087431693989071
NA,CSNK1G2,NM_001319.7,TRUE,0.477,NA,1,46914878,0.8891559530463946
NA,CSNK1G2,NM_001319.7,TRUE,0.477,NA,9,32876824,0.8396098283738733
chr19,CSNK1G2,ENST00000255641,TRUE,0.477,1,1,46914878,0.8891559530463946
chr19,CSNK1G2,ENST00000255641,TRUE,0.477,1,9,32876824,0.8396098283738733
NA,CSNK2A1,NM_177559.3,TRUE,0.274,NA,15,34578436,0.8021622246632364
chr20,CSNK2A1,ENST00000217244,TRUE,0.274,0,15,34578436,0.8021622246632364
NA,CSNK2A2,NM_001896.4,TRUE,0.424,NA,1,47299922,0.8946338736724427
NA,CSNK2A2,NM_001896.4,TRUE,0.424,NA,9,34093584,0.894801827386097
NA,CSNK2A2,NM_001896.4,TRUE,0.424,NA,11,44961077,0.8752182975607008
NA,CSNK2A2,NM_001896.4,TRUE,0.424,NA,0,30065509,0.8113290306410176
chr16,CSNK2A2,ENST00000262506,TRUE,0.424,1,1,47299922,0.8946338736724427
chr16,CSNK2A2,ENST00000262506,TRUE,0.424,1,9,34093584,0.894801827386097
chr16,CSNK2A2,ENST00000262506,TRUE,0.424,1,11,44961077,0.8752182975607008
chr16,CSNK2A2,ENST00000262506,TRUE,0.424,1,0,30065509,0.8113290306410176
NA,CSNK2B,NM_001320.7,TRUE,0.237,NA,15,36902604,0.952766375672082
NA,CSNK2B,NM_001320.7,TRUE,0.237,NA,0,30156518,0.817845729682311
chr6,CSNK2B,ENST00000375882,TRUE,0.237,0,15,36902604,0.952766375672082
chr6,CSNK2B,ENST00000375882,TRUE,0.237,0,0,30156518,0.817845729682311
NA,CSRNP2,NM_030809.3,TRUE,0.466,NA,0,32655739,0.938216680243123
chr12,CSRNP2,ENST00000228515,TRUE,0.466,1,0,32655739,0.938216680243123
NA,CSRNP3,NM_001172173.2,TRUE,0.387,NA,0,32831351,0.9501221881070242
chr2,CSRNP3,ENST00000651982,TRUE,0.387,0,0,32831351,0.9501221881070242
NA,CSTF1,NM_001324.3,TRUE,0.116,NA,1,47223413,0.8936277249860257
NA,CSTF1,NM_001324.3,TRUE,0.116,NA,9,34032178,0.8925793307815779
NA,CSTF1,NM_001324.3,TRUE,0.116,NA,11,40776040,0.8108838938651344
chr20,CSTF1,ENST00000217109,TRUE,0.116,0,1,47223413,0.8936277249860257
chr20,CSTF1,ENST00000217109,TRUE,0.116,0,9,34032178,0.8925793307815779
chr20,CSTF1,ENST00000217109,TRUE,0.116,0,11,40776040,0.8108838938651344
NA,CSTF3,NM_001326.3,TRUE,0.376,NA,9,33918907,0.8886282257068774
NA,CSTF3,NM_001326.3,TRUE,0.376,NA,11,47173649,0.9044560869810152
NA,CSTF3,NM_001326.3,TRUE,0.376,NA,0,31982587,0.917413371765148
chr11,CSTF3,ENST00000323959,TRUE,0.376,0,9,33918907,0.8886282257068774
chr11,CSTF3,ENST00000323959,TRUE,0.376,0,11,47173649,0.9044560869810152
chr11,CSTF3,ENST00000323959,TRUE,0.376,0,0,31982587,0.917413371765148
NA,CTBP2,NM_022802.3,TRUE,0.522,NA,1,46270021,0.8804359977641141
NA,CTBP2,NM_022802.3,TRUE,0.522,NA,11,60639463,0.9989296377668864
NA,CTBP2,NM_022802.3,TRUE,0.522,NA,0,33140205,0.964346136976001
chr10,CTBP2,ENST00000309035,TRUE,0.522,1,1,46270021,0.8804359977641141
chr10,CTBP2,ENST00000309035,TRUE,0.522,1,11,60639463,0.9989296377668864
chr10,CTBP2,ENST00000309035,TRUE,0.522,1,0,33140205,0.964346136976001
NA,CTCF,NM_006565.4,TRUE,0.205,NA,1,46209076,0.8794298490776971
NA,CTCF,NM_006565.4,TRUE,0.205,NA,11,50408685,0.9394400315475184
chr16,CTCF,ENST00000264010,TRUE,0.205,0,1,46209076,0.8794298490776971
chr16,CTCF,ENST00000264010,TRUE,0.205,0,11,50408685,0.9394400315475184
NA,CTDNEP1,NM_001143775.2,TRUE,0.239,NA,1,54066495,0.9689770821688094
NA,CTDNEP1,NM_001143775.2,TRUE,0.239,NA,11,46830867,0.8984282575629542
chr17,CTDNEP1,ENST00000574322,TRUE,0.239,0,1,54066495,0.9689770821688094
chr17,CTDNEP1,ENST00000574322,TRUE,0.239,0,11,46830867,0.8984282575629542
NA,CTDSP2,NM_005730.4,TRUE,0.511,NA,1,44150042,0.844885410844047
NA,CTDSP2,NM_005730.4,TRUE,0.511,NA,11,51934627,0.9534674102867444
chr12,CTDSP2,ENST00000398073,TRUE,0.511,1,1,44150042,0.844885410844047
chr12,CTDSP2,ENST00000398073,TRUE,0.511,1,11,51934627,0.9534674102867444
NA,CTDSPL,NM_001008392.2,TRUE,0.369,NA,9,35815616,0.9483886899617237
NA,CTDSPL,NM_001008392.2,TRUE,0.369,NA,11,57634027,0.9899723959213566
NA,CTDSPL,NM_001008392.2,TRUE,0.369,NA,0,30568926,0.8457296823109217
chr3,CTDSPL,ENST00000273179,TRUE,0.369,0,9,35815616,0.9483886899617237
chr3,CTDSPL,ENST00000273179,TRUE,0.369,0,11,57634027,0.9899723959213566
chr3,CTDSPL,ENST00000273179,TRUE,0.369,0,0,30568926,0.8457296823109217
NA,CTDSPL2,NM_016396.3,TRUE,0.184,NA,9,35046975,0.9256080997654031
chr15,CTDSPL2,ENST00000260327,TRUE,0.184,0,9,35046975,0.9256080997654031
NA,CTIF,NM_014772.3,TRUE,0.487,NA,9,33292948,0.860229657982467
chr18,CTIF,ENST00000256413,TRUE,0.487,1,9,33292948,0.860229657982467
NA,CTNNA1,NM_001903.5,TRUE,0.491,NA,1,50709111,0.9400782560089436
chr5,CTNNA1,ENST00000302763,TRUE,0.491,1,1,50709111,0.9400782560089436
NA,CTNNB1,NM_001904.4,TRUE,0.139,NA,1,52224906,0.9545556176634992
NA,CTNNB1,NM_001904.4,TRUE,0.139,NA,15,35608533,0.8913684453951553
NA,CTNNB1,NM_001904.4,TRUE,0.139,NA,11,49055854,0.92563799222579
chr3,CTNNB1,ENST00000349496,TRUE,0.139,0,1,52224906,0.9545556176634992
chr3,CTNNB1,ENST00000349496,TRUE,0.139,0,15,35608533,0.8913684453951553
chr3,CTNNB1,ENST00000349496,TRUE,0.139,0,11,49055854,0.92563799222579
NA,CTPS1,NM_001905.4,TRUE,0.423,NA,15,36982300,0.9546742209631728
chr1,CTPS1,ENST00000650070,TRUE,0.423,1,15,36982300,0.9546742209631728
NA,CTR9,NM_014633.5,TRUE,0.368,NA,1,46692419,0.8856903297931805
chr11,CTR9,ENST00000361367,TRUE,0.368,0,1,46692419,0.8856903297931805
NA,CTTN,NM_005231.4,TRUE,0.48,NA,1,45157840,0.8621017328116266
NA,CTTN,NM_005231.4,TRUE,0.48,NA,0,31061286,0.8740522589134657
chr11,CTTN,ENST00000301843,TRUE,0.48,1,1,45157840,0.8621017328116266
chr11,CTTN,ENST00000301843,TRUE,0.48,1,0,31061286,0.8740522589134657
NA,CUEDC2,NM_024040.3,TRUE,0.457,NA,1,42595206,0.8160983789826719
chr10,CUEDC2,ENST00000369937,TRUE,0.457,1,1,42595206,0.8160983789826719
NA,CUL1,NM_003592.3,TRUE,0.294,NA,11,41041795,0.8156160216325841
chr7,CUL1,ENST00000325222,TRUE,0.294,0,11,41041795,0.8156160216325841
NA,CUL3,NM_003590.5,TRUE,0.365,NA,1,43355388,0.8301844605925098
NA,CUL3,NM_003590.5,TRUE,0.365,NA,9,34649529,0.9125200642054576
NA,CUL3,NM_003590.5,TRUE,0.365,NA,0,32584414,0.9358355786703428
chr2,CUL3,ENST00000264414,TRUE,0.365,0,1,43355388,0.8301844605925098
chr2,CUL3,ENST00000264414,TRUE,0.365,0,9,34649529,0.9125200642054576
chr2,CUL3,ENST00000264414,TRUE,0.365,0,0,32584414,0.9358355786703428
NA,CUX1,NM_181552.4,TRUE,0.277,NA,9,32314487,0.81028522039758
chr7,CUX1,ENST00000292535,TRUE,0.277,0,9,32314487,0.81028522039758
NA,CXXC1,NM_014593.4,TRUE,0.37,NA,15,37274766,0.9627102965832224
NA,CXXC1,NM_014593.4,TRUE,0.37,NA,0,31832288,0.9108966727238548
chr18,CXXC1,ENST00000285106,TRUE,0.37,0,15,37274766,0.9627102965832224
chr18,CXXC1,ENST00000285106,TRUE,0.37,0,0,31832288,0.9108966727238548
NA,CYC1,NM_001916.5,TRUE,0.583,NA,1,55342708,0.978703186137507
NA,CYC1,NM_001916.5,TRUE,0.583,NA,0,33468257,0.9716147628297512
chr8,CYC1,ENST00000318911,TRUE,0.583,1,1,55342708,0.978703186137507
chr8,CYC1,ENST00000318911,TRUE,0.583,1,0,33468257,0.9716147628297512
NA,CYCS,NM_018947.6,TRUE,0.335,NA,1,44996166,0.8595863610955842
NA,CYCS,NM_018947.6,TRUE,0.335,NA,15,36318270,0.9292940972422964
NA,CYCS,NM_018947.6,TRUE,0.335,NA,0,30038089,0.8093238924744658
chr7,CYCS,ENST00000305786,TRUE,0.335,0,1,44996166,0.8595863610955842
chr7,CYCS,ENST00000305786,TRUE,0.335,0,15,36318270,0.9292940972422964
chr7,CYCS,ENST00000305786,TRUE,0.335,0,0,30038089,0.8093238924744658
NA,CYFIP1,NM_014608.6,TRUE,0.44,NA,1,46413659,0.8820011179429849
chr15,CYFIP1,ENST00000617928,TRUE,0.44,1,1,46413659,0.8820011179429849
NA,CYTH2,NM_004228.7,TRUE,0.597,NA,15,34646034,0.8087529629415505
NA,CYTH2,NM_004228.7,TRUE,0.597,NA,11,41511069,0.8244042589149907
NA,CYTH2,NM_004228.7,TRUE,0.597,NA,0,31341685,0.8877749232408045
chr19,CYTH2,ENST00000452733,TRUE,0.597,2,15,34646034,0.8087529629415505
chr19,CYTH2,ENST00000452733,TRUE,0.597,2,11,41511069,0.8244042589149907
chr19,CYTH2,ENST00000452733,TRUE,0.597,2,0,31341685,0.8877749232408045
NA,CYTH3,NM_004227.4,TRUE,0.551,NA,11,45112187,0.8775280265900512
NA,CYTH3,NM_004227.4,TRUE,0.551,NA,0,29912014,0.8000501284541638
chr7,CYTH3,ENST00000350796,TRUE,0.551,1,11,45112187,0.8775280265900512
chr7,CYTH3,ENST00000350796,TRUE,0.551,1,0,29912014,0.8000501284541638
NA,DAAM1,NM_001270520.2,TRUE,0.509,NA,15,37561061,0.9709198126842804
chr14,DAAM1,ENST00000360909,TRUE,0.509,1,15,37561061,0.9709198126842804
NA,DAB2,NM_001343.4,TRUE,0.479,NA,1,58602554,0.9929010620458356
NA,DAB2,NM_001343.4,TRUE,0.479,NA,9,36932083,0.9681442153352264
NA,DAB2,NM_001343.4,TRUE,0.479,NA,0,31332833,0.8872736386991666
chr5,DAB2,ENST00000320816,TRUE,0.479,1,1,58602554,0.9929010620458356
chr5,DAB2,ENST00000320816,TRUE,0.479,1,9,36932083,0.9681442153352264
chr5,DAB2,ENST00000320816,TRUE,0.479,1,0,31332833,0.8872736386991666
NA,DAG1,NM_004393.6,TRUE,0.298,NA,15,35269406,0.8650054922818986
NA,DAG1,NM_004393.6,TRUE,0.298,NA,11,46399782,0.8939214692130021
NA,DAG1,NM_004393.6,TRUE,0.298,NA,0,30630229,0.8496772980763205
chr3,DAG1,ENST00000308775,TRUE,0.298,0,15,35269406,0.8650054922818986
chr3,DAG1,ENST00000308775,TRUE,0.298,0,11,46399782,0.8939214692130021
chr3,DAG1,ENST00000308775,TRUE,0.298,0,0,30630229,0.8496772980763205
NA,DAPK1,NM_004938.4,TRUE,0.383,NA,9,33738612,0.8819607358933201
NA,DAPK1,NM_004938.4,TRUE,0.383,NA,11,50008800,0.9354965917413104
chr9,DAPK1,ENST00000408954,TRUE,0.383,0,9,33738612,0.8819607358933201
chr9,DAPK1,ENST00000408954,TRUE,0.383,0,11,50008800,0.9354965917413104
NA,DAZAP1,NM_018959.4,TRUE,0.236,NA,1,60111680,0.9963107881498044
NA,DAZAP1,NM_018959.4,TRUE,0.236,NA,9,33060859,0.8480676626744043
NA,DAZAP1,NM_018959.4,TRUE,0.236,NA,11,53788126,0.9681144724240888
chr19,DAZAP1,ENST00000233078,TRUE,0.236,0,1,60111680,0.9963107881498044
chr19,DAZAP1,ENST00000233078,TRUE,0.236,0,9,33060859,0.8480676626744043
chr19,DAZAP1,ENST00000233078,TRUE,0.236,0,11,53788126,0.9681144724240888
NA,DAZAP2,NM_014764.4,TRUE,0.457,NA,1,46795560,0.8871436556735607
NA,DAZAP2,NM_014764.4,TRUE,0.457,NA,11,41750053,0.8283476987211988
chr12,DAZAP2,ENST00000412716,TRUE,0.457,1,1,46795560,0.8871436556735607
chr12,DAZAP2,ENST00000412716,TRUE,0.457,1,11,41750053,0.8283476987211988
NA,DAZL,NM_001351.4,TRUE,0.2,NA,15,37905895,0.9790137017979996
chr3,DAZL,ENST00000399444,TRUE,0.2,0,15,37905895,0.9790137017979996
NA,DCAF1,NM_001387579.1,TRUE,0.18,NA,15,36159661,0.9235705613690236
chr3,DCAF1,ENST00000684031,TRUE,0.18,0,15,36159661,0.9235705613690236
NA,DCAF5,NM_003861.3,TRUE,0.191,NA,15,34667753,0.8104873677516332
chr14,DCAF5,ENST00000341516,TRUE,0.191,0,15,34667753,0.8104873677516332
chr1,DCAF6,ENST00000367840,TRUE,0.567,1,9,32977020,0.8447956537844178
chr1,DCAF6,ENST00000367840,TRUE,0.567,1,0,32171048,0.9236167679679178
NA,DCLRE1B,NM_022836.4,TRUE,0.545,NA,0,33249366,0.967040541387305
chr1,DCLRE1B,ENST00000650450,TRUE,0.545,1,0,33249366,0.967040541387305
NA,DCP1A,NM_018403.7,TRUE,0.414,NA,0,31384393,0.8896547402719469
chr3,DCP1A,ENST00000610213,TRUE,0.414,1,0,31384393,0.8896547402719469
NA,DCTN1,NM_004082.5,TRUE,0.448,NA,1,48818072,0.917831190609279
NA,DCTN1,NM_004082.5,TRUE,0.448,NA,15,36890246,0.952361681216396
chr2,DCTN1,ENST00000628224,TRUE,0.448,1,1,48818072,0.917831190609279
chr2,DCTN1,ENST00000628224,TRUE,0.448,1,15,36890246,0.952361681216396
NA,DCTN2,NM_001261413.2,TRUE,0.54,NA,15,35183012,0.8580100595478984
chr12,DCTN2,ENST00000548249,TRUE,0.54,1,15,35183012,0.8580100595478984
NA,DCUN1D1,NM_020640.4,TRUE,0.529,NA,15,36914240,0.9532288836214372
chr3,DCUN1D1,ENST00000292782,TRUE,0.529,1,15,36914240,0.9532288836214372
NA,DCUN1D3,NM_173475.4,TRUE,0.46,NA,15,35764284,0.901717060761982
NA,DCUN1D3,NM_173475.4,TRUE,0.46,NA,0,32831351,0.9501221881070242
chr16,DCUN1D3,ENST00000324344,TRUE,0.46,1,15,35764284,0.901717060761982
chr16,DCUN1D3,ENST00000324344,TRUE,0.46,1,0,32831351,0.9501221881070242
NA,DCUN1D5,NM_032299.4,TRUE,0.443,NA,15,35909774,0.9106781522807424
NA,DCUN1D5,NM_032299.4,TRUE,0.443,NA,11,40683547,0.8091938482339023
NA,DCUN1D5,NM_032299.4,TRUE,0.443,NA,0,33708639,0.9765022871107212
chr11,DCUN1D5,ENST00000260247,TRUE,0.443,1,15,35909774,0.9106781522807424
chr11,DCUN1D5,ENST00000260247,TRUE,0.443,1,11,40683547,0.8091938482339023
chr11,DCUN1D5,ENST00000260247,TRUE,0.443,1,0,33708639,0.9765022871107212
NA,DDA1,NM_024050.6,TRUE,0.455,NA,11,49381567,0.9287927440707566
NA,DDA1,NM_024050.6,TRUE,0.455,NA,0,31180660,0.8800050128454164
chr19,DDA1,ENST00000359866,TRUE,0.455,1,11,49381567,0.9287927440707566
chr19,DDA1,ENST00000359866,TRUE,0.455,1,0,31180660,0.8800050128454164
NA,DDB1,NM_001923.5,TRUE,0.195,NA,15,35459653,0.8791697982309071
NA,DDB1,NM_001923.5,TRUE,0.195,NA,9,34792181,0.91708852944808
NA,DDB1,NM_001923.5,TRUE,0.195,NA,0,35416524,0.9939845855003446
chr11,DDB1,ENST00000301764,TRUE,0.195,0,15,35459653,0.8791697982309071
chr11,DDB1,ENST00000301764,TRUE,0.195,0,9,34792181,0.91708852944808
chr11,DDB1,ENST00000301764,TRUE,0.195,0,0,35416524,0.9939845855003446
NA,DDI2,NM_032341.5,TRUE,0.223,NA,1,45245283,0.8638345444382336
NA,DDI2,NM_032341.5,TRUE,0.223,NA,15,37546685,0.9677400705324622
NA,DDI2,NM_032341.5,TRUE,0.223,NA,11,53409690,0.9647907160159992
NA,DDI2,NM_032341.5,TRUE,0.223,NA,0,32574364,0.9353342941287048
chr1,DDI2,ENST00000480945,TRUE,0.223,0,1,45245283,0.8638345444382336
chr1,DDI2,ENST00000480945,TRUE,0.223,0,15,37546685,0.9677400705324622
chr1,DDI2,ENST00000480945,TRUE,0.223,0,11,53409690,0.9647907160159992
chr1,DDI2,ENST00000480945,TRUE,0.223,0,0,32574364,0.9353342941287048
NA,DDR2,NM_006182.4,TRUE,0.375,NA,0,32831351,0.9501221881070242
chr1,DDR2,ENST00000367921,TRUE,0.375,0,0,32831351,0.9501221881070242
NA,DDX1,NM_004939.3,TRUE,0.33,NA,1,55263243,0.9777529346003354
NA,DDX1,NM_004939.3,TRUE,0.33,NA,0,32848582,0.957516135096184
chr2,DDX1,ENST00000233084,TRUE,0.33,0,1,55263243,0.9777529346003354
chr2,DDX1,ENST00000233084,TRUE,0.33,0,0,32848582,0.957516135096184
NA,DDX17,NM_006386.5,TRUE,0.252,NA,9,33085617,0.8497962711445858
NA,DDX17,NM_006386.5,TRUE,0.252,NA,11,49197909,0.926595684750155
NA,DDX17,NM_006386.5,TRUE,0.252,NA,0,34400151,0.9843975186415188
chr22,DDX17,ENST00000403230,TRUE,0.252,0,9,33085617,0.8497962711445858
chr22,DDX17,ENST00000403230,TRUE,0.252,0,11,49197909,0.926595684750155
chr22,DDX17,ENST00000403230,TRUE,0.252,0,0,34400151,0.9843975186415188
NA,DDX18,NM_006773.4,TRUE,0.496,NA,15,37867381,0.9756027056715038
chr2,DDX18,ENST00000263239,TRUE,0.496,1,15,37867381,0.9756027056715038
NA,DDX19A,NM_018332.5,TRUE,0.36,NA,9,34185876,0.8981355722928757
chr16,DDX19A,ENST00000302243,TRUE,0.36,0,9,34185876,0.8981355722928757
NA,DDX21,NM_004728.4,TRUE,0.29,NA,1,55738085,0.9814980435997764
NA,DDX21,NM_004728.4,TRUE,0.29,NA,15,37880633,0.9760074001271896
NA,DDX21,NM_004728.4,TRUE,0.29,NA,9,32819537,0.837016915668601
NA,DDX21,NM_004728.4,TRUE,0.29,NA,11,53475984,0.9654103994141175
chr10,DDX21,ENST00000354185,TRUE,0.29,0,1,55738085,0.9814980435997764
chr10,DDX21,ENST00000354185,TRUE,0.29,0,15,37880633,0.9760074001271896
chr10,DDX21,ENST00000354185,TRUE,0.29,0,9,32819537,0.837016915668601
chr10,DDX21,ENST00000354185,TRUE,0.29,0,11,53475984,0.9654103994141175
NA,DDX23,NM_004818.3,TRUE,0.412,NA,15,36903136,0.9528820026594208
NA,DDX23,NM_004818.3,TRUE,0.412,NA,11,43094465,0.8495859388203482
chr12,DDX23,ENST00000308025,TRUE,0.412,1,15,36903136,0.9528820026594208
chr12,DDX23,ENST00000308025,TRUE,0.412,1,11,43094465,0.8495859388203482
NA,DDX24,NM_020414.4,TRUE,0.521,NA,1,43646192,0.8356064840693125
NA,DDX24,NM_020414.4,TRUE,0.521,NA,9,34041004,0.8928262748487468
chr14,DDX24,ENST00000621632,TRUE,0.521,1,1,43646192,0.8356064840693125
chr14,DDX24,ENST00000621632,TRUE,0.521,1,9,34041004,0.8928262748487468
NA,DDX27,NM_017895.8,TRUE,0.528,NA,15,35500608,0.8821760999017171
NA,DDX27,NM_017895.8,TRUE,0.528,NA,9,33109550,0.8512161995308063
chr20,DDX27,ENST00000618172,TRUE,0.528,1,15,35500608,0.8821760999017171
chr20,DDX27,ENST00000618172,TRUE,0.528,1,9,33109550,0.8512161995308063
NA,DDX39A,NM_005804.4,TRUE,0.455,NA,11,47666834,0.9106529209621992
NA,DDX39A,NM_005804.4,TRUE,0.455,NA,0,31205634,0.8811955636318065
chr19,DDX39A,ENST00000242776,TRUE,0.455,1,11,47666834,0.9106529209621992
chr19,DDX39A,ENST00000242776,TRUE,0.455,1,0,31205634,0.8811955636318065
NA,DDX42,NM_203499.3,TRUE,0.297,NA,11,41709372,0.827671680468706
NA,DDX42,NM_203499.3,TRUE,0.297,NA,0,31566789,0.8961087787455354
chr17,DDX42,ENST00000389924,TRUE,0.297,0,11,41709372,0.827671680468706
chr17,DDX42,ENST00000389924,TRUE,0.297,0,0,31566789,0.8961087787455354
NA,DDX46,NM_001300860.2,TRUE,0.292,NA,1,45089718,0.8612632755729458
chr5,DDX46,ENST00000452510,TRUE,0.292,0,1,45089718,0.8612632755729458
NA,DDX5,NM_004396.5,TRUE,0.177,NA,1,57933675,0.9908887646730016
NA,DDX5,NM_004396.5,TRUE,0.177,NA,11,40844533,0.8123486000788688
NA,DDX5,NM_004396.5,TRUE,0.177,NA,0,33663863,0.975374396892036
chr17,DDX5,ENST00000225792,TRUE,0.177,0,1,57933675,0.9908887646730016
chr17,DDX5,ENST00000225792,TRUE,0.177,0,11,40844533,0.8123486000788688
chr17,DDX5,ENST00000225792,TRUE,0.177,0,0,33663863,0.975374396892036
NA,DDX6,NM_004397.6,TRUE,0.128,NA,15,37452687,0.9661212927097184
chr11,DDX6,ENST00000534980,TRUE,0.128,0,15,37452687,0.9661212927097184
NA,DEDD,NM_032998.3,TRUE,0.255,NA,11,50178633,0.9375246464987887
chr1,DEDD,ENST00000368006,TRUE,0.255,0,11,50178633,0.9375246464987887
NA,DENND4B,NM_014856.3,TRUE,0.527,NA,15,34771000,0.8206047291437821
chr1,DENND4B,ENST00000361217,TRUE,0.527,1,15,34771000,0.8206047291437821
NA,DENND4C,NM_001330640.2,TRUE,0.59,NA,1,42833880,0.8199552822806037
NA,DENND4C,NM_001330640.2,TRUE,0.59,NA,15,34892953,0.8320228941434931
chr9,DENND4C,ENST00000434457,TRUE,0.59,2,1,42833880,0.8199552822806037
chr9,DENND4C,ENST00000434457,TRUE,0.59,2,15,34892953,0.8320228941434931
NA,DENR,NM_003677.5,TRUE,0.57,NA,15,35898244,0.9101578308377176
NA,DENR,NM_003677.5,TRUE,0.57,NA,11,54903401,0.9761140217452536
chr12,DENR,ENST00000280557,TRUE,0.57,1,15,35898244,0.9101578308377176
chr12,DENR,ENST00000280557,TRUE,0.57,1,11,54903401,0.9761140217452536
NA,DEPDC5,NM_001242896.3,TRUE,0.403,NA,11,46155789,0.8903723733874148
NA,DEPDC5,NM_001242896.3,TRUE,0.403,NA,0,30913187,0.8654677611379159
chr22,DEPDC5,ENST00000651528,TRUE,0.403,1,11,46155789,0.8903723733874148
chr22,DEPDC5,ENST00000651528,TRUE,0.403,1,0,30913187,0.8654677611379159
NA,DGCR8,NM_022720.7,TRUE,0.27,NA,0,32728229,0.94015915784197
chr22,DGCR8,ENST00000351989,TRUE,0.27,0,0,32728229,0.94015915784197
NA,DGKD,NM_152879.3,TRUE,0.547,NA,11,44921658,0.8744296095994591
chr2,DGKD,ENST00000264057,TRUE,0.547,1,11,44921658,0.8744296095994591
NA,DGKZ,NM_201532.3,TRUE,0.494,NA,1,53662332,0.9660704304080492
NA,DGKZ,NM_201532.3,TRUE,0.494,NA,11,40911021,0.8131936228944848
chr11,DGKZ,ENST00000527911,TRUE,0.451,1,1,53662332,0.9660704304080492
chr11,DGKZ,ENST00000527911,TRUE,0.451,1,11,40911021,0.8131936228944848
NA,DHCR24,NM_014762.4,TRUE,0.597,NA,15,35092667,0.8504943053708736
NA,DHCR24,NM_014762.4,TRUE,0.597,NA,11,42015831,0.8324601430905301
NA,DHCR24,NM_014762.4,TRUE,0.597,NA,0,31385557,0.8897800614073563
chr1,DHCR24,ENST00000371269,TRUE,0.597,2,15,35092667,0.8504943053708736
chr1,DHCR24,ENST00000371269,TRUE,0.597,2,11,42015831,0.8324601430905301
chr1,DHCR24,ENST00000371269,TRUE,0.597,2,0,31385557,0.8897800614073563
NA,DHDDS,NM_205861.3,TRUE,0.536,NA,1,41910362,0.8022917831190609
chr1,DHDDS,ENST00000236342,TRUE,0.536,1,1,41910362,0.8022917831190609
NA,DHX15,NM_001358.3,TRUE,0.156,NA,1,46705355,0.8858580212409167
NA,DHX15,NM_001358.3,TRUE,0.156,NA,11,53730794,0.967438454171596
chr4,DHX15,ENST00000336812,TRUE,0.156,0,1,46705355,0.8858580212409167
chr4,DHX15,ENST00000336812,TRUE,0.156,0,11,53730794,0.967438454171596
NA,DHX30,NM_138615.3,TRUE,0.08,NA,15,36993217,0.9551945424061976
NA,DHX30,NM_138615.3,TRUE,0.08,NA,11,44133987,0.8637823221226973
NA,DHX30,NM_138615.3,TRUE,0.08,NA,0,31264408,0.8833260229337678
chr3,DHX30,ENST00000445061,TRUE,0.08,0,15,36993217,0.9551945424061976
chr3,DHX30,ENST00000445061,TRUE,0.08,0,11,44133987,0.8637823221226973
chr3,DHX30,ENST00000445061,TRUE,0.08,0,0,31264408,0.8833260229337678
NA,DHX36,NM_020865.3,TRUE,0.401,NA,1,51713420,0.9501397428731134
NA,DHX36,NM_020865.3,TRUE,0.401,NA,11,53764483,0.9677764632978424
NA,DHX36,NM_020865.3,TRUE,0.401,NA,0,30255095,0.8242371075881948
chr3,DHX36,ENST00000496811,TRUE,0.401,1,1,51713420,0.9501397428731134
chr3,DHX36,ENST00000496811,TRUE,0.401,1,11,53764483,0.9677764632978424
chr3,DHX36,ENST00000496811,TRUE,0.401,1,0,30255095,0.8242371075881948
NA,DHX37,NM_032656.4,TRUE,0.518,NA,1,46121355,0.8779206260480715
NA,DHX37,NM_032656.4,TRUE,0.518,NA,15,37170960,0.9602821298491068
chr12,DHX37,ENST00000308736,TRUE,0.518,1,1,46121355,0.8779206260480715
chr12,DHX37,ENST00000308736,TRUE,0.518,1,15,37170960,0.9602821298491068
NA,DHX8,NM_004941.3,TRUE,0.554,NA,1,48550623,0.9140301844605924
NA,DHX8,NM_004941.3,TRUE,0.554,NA,9,34841675,0.9187554019014692
NA,DHX8,NM_004941.3,TRUE,0.554,NA,11,40443333,0.805081403864571
chr17,DHX8,ENST00000262415,TRUE,0.554,1,1,48550623,0.9140301844605924
chr17,DHX8,ENST00000262415,TRUE,0.554,1,9,34841675,0.9187554019014692
chr17,DHX8,ENST00000262415,TRUE,0.554,1,11,40443333,0.805081403864571
NA,DIAPH1,NM_005219.5,TRUE,0.367,NA,1,54262467,0.9708775852431526
NA,DIAPH1,NM_005219.5,TRUE,0.367,NA,15,36797088,0.949644447013933
chr5,DIAPH1,ENST00000389054,TRUE,0.367,0,1,54262467,0.9708775852431526
chr5,DIAPH1,ENST00000389054,TRUE,0.367,0,15,36797088,0.949644447013933
NA,DICER1,NM_177438.3,TRUE,0.275,NA,11,44834551,0.8731339079488479
chr14,DICER1,ENST00000343455,TRUE,0.275,0,11,44834551,0.8731339079488479
NA,DIP2C,NM_014974.3,TRUE,0.235,NA,15,35091231,0.8503208648898652
chr10,DIP2C,ENST00000280886,TRUE,0.235,0,15,35091231,0.8503208648898652
NA,DIS3L2,NM_152383.5,TRUE,0.468,NA,9,35496247,0.9370909988887516
chr2,DIS3L2,ENST00000325385,TRUE,0.468,1,9,35496247,0.9370909988887516
NA,DLC1,NM_182643.3,TRUE,0.474,NA,1,51801159,0.9507546115148128
NA,DLC1,NM_182643.3,TRUE,0.474,NA,9,32588062,0.8246697123101617
NA,DLC1,NM_182643.3,TRUE,0.474,NA,11,50934136,0.944284829023717
chr8,DLC1,ENST00000276297,TRUE,0.474,1,1,51801159,0.9507546115148128
chr8,DLC1,ENST00000276297,TRUE,0.474,1,9,32588062,0.8246697123101617
chr8,DLC1,ENST00000276297,TRUE,0.474,1,11,50934136,0.944284829023717
NA,DLG1,NM_001366207.1,TRUE,0.491,NA,1,43472102,0.8322526551145891
NA,DLG1,NM_001366207.1,TRUE,0.491,NA,15,35850627,0.9071515291669076
chr3,DLG1,ENST00000667157,TRUE,0.491,1,1,43472102,0.8322526551145891
chr3,DLG1,ENST00000667157,TRUE,0.491,1,15,35850627,0.9071515291669076
NA,DLG2,NM_001142699.3,TRUE,0.444,NA,15,35611643,0.891599699369833
chr11,DLG2,ENST00000376104,TRUE,0.444,1,15,35611643,0.891599699369833
NA,DLG5,NM_004747.4,TRUE,0.333,NA,9,38010835,0.982713915298185
chr10,DLG5,ENST00000372391,TRUE,0.333,0,9,38010835,0.982713915298185
NA,DLGAP2,NM_001346810.2,TRUE,0.425,NA,11,43139069,0.8501492873640921
chr8,DLGAP2,ENST00000637795,TRUE,0.425,1,11,43139069,0.8501492873640921
NA,DLGAP4,NM_001365621.2,TRUE,0.331,NA,1,47085214,0.8916713247624372
NA,DLGAP4,NM_001365621.2,TRUE,0.331,NA,11,51470225,0.9487916173736692
NA,DLGAP4,NM_001365621.2,TRUE,0.331,NA,0,31775494,0.9092048373958268
chr20,DLGAP4,ENST00000339266,TRUE,0.331,0,1,47085214,0.8916713247624372
chr20,DLGAP4,ENST00000339266,TRUE,0.331,0,11,51470225,0.9487916173736692
chr20,DLGAP4,ENST00000339266,TRUE,0.331,0,0,31775494,0.9092048373958268
NA,DLST,NM_001933.5,TRUE,0.489,NA,1,54125274,0.9697037451089996
NA,DLST,NM_001933.5,TRUE,0.489,NA,9,32594245,0.8250401284109149
NA,DLST,NM_001933.5,TRUE,0.489,NA,11,44374503,0.8671624133851614
chr14,DLST,ENST00000334220,TRUE,0.489,1,1,54125274,0.9697037451089996
chr14,DLST,ENST00000334220,TRUE,0.489,1,9,32594245,0.8250401284109149
chr14,DLST,ENST00000334220,TRUE,0.489,1,11,44374503,0.8671624133851614
NA,DLX3,NM_005220.3,TRUE,0.559,NA,15,35640667,0.8933341041799155
NA,DLX3,NM_005220.3,TRUE,0.559,NA,11,40578063,0.8069404540589262
NA,DLX3,NM_005220.3,TRUE,0.559,NA,0,31220295,0.8818221693088539
chr17,DLX3,ENST00000434704,TRUE,0.559,1,15,35640667,0.8933341041799155
chr17,DLX3,ENST00000434704,TRUE,0.559,1,11,40578063,0.8069404540589262
chr17,DLX3,ENST00000434704,TRUE,0.559,1,0,31220295,0.8818221693088539
NA,DLX5,NM_005221.6,TRUE,0.498,NA,11,51238359,0.9469325671793138
chr7,DLX5,ENST00000648378,TRUE,0.498,1,11,51238359,0.9469325671793138
NA,DLX6,NM_005222.4,TRUE,0.379,NA,1,42961029,0.8224706539966462
NA,DLX6,NM_005222.4,TRUE,0.379,NA,11,45030040,0.8761196552306912
chr7,DLX6,ENST00000518156,TRUE,0.379,0,1,42961029,0.8224706539966462
chr7,DLX6,ENST00000518156,TRUE,0.379,0,11,45030040,0.8761196552306912
NA,DMTF1,NM_001142327.2,TRUE,0.539,NA,9,35845784,0.9493764662303988
NA,DMTF1,NM_001142327.2,TRUE,0.539,NA,0,31404517,0.8902813459489943
chr7,DMTF1,ENST00000331242,TRUE,0.539,1,9,35845784,0.9493764662303988
chr7,DMTF1,ENST00000331242,TRUE,0.539,1,0,31404517,0.8902813459489943
NA,DNAJB12,NM_017626.7,TRUE,0.509,NA,11,41295861,0.8201228099825362
chr10,DNAJB12,ENST00000444643,TRUE,0.509,1,11,41295861,0.8201228099825362
NA,DNAJB5,NM_001349724.2,TRUE,0.499,NA,15,35598512,0.8901254552812626
NA,DNAJC11,NM_018198.4,TRUE,0.282,NA,1,48766152,0.9170486305198436
NA,DNAJC11,NM_018198.4,TRUE,0.282,NA,11,53589101,0.9661427525209848
chr1,DNAJC11,ENST00000377577,TRUE,0.282,0,1,48766152,0.9170486305198436
chr1,DNAJC11,ENST00000377577,TRUE,0.282,0,11,53589101,0.9661427525209848
NA,DNAJC13,NM_015268.4,TRUE,0.267,NA,15,35085512,0.8496271029658322
NA,DNAJC13,NM_015268.4,TRUE,0.267,NA,9,35900832,0.9505494505494504
chr3,DNAJC13,ENST00000260818,TRUE,0.267,0,15,35085512,0.8496271029658322
chr3,DNAJC13,ENST00000260818,TRUE,0.267,0,9,35900832,0.9505494505494504
NA,DNAJC14,NM_001394689.1,TRUE,0.272,NA,1,48078643,0.9076020122973728
NA,DNAJC14,NM_001394689.1,TRUE,0.272,NA,15,35149551,0.8554662658264439
NA,DNAJC14,NM_001394689.1,TRUE,0.272,NA,11,54000966,0.9697481832009464
chr12,DNAJC14,ENST00000678005,TRUE,0.272,0,1,48078643,0.9076020122973728
chr12,DNAJC14,ENST00000678005,TRUE,0.272,0,15,35149551,0.8554662658264439
chr12,DNAJC14,ENST00000678005,TRUE,0.272,0,11,54000966,0.9697481832009464
NA,DNAJC2,NM_014377.3,TRUE,0.466,NA,1,50622639,0.9390721073225266
chr7,DNAJC2,ENST00000379263,TRUE,0.466,1,1,50622639,0.9390721073225266
NA,DNAJC5,NM_025219.3,TRUE,0.205,NA,1,47372405,0.8961430967020682
NA,DNAJC5,NM_025219.3,TRUE,0.205,NA,15,34878380,0.8307799040296006
chr20,DNAJC5,ENST00000360864,TRUE,0.205,0,1,47372405,0.8961430967020682
chr20,DNAJC5,ENST00000360864,TRUE,0.205,0,15,34878380,0.8307799040296006
NA,DNAJC6,NM_001256864.2,TRUE,0.416,NA,9,35223561,0.931226077293493
NA,DNAJC6,NM_001256864.2,TRUE,0.416,NA,11,41394732,0.8218691904681427
chr1,DNAJC6,ENST00000371069,TRUE,0.416,1,9,35223561,0.931226077293493
chr1,DNAJC6,ENST00000371069,TRUE,0.416,1,11,41394732,0.8218691904681427
NA,DNAJC7,NM_003315.4,TRUE,0.389,NA,1,42144995,0.8071548351034097
chr17,DNAJC7,ENST00000457167,TRUE,0.389,0,1,42144995,0.8071548351034097
NA,DNM1L,NM_012062.5,TRUE,0.506,NA,1,43212800,0.8271101173840134
NA,DNM1L,NM_012062.5,TRUE,0.506,NA,11,45106234,0.8773026871725537
chr12,DNM1L,ENST00000549701,TRUE,0.506,1,1,43212800,0.8271101173840134
chr12,DNM1L,ENST00000549701,TRUE,0.506,1,11,45106234,0.8773026871725537
NA,DNMT1,NM_001130823.3,TRUE,0.15,NA,1,49641688,0.9273896031302404
NA,DNMT1,NM_001130823.3,TRUE,0.15,NA,15,34916076,0.8340174596750881
NA,DNMT1,NM_001130823.3,TRUE,0.15,NA,9,37641589,0.9763551055685888
chr19,DNMT1,ENST00000359526,TRUE,0.15,0,1,49641688,0.9273896031302404
chr19,DNMT1,ENST00000359526,TRUE,0.15,0,15,34916076,0.8340174596750881
chr19,DNMT1,ENST00000359526,TRUE,0.15,0,9,37641589,0.9763551055685888
NA,DNMT3B,NM_006892.4,TRUE,0.396,NA,1,55793595,0.982001117942985
NA,DNMT3B,NM_006892.4,TRUE,0.396,NA,9,34792652,0.9171502654648722
chr20,DNMT3B,ENST00000328111,TRUE,0.396,0,1,55793595,0.982001117942985
chr20,DNMT3B,ENST00000328111,TRUE,0.396,0,9,34792652,0.9171502654648722
NA,DOCK7,NM_001367561.1,TRUE,0.551,NA,9,33438221,0.867452771947154
chr1,DOCK7,ENST00000635253,TRUE,0.551,1,9,33438221,0.867452771947154
NA,DOCK9,NM_001366683.2,TRUE,0.425,NA,9,35047287,0.9256698357821952
NA,DOCK9,NM_001366683.2,TRUE,0.425,NA,11,58988574,0.9952678722325504
chr13,DOCK9,ENST00000682017,TRUE,0.425,1,9,35047287,0.9256698357821952
chr13,DOCK9,ENST00000682017,TRUE,0.425,1,11,58988574,0.9952678722325504
NA,DOT1L,NM_032482.3,TRUE,0.321,NA,15,35887834,0.9093484419263456
NA,DOT1L,NM_032482.3,TRUE,0.321,NA,9,37827526,0.981479194962341
NA,DOT1L,NM_032482.3,TRUE,0.321,NA,0,36883360,0.998308164671972
chr19,DOT1L,ENST00000398665,TRUE,0.321,0,15,35887834,0.9093484419263456
chr19,DOT1L,ENST00000398665,TRUE,0.321,0,9,37827526,0.981479194962341
chr19,DOT1L,ENST00000398665,TRUE,0.321,0,0,36883360,0.998308164671972
NA,DPF2,NM_006268.5,TRUE,0.287,NA,1,42733214,0.818278367803242
NA,DPF2,NM_006268.5,TRUE,0.287,NA,15,37093779,0.9581430305833382
NA,DPF2,NM_006268.5,TRUE,0.287,NA,11,45926285,0.8874429609599459
chr11,DPF2,ENST00000528416,TRUE,0.287,0,1,42733214,0.818278367803242
chr11,DPF2,ENST00000528416,TRUE,0.287,0,15,37093779,0.9581430305833382
chr11,DPF2,ENST00000528416,TRUE,0.287,0,11,45926285,0.8874429609599459
NA,DPF3,NM_001280542.3,TRUE,0.491,NA,15,35604234,0.8911371914204775
NA,DPF3,NM_001280542.3,TRUE,0.491,NA,9,36008183,0.95221632300284
chr14,DPF3,ENST00000556509,TRUE,0.491,1,15,35604234,0.8911371914204775
chr14,DPF3,ENST00000556509,TRUE,0.491,1,9,36008183,0.95221632300284
NA,DPP8,NM_130434.5,TRUE,0.368,NA,11,41546410,0.8249112726043604
chr15,DPP8,ENST00000300141,TRUE,0.368,0,11,41546410,0.8249112726043604
NA,DPYSL3,NM_001197294.2,TRUE,0.391,NA,9,39230757,0.9917891097666378
chr5,DPYSL3,ENST00000343218,TRUE,0.391,0,9,39230757,0.9917891097666378
NA,DROSHA,NM_001382508.1,TRUE,0.39,NA,1,43393104,0.8307993292342091
chr5,DROSHA,ENST00000344624,TRUE,0.39,0,1,43393104,0.8307993292342091
NA,DSCAML1,NM_020693.4,TRUE,0.253,NA,9,36076061,0.953821459439437
chr11,DSCAML1,ENST00000651296,TRUE,0.253,0,9,36076061,0.953821459439437
NA,DSP,NM_004415.4,TRUE,0.443,NA,1,46231108,0.8796534376746786
NA,DSP,NM_004415.4,TRUE,0.443,NA,15,35116856,0.8524021506619645
NA,DSP,NM_004415.4,TRUE,0.443,NA,11,46512163,0.8949354965917413
chr6,DSP,ENST00000379802,TRUE,0.443,1,1,46231108,0.8796534376746786
chr6,DSP,ENST00000379802,TRUE,0.443,1,15,35116856,0.8524021506619645
chr6,DSP,ENST00000379802,TRUE,0.443,1,11,46512163,0.8949354965917413
NA,DSTYK,NM_015375.3,TRUE,0.445,NA,9,37677944,0.9770342017533028
chr1,DSTYK,ENST00000367162,TRUE,0.445,1,9,37677944,0.9770342017533028
NA,DUSP16,NM_030640.3,TRUE,0.502,NA,9,34379337,0.9042474379553032
NA,DUSP16,NM_030640.3,TRUE,0.502,NA,11,40706709,0.8095318573601488
chr12,DUSP16,ENST00000298573,TRUE,0.502,1,9,34379337,0.9042474379553032
chr12,DUSP16,ENST00000298573,TRUE,0.502,1,11,40706709,0.8095318573601488
NA,DUSP6,NM_001946.4,TRUE,0.45,NA,1,46613670,0.8841811067635551
NA,DUSP6,NM_001946.4,TRUE,0.45,NA,15,34583545,0.8024512921315835
chr12,DUSP6,ENST00000279488,TRUE,0.45,1,1,46613670,0.8841811067635551
chr12,DUSP6,ENST00000279488,TRUE,0.45,1,15,34583545,0.8024512921315835
NA,DUSP7,NM_001947.4,TRUE,0.547,NA,15,36911747,0.9531710701277678
chr3,DUSP7,ENST00000495880,TRUE,0.547,1,15,36911747,0.9531710701277678
NA,DVL3,NM_004423.4,TRUE,0.536,NA,1,53200891,0.961989938513136
NA,DVL3,NM_004423.4,TRUE,0.536,NA,11,48182702,0.9159483972733932
chr3,DVL3,ENST00000313143,TRUE,0.536,1,1,53200891,0.961989938513136
chr3,DVL3,ENST00000313143,TRUE,0.536,1,11,48182702,0.9159483972733932
NA,DYNC1H1,NM_001376.5,TRUE,0.117,NA,9,32877874,0.83973330040745775
NA,DYNC1H1,NM_001376.5,TRUE,0.117,NA,0,32582701,0.9356475969672284
chr14,DYNC1H1,ENST00000360184,TRUE,0.117,0,9,32877874,0.83973330040745775
chr14,DYNC1H1,ENST00000360184,TRUE,0.117,0,0,32582701,0.9356475969672284
NA,DYNC1LI1,NM_016141.4,TRUE,0.502,NA,0,30423556,0.8350147252334106
chr3,DYNC1LI1,ENST00000273130,TRUE,0.502,1,0,30423556,0.8350147252334106
NA,DYNC1LI2,NM_006141.3,TRUE,0.474,NA,1,44726552,0.8547792062604808
NA,DYNC1LI2,NM_006141.3,TRUE,0.474,NA,15,34555229,0.8001387523848066
NA,DYNC1LI2,NM_006141.3,TRUE,0.474,NA,9,32763855,0.8334979627114458
chr16,DYNC1LI2,ENST00000258198,TRUE,0.474,1,1,44726552,0.8547792062604808
chr16,DYNC1LI2,ENST00000258198,TRUE,0.474,1,15,34555229,0.8001387523848066
chr16,DYNC1LI2,ENST00000258198,TRUE,0.474,1,9,32763855,0.8334979627114458
NA,DYNLL2,NM_080677.3,TRUE,0.462,NA,1,44492758,0.8510340972610397
NA,DYNLL2,NM_080677.3,TRUE,0.462,NA,9,32496257,0.820348191134708
NA,DYNLL2,NM_080677.3,TRUE,0.462,NA,11,57216381,0.9883950199988732
NA,DYNLL2,NM_080677.3,TRUE,0.462,NA,0,32098784,0.9209223635566138
chr17,DYNLL2,ENST00000579991,TRUE,0.462,1,1,44492758,0.8510340972610397
chr17,DYNLL2,ENST00000579991,TRUE,0.462,1,9,32496257,0.820348191134708
chr17,DYNLL2,ENST00000579991,TRUE,0.462,1,11,57216381,0.9883950199988732
chr17,DYNLL2,ENST00000579991,TRUE,0.462,1,0,32098784,0.9209223635566138
NA,E2F1,NM_005225.3,TRUE,0.399,NA,1,43910843,0.8406931246506428
NA,E2F1,NM_005225.3,TRUE,0.399,NA,0,30750693,0.8564446393884328
chr20,E2F1,ENST00000343380,TRUE,0.399,0,1,43910843,0.8406931246506428
chr20,E2F1,ENST00000343380,TRUE,0.399,0,0,30750693,0.8564446393884328
NA,E2F3,NM_001949.5,TRUE,0.393,NA,15,35560983,0.8863386714459155
NA,E2F3,NM_001949.5,TRUE,0.393,NA,11,43349884,0.8528533603740635
chr6,E2F3,ENST00000346618,TRUE,0.393,0,15,35560983,0.8863386714459155
chr6,E2F3,ENST00000346618,TRUE,0.393,0,11,43349884,0.8528533603740635
NA,E2F7,NM_203394.3,TRUE,0.58,NA,0,32007755,0.9181652985776052
chr12,E2F7,ENST00000322886,TRUE,0.58,1,0,32007755,0.9181652985776052
NA,E2F8,NM_024680.4,TRUE,0.539,NA,9,34847089,0.919002345968638
chr11,E2F8,ENST00000250024,TRUE,0.539,1,9,34847089,0.919002345968638
NA,EBF2,NM_022659.4,TRUE,0.394,NA,15,41663929,0.996097589177314
chr8,EBF2,ENST00000520164,TRUE,0.394,0,15,41663929,0.996097589177314
NA,EBF3,NM_001375380.1,TRUE,0.353,NA,15,38764726,0.9893334104179916
chr10,EBF3,ENST00000440978,TRUE,0.353,0,15,38764726,0.9893334104179916
NA,ECPAS,NM_001364929.1,TRUE,0.316,NA,15,34935431,0.8352315430421461
chr9,ECPAS,ENST00000684092,TRUE,0.316,0,15,34935431,0.8352315430421461
NA,EDF1,NM_003792.4,TRUE,0.497,NA,15,38537242,0.9867607099497022
NA,EDF1,NM_003792.4,TRUE,0.497,NA,9,33389593,0.8650450672922583
NA,EDF1,NM_003792.4,TRUE,0.497,NA,0,32195246,0.9241180525095556
chr9,EDF1,ENST00000224073,TRUE,0.497,1,15,38537242,0.9867607099497022
chr9,EDF1,ENST00000224073,TRUE,0.497,1,9,33389593,0.8650450672922583
chr9,EDF1,ENST00000224073,TRUE,0.497,1,0,32195246,0.9241180525095556
NA,EDNRB,NM_001122659.3,TRUE,0.585,NA,1,44216761,0.8458915595304639
NA,EDNRB,NM_001122659.3,TRUE,0.585,NA,11,43366951,0.8533040392090586
NA,EDNRB,NM_001122659.3,TRUE,0.585,NA,0,31004927,0.8706059276897049
chr13,EDNRB,ENST00000646607,TRUE,0.585,2,1,44216761,0.8458915595304639
chr13,EDNRB,ENST00000646607,TRUE,0.585,2,11,43366951,0.8533040392090586
chr13,EDNRB,ENST00000646607,TRUE,0.585,2,0,31004927,0.8706059276897049
NA,EDRF1,NM_001202438.2,TRUE,0.53,NA,15,35860829,0.907614037116263
chr10,EDRF1,ENST00000356792,TRUE,0.53,1,15,35860829,0.907614037116263
NA,EED,NM_003797.5,TRUE,0.41,NA,0,34285309,0.9833322889905384
chr11,EED,ENST00000263360,TRUE,0.41,1,0,34285309,0.9833322889905384
NA,EEF1A1,NM_001402.6,TRUE,0.126,NA,15,38429630,0.9859513210383304
NA,EEF1A1,NM_001402.6,TRUE,0.126,NA,9,33099982,0.8504136313125077
chr6,EEF1A1,ENST00000309268,TRUE,0.126,0,15,38429630,0.9859513210383304
chr6,EEF1A1,ENST00000309268,TRUE,0.126,0,9,33099982,0.8504136313125077
NA,EEF1A2,NM_001958.5,TRUE,0.314,NA,15,41663929,0.996097589177314
chr20,EEF1A2,ENST00000217182,TRUE,0.314,0,15,41663929,0.996097589177314
NA,EEF1G,NM_001404.5,TRUE,0.397,NA,1,46199870,0.8790385690329793
NA,EEF1G,NM_001404.5,TRUE,0.397,NA,9,34075861,0.8943079392517594
NA,EEF1G,NM_001404.5,TRUE,0.397,NA,11,52155009,0.9553264604810996
chr11,EEF1G,ENST00000329251,TRUE,0.397,0,1,46199870,0.8790385690329793
chr11,EEF1G,ENST00000329251,TRUE,0.397,0,9,34075861,0.8943079392517594
chr11,EEF1G,ENST00000329251,TRUE,0.397,0,11,52155009,0.9553264604810996
NA,EEF2,NM_001961.4,TRUE,0.39,NA,15,34946337,0.8363878129155344
NA,EEF2,NM_001961.4,TRUE,0.39,NA,9,39027288,0.9893814051117422
NA,EEF2,NM_001961.4,TRUE,0.39,NA,11,50192755,0.937693651061912
NA,EEF2,NM_001961.4,TRUE,0.39,NA,0,34551630,0.9859013722664328
chr19,EEF2,ENST00000309311,TRUE,0.39,0,15,34946337,0.8363878129155344
chr19,EEF2,ENST00000309311,TRUE,0.39,0,9,39027288,0.9893814051117422
chr19,EEF2,ENST00000309311,TRUE,0.39,0,11,50192755,0.937693651061912
chr19,EEF2,ENST00000309311,TRUE,0.39,0,0,34551630,0.9859013722664328
NA,EEPD1,NM_030636.3,TRUE,0.561,NA,11,44844526,0.8733029125119711
chr7,EEPD1,ENST00000242108,TRUE,0.561,1,11,44844526,0.8733029125119711
NA,EFEMP1,NM_001039348.3,TRUE,0.373,NA,1,45236161,0.8636668529904975
chr2,EFEMP1,ENST00000355426,TRUE,0.373,0,1,45236161,0.8636668529904975
NA,EFNA1,NM_004428.3,TRUE,0.59,NA,0,29978285,0.805376276709067
chr1,EFNA1,ENST00000368407,TRUE,0.59,2,0,29978285,0.805376276709067
NA,EFNB2,NM_004093.4,TRUE,0.261,NA,1,42920132,0.8218557853549469
chr13,EFNB2,ENST00000646441,TRUE,0.261,0,1,42920132,0.8218557853549469
NA,EFTUD2,NM_004247.4,TRUE,0.145,NA,1,43975536,0.8418110676355506
chr17,EFTUD2,ENST00000426333,TRUE,0.145,0,1,43975536,0.8418110676355506
NA,EGLN2,NM_080732.4,TRUE,0.582,NA,11,45199086,0.8787110585319137
chr19,EGLN2,ENST00000303961,TRUE,0.582,1,11,45199086,0.8787110585319137
NA,EGR2,NM_000399.5,TRUE,0.401,NA,15,36381317,0.9335433890269988
chr10,EGR2,ENST00000242480,TRUE,0.401,1,15,36381317,0.9335433890269988
NA,EHMT1,NM_024757.5,TRUE,0.159,NA,9,34930682,0.9222126188418324
NA,EHMT1,NM_024757.5,TRUE,0.159,NA,0,32811851,0.9425402594147504
chr9,EHMT1,ENST00000460843,TRUE,0.159,0,9,34930682,0.9222126188418324
chr9,EHMT1,ENST00000460843,TRUE,0.159,0,0,32811851,0.9425402594147504
NA,EHMT2,NM_025256.7,TRUE,0.49,NA,15,36731753,0.9472162802798172
NA,EHMT2,NM_025256.7,TRUE,0.49,NA,0,33053019,0.9622156776740396
chr6,EHMT2,ENST00000375537,TRUE,0.492,1,15,36731753,0.9472162802798172
chr6,EHMT2,ENST00000375537,TRUE,0.492,1,0,33053019,0.9622156776740396
NA,EIF2B3,NM_020365.5,TRUE,0.522,NA,1,54505860,0.9722750139742872
chr1,EIF2B3,ENST00000360403,TRUE,0.522,1,1,54505860,0.9722750139742872
NA,EIF2B5,NM_003907.3,TRUE,0.544,NA,1,44249031,0.8467300167691447
NA,EIF2B5,NM_003907.3,TRUE,0.544,NA,11,47065524,0.9027660413497832
chr3,EIF2B5,ENST00000648915,TRUE,0.544,1,1,44249031,0.8467300167691447
chr3,EIF2B5,ENST00000648915,TRUE,0.544,1,11,47065524,0.9027660413497832
NA,EIF2S1,NM_004094.5,TRUE,0.268,NA,1,51089030,0.943599776411403
NA,EIF2S1,NM_004094.5,TRUE,0.268,NA,15,36325862,0.9296409782043128
NA,EIF2S1,NM_004094.5,TRUE,0.268,NA,11,43960826,0.8618106022195933
chr14,EIF2S1,ENST00000256383,TRUE,0.268,0,1,51089030,0.943599776411403
chr14,EIF2S1,ENST00000256383,TRUE,0.268,0,15,36325862,0.9296409782043128
chr14,EIF2S1,ENST00000256383,TRUE,0.268,0,11,43960826,0.8618106022195933
NA,EIF2S2,NM_003908.5,TRUE,0.261,NA,15,36472112,0.9384864427357346
NA,EIF2S2,NM_003908.5,TRUE,0.261,NA,9,37138735,0.9699345598222002
NA,EIF2S2,NM_003908.5,TRUE,0.261,NA,11,50471886,0.9404540589262576
chr20,EIF2S2,ENST00000374980,TRUE,0.261,0,15,36472112,0.9384864427357346
chr20,EIF2S2,ENST00000374980,TRUE,0.261,0,9,37138735,0.9699345598222002
chr20,EIF2S2,ENST00000374980,TRUE,0.261,0,11,50471886,0.9404540589262576
NA,EIF3A,NM_003750.4,TRUE,0.18,NA,1,49771685,0.9292342090553382
NA,EIF3A,NM_003750.4,TRUE,0.18,NA,11,61335071,0.9993803166018816
NA,EIF3A,NM_003750.4,TRUE,0.18,NA,0,30337063,0.8296259164108026
chr10,EIF3A,ENST00000369144,TRUE,0.18,0,1,49771685,0.9292342090553382
chr10,EIF3A,ENST00000369144,TRUE,0.18,0,11,61335071,0.9993803166018816
chr10,EIF3A,ENST00000369144,TRUE,0.18,0,0,30337063,0.8296259164108026
NA,EIF3B,NM_001037283.2,TRUE,0.107,NA,1,62407975,0.9992174399105646
NA,EIF3B,NM_001037283.2,TRUE,0.107,NA,11,55775107,0.980902484367078
chr7,EIF3B,ENST00000360876,TRUE,0.107,0,1,62407975,0.9992174399105646
chr7,EIF3B,ENST00000360876,TRUE,0.107,0,11,55775107,0.980902484367078
NA,EIF3D,NM_003753.4,TRUE,0.191,NA,15,36474597,0.9386020697230734
NA,EIF3D,NM_003753.4,TRUE,0.191,NA,9,32704152,0.8307815779725892
NA,EIF3D,NM_003753.4,TRUE,0.191,NA,11,47454147,0.907667173680356
NA,EIF3D,NM_003753.4,TRUE,0.191,NA,0,34111044,0.9812644902562816
chr22,EIF3D,ENST00000216190,TRUE,0.191,0,15,36474597,0.9386020697230734
chr22,EIF3D,ENST00000216190,TRUE,0.191,0,9,32704152,0.8307815779725892
chr22,EIF3D,ENST00000216190,TRUE,0.191,0,11,47454147,0.907667173680356
chr22,EIF3D,ENST00000216190,TRUE,0.191,0,0,34111044,0.9812644902562816
NA,EIF3F,NM_003754.3,TRUE,0.46,NA,15,37677977,0.9728854714690408
chr11,EIF3F,ENST00000651655,TRUE,0.46,1,15,37677977,0.9728854714690408
NA,EIF3G,NM_003755.5,TRUE,0.408,NA,15,36534473,0.9408567959761808
NA,EIF3G,NM_003755.5,TRUE,0.408,NA,11,46139158,0.8900906991155428
NA,EIF3G,NM_003755.5,TRUE,0.408,NA,0,34083138,0.980951187417758
chr19,EIF3G,ENST00000253108,TRUE,0.408,1,15,36534473,0.9408567959761808
chr19,EIF3G,ENST00000253108,TRUE,0.408,1,11,46139158,0.8900906991155428
chr19,EIF3G,ENST00000253108,TRUE,0.408,1,0,34083138,0.980951187417758
NA,EIF3L,NM_016091.4,TRUE,0.585,NA,1,54782701,0.9747344885410844
NA,EIF3L,NM_016091.4,TRUE,0.585,NA,15,36629908,0.9439787246343296
NA,EIF3L,NM_016091.4,TRUE,0.585,NA,9,32778177,0.8342387949129522
NA,EIF3L,NM_016091.4,TRUE,0.585,NA,11,51416773,0.9481719339755508
chr22,EIF3L,ENST00000652021,TRUE,0.585,2,1,54782701,0.9747344885410844
chr22,EIF3L,ENST00000652021,TRUE,0.585,2,15,36629908,0.9439787246343296
chr22,EIF3L,ENST00000652021,TRUE,0.585,2,9,32778177,0.8342387949129522
chr22,EIF3L,ENST00000652021,TRUE,0.585,2,11,51416773,0.9481719339755508
NA,EIF4A2,NM_001967.4,TRUE,0.298,NA,15,37300760,0.9634040585072556
NA,EIF4A2,NM_001967.4,TRUE,0.298,NA,0,31573441,0.8962967604486497
chr3,EIF4A2,ENST00000323963,TRUE,0.298,0,15,37300760,0.9634040585072556
chr3,EIF4A2,ENST00000323963,TRUE,0.298,0,0,31573441,0.8962967604486497
NA,EIF4A3,NM_014740.4,TRUE,0.084,NA,1,57515020,0.989770821688094
NA,EIF4A3,NM_014740.4,TRUE,0.084,NA,15,34601911,0.804706018384691
NA,EIF4A3,NM_014740.4,TRUE,0.084,NA,0,30857605,0.8623347327526787
chr17,EIF4A3,ENST00000649764,TRUE,0.084,0,1,57515020,0.989770821688094
chr17,EIF4A3,ENST00000649764,TRUE,0.084,0,15,34601911,0.804706018384691
chr17,EIF4A3,ENST00000649764,TRUE,0.084,0,0,30857605,0.8623347327526787
NA,EIF4E,NM_001968.5,TRUE,0.09,NA,1,45093317,0.8613191727221912
NA,EIF4E,NM_001968.5,TRUE,0.09,NA,15,36095282,0.9205642596982136
NA,EIF4E,NM_001968.5,TRUE,0.09,NA,0,32839282,0.9570775111222508
chr4,EIF4E,ENST00000450253,TRUE,0.09,0,1,45093317,0.8613191727221912
chr4,EIF4E,ENST00000450253,TRUE,0.09,0,15,36095282,0.9205642596982136
chr4,EIF4E,ENST00000450253,TRUE,0.09,0,0,32839282,0.9570775111222508
NA,EIF4G1,NM_198241.3,TRUE,0.048,NA,15,34740209,0.8175406139793028
chr3,EIF4G1,ENST00000346169,TRUE,0.048,0,15,34740209,0.8175406139793028
NA,EIF4G2,NM_001418.4,TRUE,0.117,NA,1,60891049,0.9973728339854668
NA,EIF4G2,NM_001418.4,TRUE,0.117,NA,15,37109387,0.958663352026363
NA,EIF4G2,NM_001418.4,TRUE,0.117,NA,9,33397997,0.865600691443388
NA,EIF4G2,NM_001418.4,TRUE,0.117,NA,11,55564022,0.9801137964058364
chr11,EIF4G2,ENST00000339995,TRUE,0.117,0,1,60891049,0.9973728339854668
chr11,EIF4G2,ENST00000339995,TRUE,0.117,0,15,37109387,0.958663352026363
chr11,EIF4G2,ENST00000339995,TRUE,0.117,0,9,33397997,0.865600691443388
chr11,EIF4G2,ENST00000339995,TRUE,0.117,0,11,55564022,0.9801137964058364
chr1,EIF4G3,ENST00000602326,TRUE,0.213,0,1,49788419,0.9294577976523196
chr1,EIF4G3,ENST00000602326,TRUE,0.213,0,9,36371153,0.95882207679960485
NA,EIF4H,NM_022170.2,TRUE,0.507,NA,15,37813679,0.9751401977221484
NA,EIF4H,NM_022170.2,TRUE,0.507,NA,9,32412961,0.8161501419928386
NA,EIF4H,NM_022170.2,TRUE,0.507,NA,0,37065170,0.9986841280782004
chr7,EIF4H,ENST00000265753,TRUE,0.507,1,15,37813679,0.9751401977221484
chr7,EIF4H,ENST00000265753,TRUE,0.507,1,9,32412961,0.8161501419928386
chr7,EIF4H,ENST00000265753,TRUE,0.507,1,0,37065170,0.9986841280782004
NA,EIF5,NM_001969.5,TRUE,0.347,NA,15,35564205,0.8865699254205932
NA,EIF5,NM_001969.5,TRUE,0.347,NA,9,36402724,0.9593777009507348
NA,EIF5,NM_001969.5,TRUE,0.347,NA,0,30805427,0.8597656494767842
chr14,EIF5,ENST00000216554,TRUE,0.347,0,15,35564205,0.8865699254205932
chr14,EIF5,ENST00000216554,TRUE,0.347,0,9,36402724,0.9593777009507348
chr14,EIF5,ENST00000216554,TRUE,0.347,0,0,30805427,0.8597656494767842
NA,EIF5A,NM_001970.5,TRUE,0.278,NA,1,54926322,0.9754052543320292
NA,EIF5A,NM_001970.5,TRUE,0.278,NA,9,39478466,0.9944437584887024
NA,EIF5A,NM_001970.5,TRUE,0.278,NA,11,51249133,0.9469889020336882
NA,EIF5A,NM_001970.5,TRUE,0.278,NA,0,30118288,0.8147127012970737
chr17,EIF5A,ENST00000336458,TRUE,0.278,0,1,54926322,0.9754052543320292
chr17,EIF5A,ENST00000336458,TRUE,0.278,0,9,39478466,0.9944437584887024
chr17,EIF5A,ENST00000336458,TRUE,0.278,0,11,51249133,0.9469889020336882
chr17,EIF5A,ENST00000336458,TRUE,0.278,0,0,30118288,0.8147127012970737
NA,EIF5B,NM_015904.4,TRUE,0.382,NA,1,48673928,0.9159865846841811
NA,EIF5B,NM_015904.4,TRUE,0.382,NA,15,38548923,0.98699196392438
NA,EIF5B,NM_015904.4,TRUE,0.382,NA,9,34953759,0.9230151870601307
NA,EIF5B,NM_015904.4,TRUE,0.382,NA,11,59188101,0.996056560193792
chr2,EIF5B,ENST00000289371,TRUE,0.382,0,1,48673928,0.9159865846841811
chr2,EIF5B,ENST00000289371,TRUE,0.382,0,15,38548923,0.98699196392438
chr2,EIF5B,ENST00000289371,TRUE,0.382,0,9,34953759,0.9230151870601307
chr2,EIF5B,ENST00000289371,TRUE,0.382,0,11,59188101,0.996056560193792
NA,ELAVL1,NM_001419.3,TRUE,0.158,NA,1,44166292,0.8452207937395193
NA,ELAVL1,NM_001419.3,TRUE,0.158,NA,11,44556251,0.8692468029970143
NA,ELAVL1,NM_001419.3,TRUE,0.158,NA,0,32539875,0.9343943856131336
chr19,ELAVL1,ENST00000407627,TRUE,0.158,0,1,44166292,0.8452207937395193
chr19,ELAVL1,ENST00000407627,TRUE,0.158,0,11,44556251,0.8692468029970143
chr19,ELAVL1,ENST00000407627,TRUE,0.158,0,0,32539875,0.9343943856131336
NA,ELF2,NM_201999.3,TRUE,0.275,NA,9,33719971,0.8809729596246451
chr4,ELF2,ENST00000686138,TRUE,0.271,0,9,33719971,0.8809729596246451
NA,ELL,NM_006532.4,TRUE,0.466,NA,9,33033477,0.8474503025064822
NA,ELL,NM_006532.4,TRUE,0.466,NA,11,45832016,0.8859219198918371
chr19,ELL,ENST00000262809,TRUE,0.466,1,9,33033477,0.8474503025064822
chr19,ELL,ENST00000262809,TRUE,0.466,1,11,45832016,0.8859219198918371
NA,ELMO1,NM_014800.11,TRUE,0.343,NA,15,34597380,0.8041278834479968
NA,ELMO1,NM_014800.11,TRUE,0.343,NA,0,30774011,0.857885832445642
chr7,ELMO1,ENST00000310758,TRUE,0.343,0,15,34597380,0.8041278834479968
chr7,ELMO1,ENST00000310758,TRUE,0.343,0,0,30774011,0.857885832445642
NA,ELMO2,NM_133171.5,TRUE,0.486,NA,15,35041611,0.8461582933456668
chr20,ELMO2,ENST00000290246,TRUE,0.486,1,15,35041611,0.8461582933456668
NA,ELOA,NM_003198.3,TRUE,0.285,NA,11,47155848,0.9041180778547688
chr1,ELOA,ENST00000613537,TRUE,0.285,0,11,47155848,0.9041180778547688
NA,ELOC,NM_005648.4,TRUE,0.304,NA,15,35223167,0.8605538532693531
NA,ELOC,NM_005648.4,TRUE,0.304,NA,11,46817213,0.8983155878542054
NA,ELOC,NM_005648.4,TRUE,0.304,NA,0,29945998,0.8029951751362867
chr8,ELOC,ENST00000520242,TRUE,0.304,0,15,35223167,0.8605538532693531
chr8,ELOC,ENST00000520242,TRUE,0.304,0,11,46817213,0.8983155878542054
chr8,ELOC,ENST00000520242,TRUE,0.304,0,0,29945998,0.8029951751362867
NA,ELOVL1,NM_022821.4,TRUE,0.427,NA,11,48886625,0.9236099374683115
NA,ELOVL1,NM_022821.4,TRUE,0.427,NA,0,31025837,0.8718591390437997
chr1,ELOVL1,ENST00000372458,TRUE,0.427,1,11,48886625,0.9236099374683115
chr1,ELOVL1,ENST00000372458,TRUE,0.427,1,0,31025837,0.8718591390437997
NA,ELOVL5,NM_021814.5,TRUE,0.405,NA,9,34888460,0.9204840103716508
NA,ELOVL5,NM_021814.5,TRUE,0.405,NA,11,51919772,0.9531857360148724
NA,ELOVL5,NM_021814.5,TRUE,0.405,NA,0,31672396,0.90475593708879
chr6,ELOVL5,ENST00000304434,TRUE,0.405,1,9,34888460,0.9204840103716508
chr6,ELOVL5,ENST00000304434,TRUE,0.405,1,11,51919772,0.9531857360148724
chr6,ELOVL5,ENST00000304434,TRUE,0.405,1,0,31672396,0.90475593708879
NA,ELOVL6,NM_024090.3,TRUE,0.428,NA,1,43460378,0.8318613750698715
chr4,ELOVL6,ENST00000302274,TRUE,0.428,1,1,43460378,0.8318613750698715
chr3,EMC3,ENST00000245046,TRUE,0.548,1,15,36085937,0.9201595652425276
chr3,EMC3,ENST00000245046,TRUE,0.548,1,11,54989623,0.9765083657258746
NA,EMC7,NM_020154.3,TRUE,0.375,NA,11,54391562,0.9726212607740408
NA,EMC7,NM_020154.3,TRUE,0.375,NA,0,33413522,0.9708628360172944
chr15,EMC7,ENST00000256545,TRUE,0.375,0,11,54391562,0.9726212607740408
chr15,EMC7,ENST00000256545,TRUE,0.375,0,0,33413522,0.9708628360172944
NA,EML1,NM_004434.3,TRUE,0.36,NA,15,41724149,0.9974562062785454
chr14,EML1,ENST00000262233,TRUE,0.36,0,15,41724149,0.9974562062785454
chr11,EMSY,ENST00000334736,TRUE,0.262,0,0,30310479,0.8276207782442508
NA,ENAH,NM_001377483.1,TRUE,0.437,NA,1,59306989,0.9946338736724428
NA,ENAH,NM_001377483.1,TRUE,0.437,NA,15,35319457,0.8687633693704111
NA,ENAH,NM_001377483.1,TRUE,0.437,NA,11,50859665,0.943890485043096
NA,ENAH,NM_001377483.1,TRUE,0.437,NA,0,31201947,0.8810075819286923
chr1,ENAH,ENST00000366843,TRUE,0.423,1,1,59306989,0.9946338736724428
chr1,ENAH,ENST00000366843,TRUE,0.423,1,15,35319457,0.8687633693704111
chr1,ENAH,ENST00000366843,TRUE,0.423,1,11,50859665,0.943890485043096
chr1,ENAH,ENST00000366843,TRUE,0.423,1,0,31201947,0.8810075819286923
NA,ENO2,NM_001975.3,TRUE,0.542,NA,9,32752128,0.8328806025435239
chr12,ENO2,ENST00000229277,TRUE,0.542,1,9,32752128,0.8328806025435239
NA,EP300,NM_001429.4,TRUE,0.164,NA,1,44584089,0.8521520402459475
NA,EP300,NM_001429.4,TRUE,0.164,NA,15,35617015,0.8920043938255189
NA,EP300,NM_001429.4,TRUE,0.164,NA,9,36559861,0.9624645017903444
chr22,EP300,ENST00000263253,TRUE,0.164,0,1,44584089,0.8521520402459475
chr22,EP300,ENST00000263253,TRUE,0.164,0,15,35617015,0.8920043938255189
chr22,EP300,ENST00000263253,TRUE,0.164,0,9,36559861,0.9624645017903444
NA,EP400,NM_015409.5,TRUE,0.365,NA,1,42834182,0.820011179429849
NA,EP400,NM_015409.5,TRUE,0.365,NA,9,35470181,0.9362884306704532
chr12,EP400,ENST00000389561,TRUE,0.365,0,1,42834182,0.820011179429849
chr12,EP400,ENST00000389561,TRUE,0.365,0,9,35470181,0.9362884306704532
NA,EPAS1,NM_001430.5,TRUE,0.366,NA,9,32966793,0.844240029633288
NA,EPAS1,NM_001430.5,TRUE,0.366,NA,11,41513982,0.8244605937693651
NA,EPAS1,NM_001430.5,TRUE,0.366,NA,0,30419143,0.8347014223948869
chr2,EPAS1,ENST00000263734,TRUE,0.366,0,9,32966793,0.844240029633288
chr2,EPAS1,ENST00000263734,TRUE,0.366,0,11,41513982,0.8244605937693651
chr2,EPAS1,ENST00000263734,TRUE,0.366,0,0,30419143,0.8347014223948869
NA,EPB41L1,NM_012156.2,TRUE,0.386,NA,1,43558082,0.8335941866964784
chr20,EPB41L1,ENST00000338074,TRUE,0.386,0,1,43558082,0.8335941866964784
NA,EPB41L3,NM_012307.5,TRUE,0.562,NA,1,53673056,0.96618222470654
NA,EPB41L3,NM_012307.5,TRUE,0.562,NA,11,48355605,0.917751112613374
chr18,EPB41L3,ENST00000341928,TRUE,0.562,1,1,53673056,0.96618222470654
chr18,EPB41L3,ENST00000341928,TRUE,0.562,1,11,48355605,0.917751112613374
NA,EPC2,NM_015630.4,TRUE,0.203,NA,11,42504669,0.8409667061010647
chr2,EPC2,ENST00000258484,TRUE,0.203,0,11,42504669,0.8409667061010647
NA,EPS15L1,NM_001258374.3,TRUE,0.453,NA,11,44977645,0.8754999718325728
NA,EPS15L1,NM_001258374.3,TRUE,0.453,NA,0,30294732,0.8266808697286797
chr19,EPS15L1,ENST00000455140,TRUE,0.453,1,11,44977645,0.8754999718325728
chr19,EPS15L1,ENST00000455140,TRUE,0.453,1,0,30294732,0.8266808697286797
NA,EPS8,NM_004447.6,TRUE,0.443,NA,9,33146217,0.8531917520681566
NA,EPS8,NM_004447.6,TRUE,0.443,NA,0,32680388,0.9390939281909894
chr12,EPS8,ENST00000281172,TRUE,0.443,1,9,33146217,0.8531917520681566
chr12,EPS8,ENST00000281172,TRUE,0.443,1,0,32680388,0.9390939281909894
NA,ERBB2,NM_004448.4,TRUE,0.518,NA,15,34585914,0.8028559865872694
chr17,ERBB2,ENST00000269571,TRUE,0.518,1,15,34585914,0.8028559865872694
NA,ERBIN,NM_001253697.2,TRUE,0.526,NA,1,43682541,0.8359977641140302
NA,ERBIN,NM_001253697.2,TRUE,0.526,NA,9,34456807,0.9071490307445365
NA,ERBIN,NM_001253697.2,TRUE,0.526,NA,11,53366505,0.9646780463072504
chr5,ERBIN,ENST00000284037,TRUE,0.526,1,1,43682541,0.8359977641140302
chr5,ERBIN,ENST00000284037,TRUE,0.526,1,9,34456807,0.9071490307445365
chr5,ERBIN,ENST00000284037,TRUE,0.526,1,11,53366505,0.9646780463072504
NA,ERC1,NM_178040.4,TRUE,0.503,NA,9,38966633,0.9889492529941968
NA,ERC1,NM_178040.4,TRUE,0.503,NA,11,43916424,0.8611909188214748
chr12,ERC1,ENST00000360905,TRUE,0.503,1,9,38966633,0.9889492529941968
chr12,ERC1,ENST00000360905,TRUE,0.503,1,11,43916424,0.8611909188214748
NA,ERH,NM_004450.3,TRUE,0.43,NA,1,57969026,0.990944661822247
NA,ERH,NM_004450.3,TRUE,0.43,NA,15,35135087,0.8539053014973695
NA,ERH,NM_004450.3,TRUE,0.43,NA,0,35629538,0.9949871545836204
chr14,ERH,ENST00000557016,TRUE,0.43,1,1,57969026,0.990944661822247
chr14,ERH,ENST00000557016,TRUE,0.43,1,15,35135087,0.8539053014973695
chr14,ERH,ENST00000557016,TRUE,0.43,1,0,35629538,0.9949871545836204
NA,ESCO1,NM_052911.3,TRUE,0.511,NA,15,35518380,0.8836214372434527
chr18,ESCO1,ENST00000269214,TRUE,0.511,1,15,35518380,0.8836214372434527
NA,ESPL1,NM_012291.5,TRUE,0.292,NA,9,32393055,0.8151623657241635
chr12,ESPL1,ENST00000257934,TRUE,0.292,0,9,32393055,0.8151623657241635
NA,ESRP1,NM_017697.4,TRUE,0.445,NA,1,45393408,0.8652878703186138
NA,ESRP1,NM_017697.4,TRUE,0.445,NA,9,34896091,0.9209161624891962
chr8,ESRP1,ENST00000433389,TRUE,0.445,1,1,45393408,0.8652878703186138
chr8,ESRP1,ENST00000433389,TRUE,0.445,1,9,34896091,0.9209161624891962
NA,ESRRA,NM_004451.5,TRUE,0.458,NA,0,30632020,0.8498026192117301
chr11,ESRRA,ENST00000000442,TRUE,0.458,1,0,30632020,0.8498026192117301
NA,ESRRB,NM_001379180.1,TRUE,0.56,NA,1,47184251,0.8929010620458356
chr14,ESRRB,ENST00000644823,TRUE,0.56,1,1,47184251,0.8929010620458356
NA,ETNK1,NM_018638.5,TRUE,0.369,NA,15,34848364,0.82783141585246
NA,ETNK1,NM_018638.5,TRUE,0.369,NA,9,36562513,0.9625262378071366
NA,ETNK1,NM_018638.5,TRUE,0.369,NA,11,43875366,0.8606275702777308
NA,ETNK1,NM_018638.5,TRUE,0.369,NA,0,30819801,0.8605175762892412
chr12,ETNK1,ENST00000266517,TRUE,0.369,0,15,34848364,0.82783141585246
chr12,ETNK1,ENST00000266517,TRUE,0.369,0,9,36562513,0.9625262378071366
chr12,ETNK1,ENST00000266517,TRUE,0.369,0,11,43875366,0.8606275702777308
chr12,ETNK1,ENST00000266517,TRUE,0.369,0,0,30819801,0.8605175762892412
NA,ETS2,NM_005239.6,TRUE,0.434,NA,15,36558879,0.9417239983812222
NA,ETS2,NM_005239.6,TRUE,0.434,NA,11,46833111,0.8984845924173286
chr21,ETS2,ENST00000360938,TRUE,0.434,1,15,36558879,0.9417239983812222
chr21,ETS2,ENST00000360938,TRUE,0.434,1,11,46833111,0.8984845924173286
NA,ETV3,NM_001145312.3,TRUE,0.447,NA,1,52758599,0.9585802124091672
NA,ETV3,NM_001145312.3,TRUE,0.447,NA,15,34752608,0.818928137827369
NA,ETV3,NM_001145312.3,TRUE,0.447,NA,9,34774104,0.916471169280158
NA,ETV3,NM_001145312.3,TRUE,0.447,NA,0,30902100,0.8645905131900495
chr1,ETV3,ENST00000368192,TRUE,0.447,1,1,52758599,0.9585802124091672
chr1,ETV3,ENST00000368192,TRUE,0.447,1,15,34752608,0.818928137827369
chr1,ETV3,ENST00000368192,TRUE,0.447,1,9,34774104,0.916471169280158
chr1,ETV3,ENST00000368192,TRUE,0.447,1,0,30902100,0.8645905131900495
NA,ETV6,NM_001987.5,TRUE,0.44,NA,9,34642010,0.9122113841214964
chr12,ETV6,ENST00000396373,TRUE,0.44,1,9,34642010,0.9122113841214964
NA,EVI5L,NM_001159944.3,TRUE,0.523,NA,0,32831351,0.9501221881070242
chr19,EVI5L,ENST00000538904,TRUE,0.523,1,0,32831351,0.9501221881070242
NA,EVL,NM_016337.3,TRUE,0.501,NA,9,33725616,0.8812199036918138
chr14,EVL,ENST00000392920,TRUE,0.501,1,9,33725616,0.8812199036918138
NA,EWSR1,NM_005243.4,TRUE,0.249,NA,1,47421826,0.8968697596422582
NA,EWSR1,NM_005243.4,TRUE,0.249,NA,15,37069420,0.957564895646644
NA,EWSR1,NM_005243.4,TRUE,0.249,NA,11,57093650,0.987662666892006
NA,EWSR1,NM_005243.4,TRUE,0.249,NA,0,32642229,0.9379033774045992
chr22,EWSR1,ENST00000397938,TRUE,0.249,0,1,47421826,0.8968697596422582
chr22,EWSR1,ENST00000397938,TRUE,0.249,0,15,37069420,0.957564895646644
chr22,EWSR1,ENST00000397938,TRUE,0.249,0,11,57093650,0.987662666892006
chr22,EWSR1,ENST00000397938,TRUE,0.249,0,0,32642229,0.9379033774045992
NA,EXOC3,NM_007277.5,TRUE,0.475,NA,1,48642286,0.9156512017887088
NA,EXOC3,NM_007277.5,TRUE,0.475,NA,11,46698346,0.8969072164948454
chr5,EXOC3,ENST00000512944,TRUE,0.475,1,1,48642286,0.9156512017887088
chr5,EXOC3,ENST00000512944,TRUE,0.475,1,11,46698346,0.8969072164948454
NA,EXOC5,NM_006544.4,TRUE,0.48,NA,11,48029766,0.9145963607684074
chr14,EXOC5,ENST00000621441,TRUE,0.48,1,11,48029766,0.9145963607684074
NA,EXT1,NM_000127.3,TRUE,0.339,NA,9,38584241,0.9870354364736388
chr8,EXT1,ENST00000378204,TRUE,0.339,0,9,38584241,0.9870354364736388
NA,EZH2,NM_004456.5,TRUE,0.272,NA,9,32894576,0.8410297567600938
chr7,EZH2,ENST00000320356,TRUE,0.272,0,9,32894576,0.8410297567600938
NA,FADS1,NM_013402.7,TRUE,0.428,NA,15,39014564,0.9916170434179338
NA,FADS1,NM_013402.7,TRUE,0.428,NA,0,36634431,0.9979322012657434
chr11,FADS1,ENST00000350997,TRUE,0.428,1,15,39014564,0.9916170434179338
chr11,FADS1,ENST00000350997,TRUE,0.428,1,0,36634431,0.9979322012657434
NA,FADS2,NM_004265.4,TRUE,0.415,NA,1,44588608,0.8524315259921744
NA,FADS2,NM_004265.4,TRUE,0.415,NA,0,31292916,0.8849551976940911
chr11,FADS2,ENST00000278840,TRUE,0.415,1,1,44588608,0.8524315259921744
chr11,FADS2,ENST00000278840,TRUE,0.415,1,0,31292916,0.8849551976940911
NA,FAF1,NM_007051.3,TRUE,0.45,NA,1,49438008,0.9247065399664616
NA,FAF1,NM_007051.3,TRUE,0.45,NA,11,45527808,0.882823502901245
chr1,FAF1,ENST00000396153,TRUE,0.45,1,1,49438008,0.9247065399664616
chr1,FAF1,ENST00000396153,TRUE,0.45,1,11,45527808,0.882823502901245
NA,FAF2,NM_014613.3,TRUE,0.276,NA,15,37598887,0.9717292015956523
NA,FAF2,NM_014613.3,TRUE,0.276,NA,11,49338730,0.9280603909638894
chr5,FAF2,ENST00000261942,TRUE,0.276,0,15,37598887,0.9717292015956523
chr5,FAF2,ENST00000261942,TRUE,0.276,0,11,49338730,0.9280603909638894
NA,FAM110B,NM_147189.4,TRUE,0.566,NA,1,43090837,0.8246506428172163
chr8,FAM110B,ENST00000519262,TRUE,0.566,1,1,43090837,0.8246506428172163
NA,FAM120A,NM_014612.5,TRUE,0.222,NA,1,54708967,0.9738960313024037
NA,FAM120A,NM_014612.5,TRUE,0.222,NA,15,35281406,0.8659305081806093
NA,FAM120A,NM_014612.5,TRUE,0.222,NA,9,32972138,0.844548709717249
NA,FAM120A,NM_014612.5,TRUE,0.222,NA,11,59866984,0.997464931553152
chr9,FAM120A,ENST00000277165,TRUE,0.222,0,1,54708967,0.9738960313024037
chr9,FAM120A,ENST00000277165,TRUE,0.222,0,15,35281406,0.8659305081806093
chr9,FAM120A,ENST00000277165,TRUE,0.222,0,9,32972138,0.844548709717249
chr9,FAM120A,ENST00000277165,TRUE,0.222,0,11,59866984,0.997464931553152
NA,FAM126B,NM_001321623.1,TRUE,0.574,NA,9,34815052,0.9179528336831708
chr2,FAM126B,ENST00000681958,TRUE,0.574,1,9,34815052,0.9179528336831708
chr5,FAM13B,ENST00000689681,TRUE,0.586,2,1,47706872,0.9015651201788708
NA,FAM168A,NM_015159.3,TRUE,0.256,NA,0,30563046,0.8451657372015791
chr11,FAM168A,ENST00000356467,TRUE,0.256,0,0,30563046,0.8451657372015791
NA,FAM193A,NM_001366318.2,TRUE,0.271,NA,15,36412068,0.9362895299762964
chr4,FAM193A,ENST00000637812,TRUE,0.271,0,15,36412068,0.9362895299762964
NA,FAM53C,NM_016605.3,TRUE,0.463,NA,0,30807058,0.859828310044489
chr5,FAM53C,ENST00000239906,TRUE,0.463,1,0,30807058,0.859828310044489
NA,FAR1,NM_032228.6,TRUE,0.595,NA,1,44094913,0.8437674678591391
NA,FAR1,NM_032228.6,TRUE,0.595,NA,9,34135572,0.896036547721941
NA,FAR1,NM_032228.6,TRUE,0.595,NA,0,30474638,0.8390250015665142
chr11,FAR1,ENST00000354817,TRUE,0.595,2,1,44094913,0.8437674678591391
chr11,FAR1,ENST00000354817,TRUE,0.595,2,9,34135572,0.896036547721941
chr11,FAR1,ENST00000354817,TRUE,0.595,2,0,30474638,0.8390250015665142
NA,FASN,NM_004104.5,TRUE,0.284,NA,1,52235456,0.9546115148127444
NA,FASN,NM_004104.5,TRUE,0.284,NA,11,45777584,0.8853022364937186
NA,FASN,NM_004104.5,TRUE,0.284,NA,0,34297627,0.9835829312613572
chr17,FASN,ENST00000306749,TRUE,0.284,0,1,52235456,0.9546115148127444
chr17,FASN,ENST00000306749,TRUE,0.284,0,11,45777584,0.8853022364937186
chr17,FASN,ENST00000306749,TRUE,0.284,0,0,34297627,0.9835829312613572
NA,FAT1,NM_005245.4,TRUE,0.571,NA,1,43704693,0.836556735606484
NA,FAT1,NM_005245.4,TRUE,0.571,NA,15,35266318,0.8647164248135515
chr4,FAT1,ENST00000441802,TRUE,0.571,1,1,43704693,0.836556735606484
chr4,FAT1,ENST00000441802,TRUE,0.571,1,15,35266318,0.8647164248135515
NA,FAT2,NM_001447.3,TRUE,0.554,NA,0,32831351,0.9501221881070242
chr5,FAT2,ENST00000261800,TRUE,0.554,1,0,32831351,0.9501221881070242
NA,FAT3,NM_001367949.2,TRUE,0.347,NA,15,41663929,0.996097589177314
NA,FAT3,NM_001367949.2,TRUE,0.347,NA,0,32831351,0.9501221881070242
chr11,FAT3,ENST00000525166,TRUE,0.347,0,15,41663929,0.996097589177314
chr11,FAT3,ENST00000525166,TRUE,0.347,0,0,32831351,0.9501221881070242
NA,FAU,NM_001997.5,TRUE,0.196,NA,15,36353051,0.9310863155460484
chr11,FAU,ENST00000529639,TRUE,0.196,0,15,36353051,0.9310863155460484
NA,FAXC,NM_032511.4,TRUE,0.329,NA,15,35106305,0.8517372954847662
chr6,FAXC,ENST00000389677,TRUE,0.329,0,15,35106305,0.8517372954847662
NA,FBL,NM_001436.4,TRUE,0.409,NA,11,55724660,0.9806771449495804
NA,FBL,NM_001436.4,TRUE,0.409,NA,0,30155922,0.8177830691146062
chr19,FBL,ENST00000221801,TRUE,0.409,1,11,55724660,0.9806771449495804
chr19,FBL,ENST00000221801,TRUE,0.409,1,0,30155922,0.8177830691146062
NA,FBLN1,NM_006486.3,TRUE,0.497,NA,1,46856474,0.8880939072107322
NA,FBLN1,NM_006486.3,TRUE,0.497,NA,11,40590102,0.8069967889133006
NA,FBLN1,NM_006486.3,TRUE,0.497,NA,0,30205101,0.8211040792029576
chr22,FBLN1,ENST00000327858,TRUE,0.497,1,1,46856474,0.8880939072107322
chr22,FBLN1,ENST00000327858,TRUE,0.497,1,11,40590102,0.8069967889133006
chr22,FBLN1,ENST00000327858,TRUE,0.497,1,0,30205101,0.8211040792029576
NA,FBRS,NM_001105079.3,TRUE,0.354,NA,1,52019551,0.9532699832308552
chr16,FBRS,ENST00000356166,TRUE,0.354,0,1,52019551,0.9532699832308552
NA,FBXL16,NM_153350.4,TRUE,0.544,NA,9,33808592,0.8846153846153846
chr16,FBXL16,ENST00000397621,TRUE,0.544,1,9,33808592,0.8846153846153846
NA,FBXL5,NM_012161.4,TRUE,0.442,NA,1,53904731,0.9678032420346564
chr4,FBXL5,ENST00000341285,TRUE,0.442,1,1,53904731,0.9678032420346564
NA,FBXO30,NM_032145.5,TRUE,0.499,NA,9,35721900,0.9460427213236202
NA,FBXO30,NM_032145.5,TRUE,0.499,NA,11,41983066,0.8318967945467861
NA,FBXO30,NM_032145.5,TRUE,0.499,NA,0,35699665,0.9951751362867348
chr6,FBXO30,ENST00000237281,TRUE,0.499,1,9,35721900,0.9460427213236202
chr6,FBXO30,ENST00000237281,TRUE,0.499,1,11,41983066,0.8318967945467861
chr6,FBXO30,ENST00000237281,TRUE,0.499,1,0,35699665,0.9951751362867348
NA,FBXO38,NM_205836.3,TRUE,0.539,NA,0,30659449,0.8511184911335297
chr5,FBXO38,ENST00000340253,TRUE,0.539,1,0,30659449,0.8511184911335297
NA,FBXO42,NM_018994.3,TRUE,0.271,NA,9,33130732,0.8521422397826892
chr1,FBXO42,ENST00000375592,TRUE,0.271,0,9,33130732,0.8521422397826892
NA,FBXO43,NM_001029860.4,TRUE,0.454,NA,1,48864014,0.9185019564002236
chr8,FBXO43,ENST00000428847,TRUE,0.454,1,1,48864014,0.9185019564002236
NA,FBXO45,NM_001105573.2,TRUE,0.395,NA,11,48300480,0.9174131034871276
chr3,FBXO45,ENST00000311630,TRUE,0.395,0,11,48300480,0.9174131034871276
NA,FBXO5,NM_012177.5,TRUE,0.362,NA,1,48611401,0.9154276131917272
NA,FBXO5,NM_012177.5,TRUE,0.362,NA,9,36169943,0.9555500679096184
chr6,FBXO5,ENST00000229758,TRUE,0.362,0,1,48611401,0.9154276131917272
chr6,FBXO5,ENST00000229758,TRUE,0.362,0,9,36169943,0.9555500679096184
NA,FBXW11,NM_001378974.1,TRUE,0.354,NA,15,35492828,0.8816557784586923
NA,FBXW11,NM_001378974.1,TRUE,0.354,NA,9,34554060,0.9099271515001852
NA,FBXW11,NM_001378974.1,TRUE,0.354,NA,11,40430450,0.8048560644470734
NA,FBXW11,NM_001378974.1,TRUE,0.354,NA,0,32017239,0.9183532802807194
chr5,FBXW11,ENST00000517395,TRUE,0.354,0,15,35492828,0.8816557784586923
chr5,FBXW11,ENST00000517395,TRUE,0.354,0,9,34554060,0.9099271515001852
chr5,FBXW11,ENST00000517395,TRUE,0.354,0,11,40430450,0.8048560644470734
chr5,FBXW11,ENST00000517395,TRUE,0.354,0,0,32017239,0.9183532802807194
NA,FBXW2,NM_012164.4,TRUE,0.423,NA,11,47423219,0.9071601599909864
chr9,FBXW2,ENST00000608872,TRUE,0.423,1,11,47423219,0.9071601599909864
NA,FBXW7,NM_001349798.2,TRUE,0.181,NA,15,36592786,0.9427646412672718
NA,FBXW7,NM_001349798.2,TRUE,0.181,NA,9,37805910,0.9786393381899
chr4,FBXW7,ENST00000281708,TRUE,0.181,0,15,36592786,0.9427646412672718
chr4,FBXW7,ENST00000281708,TRUE,0.181,0,9,37805910,0.9786393381899
chr19,FCHO1,ENST00000596536,TRUE,0.499,1,9,35663671,0.9423694283244846
NA,FEM1B,NM_015322.5,TRUE,0.42,NA,1,45507329,0.8669647847959754
NA,FEM1B,NM_015322.5,TRUE,0.42,NA,11,46400686,0.8939778040673765
NA,FEM1B,NM_015322.5,TRUE,0.42,NA,0,35791254,0.9957390813960776
chr15,FEM1B,ENST00000306917,TRUE,0.42,1,1,45507329,0.8669647847959754
chr15,FEM1B,ENST00000306917,TRUE,0.42,1,11,46400686,0.8939778040673765
chr15,FEM1B,ENST00000306917,TRUE,0.42,1,0,35791254,0.9957390813960776
NA,FEM1C,NM_020177.3,TRUE,0.585,NA,0,33062318,0.9625289805125634
chr5,FEM1C,ENST00000274457,TRUE,0.585,2,0,33062318,0.9625289805125634
NA,FGF18,NM_003862.3,TRUE,0.477,NA,11,40326005,0.8031660188158414
chr5,FGF18,ENST00000274625,TRUE,0.477,1,11,40326005,0.8031660188158414
NA,FGF9,NM_002010.3,TRUE,0.418,NA,0,32831351,0.9501221881070242
chr13,FGF9,ENST00000382353,TRUE,0.418,1,0,32831351,0.9501221881070242
NA,FGFR2,NM_000141.5,TRUE,0.278,NA,15,35283622,0.8662195756489565
NA,FGFR2,NM_000141.5,TRUE,0.278,NA,0,32834780,0.9568895294191364
chr10,FGFR2,ENST00000358487,TRUE,0.278,0,15,35283622,0.8662195756489565
chr10,FGFR2,ENST00000358487,TRUE,0.278,0,0,32834780,0.9568895294191364
NA,FGFR3,NM_000142.5,TRUE,0.458,NA,1,60466366,0.9968697596422582
NA,FGFR3,NM_000142.5,TRUE,0.458,NA,9,35480540,0.936597110754414
NA,FGFR3,NM_000142.5,TRUE,0.458,NA,11,54187303,0.9710438848515576
chr4,FGFR3,ENST00000440486,TRUE,0.458,1,1,60466366,0.9968697596422582
chr4,FGFR3,ENST00000440486,TRUE,0.458,1,9,35480540,0.936597110754414
chr4,FGFR3,ENST00000440486,TRUE,0.458,1,11,54187303,0.9710438848515576
NA,FH,NM_000143.4,TRUE,0.599,NA,1,55119407,0.9770262716601452
NA,FH,NM_000143.4,TRUE,0.599,NA,0,31347972,0.8880882260793282
chr1,FH,ENST00000366560,TRUE,0.599,2,1,55119407,0.9770262716601452
chr1,FH,ENST00000366560,TRUE,0.599,2,0,31347972,0.8880882260793282
NA,FHOD3,NM_001281740.3,TRUE,0.595,NA,15,37559130,0.9694166618488756
chr18,FHOD3,ENST00000590592,TRUE,0.595,2,15,37559130,0.9694166618488756
NA,FIGN,NM_018086.4,TRUE,0.276,NA,1,45596024,0.8690329793180548
NA,FIGN,NM_018086.4,TRUE,0.276,NA,0,32238278,0.925747227269879
chr2,FIGN,ENST00000333129,TRUE,0.276,0,1,45596024,0.8690329793180548
chr2,FIGN,ENST00000333129,TRUE,0.276,0,0,32238278,0.925747227269879
NA,FIP1L1,NM_030917.4,TRUE,0.378,NA,11,51908040,0.953129401160498
NA,FIP1L1,NM_030917.4,TRUE,0.378,NA,0,30826345,0.8608935396954697
chr4,FIP1L1,ENST00000337488,TRUE,0.378,0,11,51908040,0.953129401160498
chr4,FIP1L1,ENST00000337488,TRUE,0.378,0,0,30826345,0.8608935396954697
NA,FKBP8,NM_012181.5,TRUE,0.266,NA,15,34941238,0.8358096779788403
chr19,FKBP8,ENST00000608443,TRUE,0.266,0,15,34941238,0.8358096779788403
NA,FLNB,NM_001457.4,TRUE,0.504,NA,15,37472237,0.966468173671735
NA,FLNB,NM_001457.4,TRUE,0.504,NA,9,39017200,0.9891961970613656
chr3,FLNB,ENST00000295956,TRUE,0.504,1,15,37472237,0.966468173671735
chr3,FLNB,ENST00000295956,TRUE,0.504,1,9,39017200,0.9891961970613656
NA,FLRT2,NM_013231.6,TRUE,0.583,NA,15,37076632,0.9577383361276522
chr14,FLRT2,ENST00000330753,TRUE,0.583,1,15,37076632,0.9577383361276522
NA,FLT3LG,NM_001459.4,TRUE,0.519,NA,9,33831205,0.8852327447833066
chr19,FLT3LG,ENST00000597551,TRUE,0.519,1,9,33831205,0.8852327447833066
NA,FMN2,NM_020066.5,TRUE,0.51,NA,0,32831351,0.9501221881070242
chr1,FMN2,ENST00000319653,TRUE,0.51,1,0,32831351,0.9501221881070242
NA,FMNL2,NM_052905.4,TRUE,0.542,NA,9,35673105,0.944684528954192
chr2,FMNL2,ENST00000288670,TRUE,0.542,1,9,35673105,0.944684528954192
NA,FNBP1,NM_015033.3,TRUE,0.457,NA,1,46050874,0.8768585802124091
NA,FNBP1,NM_015033.3,TRUE,0.457,NA,11,42359084,0.8382062982367191
chr9,FNBP1,ENST00000446176,TRUE,0.457,1,1,46050874,0.8768585802124091
chr9,FNBP1,ENST00000446176,TRUE,0.457,1,11,42359084,0.8382062982367191
NA,FNBP4,NM_015308.5,TRUE,0.352,NA,1,53596469,0.9655673560648408
chr11,FNBP4,ENST00000263773,TRUE,0.352,0,1,53596469,0.9655673560648408
NA,FNDC3B,NM_022763.4,TRUE,0.164,NA,9,33069780,0.8488702308927027
chr3,FNDC3B,ENST00000415807,TRUE,0.164,0,9,33069780,0.8488702308927027
NA,FNIP1,NM_133372.3,TRUE,0.394,NA,11,42332374,0.8376992845473494
chr5,FNIP1,ENST00000510461,TRUE,0.394,0,11,42332374,0.8376992845473494
NA,FNIP2,NM_020840.3,TRUE,0.42,NA,9,32501089,0.8205951352018768
chr4,FNIP2,ENST00000264433,TRUE,0.42,1,9,32501089,0.8205951352018768
NA,FOSL2,NM_005253.4,TRUE,0.279,NA,9,32743551,0.8325101864427707
NA,FOSL2,NM_005253.4,TRUE,0.279,NA,11,47560015,0.9091882147484648
chr2,FOSL2,ENST00000264716,TRUE,0.279,0,9,32743551,0.8325101864427707
chr2,FOSL2,ENST00000264716,TRUE,0.279,0,11,47560015,0.9091882147484648
NA,FOXJ2,NM_018416.3,TRUE,0.398,NA,9,32455717,0.8184961106309421
chr12,FOXJ2,ENST00000162391,TRUE,0.398,0,9,32455717,0.8184961106309421
NA,FOXJ3,NM_014947.5,TRUE,0.418,NA,0,30833285,0.8612695031016981
chr1,FOXJ3,ENST00000361346,TRUE,0.418,1,0,30833285,0.8612695031016981
NA,FOXM1,NM_021953.4,TRUE,0.545,NA,9,33134207,0.852389183849858
chr12,FOXM1,ENST00000359843,TRUE,0.545,1,9,33134207,0.852389183849858
NA,FOXN4,NM_213596.3,TRUE,0.435,NA,1,44177614,0.8454443823365009
chr12,FOXN4,ENST00000299162,TRUE,0.435,1,1,44177614,0.8454443823365009
NA,FOXO1,NM_002015.4,TRUE,0.348,NA,11,41382692,0.8214185116331474
chr13,FOXO1,ENST00000379561,TRUE,0.348,0,11,41382692,0.8214185116331474
NA,FOXO3,NM_001455.4,TRUE,0.26,NA,11,45163754,0.8783167145512929
chr6,FOXO3,ENST00000406360,TRUE,0.26,0,11,45163754,0.8783167145512929
NA,FOXP4,NM_001012426.2,TRUE,0.496,NA,1,54478869,0.9720514253773056
NA,FOXP4,NM_001012426.2,TRUE,0.496,NA,15,35146180,0.8552350118517662
NA,FOXP4,NM_001012426.2,TRUE,0.496,NA,9,33402856,0.8658476355105569
NA,FOXP4,NM_001012426.2,TRUE,0.496,NA,11,41615793,0.8261506394005972
NA,FOXP4,NM_001012426.2,TRUE,0.496,NA,0,31616327,0.8983018986152015
chr6,FOXP4,ENST00000307972,TRUE,0.496,1,1,54478869,0.9720514253773056
chr6,FOXP4,ENST00000307972,TRUE,0.496,1,15,35146180,0.8552350118517662
chr6,FOXP4,ENST00000307972,TRUE,0.496,1,9,33402856,0.8658476355105569
chr6,FOXP4,ENST00000307972,TRUE,0.496,1,11,41615793,0.8261506394005972
chr6,FOXP4,ENST00000307972,TRUE,0.496,1,0,31616327,0.8983018986152015
NA,FRMD4A,NM_018027.5,TRUE,0.456,NA,9,34396948,0.9050500061736017
chr10,FRMD4A,ENST00000357447,TRUE,0.456,1,9,34396948,0.9050500061736017
NA,FRS2,NM_001278356.2,TRUE,0.392,NA,11,41902153,0.8302630837699284
NA,FRS2,NM_001278356.2,TRUE,0.392,NA,0,35069433,0.991478162792155
chr12,FRS2,ENST00000549921,TRUE,0.392,0,11,41902153,0.8302630837699284
chr12,FRS2,ENST00000549921,TRUE,0.392,0,0,35069433,0.991478162792155
NA,FRY,NM_023037.3,TRUE,0.428,NA,0,32831351,0.9501221881070242
chr13,FRY,ENST00000542859,TRUE,0.428,1,0,32831351,0.9501221881070242
NA,FRYL,NM_015030.2,TRUE,0.434,NA,15,35646689,0.8938544256229404
NA,FRYL,NM_015030.2,TRUE,0.434,NA,9,34457707,0.9072107667613286
chr4,FRYL,ENST00000358350,TRUE,0.434,1,15,35646689,0.8938544256229404
chr4,FRYL,ENST00000358350,TRUE,0.434,1,9,34457707,0.9072107667613286
NA,FSCN1,NM_003088.4,TRUE,0.511,NA,1,51407405,0.9467859139183902
chr7,FSCN1,ENST00000382361,TRUE,0.511,1,1,51407405,0.9467859139183902
NA,FST,NM_013409.3,TRUE,0.26,NA,9,35663671,0.9423694283244846
chr5,FST,ENST00000256759,TRUE,0.26,0,9,35663671,0.9423694283244846
NA,FSTL4,NM_015082.2,TRUE,0.441,NA,9,35663671,0.9423694283244846
NA,FSTL4,NM_015082.2,TRUE,0.441,NA,0,32831351,0.9501221881070242
chr5,FSTL4,ENST00000265342,TRUE,0.441,1,9,35663671,0.9423694283244846
chr5,FSTL4,ENST00000265342,TRUE,0.441,1,0,32831351,0.9501221881070242
NA,FTH1,NM_002032.3,TRUE,0.396,NA,0,30655119,0.8509931699981201
chr11,FTH1,ENST00000273550,TRUE,0.396,0,0,30655119,0.8509931699981201
NA,FTSJ3,NM_017647.4,TRUE,0.507,NA,0,30002921,0.8068801303339809
chr17,FTSJ3,ENST00000427159,TRUE,0.507,1,0,30002921,0.8068801303339809
NA,FUBP3,NM_003934.2,TRUE,0.525,NA,1,45929029,0.8747903856903297
chr9,FUBP3,ENST00000319725,TRUE,0.525,1,1,45929029,0.8747903856903297
NA,FURIN,NM_002569.4,TRUE,0.3,NA,1,41937464,0.8029625489100056
NA,FURIN,NM_002569.4,TRUE,0.3,NA,15,35055903,0.8471989362317165
NA,FURIN,NM_002569.4,TRUE,0.3,NA,0,32817233,0.9426655805501598
chr15,FURIN,ENST00000268171,TRUE,0.3,0,1,41937464,0.8029625489100056
chr15,FURIN,ENST00000268171,TRUE,0.3,0,15,35055903,0.8471989362317165
chr15,FURIN,ENST00000268171,TRUE,0.3,0,0,32817233,0.9426655805501598
NA,FUS,NM_004960.4,TRUE,0.104,NA,9,37451643,0.9741326089640696
NA,FUS,NM_004960.4,TRUE,0.104,NA,0,31870511,0.9118992418071308
chr16,FUS,ENST00000254108,TRUE,0.104,0,9,37451643,0.9741326089640696
chr16,FUS,ENST00000254108,TRUE,0.104,0,0,31870511,0.9118992418071308
NA,FXR1,NM_005087.4,TRUE,0.366,NA,15,35803042,0.9041452274960976
NA,FXR1,NM_005087.4,TRUE,0.366,NA,11,48259897,0.9168497549433836
chr3,FXR1,ENST00000357559,TRUE,0.366,0,15,35803042,0.9041452274960976
chr3,FXR1,ENST00000357559,TRUE,0.366,0,11,48259897,0.9168497549433836
NA,FXR2,NM_004860.4,TRUE,0.321,NA,1,43610196,0.8348798211291224
chr17,FXR2,ENST00000250113,TRUE,0.321,0,1,43610196,0.8348798211291224
NA,FYB1,NM_001465.6,TRUE,0.436,NA,0,37589846,0.999498715458362
chr5,FYB1,ENST00000512982,TRUE,0.436,1,0,37589846,0.999498715458362
NA,FYN,NM_002037.5,TRUE,0.215,NA,9,35663671,0.9423694283244846
chr6,FYN,ENST00000354650,TRUE,0.215,0,9,35663671,0.9423694283244846
NA,FZD3,NM_017412.4,TRUE,0.514,NA,9,35322979,0.9335103099148044
NA,FZD3,NM_017412.4,TRUE,0.514,NA,0,30122741,0.8150886647033022
chr8,FZD3,ENST00000240093,TRUE,0.514,1,9,35322979,0.9335103099148044
chr8,FZD3,ENST00000240093,TRUE,0.514,1,0,30122741,0.8150886647033022
NA,FZD5,NM_003468.4,TRUE,0.551,NA,9,36855366,0.9672181750833436
NA,FZD5,NM_003468.4,TRUE,0.551,NA,11,43819171,0.8600642217339868
chr2,FZD5,ENST00000295417,TRUE,0.551,1,9,36855366,0.9672181750833436
chr2,FZD5,ENST00000295417,TRUE,0.551,1,11,43819171,0.8600642217339868
NA,GAB1,NM_207123.3,TRUE,0.503,NA,9,37734822,0.978021978021978
NA,GAB1,NM_207123.3,TRUE,0.503,NA,0,32132159,0.9220502537752991
chr4,GAB1,ENST00000262994,TRUE,0.503,1,9,37734822,0.978021978021978
chr4,GAB1,ENST00000262994,TRUE,0.503,1,0,32132159,0.9220502537752991
NA,GAB2,NM_080491.3,TRUE,0.558,NA,9,34031248,0.8925175947647858
chr11,GAB2,ENST00000361507,TRUE,0.558,1,9,34031248,0.8925175947647858
NA,GABBR2,NM_005458.8,TRUE,0.394,NA,1,49647933,0.9275572945779764
NA,GABBR2,NM_005458.8,TRUE,0.394,NA,9,38012907,0.9829608593653536
NA,GABBR2,NM_005458.8,TRUE,0.394,NA,0,30355954,0.8308164671971928
chr9,GABBR2,ENST00000259455,TRUE,0.394,0,1,49647933,0.9275572945779764
chr9,GABBR2,ENST00000259455,TRUE,0.394,0,9,38012907,0.9829608593653536
chr9,GABBR2,ENST00000259455,TRUE,0.394,0,0,30355954,0.8308164671971928
NA,GABPA,NM_002040.4,TRUE,0.083,NA,15,35519533,0.8837948777244609
chr21,GABPA,ENST00000400075,TRUE,0.083,0,15,35519533,0.8837948777244609
NA,GABRA5,NM_000810.4,TRUE,0.56,NA,1,47321976,0.8951928451648966
chr15,GABRA5,ENST00000335625,TRUE,0.56,1,1,47321976,0.8951928451648966
NA,GABRB3,NM_000814.6,TRUE,0.439,NA,9,39237719,0.9935177182368192
chr15,GABRB3,ENST00000311550,TRUE,0.439,1,9,39237719,0.9935177182368192
NA,GALNT1,NM_020474.4,TRUE,0.359,NA,9,39049889,0.9895048771453264
NA,GALNT1,NM_020474.4,TRUE,0.359,NA,11,45740253,0.8849078925130979
chr18,GALNT1,ENST00000269195,TRUE,0.359,0,9,39049889,0.9895048771453264
chr18,GALNT1,ENST00000269195,TRUE,0.359,0,11,45740253,0.8849078925130979
NA,GALNT2,NM_004481.5,TRUE,0.515,NA,9,32402507,0.8158414619088776
NA,GALNT2,NM_004481.5,TRUE,0.515,NA,0,31046920,0.8729870292624852
chr1,GALNT2,ENST00000366672,TRUE,0.515,1,9,32402507,0.8158414619088776
chr1,GALNT2,ENST00000366672,TRUE,0.515,1,0,31046920,0.8729870292624852
NA,GANAB,NM_198334.3,TRUE,0.391,NA,1,41951957,0.8031861375069872
NA,GANAB,NM_198334.3,TRUE,0.391,NA,15,37577092,0.971266693646297
NA,GANAB,NM_198334.3,TRUE,0.391,NA,11,53776568,0.9679454678609656
NA,GANAB,NM_198334.3,TRUE,0.391,NA,0,30848503,0.8622094116172693
chr11,GANAB,ENST00000356638,TRUE,0.391,0,1,41951957,0.8031861375069872
chr11,GANAB,ENST00000356638,TRUE,0.391,0,15,37577092,0.971266693646297
chr11,GANAB,ENST00000356638,TRUE,0.391,0,11,53776568,0.9679454678609656
chr11,GANAB,ENST00000356638,TRUE,0.391,0,0,30848503,0.8622094116172693
NA,GAPVD1,NM_001282680.3,TRUE,0.34,NA,9,33171604,0.8541795283368318
chr9,GAPVD1,ENST00000297933,TRUE,0.34,0,9,33171604,0.8541795283368318
NA,GART,NM_000819.5,TRUE,0.496,NA,1,59249401,0.9943543879262158
NA,GART,NM_000819.5,TRUE,0.496,NA,9,33883587,0.8871465613038647
NA,GART,NM_000819.5,TRUE,0.496,NA,11,52458480,0.9576361895104502
chr21,GART,ENST00000381815,TRUE,0.496,1,1,59249401,0.9943543879262158
chr21,GART,ENST00000381815,TRUE,0.496,1,9,33883587,0.8871465613038647
chr21,GART,ENST00000381815,TRUE,0.496,1,11,52458480,0.9576361895104502
NA,GATA2,NM_032638.5,TRUE,0.335,NA,1,58976236,0.9939072107322526
NA,GATA2,NM_032638.5,TRUE,0.335,NA,9,32454201,0.8183726385973576
NA,GATA2,NM_032638.5,TRUE,0.335,NA,11,45544056,0.8829925074643682
chr3,GATA2,ENST00000341105,TRUE,0.335,0,1,58976236,0.9939072107322526
chr3,GATA2,ENST00000341105,TRUE,0.335,0,9,32454201,0.8183726385973576
chr3,GATA2,ENST00000341105,TRUE,0.335,0,11,45544056,0.8829925074643682
NA,GATA3,NM_001002295.2,TRUE,0.376,NA,1,51451736,0.9472889882615988
NA,GATA3,NM_001002295.2,TRUE,0.376,NA,15,36941721,0.953749205064462
NA,GATA3,NM_001002295.2,TRUE,0.376,NA,9,35062755,0.9261637239165328
NA,GATA3,NM_001002295.2,TRUE,0.376,NA,11,59418448,0.9964509041744128
chr10,GATA3,ENST00000379328,TRUE,0.376,0,1,51451736,0.9472889882615988
chr10,GATA3,ENST00000379328,TRUE,0.376,0,15,36941721,0.953749205064462
chr10,GATA3,ENST00000379328,TRUE,0.376,0,9,35062755,0.9261637239165328
chr10,GATA3,ENST00000379328,TRUE,0.376,0,11,59418448,0.9964509041744128
NA,GATA6,NM_005257.6,TRUE,0.527,NA,11,50969020,0.9446228381499634
chr18,GATA6,ENST00000269216,TRUE,0.527,1,11,50969020,0.9446228381499634
NA,GATAD2A,NM_001384528.1,TRUE,0.295,NA,1,52540448,0.9567356064840692
NA,GATAD2A,NM_001384528.1,TRUE,0.295,NA,11,42631858,0.843107430567292
NA,GATAD2A,NM_001384528.1,TRUE,0.295,NA,0,32699844,0.9395325521649226
chr19,GATAD2A,ENST00000683918,TRUE,0.295,0,1,52540448,0.9567356064840692
chr19,GATAD2A,ENST00000683918,TRUE,0.295,0,11,42631858,0.843107430567292
chr19,GATAD2A,ENST00000683918,TRUE,0.295,0,0,32699844,0.9395325521649226
NA,GCLC,NM_001498.4,TRUE,0.404,NA,1,42739332,0.8184460592509782
NA,GCLC,NM_001498.4,TRUE,0.404,NA,11,46645794,0.896005858824855
chr6,GCLC,ENST00000650454,TRUE,0.404,1,1,42739332,0.8184460592509782
chr6,GCLC,ENST00000650454,TRUE,0.404,1,11,46645794,0.896005858824855
NA,GCM1,NM_003643.4,TRUE,0.404,NA,1,44666971,0.8535494689770822
NA,GCM1,NM_003643.4,TRUE,0.404,NA,11,48604416,0.920567855332094
NA,GCM1,NM_003643.4,TRUE,0.404,NA,0,32127604,0.9217996115044802
chr6,GCM1,ENST00000259803,TRUE,0.404,1,1,44666971,0.8535494689770822
chr6,GCM1,ENST00000259803,TRUE,0.404,1,11,48604416,0.920567855332094
chr6,GCM1,ENST00000259803,TRUE,0.404,1,0,32127604,0.9217996115044802
NA,GCN1,NM_006836.2,TRUE,0.349,NA,1,46644506,0.8846841811067635
NA,GCN1,NM_006836.2,TRUE,0.349,NA,11,43897308,0.860796574840854
NA,GCN1,NM_006836.2,TRUE,0.349,NA,0,30405734,0.8340121561501347
chr12,GCN1,ENST00000300648,TRUE,0.349,0,1,46644506,0.8846841811067635
chr12,GCN1,ENST00000300648,TRUE,0.349,0,11,43897308,0.860796574840854
chr12,GCN1,ENST00000300648,TRUE,0.349,0,0,30405734,0.8340121561501347
NA,GGA1,NM_013365.5,TRUE,0.468,NA,15,35731448,0.8991154535468578
chr22,GGA1,ENST00000343632,TRUE,0.468,1,15,35731448,0.8991154535468578
NA,GGNBP2,NM_024835.5,TRUE,0.201,NA,11,45933431,0.8875556306686947
chr17,GGNBP2,ENST00000613102,TRUE,0.201,0,11,45933431,0.8875556306686947
NA,GID8,NM_017896.3,TRUE,0.567,NA,1,44788187,0.8562884292901062
chr20,GID8,ENST00000266069,TRUE,0.567,1,1,44788187,0.8562884292901062
NA,GIGYF2,NM_001103146.3,TRUE,0.15,NA,9,39630694,0.994628966539079
chr2,GIGYF2,ENST00000373563,TRUE,0.15,0,9,39630694,0.994628966539079
NA,GJA1,NM_000165.5,TRUE,0.522,NA,15,37578770,0.9713245071399664
NA,GJA1,NM_000165.5,TRUE,0.522,NA,11,41576859,0.8252492817306067
NA,GJA1,NM_000165.5,TRUE,0.522,NA,0,33710863,0.976564947678426
chr6,GJA1,ENST00000282561,TRUE,0.522,1,15,37578770,0.9713245071399664
chr6,GJA1,ENST00000282561,TRUE,0.522,1,11,41576859,0.8252492817306067
chr6,GJA1,ENST00000282561,TRUE,0.522,1,0,33710863,0.976564947678426
NA,GJC1,NM_005497.4,TRUE,0.348,NA,11,43618616,0.8575291532871387
NA,GJC1,NM_005497.4,TRUE,0.348,NA,0,32942270,0.9596465943981451
chr17,GJC1,ENST00000592524,TRUE,0.348,0,11,43618616,0.8575291532871387
chr17,GJC1,ENST00000592524,TRUE,0.348,0,0,32942270,0.9596465943981451
NA,GLCE,NM_015554.3,TRUE,0.515,NA,0,30237753,0.8230465568018046
chr15,GLCE,ENST00000261858,TRUE,0.515,1,0,30237753,0.8230465568018046
NA,GLG1,NM_001145667.2,TRUE,0.434,NA,0,31463496,0.8925371263863651
chr16,GLG1,ENST00000422840,TRUE,0.434,1,0,31463496,0.8925371263863651
NA,GLUL,NM_001033044.4,TRUE,0.377,NA,9,33660497,0.8780096308186196
chr1,GLUL,ENST00000331872,TRUE,0.377,0,9,33660497,0.8780096308186196
NA,GLYR1,NM_032569.4,TRUE,0.397,NA,11,43446397,0.8551067545490395
NA,GLYR1,NM_032569.4,TRUE,0.397,NA,0,30164122,0.8186603170624726
chr16,GLYR1,ENST00000321919,TRUE,0.397,0,11,43446397,0.8551067545490395
chr16,GLYR1,ENST00000321919,TRUE,0.397,0,0,30164122,0.8186603170624726
NA,GMEB1,NM_001319674.2,TRUE,0.151,NA,0,33835056,0.9780061407356352
chr1,GMEB1,ENST00000373816,TRUE,0.151,0,0,33835056,0.9780061407356352
NA,GNA11,NM_002067.5,TRUE,0.38,NA,1,48937115,0.9191168250419228
NA,GNA11,NM_002067.5,TRUE,0.38,NA,11,49662136,0.9317784913525998
chr19,GNA11,ENST00000078429,TRUE,0.38,0,1,48937115,0.9191168250419228
chr19,GNA11,ENST00000078429,TRUE,0.38,0,11,49662136,0.9317784913525998
NA,GNA13,NM_006572.6,TRUE,0.262,NA,1,43416787,0.8313024035774176
NA,GNA13,NM_006572.6,TRUE,0.262,NA,11,45763998,0.8850768970762211
chr17,GNA13,ENST00000439174,TRUE,0.262,0,1,43416787,0.8313024035774176
chr17,GNA13,ENST00000439174,TRUE,0.262,0,11,45763998,0.8850768970762211
NA,GNAI2,NM_002070.4,TRUE,0.228,NA,1,53674834,0.9662940190050308
NA,GNAI2,NM_002070.4,TRUE,0.228,NA,11,51334891,0.9475522505774324
chr3,GNAI2,ENST00000313601,TRUE,0.228,0,1,53674834,0.9662940190050308
chr3,GNAI2,ENST00000313601,TRUE,0.228,0,11,51334891,0.9475522505774324
NA,GNAS,NM_000516.7,TRUE,0.302,NA,1,60971596,0.9975405254332028
NA,GNAS,NM_000516.7,TRUE,0.302,NA,9,36275474,0.9572786763798
NA,GNAS,NM_000516.7,TRUE,0.302,NA,11,58694113,0.9938031660188158
chr20,GNAS,ENST00000371085,TRUE,0.302,0,1,60971596,0.9975405254332028
chr20,GNAS,ENST00000371085,TRUE,0.302,0,9,36275474,0.9572786763798
chr20,GNAS,ENST00000371085,TRUE,0.302,0,11,58694113,0.9938031660188158
NA,GNB1,NM_002074.5,TRUE,0.222,NA,1,58813914,0.9936277249860256
NA,GNB1,NM_002074.5,TRUE,0.222,NA,9,32904149,0.8416471169280159
NA,GNB1,NM_002074.5,TRUE,0.222,NA,11,57966412,0.9909300884457214
chr1,GNB1,ENST00000378609,TRUE,0.222,0,1,58813914,0.9936277249860256
chr1,GNB1,ENST00000378609,TRUE,0.222,0,9,32904149,0.8416471169280159
chr1,GNB1,ENST00000378609,TRUE,0.222,0,11,57966412,0.9909300884457214
NA,GNB2,NM_005273.4,TRUE,0.372,NA,1,60163278,0.9964784795975404
NA,GNB2,NM_005273.4,TRUE,0.372,NA,11,58093801,0.991155427863219
NA,GNB2,NM_005273.4,TRUE,0.372,NA,0,31936842,0.9162854815464628
chr7,GNB2,ENST00000303210,TRUE,0.372,0,1,60163278,0.9964784795975404
chr7,GNB2,ENST00000303210,TRUE,0.372,0,11,58093801,0.991155427863219
chr7,GNB2,ENST00000303210,TRUE,0.372,0,0,31936842,0.9162854815464628
NA,GNL1,NM_005275.5,TRUE,0.355,NA,15,35522514,0.8841417586864774
NA,GNL1,NM_005275.5,TRUE,0.355,NA,0,33080981,0.9629676044864968
chr6,GNL1,ENST00000376621,TRUE,0.355,0,15,35522514,0.8841417586864774
chr6,GNL1,ENST00000376621,TRUE,0.355,0,0,33080981,0.9629676044864968
NA,GNPAT,NM_014236.4,TRUE,0.572,NA,9,34431670,0.9061612544758612
chr1,GNPAT,ENST00000366647,TRUE,0.572,1,9,34431670,0.9061612544758612
NA,GOLGA2,NM_001389705.2,TRUE,0.428,NA,9,32210276,0.8038646746511915
chr9,GOLGA2,ENST00000611957,TRUE,0.407,1,9,32210276,0.8038646746511915
NA,GOLGA3,XM_024448943.1,TRUE,0.577,NA,11,42010829,0.8324038082361557
NA,GOLGA3,XM_024448943.1,TRUE,0.577,NA,0,30535949,0.8429099567642083
chr12,GOLGA3,ENST00000450791,TRUE,0.568,1,11,42010829,0.8324038082361557
chr12,GOLGA3,ENST00000450791,TRUE,0.568,1,0,30535949,0.8429099567642083
NA,GOLGA6L10,NM_001164465.3,TRUE,0.41,NA,9,33374702,0.8639955550067909
chr15,GOLGA6L10,ENST00000610657,TRUE,0.41,1,9,33374702,0.8639955550067909
chr3,GOLGB1,ENST00000614479,TRUE,0.496,1,1,43308402,0.8292342090553382
chr3,GOLGB1,ENST00000614479,TRUE,0.496,1,9,35198189,0.9301765650080256
NA,GOT2,NM_002080.4,TRUE,0.591,NA,1,44521900,0.8512576858580212
NA,GOT2,NM_002080.4,TRUE,0.591,NA,15,34669706,0.8107764352199803
chr16,GOT2,ENST00000245206,TRUE,0.591,2,1,44521900,0.8512576858580212
chr16,GOT2,ENST00000245206,TRUE,0.591,2,15,34669706,0.8107764352199803
NA,GPAT4,NM_178819.4,TRUE,0.433,NA,0,31557855,0.8959207970424212
chr8,GPAT4,ENST00000396987,TRUE,0.433,1,0,31557855,0.8959207970424212
NA,GPATCH8,NM_001002909.4,TRUE,0.253,NA,11,40998175,0.8146583291082192
NA,GPATCH8,NM_001002909.4,TRUE,0.253,NA,0,30640571,0.850303903753368
chr17,GPATCH8,ENST00000591680,TRUE,0.253,0,11,40998175,0.8146583291082192
chr17,GPATCH8,ENST00000591680,TRUE,0.253,0,0,30640571,0.850303903753368
NA,GPBP1,NM_022913.4,TRUE,0.275,NA,0,33501222,0.9724920107776176
chr5,GPBP1,ENST00000506184,TRUE,0.275,0,0,33501222,0.9724920107776176
NA,GPC6,NM_005708.5,TRUE,0.384,NA,15,41724149,0.9974562062785454
NA,GPC6,NM_005708.5,TRUE,0.384,NA,0,31654417,0.9019988721097814
chr13,GPC6,ENST00000377047,TRUE,0.384,0,15,41724149,0.9974562062785454
chr13,GPC6,ENST00000377047,TRUE,0.384,0,0,31654417,0.9019988721097814
NA,GPS1,NM_001394765.1,TRUE,0.365,NA,15,35961429,0.9138000809388912
NA,GPS1,NM_001394765.1,TRUE,0.365,NA,11,44722198,0.871443862317616
NA,GPS1,NM_001394765.1,TRUE,0.365,NA,0,29922848,0.8010526975374397
chr17,GPS1,ENST00000578552,TRUE,0.337,0,15,35961429,0.9138000809388912
chr17,GPS1,ENST00000578552,TRUE,0.337,0,11,44722198,0.871443862317616
chr17,GPS1,ENST00000578552,TRUE,0.337,0,0,29922848,0.8010526975374397
NA,GRB10,NM_001350814.2,TRUE,0.365,NA,1,51162994,0.9442146450531024
NA,GRB10,NM_001350814.2,TRUE,0.365,NA,9,34182047,0.8980121002592912
NA,GRB10,NM_001350814.2,TRUE,0.365,NA,11,52414007,0.957354515238578
chr7,GRB10,ENST00000401949,TRUE,0.365,0,1,51162994,0.9442146450531024
chr7,GRB10,ENST00000401949,TRUE,0.365,0,9,34182047,0.8980121002592912
chr7,GRB10,ENST00000401949,TRUE,0.365,0,11,52414007,0.957354515238578
NA,GRB2,NM_002086.5,TRUE,0.216,NA,15,38950008,0.9912701624559171
chr17,GRB2,ENST00000316804,TRUE,0.216,0,15,38950008,0.9912701624559171
NA,GREB1L,XM_017025989.1,TRUE,0.136,NA,1,56953649,0.9871436556735608
NA,GREB1L,XM_017025989.1,TRUE,0.136,NA,9,37565995,0.9753673292999137
NA,GREB1L,XM_017025989.1,TRUE,0.136,NA,11,54012678,0.9700298574728184
chr18,GREB1L,ENST00000424526,TRUE,0.125,0,1,56953649,0.9871436556735608
chr18,GREB1L,ENST00000424526,TRUE,0.125,0,9,37565995,0.9753673292999137
chr18,GREB1L,ENST00000424526,TRUE,0.125,0,11,54012678,0.9700298574728184
NA,GRHL2,NM_024915.4,TRUE,0.367,NA,15,35275971,0.8654680002312539
NA,GRHL2,NM_024915.4,TRUE,0.367,NA,9,35420452,0.935609334485739
chr8,GRHL2,ENST00000646743,TRUE,0.367,0,15,35275971,0.8654680002312539
chr8,GRHL2,ENST00000646743,TRUE,0.367,0,9,35420452,0.935609334485739
NA,GRHL3,NM_198173.3,TRUE,0.4,NA,15,35801452,0.9040296005087588
chr1,GRHL3,ENST00000361548,TRUE,0.4,0,15,35801452,0.9040296005087588
NA,GRIN2A,NM_001134407.3,TRUE,0.268,NA,15,37889109,0.9768167890385616
chr16,GRIN2A,ENST00000330684,TRUE,0.268,0,15,37889109,0.9768167890385616
NA,GRK2,NM_001619.5,TRUE,0.29,NA,1,44009035,0.8421464505310229
chr11,GRK2,ENST00000308595,TRUE,0.29,0,1,44009035,0.8421464505310229
NA,GRN,NM_002087.4,TRUE,0.59,NA,1,42801398,0.819284516489659
NA,GRN,NM_002087.4,TRUE,0.59,NA,15,36167330,0.92391744233104
NA,GRN,NM_002087.4,TRUE,0.59,NA,11,53425839,0.964903385724748
chr17,GRN,ENST00000053867,TRUE,0.59,2,1,42801398,0.819284516489659
chr17,GRN,ENST00000053867,TRUE,0.59,2,15,36167330,0.92391744233104
chr17,GRN,ENST00000053867,TRUE,0.59,2,11,53425839,0.964903385724748
NA,GSE1,NM_014615.5,TRUE,0.356,NA,1,52248888,0.95466741196199
chr16,GSE1,ENST00000253458,TRUE,0.356,0,1,52248888,0.95466741196199
NA,GSK3A,NM_019884.3,TRUE,0.422,NA,1,51761881,0.9504751257685858
NA,GSK3A,NM_019884.3,TRUE,0.422,NA,9,32878364,0.8397950364242499
NA,GSK3A,NM_019884.3,TRUE,0.422,NA,11,51254533,0.9470452368880626
chr19,GSK3A,ENST00000222330,TRUE,0.422,1,1,51761881,0.9504751257685858
chr19,GSK3A,ENST00000222330,TRUE,0.422,1,9,32878364,0.8397950364242499
chr19,GSK3A,ENST00000222330,TRUE,0.422,1,11,51254533,0.9470452368880626
NA,GSK3B,NM_001146156.2,TRUE,0.512,NA,1,47330464,0.8953605366126327
NA,GSK3B,NM_001146156.2,TRUE,0.512,NA,11,53365020,0.964621711452876
chr3,GSK3B,ENST00000264235,TRUE,0.512,1,1,47330464,0.8953605366126327
chr3,GSK3B,ENST00000264235,TRUE,0.512,1,11,53365020,0.964621711452876
NA,GSPT1,NM_002094.4,TRUE,0.27,NA,15,36020910,0.9169798230907094
NA,GSPT1,NM_002094.4,TRUE,0.27,NA,9,33614613,0.8764662303988147
NA,GSPT1,NM_002094.4,TRUE,0.27,NA,11,43386652,0.8538110528984283
chr16,GSPT1,ENST00000434724,TRUE,0.27,0,15,36020910,0.9169798230907094
chr16,GSPT1,ENST00000434724,TRUE,0.27,0,9,33614613,0.8764662303988147
chr16,GSPT1,ENST00000434724,TRUE,0.27,0,11,43386652,0.8538110528984283
NA,GTF2A1,NM_015859.4,TRUE,0.425,NA,0,32464928,0.9323265868788772
chr14,GTF2A1,ENST00000553612,TRUE,0.425,1,0,32464928,0.9323265868788772
NA,GTF2E1,NM_005513.3,TRUE,0.583,NA,0,30271348,0.8253023372391753
chr3,GTF2E1,ENST00000283875,TRUE,0.583,1,0,30271348,0.8253023372391753
NA,GTF2H1,NM_005316.4,TRUE,0.416,NA,1,50196260,0.9347121296813864
chr11,GTF2H1,ENST00000265963,TRUE,0.416,1,1,50196260,0.9347121296813864
NA,GTF2I,NM_032999.4,TRUE,0.195,NA,9,34883070,0.920237066304482
NA,GTF2I,NM_032999.4,TRUE,0.195,NA,0,32676906,0.93896860705558
chr7,GTF2I,ENST00000573035,TRUE,0.195,0,9,34883070,0.920237066304482
chr7,GTF2I,ENST00000573035,TRUE,0.195,0,0,32676906,0.93896860705558
NA,GTF3C2,NM_001394514.1,TRUE,0.22,NA,1,44376757,0.8490776970374511
NA,GTF3C2,NM_001394514.1,TRUE,0.22,NA,15,35536828,0.8850667745851882
chr2,GTF3C2,ENST00000264720,TRUE,0.22,0,1,44376757,0.8490776970374511
chr2,GTF3C2,ENST00000264720,TRUE,0.22,0,15,35536828,0.8850667745851882
NA,GTF3C4,NM_012204.4,TRUE,0.502,NA,1,49988047,0.9321408608160984
NA,GTF3C4,NM_012204.4,TRUE,0.502,NA,11,46337025,0.8929074418342628
NA,GTF3C4,NM_012204.4,TRUE,0.502,NA,0,32993753,0.96089980575224
chr9,GTF3C4,ENST00000372146,TRUE,0.502,1,1,49988047,0.9321408608160984
chr9,GTF3C4,ENST00000372146,TRUE,0.502,1,11,46337025,0.8929074418342628
chr9,GTF3C4,ENST00000372146,TRUE,0.502,1,0,32993753,0.96089980575224
NA,GTPBP4,NM_012341.3,TRUE,0.405,NA,15,35487181,0.8813088974966757
chr10,GTPBP4,ENST00000360803,TRUE,0.405,1,15,35487181,0.8813088974966757
NA,GTSF1,NM_144594.3,TRUE,0.484,NA,1,52986871,0.9604807154835104
NA,GTSF1,NM_144594.3,TRUE,0.484,NA,15,37346315,0.964271260912297
chr12,GTSF1,ENST00000305879,TRUE,0.484,1,1,52986871,0.9604807154835104
chr12,GTSF1,ENST00000305879,TRUE,0.484,1,15,37346315,0.964271260912297
NA,HDAC1,NM_004964.3,TRUE,0.529,NA,11,46382282,0.8936397949411301
chr1,HDAC1,ENST00000373548,TRUE,0.529,1,11,46382282,0.8936397949411301
NA,HDAC2,NM_001527.4,TRUE,0.367,NA,15,35886932,0.9092906284326762
chr6,HDAC2,ENST00000519065,TRUE,0.367,0,15,35886932,0.9092906284326762
NA,HDAC3,NM_003883.4,TRUE,0.463,NA,1,43485443,0.83236444941308
NA,HDAC3,NM_003883.4,TRUE,0.463,NA,11,54860139,0.9757760126190074
NA,HDAC3,NM_003883.4,TRUE,0.463,NA,0,30221348,0.822231969421643
chr5,HDAC3,ENST00000305264,TRUE,0.463,1,1,43485443,0.83236444941308
chr5,HDAC3,ENST00000305264,TRUE,0.463,1,11,54860139,0.9757760126190074
chr5,HDAC3,ENST00000305264,TRUE,0.463,1,0,30221348,0.822231969421643
NA,HDAC5,NM_005474.5,TRUE,0.271,NA,9,34168013,0.8972712680577849
NA,HDAC5,NM_005474.5,TRUE,0.271,NA,11,45291631,0.8802320996000226
NA,HDAC5,NM_005474.5,TRUE,0.271,NA,0,32513518,0.9335171376652672
chr17,HDAC5,ENST00000682912,TRUE,0.271,0,9,34168013,0.8972712680577849
chr17,HDAC5,ENST00000682912,TRUE,0.271,0,11,45291631,0.8802320996000226
chr17,HDAC5,ENST00000682912,TRUE,0.271,0,0,32513518,0.9335171376652672
NA,HDGF,NM_004494.3,TRUE,0.396,NA,1,49492152,0.925600894354388
NA,HDGF,NM_004494.3,TRUE,0.396,NA,11,63328887,0.9999436651456256
NA,HDGF,NM_004494.3,TRUE,0.396,NA,0,32566086,0.9350209912901812
chr1,HDGF,ENST00000357325,TRUE,0.396,0,1,49492152,0.925600894354388
chr1,HDGF,ENST00000357325,TRUE,0.396,0,11,63328887,0.9999436651456256
chr1,HDGF,ENST00000357325,TRUE,0.396,0,0,32566086,0.9350209912901812
NA,HDLBP,NM_005336.6,TRUE,0.283,NA,15,35136486,0.8541365554720471
chr2,HDLBP,ENST00000310931,TRUE,0.283,0,15,35136486,0.8541365554720471
NA,HEATR1,NM_018072.6,TRUE,0.312,NA,15,35353168,0.8711915361045268
chr1,HEATR1,ENST00000366582,TRUE,0.312,0,15,35353168,0.8711915361045268
NA,HECTD1,NM_015382.4,TRUE,0.265,NA,1,45180223,0.8624930128563443
NA,HECTD1,NM_015382.4,TRUE,0.265,NA,15,35020563,0.8443082615482453
NA,HECTD1,NM_015382.4,TRUE,0.265,NA,9,32757948,0.8331892826274849
chr14,HECTD1,ENST00000399332,TRUE,0.265,0,1,45180223,0.8624930128563443
chr14,HECTD1,ENST00000399332,TRUE,0.265,0,15,35020563,0.8443082615482453
chr14,HECTD1,ENST00000399332,TRUE,0.265,0,9,32757948,0.8331892826274849
NA,HELLS,NM_018063.5,TRUE,0.587,NA,0,30145618,0.8166551788959208
chr10,HELLS,ENST00000348459,TRUE,0.587,2,0,30145618,0.8166551788959208
NA,HELZ,NM_014877.4,TRUE,0.16,NA,11,45420355,0.8816404709593826
NA,HELZ,NM_014877.4,TRUE,0.16,NA,0,30452193,0.8371451845353719
chr17,HELZ,ENST00000358691,TRUE,0.16,0,11,45420355,0.8816404709593826
chr17,HELZ,ENST00000358691,TRUE,0.16,0,0,30452193,0.8371451845353719
NA,HERC1,NM_003922.4,TRUE,0.33,NA,9,34458493,0.9072725027781208
chr15,HERC1,ENST00000443617,TRUE,0.33,0,9,34458493,0.9072725027781208
NA,HERC2,NM_004667.6,TRUE,0.243,NA,9,32456899,0.8185578466477342
NA,HERC2,NM_004667.6,TRUE,0.243,NA,0,31693855,0.9060718090105896
chr15,HERC2,ENST00000261609,TRUE,0.243,0,9,32456899,0.8185578466477342
chr15,HERC2,ENST00000261609,TRUE,0.243,0,0,31693855,0.9060718090105896
NA,HERC3,NM_014606.3,TRUE,0.439,NA,9,37105284,0.9695641437214472
chr4,HERC3,ENST00000402738,TRUE,0.439,1,9,37105284,0.9695641437214472
NA,HERC4,NM_015601.4,TRUE,0.329,NA,0,30063282,0.8110783883701986
chr10,HERC4,ENST00000373700,TRUE,0.329,0,0,30063282,0.8110783883701986
NA,HEXIM1,NM_006460.3,TRUE,0.148,NA,9,33154092,0.8534386961353253
chr17,HEXIM1,ENST00000332499,TRUE,0.148,0,9,33154092,0.8534386961353253
NA,HIC2,NM_015094.3,TRUE,0.203,NA,1,61992028,0.9988261598658468
NA,HIC2,NM_015094.3,TRUE,0.203,NA,15,37048853,0.9568711337226108
NA,HIC2,NM_015094.3,TRUE,0.203,NA,9,34104600,0.8951722434868502
NA,HIC2,NM_015094.3,TRUE,0.203,NA,11,58563152,0.993127147766323
NA,HIC2,NM_015094.3,TRUE,0.203,NA,0,30997605,0.8702299642834764
chr22,HIC2,ENST00000407464,TRUE,0.203,0,1,61992028,0.9988261598658468
chr22,HIC2,ENST00000407464,TRUE,0.203,0,15,37048853,0.9568711337226108
chr22,HIC2,ENST00000407464,TRUE,0.203,0,9,34104600,0.8951722434868502
chr22,HIC2,ENST00000407464,TRUE,0.203,0,11,58563152,0.993127147766323
chr22,HIC2,ENST00000407464,TRUE,0.203,0,0,30997605,0.8702299642834764
NA,HIF1A,NM_001530.4,TRUE,0.353,NA,15,34932741,0.8350581025611378
NA,HIF1A,NM_001530.4,TRUE,0.353,NA,11,51724060,0.9511013464030196
chr14,HIF1A,ENST00000337138,TRUE,0.353,0,15,34932741,0.8350581025611378
chr14,HIF1A,ENST00000337138,TRUE,0.353,0,11,51724060,0.9511013464030196
NA,HINFP,NM_198971.3,TRUE,0.504,NA,0,35197203,0.9920421079014976
chr11,HINFP,ENST00000350777,TRUE,0.504,1,0,35197203,0.9920421079014976
NA,HIP1,NM_005338.7,TRUE,0.574,NA,11,50235545,0.9380316601881584
chr7,HIP1,ENST00000336926,TRUE,0.574,1,11,50235545,0.9380316601881584
NA,HIPK1,NM_198268.3,TRUE,0.356,NA,1,46286652,0.8805477920626048
NA,HIPK1,NM_198268.3,TRUE,0.356,NA,11,45583317,0.8832178468818658
chr1,HIPK1,ENST00000426820,TRUE,0.356,0,1,46286652,0.8805477920626048
chr1,HIPK1,ENST00000426820,TRUE,0.356,0,11,45583317,0.8832178468818658
NA,HIPK3,NM_005734.5,TRUE,0.466,NA,1,43492020,0.8324762437115707
NA,HIPK3,NM_005734.5,TRUE,0.466,NA,15,37253483,0.9623056021275366
NA,HIPK3,NM_005734.5,TRUE,0.466,NA,9,37300187,0.9720953204099272
chr11,HIPK3,ENST00000303296,TRUE,0.466,1,1,43492020,0.8324762437115707
chr11,HIPK3,ENST00000303296,TRUE,0.466,1,15,37253483,0.9623056021275366
chr11,HIPK3,ENST00000303296,TRUE,0.466,1,9,37300187,0.9720953204099272
NA,HIRA,NM_003325.4,TRUE,0.176,NA,9,32330516,0.8111495246326706
chr22,HIRA,ENST00000263208,TRUE,0.176,0,9,32330516,0.8111495246326706
NA,HIVEP1,NM_002114.4,TRUE,0.231,NA,15,34570472,0.8014684627392034
NA,HIVEP1,NM_002114.4,TRUE,0.231,NA,9,36407759,0.959501172984319
chr6,HIVEP1,ENST00000379388,TRUE,0.231,0,15,34570472,0.8014684627392034
chr6,HIVEP1,ENST00000379388,TRUE,0.231,0,9,36407759,0.959501172984319
NA,HIVEP2,NM_006734.4,TRUE,0.114,NA,15,38764726,0.9893334104179916
chr6,HIVEP2,ENST00000367603,TRUE,0.114,0,15,38764726,0.9893334104179916
NA,HK1,NM_000188.3,TRUE,0.387,NA,15,35743524,0.8998670289645603
NA,HK1,NM_000188.3,TRUE,0.387,NA,9,33279139,0.8590566736634152
NA,HK1,NM_000188.3,TRUE,0.387,NA,0,32069791,0.9197318127702236
chr10,HK1,ENST00000359426,TRUE,0.387,0,15,35743524,0.8998670289645603
chr10,HK1,ENST00000359426,TRUE,0.387,0,9,33279139,0.8590566736634152
chr10,HK1,ENST00000359426,TRUE,0.387,0,0,32069791,0.9197318127702236
NA,HM13,NM_178581.3,TRUE,0.564,NA,1,52824278,0.959139183901621
NA,HM13,NM_178581.3,TRUE,0.564,NA,11,60721889,0.999154977184384
NA,HM13,NM_178581.3,TRUE,0.564,NA,0,30162163,0.8184096747916536
chr20,HM13,ENST00000398174,TRUE,0.564,1,1,52824278,0.959139183901621
chr20,HM13,ENST00000398174,TRUE,0.564,1,11,60721889,0.999154977184384
chr20,HM13,ENST00000398174,TRUE,0.564,1,0,30162163,0.8184096747916536
NA,HMBOX1,NM_001135726.3,TRUE,0.415,NA,11,44509452,0.8685707847445214
chr8,HMBOX1,ENST00000287701,TRUE,0.415,1,11,44509452,0.8685707847445214
NA,HMBS,NM_000190.4,TRUE,0.546,NA,1,56263184,0.9841811067635552
NA,HMBS,NM_000190.4,TRUE,0.546,NA,11,42090138,0.8333051659061461
chr11,HMBS,ENST00000652429,TRUE,0.546,1,1,56263184,0.9841811067635552
chr11,HMBS,ENST00000652429,TRUE,0.546,1,11,42090138,0.8333051659061461
NA,HMCN1,NM_031935.3,TRUE,0.543,NA,0,32831351,0.9501221881070242
chr1,HMCN1,ENST00000271588,TRUE,0.543,1,0,32831351,0.9501221881070242
NA,HMG20A,NM_001304504.2,TRUE,0.582,NA,9,35278562,0.9325842696629212
NA,HMG20A,NM_001304504.2,TRUE,0.582,NA,0,31759118,0.9082649288802556
chr15,HMG20A,ENST00000336216,TRUE,0.582,1,9,35278562,0.9325842696629212
chr15,HMG20A,ENST00000336216,TRUE,0.582,1,0,31759118,0.9082649288802556
NA,HMGA1,NM_145899.3,TRUE,0.435,NA,15,35034931,0.845348904434295
NA,HMGA1,NM_145899.3,TRUE,0.435,NA,11,40471129,0.805363078136443
NA,HMGA1,NM_145899.3,TRUE,0.435,NA,0,34368258,0.9840842158029952
chr6,HMGA1,ENST00000311487,TRUE,0.435,1,15,35034931,0.845348904434295
chr6,HMGA1,ENST00000311487,TRUE,0.435,1,11,40471129,0.805363078136443
chr6,HMGA1,ENST00000311487,TRUE,0.435,1,0,34368258,0.9840842158029952
NA,HMGB1,NM_002128.7,TRUE,0.168,NA,15,37586710,0.9714401341273052
NA,HMGB1,NM_002128.7,TRUE,0.168,NA,9,34025049,0.8921471786640326
NA,HMGB1,NM_002128.7,TRUE,0.168,NA,11,52855450,0.9601712579572982
chr13,HMGB1,ENST00000341423,TRUE,0.168,0,15,37586710,0.9714401341273052
chr13,HMGB1,ENST00000341423,TRUE,0.168,0,9,34025049,0.8921471786640326
chr13,HMGB1,ENST00000341423,TRUE,0.168,0,11,52855450,0.9601712579572982
NA,HMGB2,NM_002129.4,TRUE,0.284,NA,1,45432542,0.8657909446618223
NA,HMGB2,NM_002129.4,TRUE,0.284,NA,15,34689092,0.8126842805110713
chr4,HMGB2,ENST00000296503,TRUE,0.284,0,1,45432542,0.8657909446618223
chr4,HMGB2,ENST00000296503,TRUE,0.284,0,15,34689092,0.8126842805110713
NA,HMGCR,NM_000859.3,TRUE,0.447,NA,1,55143242,0.977138065958636
NA,HMGCR,NM_000859.3,TRUE,0.447,NA,11,60218037,0.9982536195143936
chr5,HMGCR,ENST00000287936,TRUE,0.447,1,1,55143242,0.977138065958636
chr5,HMGCR,ENST00000287936,TRUE,0.447,1,11,60218037,0.9982536195143936
NA,HMGCS1,NM_001098272.3,TRUE,0.176,NA,1,59691019,0.9956400223588596
NA,HMGCS1,NM_001098272.3,TRUE,0.176,NA,15,35301110,0.8670289645603284
NA,HMGCS1,NM_001098272.3,TRUE,0.176,NA,11,41505880,0.8242352543518675
chr5,HMGCS1,ENST00000325110,TRUE,0.176,0,1,59691019,0.9956400223588596
chr5,HMGCS1,ENST00000325110,TRUE,0.176,0,15,35301110,0.8670289645603284
chr5,HMGCS1,ENST00000325110,TRUE,0.176,0,11,41505880,0.8242352543518675
NA,HNRNPA2B1,NM_002137.4,TRUE,0.108,NA,15,34715966,0.8150546337515177
NA,HNRNPA2B1,NM_002137.4,TRUE,0.108,NA,9,32646936,0.8279417212001482
NA,HNRNPA2B1,NM_002137.4,TRUE,0.108,NA,11,43580521,0.8570784744521436
NA,HNRNPA2B1,NM_002137.4,TRUE,0.108,NA,0,33910567,0.978507425277273
chr7,HNRNPA2B1,ENST00000618183,TRUE,0.108,0,15,34715966,0.8150546337515177
chr7,HNRNPA2B1,ENST00000618183,TRUE,0.108,0,9,32646936,0.8279417212001482
chr7,HNRNPA2B1,ENST00000618183,TRUE,0.108,0,11,43580521,0.8570784744521436
chr7,HNRNPA2B1,ENST00000618183,TRUE,0.108,0,0,33910567,0.978507425277273
chr2,HNRNPA3,ENST00000392524,TRUE,0.162,0,15,35501079,0.8822339133953865
chr2,HNRNPA3,ENST00000392524,TRUE,0.162,0,9,33177539,0.8546734164711692
chr2,HNRNPA3,ENST00000392524,TRUE,0.162,0,11,54974174,0.9764520308715002
chr2,HNRNPA3,ENST00000392524,TRUE,0.162,0,0,30412436,0.8343254589886584
NA,HNRNPC,NM_004500.4,TRUE,0.264,NA,1,51532448,0.9482951369480156
NA,HNRNPC,NM_004500.4,TRUE,0.264,NA,15,35434700,0.8765103775221137
NA,HNRNPC,NM_004500.4,TRUE,0.264,NA,0,31418819,0.8905319882198133
chr14,HNRNPC,ENST00000553300,TRUE,0.264,0,1,51532448,0.9482951369480156
chr14,HNRNPC,ENST00000553300,TRUE,0.264,0,15,35434700,0.8765103775221137
chr14,HNRNPC,ENST00000553300,TRUE,0.264,0,0,31418819,0.8905319882198133
NA,HNRNPD,NM_031370.3,TRUE,0.222,NA,1,54465469,0.9719955282280603
NA,HNRNPD,NM_031370.3,TRUE,0.222,NA,15,36349331,0.9308550615713708
NA,HNRNPD,NM_031370.3,TRUE,0.222,NA,11,62202205,0.999718325728128
NA,HNRNPD,NM_031370.3,TRUE,0.222,NA,0,33556099,0.9737452221317126
chr4,HNRNPD,ENST00000313899,TRUE,0.222,0,1,54465469,0.9719955282280603
chr4,HNRNPD,ENST00000313899,TRUE,0.222,0,15,36349331,0.9308550615713708
chr4,HNRNPD,ENST00000313899,TRUE,0.222,0,11,62202205,0.999718325728128
chr4,HNRNPD,ENST00000313899,TRUE,0.222,0,0,33556099,0.9737452221317126
NA,HNRNPF,NM_001098204.2,TRUE,0.233,NA,1,58763052,0.993515930687535
NA,HNRNPF,NM_001098204.2,TRUE,0.233,NA,15,39100285,0.991790483898942
chr10,HNRNPF,ENST00000682386,TRUE,0.233,0,1,58763052,0.993515930687535
chr10,HNRNPF,ENST00000682386,TRUE,0.233,0,15,39100285,0.991790483898942
NA,HNRNPH1,NM_001364233.2,TRUE,0.113,NA,15,39286110,0.9923108053419668
NA,HNRNPH1,NM_001364233.2,TRUE,0.113,NA,9,33502226,0.8712186689714779
NA,HNRNPH1,NM_001364233.2,TRUE,0.113,NA,0,34285382,0.983394949558243
chr5,HNRNPH1,ENST00000356731,TRUE,0.113,0,15,39286110,0.9923108053419668
chr5,HNRNPH1,ENST00000356731,TRUE,0.113,0,9,33502226,0.8712186689714779
chr5,HNRNPH1,ENST00000356731,TRUE,0.113,0,0,34285382,0.983394949558243
NA,HNRNPH3,NM_012207.3,TRUE,0.304,NA,15,34889043,0.831531479447303
NA,HNRNPH3,NM_012207.3,TRUE,0.304,NA,11,46452163,0.8943721480479973
chr10,HNRNPH3,ENST00000265866,TRUE,0.304,0,15,34889043,0.831531479447303
chr10,HNRNPH3,ENST00000265866,TRUE,0.304,0,11,46452163,0.8943721480479973
NA,HNRNPK,NM_031263.4,TRUE,0.242,NA,1,62291590,0.9989379541643376
NA,HNRNPK,NM_031263.4,TRUE,0.242,NA,11,50796115,0.9432708016449778
NA,HNRNPK,NM_031263.4,TRUE,0.242,NA,0,31448614,0.8917851995739081
chr9,HNRNPK,ENST00000376263,TRUE,0.242,0,1,62291590,0.9989379541643376
chr9,HNRNPK,ENST00000376263,TRUE,0.242,0,11,50796115,0.9432708016449778
chr9,HNRNPK,ENST00000376263,TRUE,0.242,0,0,31448614,0.8917851995739081
NA,HNRNPL,NM_001533.3,TRUE,0.103,NA,1,41964903,0.8035215204024595
chr19,HNRNPL,ENST00000221419,TRUE,0.103,0,1,41964903,0.8035215204024595
NA,HNRNPM,NM_005968.5,TRUE,0.4,NA,0,31306341,0.8858951062096623
chr19,HNRNPM,ENST00000325495,TRUE,0.4,0,0,31306341,0.8858951062096623
NA,HNRNPR,NM_005826.5,TRUE,0.129,NA,1,46044778,0.8765790944661822
NA,HNRNPR,NM_005826.5,TRUE,0.129,NA,9,35111466,0.92776886035313
NA,HNRNPR,NM_005826.5,TRUE,0.129,NA,11,51582203,0.9498056447524084
chr1,HNRNPR,ENST00000302271,TRUE,0.129,0,1,46044778,0.8765790944661822
chr1,HNRNPR,ENST00000302271,TRUE,0.129,0,9,35111466,0.92776886035313
chr1,HNRNPR,ENST00000302271,TRUE,0.129,0,11,51582203,0.9498056447524084
NA,HNRNPU,NM_031844.3,TRUE,0.111,NA,1,55277544,0.9780324203465623
NA,HNRNPU,NM_031844.3,TRUE,0.111,NA,15,34723806,0.8159218361565589
NA,HNRNPU,NM_031844.3,TRUE,0.111,NA,9,33420790,0.8667736757624398
chr1,HNRNPU,ENST00000640218,TRUE,0.111,0,1,55277544,0.9780324203465623
chr1,HNRNPU,ENST00000640218,TRUE,0.111,0,15,34723806,0.8159218361565589
chr1,HNRNPU,ENST00000640218,TRUE,0.111,0,9,33420790,0.8667736757624398
NA,HNRNPUL1,NM_007040.6,TRUE,0.2,NA,11,40363154,0.8036730325052109
NA,HNRNPUL1,NM_007040.6,TRUE,0.2,NA,0,33780497,0.9773795350585875
chr19,HNRNPUL1,ENST00000392006,TRUE,0.2,0,11,40363154,0.8036730325052109
chr19,HNRNPUL1,ENST00000392006,TRUE,0.2,0,0,33780497,0.9773795350585875
NA,HOMER1,NM_004272.5,TRUE,0.185,NA,11,49816176,0.93318686271196
chr5,HOMER1,ENST00000334082,TRUE,0.185,0,11,49816176,0.93318686271196
NA,HOMEZ,NM_020834.3,TRUE,0.589,NA,1,51091789,0.9436556735606484
chr14,HOMEZ,ENST00000357460,TRUE,0.589,2,1,51091789,0.9436556735606484
NA,HP1BP3,NM_001372052.1,TRUE,0.32,NA,15,34747469,0.8185812568653523
chr1,HP1BP3,ENST00000438032,TRUE,0.32,0,15,34747469,0.8185812568653523
NA,HSF2,NM_004506.4,TRUE,0.409,NA,9,32269553,0.8073218915915545
chr6,HSF2,ENST00000368455,TRUE,0.409,1,9,32269553,0.8073218915915545
NA,HSF5,NM_001080439.3,TRUE,0.255,NA,15,36381317,0.9335433890269988
chr17,HSF5,ENST00000323777,TRUE,0.255,0,15,36381317,0.9335433890269988
NA,HSP90AA1,NM_005348.4,TRUE,0.362,NA,1,46927179,0.8893236444941308
NA,HSP90AA1,NM_005348.4,TRUE,0.362,NA,15,35181646,0.8578944325605596
NA,HSP90AA1,NM_005348.4,TRUE,0.362,NA,11,62196151,0.9996619908737536
NA,HSP90AA1,NM_005348.4,TRUE,0.362,NA,0,31681199,0.9054452033335422
chr14,HSP90AA1,ENST00000216281,TRUE,0.362,0,1,46927179,0.8893236444941308
chr14,HSP90AA1,ENST00000216281,TRUE,0.362,0,15,35181646,0.8578944325605596
chr14,HSP90AA1,ENST00000216281,TRUE,0.362,0,11,62196151,0.9996619908737536
chr14,HSP90AA1,ENST00000216281,TRUE,0.362,0,0,31681199,0.9054452033335422
NA,HSP90AB1,NM_007355.4,TRUE,0.35,NA,15,36264296,0.9278487599005608
NA,HSP90AB1,NM_007355.4,TRUE,0.35,NA,0,31761833,0.9083902500156652
chr6,HSP90AB1,ENST00000371646,TRUE,0.35,0,15,36264296,0.9278487599005608
chr6,HSP90AB1,ENST00000371646,TRUE,0.35,0,0,31761833,0.9083902500156652
NA,HSP90B1,NM_003299.3,TRUE,0.326,NA,15,36135568,0.9224721049893044
NA,HSP90B1,NM_003299.3,TRUE,0.326,NA,11,46893857,0.8996112895048166
NA,HSP90B1,NM_003299.3,TRUE,0.326,NA,0,32875546,0.9579547590701172
chr12,HSP90B1,ENST00000299767,TRUE,0.326,0,15,36135568,0.9224721049893044
chr12,HSP90B1,ENST00000299767,TRUE,0.326,0,11,46893857,0.8996112895048166
chr12,HSP90B1,ENST00000299767,TRUE,0.326,0,0,32875546,0.9579547590701172
NA,HSPA12A,NM_025015.3,TRUE,0.596,NA,15,37559130,0.9694166618488756
NA,HSPA12A,NM_025015.3,TRUE,0.596,NA,0,32831351,0.9501221881070242
chr10,HSPA12A,ENST00000369209,TRUE,0.596,2,15,37559130,0.9694166618488756
chr10,HSPA12A,ENST00000369209,TRUE,0.596,2,0,32831351,0.9501221881070242
NA,HSPA2,NM_021979.4,TRUE,0.518,NA,0,30640174,0.8502412431856633
chr14,HSPA2,ENST00000247207,TRUE,0.518,1,0,30640174,0.8502412431856633
NA,HSPA4,NM_002154.4,TRUE,0.316,NA,1,55829669,0.982280603689212
NA,HSPA4,NM_002154.4,TRUE,0.316,NA,9,32503351,0.8207803432522534
chr5,HSPA4,ENST00000304858,TRUE,0.316,0,1,55829669,0.982280603689212
chr5,HSPA4,ENST00000304858,TRUE,0.316,0,9,32503351,0.8207803432522534
NA,HSPA4L,NM_014278.4,TRUE,0.545,NA,9,34323125,0.902642301518706
chr4,HSPA4L,ENST00000296464,TRUE,0.545,1,9,34323125,0.902642301518706
NA,HSPA5,NM_005347.5,TRUE,0.504,NA,15,35084395,0.849453662484824
NA,HSPA5,NM_005347.5,TRUE,0.504,NA,11,56136692,0.9830432088333052
NA,HSPA5,NM_005347.5,TRUE,0.504,NA,0,30879598,0.8635252835390689
chr9,HSPA5,ENST00000324460,TRUE,0.504,1,15,35084395,0.849453662484824
chr9,HSPA5,ENST00000324460,TRUE,0.504,1,11,56136692,0.9830432088333052
chr9,HSPA5,ENST00000324460,TRUE,0.504,1,0,30879598,0.8635252835390689
NA,HSPA8,NM_006597.6,TRUE,0.12,NA,1,50264736,0.9353828954723308
NA,HSPA8,NM_006597.6,TRUE,0.12,NA,15,36886061,0.9522460542290572
NA,HSPA8,NM_006597.6,TRUE,0.12,NA,0,33974735,0.9796353154959584
chr11,HSPA8,ENST00000534624,TRUE,0.12,0,1,50264736,0.9353828954723308
chr11,HSPA8,ENST00000534624,TRUE,0.12,0,15,36886061,0.9522460542290572
chr11,HSPA8,ENST00000534624,TRUE,0.12,0,0,33974735,0.9796353154959584
NA,HSPA9,NM_004134.7,TRUE,0.525,NA,1,47485878,0.8978759083286753
NA,HSPA9,NM_004134.7,TRUE,0.525,NA,15,34822544,0.8253454356246748
NA,HSPA9,NM_004134.7,TRUE,0.525,NA,9,35136694,0.9285096925546364
chr5,HSPA9,ENST00000297185,TRUE,0.525,1,1,47485878,0.8978759083286753
chr5,HSPA9,ENST00000297185,TRUE,0.525,1,15,34822544,0.8253454356246748
chr5,HSPA9,ENST00000297185,TRUE,0.525,1,9,35136694,0.9285096925546364
NA,HSPH1,NM_006644.4,TRUE,0.435,NA,1,50763773,0.9406372275013974
NA,HSPH1,NM_006644.4,TRUE,0.435,NA,11,58585618,0.9933524871838206
chr13,HSPH1,ENST00000320027,TRUE,0.435,1,1,50763773,0.9406372275013974
chr13,HSPH1,ENST00000320027,TRUE,0.435,1,11,58585618,0.9933524871838206
NA,HTT,NM_001388492.1,TRUE,0.353,NA,9,32721176,0.8312754661069268
NA,HTT,NM_001388492.1,TRUE,0.353,NA,0,32319897,0.9276270443010214
chr4,HTT,ENST00000355072,TRUE,0.353,0,9,32721176,0.8312754661069268
chr4,HTT,ENST00000355072,TRUE,0.353,0,0,32319897,0.9276270443010214
NA,HUNK,NM_014586.2,TRUE,0.39,NA,11,43748461,0.8593318686271196
chr21,HUNK,ENST00000270112,TRUE,0.39,0,11,43748461,0.8593318686271196
NA,HYDIN,NM_001270974.2,TRUE,0.555,NA,0,32831351,0.9501221881070242
chr16,HYDIN,ENST00000393567,TRUE,0.555,1,0,32831351,0.9501221881070242
NA,HYOU1,NM_006389.5,TRUE,0.41,NA,11,46174083,0.8905977128049124
NA,HYOU1,NM_006389.5,TRUE,0.41,NA,0,31279559,0.8844539131524531
chr11,HYOU1,ENST00000617285,TRUE,0.41,1,11,46174083,0.8905977128049124
chr11,HYOU1,ENST00000617285,TRUE,0.41,1,0,31279559,0.8844539131524531
NA,ICE1,NM_015325.3,TRUE,0.429,NA,1,46084600,0.877417551704863
NA,ICE1,NM_015325.3,TRUE,0.429,NA,11,40636333,0.8081234860007886
chr5,ICE1,ENST00000296564,TRUE,0.429,1,1,46084600,0.877417551704863
chr5,ICE1,ENST00000296564,TRUE,0.429,1,11,40636333,0.8081234860007886
NA,IDH2,NM_002168.4,TRUE,0.502,NA,1,53225602,0.9622694242593628
NA,IDH2,NM_002168.4,TRUE,0.502,NA,9,35789350,0.9479565378441784
chr15,IDH2,ENST00000330062,TRUE,0.502,1,1,53225602,0.9622694242593628
chr15,IDH2,ENST00000330062,TRUE,0.502,1,9,35789350,0.9479565378441784
NA,IGF1R,NM_000875.5,TRUE,0.393,NA,11,40958309,0.8139823108557265
chr15,IGF1R,ENST00000650285,TRUE,0.393,0,11,40958309,0.8139823108557265
NA,IGF2BP2,NM_006548.6,TRUE,0.325,NA,11,50722856,0.9425384485381104
chr3,IGF2BP2,ENST00000382199,TRUE,0.325,0,11,50722856,0.9425384485381104
NA,IGF2BP3,NM_006547.3,TRUE,0.196,NA,11,47950515,0.9139203425159146
NA,IGF2BP3,NM_006547.3,TRUE,0.196,NA,0,30052723,0.8104517826931512
chr7,IGF2BP3,ENST00000258729,TRUE,0.196,0,11,47950515,0.9139203425159146
chr7,IGF2BP3,ENST00000258729,TRUE,0.196,0,0,30052723,0.8104517826931512
NA,IGSF3,NM_001007237.3,TRUE,0.289,NA,9,39750931,0.9952463267070008
chr1,IGSF3,ENST00000369486,TRUE,0.289,0,9,39750931,0.9952463267070008
NA,IKBKB,NM_001556.3,TRUE,0.472,NA,0,30466577,0.8383983958894667
chr8,IKBKB,ENST00000520810,TRUE,0.472,1,0,30466577,0.8383983958894667
NA,IKZF5,NM_001372123.1,TRUE,0.286,NA,9,33015053,0.8467094703049759
NA,IKZF5,NM_001372123.1,TRUE,0.286,NA,11,51100205,0.945411526111205
chr10,IKZF5,ENST00000368886,TRUE,0.286,0,9,33015053,0.8467094703049759
chr10,IKZF5,ENST00000368886,TRUE,0.286,0,11,51100205,0.945411526111205
NA,ILF2,NM_004515.4,TRUE,0.324,NA,11,47543963,0.9089628753309672
chr1,ILF2,ENST00000361891,TRUE,0.324,0,11,47543963,0.9089628753309672
NA,ILF3,NM_001394808.1,TRUE,0.309,NA,15,35923489,0.9116031681794532
NA,ILF3,NM_001394808.1,TRUE,0.309,NA,0,31570462,0.8961714393132402
chr19,ILF3,ENST00000449870,TRUE,0.309,0,15,35923489,0.9116031681794532
chr19,ILF3,ENST00000449870,TRUE,0.309,0,0,31570462,0.8961714393132402
NA,ILKAP,NM_030768.3,TRUE,0.38,NA,0,30105378,0.8139607744846168
chr2,ILKAP,ENST00000254654,TRUE,0.38,0,0,30105378,0.8139607744846168
NA,ILRUN,NM_024294.4,TRUE,0.188,NA,1,49086358,0.920570150922303
NA,ILRUN,NM_024294.4,TRUE,0.188,NA,11,47767230,0.9119486226128104
chr6,ILRUN,ENST00000374023,TRUE,0.188,0,1,49086358,0.920570150922303
chr6,ILRUN,ENST00000374023,TRUE,0.188,0,11,47767230,0.9119486226128104
NA,INCENP,NM_001040694.2,TRUE,0.539,NA,9,34260951,0.90079022101494
NA,INCENP,NM_001040694.2,TRUE,0.539,NA,0,30206324,0.8212920609060718
chr11,INCENP,ENST00000394818,TRUE,0.539,1,9,34260951,0.90079022101494
chr11,INCENP,ENST00000394818,TRUE,0.539,1,0,30206324,0.8212920609060718
NA,INF2,NM_022489.4,TRUE,0.526,NA,0,32119290,0.9215489692336613
chr14,INF2,ENST00000392634,TRUE,0.526,1,0,32119290,0.9215489692336613
NA,ING1,NM_198219.3,TRUE,0.447,NA,15,36277547,0.9280800138752384
chr13,ING1,ENST00000333219,TRUE,0.447,1,15,36277547,0.9280800138752384
NA,ING2,NM_001564.4,TRUE,0.436,NA,15,35567503,0.8868589928889403
NA,ING2,NM_001564.4,TRUE,0.436,NA,11,45237843,0.8793307419300321
chr4,ING2,ENST00000302327,TRUE,0.436,1,15,35567503,0.8868589928889403
chr4,ING2,ENST00000302327,TRUE,0.436,1,11,45237843,0.8793307419300321
NA,ING3,NM_019071.3,TRUE,0.277,NA,1,51218485,0.9447177193963108
chr7,ING3,ENST00000315870,TRUE,0.277,0,1,51218485,0.9447177193963108
NA,INO80,NM_017553.3,TRUE,0.165,NA,1,46252612,0.8798770262716601
chr15,INO80,ENST00000648947,TRUE,0.165,0,1,46252612,0.8798770262716601
NA,INO80D,NM_017759.5,TRUE,0.351,NA,9,35332893,0.9338807260155576
chr2,INO80D,ENST00000403263,TRUE,0.351,0,9,35332893,0.9338807260155576
NA,INPP5D,NM_001017915.3,TRUE,0.379,NA,1,45662670,0.8702627166014534
chr2,INPP5D,ENST00000445964,TRUE,0.379,0,1,45662670,0.8702627166014534
NA,INTS12,NM_020395.4,TRUE,0.532,NA,11,48188508,0.9160047321277676
chr4,INTS12,ENST00000340139,TRUE,0.532,1,11,48188508,0.9160047321277676
NA,INTS7,NM_015434.4,TRUE,0.466,NA,1,48365706,0.9114589155953048
NA,INTS7,NM_015434.4,TRUE,0.466,NA,9,35495337,0.9369675268551672
chr1,INTS7,ENST00000366994,TRUE,0.466,1,1,48365706,0.9114589155953048
chr1,INTS7,ENST00000366994,TRUE,0.466,1,9,35495337,0.9369675268551672
NA,IP6K1,NM_153273.4,TRUE,0.516,NA,0,33711809,0.9766276082461308
chr3,IP6K1,ENST00000321599,TRUE,0.516,1,0,33711809,0.9766276082461308
NA,IPO11,NM_016338.5,TRUE,0.598,NA,11,41934164,0.8309391020224213
chr5,IPO11,ENST00000325324,TRUE,0.598,2,11,41934164,0.8309391020224213
NA,IPO13,NM_014652.4,TRUE,0.324,NA,9,33024492,0.8472033584393135
NA,IPO13,NM_014652.4,TRUE,0.324,NA,0,30222097,0.8222946299893477
chr1,IPO13,ENST00000372343,TRUE,0.324,0,9,33024492,0.8472033584393135
chr1,IPO13,ENST00000372343,TRUE,0.324,0,0,30222097,0.8222946299893477
NA,IPO5,NM_002271.6,TRUE,0.156,NA,11,49300444,0.927609712128894
chr13,IPO5,ENST00000651721,TRUE,0.156,0,11,49300444,0.927609712128894
NA,IPO7,NM_006391.3,TRUE,0.138,NA,15,36343629,0.9305659941030237
NA,IPO7,NM_006391.3,TRUE,0.138,NA,11,58098712,0.9912117627175934
chr11,IPO7,ENST00000379719,TRUE,0.138,0,15,36343629,0.9305659941030237
chr11,IPO7,ENST00000379719,TRUE,0.138,0,11,58098712,0.9912117627175934
NA,IPO8,NM_006390.4,TRUE,0.575,NA,0,33650167,0.9753117363243312
chr12,IPO8,ENST00000256079,TRUE,0.575,1,0,33650167,0.9753117363243312
NA,IPO9,NM_018085.5,TRUE,0.31,NA,1,43560189,0.8337059809949693
NA,IPO9,NM_018085.5,TRUE,0.31,NA,9,32597369,0.8251018644277072
NA,IPO9,NM_018085.5,TRUE,0.31,NA,11,43270625,0.8515013238690778
chr1,IPO9,ENST00000361565,TRUE,0.31,0,1,43560189,0.8337059809949693
chr1,IPO9,ENST00000361565,TRUE,0.31,0,9,32597369,0.8251018644277072
chr1,IPO9,ENST00000361565,TRUE,0.31,0,11,43270625,0.8515013238690778
NA,IPPK,NM_022755.6,TRUE,0.506,NA,1,47487945,0.8979318054779206
NA,IPPK,NM_022755.6,TRUE,0.506,NA,11,54942711,0.9762266914540024
chr9,IPPK,ENST00000287996,TRUE,0.506,1,1,47487945,0.8979318054779206
chr9,IPPK,ENST00000287996,TRUE,0.506,1,11,54942711,0.9762266914540024
NA,IQGAP1,NM_003870.4,TRUE,0.395,NA,15,34812057,0.8242469792449558
NA,IQGAP1,NM_003870.4,TRUE,0.395,NA,9,34381303,0.9043709099888876
NA,IQGAP1,NM_003870.4,TRUE,0.395,NA,0,30204702,0.8210414186352528
chr15,IQGAP1,ENST00000268182,TRUE,0.395,0,15,34812057,0.8242469792449558
chr15,IQGAP1,ENST00000268182,TRUE,0.395,0,9,34381303,0.9043709099888876
chr15,IQGAP1,ENST00000268182,TRUE,0.395,0,0,30204702,0.8210414186352528
NA,IREB2,NM_004136.4,TRUE,0.389,NA,1,41814336,0.8001117942984908
NA,IREB2,NM_004136.4,TRUE,0.389,NA,15,38199485,0.9834075273168758
chr15,IREB2,ENST00000258886,TRUE,0.389,0,1,41814336,0.8001117942984908
chr15,IREB2,ENST00000258886,TRUE,0.389,0,15,38199485,0.9834075273168758
NA,IRF1,NM_002198.3,TRUE,0.531,NA,1,49160239,0.921743991056456
chr5,IRF1,ENST00000245414,TRUE,0.531,1,1,49160239,0.921743991056456
NA,IRF2BP1,NM_015649.3,TRUE,0.538,NA,11,43379637,0.8537547180440539
NA,IRF2BP1,NM_015649.3,TRUE,0.538,NA,0,30122195,0.8150260041355974
chr19,IRF2BP1,ENST00000302165,TRUE,0.538,1,11,43379637,0.8537547180440539
chr19,IRF2BP1,ENST00000302165,TRUE,0.538,1,0,30122195,0.8150260041355974
NA,IRF2BPL,NM_024496.4,TRUE,0.544,NA,15,34880751,0.8308955310169394
NA,IRF2BPL,NM_024496.4,TRUE,0.544,NA,11,48975407,0.9244549602839276
NA,IRF2BPL,NM_024496.4,TRUE,0.544,NA,0,31954725,0.916724105520396
chr14,IRF2BPL,ENST00000238647,TRUE,0.544,1,15,34880751,0.8308955310169394
chr14,IRF2BPL,ENST00000238647,TRUE,0.544,1,11,48975407,0.9244549602839276
chr14,IRF2BPL,ENST00000238647,TRUE,0.544,1,0,31954725,0.916724105520396
NA,IRF6,NM_006147.4,TRUE,0.214,NA,0,30129076,0.8154646281095307
chr1,IRF6,ENST00000367021,TRUE,0.214,0,0,30129076,0.8154646281095307
NA,IRF8,NM_002163.4,TRUE,0.462,NA,15,37905895,0.9790137017979996
chr16,IRF8,ENST00000268638,TRUE,0.462,1,15,37905895,0.9790137017979996
NA,ISL1,NM_002202.3,TRUE,0.235,NA,9,35663671,0.9423694283244846
chr5,ISL1,ENST00000230658,TRUE,0.235,0,9,35663671,0.9423694283244846
NA,ISY1,NM_020701.4,TRUE,0.352,NA,11,49854168,0.9339192158188272
chr3,ISY1,ENST00000393295,TRUE,0.352,0,11,49854168,0.9339192158188272
NA,ITCH,NM_031483.7,TRUE,0.343,NA,9,33104001,0.8507840474132609
chr20,ITCH,ENST00000374864,TRUE,0.343,0,9,33104001,0.8507840474132609
NA,ITGA5,NM_002205.5,TRUE,0.454,NA,11,54719479,0.9747056503858936
chr12,ITGA5,ENST00000293379,TRUE,0.454,1,11,54719479,0.9747056503858936
NA,ITGA9,NM_002207.3,TRUE,0.555,NA,15,35598512,0.8901254552812626
chr3,ITGA9,ENST00000264741,TRUE,0.555,1,15,35598512,0.8901254552812626
NA,ITGB1,NM_002211.4,TRUE,0.396,NA,1,46806777,0.887479038569033
NA,ITGB1,NM_002211.4,TRUE,0.396,NA,11,52167413,0.955664469607346
NA,ITGB1,NM_002211.4,TRUE,0.396,NA,0,32765236,0.9410990663575411
chr10,ITGB1,ENST00000302278,TRUE,0.396,0,1,46806777,0.887479038569033
chr10,ITGB1,ENST00000302278,TRUE,0.396,0,11,52167413,0.955664469607346
chr10,ITGB1,ENST00000302278,TRUE,0.396,0,0,32765236,0.9410990663575411
NA,ITGB5,NM_002213.5,TRUE,0.568,NA,1,50704067,0.9399105645612074
NA,ITGB5,NM_002213.5,TRUE,0.568,NA,9,33127465,0.8518952957155205
NA,ITGB5,NM_002213.5,TRUE,0.568,NA,0,31659230,0.9041293314117426
chr3,ITGB5,ENST00000296181,TRUE,0.568,1,1,50704067,0.9399105645612074
chr3,ITGB5,ENST00000296181,TRUE,0.568,1,9,33127465,0.8518952957155205
chr3,ITGB5,ENST00000296181,TRUE,0.568,1,0,31659230,0.9041293314117426
NA,IVNS1ABP,NM_006469.5,TRUE,0.453,NA,1,56632879,0.9856344326439352
NA,IVNS1ABP,NM_006469.5,TRUE,0.453,NA,9,34821393,0.918014569699963
NA,IVNS1ABP,NM_006469.5,TRUE,0.453,NA,11,53005827,0.9615796293166582
NA,IVNS1ABP,NM_006469.5,TRUE,0.453,NA,0,30580289,0.8462936274202645
chr1,IVNS1ABP,ENST00000367498,TRUE,0.453,1,1,56632879,0.9856344326439352
chr1,IVNS1ABP,ENST00000367498,TRUE,0.453,1,9,34821393,0.918014569699963
chr1,IVNS1ABP,ENST00000367498,TRUE,0.453,1,11,53005827,0.9615796293166582
chr1,IVNS1ABP,ENST00000367498,TRUE,0.453,1,0,30580289,0.8462936274202645
NA,JADE1,NM_199320.4,TRUE,0.28,NA,1,47281180,0.894242593627725
NA,JADE1,NM_199320.4,TRUE,0.28,NA,11,53238708,0.9637766886372598
chr4,JADE1,ENST00000226319,TRUE,0.28,0,1,47281180,0.894242593627725
chr4,JADE1,ENST00000226319,TRUE,0.28,0,11,53238708,0.9637766886372598
NA,JADE2,NM_001388185.1,TRUE,0.25,NA,0,32397513,0.9299454853060968
chr5,JADE2,ENST00000681547,TRUE,0.25,0,0,32397513,0.9299454853060968
NA,JAG1,NM_000214.3,TRUE,0.211,NA,0,32831351,0.9501221881070242
chr20,JAG1,ENST00000254958,TRUE,0.211,0,0,32831351,0.9501221881070242
NA,JAK1,NM_002227.4,TRUE,0.168,NA,0,31986029,0.9174760323328528
chr1,JAK1,ENST00000342505,TRUE,0.168,0,0,31986029,0.9174760323328528
NA,JARID2,NM_004973.4,TRUE,0.202,NA,1,45884288,0.8741755170486305
NA,JARID2,NM_004973.4,TRUE,0.202,NA,11,51051658,0.9449608472762098
NA,JARID2,NM_004973.4,TRUE,0.202,NA,0,30530465,0.8424713327902751
chr6,JARID2,ENST00000341776,TRUE,0.202,0,1,45884288,0.8741755170486305
chr6,JARID2,ENST00000341776,TRUE,0.202,0,11,51051658,0.9449608472762098
chr6,JARID2,ENST00000341776,TRUE,0.202,0,0,30530465,0.8424713327902751
NA,JAZF1,NM_175061.4,TRUE,0.438,NA,0,31654417,0.9019988721097814
chr7,JAZF1,ENST00000283928,TRUE,0.438,1,0,31654417,0.9019988721097814
NA,JCAD,NM_020848.4,TRUE,0.496,NA,9,32427159,0.8167057661439684
NA,JCAD,NM_020848.4,TRUE,0.496,NA,11,40736904,0.8101515407582671
chr10,JCAD,ENST00000375377,TRUE,0.496,1,9,32427159,0.8167057661439684
chr10,JCAD,ENST00000375377,TRUE,0.496,1,11,40736904,0.8101515407582671
NA,JMJD6,NM_015167.3,TRUE,0.53,NA,1,47645229,0.9006707657909446
NA,JMJD6,NM_015167.3,TRUE,0.53,NA,11,48773603,0.9224832403808236
NA,JMJD6,NM_015167.3,TRUE,0.53,NA,0,30757396,0.8570712450654803
chr17,JMJD6,ENST00000397625,TRUE,0.53,1,1,47645229,0.9006707657909446
chr17,JMJD6,ENST00000397625,TRUE,0.53,1,11,48773603,0.9224832403808236
chr17,JMJD6,ENST00000397625,TRUE,0.53,1,0,30757396,0.8570712450654803
NA,JPH3,NM_020655.4,TRUE,0.36,NA,9,32479982,0.8192986788492407
chr16,JPH3,ENST00000284262,TRUE,0.36,0,9,32479982,0.8192986788492407
NA,JUP,NM_002230.4,TRUE,0.533,NA,15,38236637,0.9836965947852228
NA,JUP,NM_002230.4,TRUE,0.533,NA,0,32959023,0.9602732000751928
chr17,JUP,ENST00000393931,TRUE,0.533,1,15,38236637,0.9836965947852228
chr17,JUP,ENST00000393931,TRUE,0.533,1,0,32959023,0.9602732000751928
NA,KALRN,NM_001388419.1,TRUE,0.231,NA,11,56597119,0.9855782772801532
NA,KALRN,NM_001388419.1,TRUE,0.231,NA,0,30680313,0.8523717024876245
chr3,KALRN,ENST00000682506,TRUE,0.231,0,11,56597119,0.9855782772801532
chr3,KALRN,ENST00000682506,TRUE,0.231,0,0,30680313,0.8523717024876245
NA,KANSL1,NM_015443.4,TRUE,0.325,NA,1,51528195,0.9482392397987702
NA,KANSL1,NM_015443.4,TRUE,0.325,NA,15,36537007,0.9409146094698504
NA,KANSL1,NM_015443.4,TRUE,0.325,NA,11,43748692,0.8594445383358684
NA,KANSL1,NM_015443.4,TRUE,0.325,NA,0,30684259,0.8528729870292625
chr17,KANSL1,ENST00000432791,TRUE,0.325,0,1,51528195,0.9482392397987702
chr17,KANSL1,ENST00000432791,TRUE,0.325,0,15,36537007,0.9409146094698504
chr17,KANSL1,ENST00000432791,TRUE,0.325,0,11,43748692,0.8594445383358684
chr17,KANSL1,ENST00000432791,TRUE,0.325,0,0,30684259,0.8528729870292625
NA,KANSL3,NM_001115016.3,TRUE,0.293,NA,15,34685299,0.8122795860553853
NA,KANSL3,NM_001115016.3,TRUE,0.293,NA,9,38069219,0.9833930114828991
NA,KANSL3,NM_001115016.3,TRUE,0.293,NA,0,32208490,0.9247446581866032
chr2,KANSL3,ENST00000431828,TRUE,0.293,0,15,34685299,0.8122795860553853
chr2,KANSL3,ENST00000431828,TRUE,0.293,0,9,38069219,0.9833930114828991
chr2,KANSL3,ENST00000431828,TRUE,0.293,0,0,32208490,0.9247446581866032
NA,KAT2A,NM_021078.3,TRUE,0.587,NA,1,41872315,0.8015092230296255
chr17,KAT2A,ENST00000225916,TRUE,0.587,2,1,41872315,0.8015092230296255
NA,KAT6A,NM_006766.5,TRUE,0.083,NA,1,43728187,0.8372833985466741
NA,KAT6A,NM_006766.5,TRUE,0.083,NA,9,34664172,0.913013952339795
NA,KAT6A,NM_006766.5,TRUE,0.083,NA,0,32341326,0.9281283288426592
chr8,KAT6A,ENST00000265713,TRUE,0.083,0,1,43728187,0.8372833985466741
chr8,KAT6A,ENST00000265713,TRUE,0.083,0,9,34664172,0.913013952339795
chr8,KAT6A,ENST00000265713,TRUE,0.083,0,0,32341326,0.9281283288426592
NA,KAT6B,NM_012330.4,TRUE,0.098,NA,9,35195574,0.9301148289912334
NA,KAT6B,NM_012330.4,TRUE,0.098,NA,11,41430544,0.822488873866261
chr10,KAT6B,ENST00000287239,TRUE,0.098,0,9,35195574,0.9301148289912334
chr10,KAT6B,ENST00000287239,TRUE,0.098,0,11,41430544,0.822488873866261
NA,KCMF1,NM_020122.5,TRUE,0.245,NA,1,57718042,0.9901621017328116
NA,KCMF1,NM_020122.5,TRUE,0.245,NA,11,54046912,0.9701988620359416
NA,KCMF1,NM_020122.5,TRUE,0.245,NA,0,31073768,0.8749295068613322
chr2,KCMF1,ENST00000409785,TRUE,0.245,0,1,57718042,0.9901621017328116
chr2,KCMF1,ENST00000409785,TRUE,0.245,0,11,54046912,0.9701988620359416
chr2,KCMF1,ENST00000409785,TRUE,0.245,0,0,31073768,0.8749295068613322
NA,KCNAB2,XM_005263514.3,TRUE,0.578,NA,15,35598512,0.8901254552812626
NA,KCNJ3,NM_002239.4,TRUE,0.223,NA,15,36977259,0.9546164074695034
NA,KCNJ3,NM_002239.4,TRUE,0.223,NA,11,57483617,0.9895217170863614
NA,KCNJ3,NM_002239.4,TRUE,0.223,NA,0,30653284,0.8508678488627107
chr2,KCNJ3,ENST00000295101,TRUE,0.223,0,15,36977259,0.9546164074695034
chr2,KCNJ3,ENST00000295101,TRUE,0.223,0,11,57483617,0.9895217170863614
chr2,KCNJ3,ENST00000295101,TRUE,0.223,0,0,30653284,0.8508678488627107
NA,KCNQ5,NM_019842.4,TRUE,0.417,NA,9,39230757,0.9917891097666378
chr6,KCNQ5,ENST00000370398,TRUE,0.417,1,9,39230757,0.9917891097666378
NA,KCTD10,NM_031954.5,TRUE,0.571,NA,9,33702696,0.8802321274231386
NA,KCTD10,NM_031954.5,TRUE,0.571,NA,11,48461563,0.9188214748464876
NA,KCTD10,NM_031954.5,TRUE,0.571,NA,0,31659529,0.9041919919794472
chr12,KCTD10,ENST00000228495,TRUE,0.571,1,9,33702696,0.8802321274231386
chr12,KCTD10,ENST00000228495,TRUE,0.571,1,11,48461563,0.9188214748464876
chr12,KCTD10,ENST00000228495,TRUE,0.571,1,0,31659529,0.9041919919794472
NA,KCTD9,NM_017634.4,TRUE,0.444,NA,15,35401630,0.8741978377753368
NA,KCTD9,NM_017634.4,TRUE,0.444,NA,0,30238783,0.8231092173695094
chr8,KCTD9,ENST00000221200,TRUE,0.444,1,15,35401630,0.8741978377753368
chr8,KCTD9,ENST00000221200,TRUE,0.444,1,0,30238783,0.8231092173695094
NA,KDM2B,NM_032590.5,TRUE,0.266,NA,15,34801424,0.8232063363589062
chr12,KDM2B,ENST00000377071,TRUE,0.266,0,15,34801424,0.8232063363589062
NA,KDM3B,NM_016604.4,TRUE,0.117,NA,15,35062462,0.8474301902063942
NA,KDM3B,NM_016604.4,TRUE,0.117,NA,11,46270696,0.8920624190186468
chr5,KDM3B,ENST00000314358,TRUE,0.117,0,15,35062462,0.8474301902063942
chr5,KDM3B,ENST00000314358,TRUE,0.117,0,11,46270696,0.8920624190186468
NA,KDM4A,NM_014663.3,TRUE,0.258,NA,15,35281490,0.8659883216742787
chr1,KDM4A,ENST00000372396,TRUE,0.258,0,15,35281490,0.8659883216742787
NA,KDM4B,NM_015015.3,TRUE,0.371,NA,9,32675522,0.8292999135695764
NA,KDM4B,NM_015015.3,TRUE,0.371,NA,11,44192396,0.8650780237733086
chr19,KDM4B,ENST00000159111,TRUE,0.371,0,9,32675522,0.8292999135695764
chr19,KDM4B,ENST00000159111,TRUE,0.371,0,11,44192396,0.8650780237733086
NA,KDM5A,NM_001042603.3,TRUE,0.27,NA,1,43007833,0.8230296254891001
NA,KDM5A,NM_001042603.3,TRUE,0.27,NA,11,48283821,0.9171314292152556
chr12,KDM5A,ENST00000399788,TRUE,0.27,0,1,43007833,0.8230296254891001
chr12,KDM5A,ENST00000399788,TRUE,0.27,0,11,48283821,0.9171314292152556
NA,KDM6B,NM_001348716.2,TRUE,0.211,NA,1,53948038,0.9682504192286192
chr17,KDM6B,ENST00000448097,TRUE,0.211,0,1,53948038,0.9682504192286192
NA,KEAP1,NM_203500.2,TRUE,0.595,NA,15,36811933,0.9503382089379662
NA,KEAP1,NM_203500.2,TRUE,0.595,NA,0,30289777,0.8259916034839275
chr19,KEAP1,ENST00000171111,TRUE,0.595,2,15,36811933,0.9503382089379662
chr19,KEAP1,ENST00000171111,TRUE,0.595,2,0,30289777,0.8259916034839275
NA,KHDC4,NM_014949.4,TRUE,0.411,NA,15,35323767,0.8691102503324276
NA,KHDC4,NM_014949.4,TRUE,0.411,NA,0,30619077,0.8489880318315683
chr1,KHDC4,ENST00000368321,TRUE,0.411,1,15,35323767,0.8691102503324276
chr1,KHDC4,ENST00000368321,TRUE,0.411,1,0,30619077,0.8489880318315683
NA,KHDRBS1,NM_006559.3,TRUE,0.394,NA,11,49767728,0.932623514168216
chr1,KHDRBS1,ENST00000327300,TRUE,0.394,0,11,49767728,0.932623514168216
NA,KHSRP,NM_001366299.1,TRUE,0.263,NA,11,50562537,0.9411300771787504
NA,KHSRP,NM_001366299.1,TRUE,0.263,NA,0,30519962,0.8418447271132277
chr19,KHSRP,ENST00000600480,TRUE,0.263,0,11,50562537,0.9411300771787504
chr19,KHSRP,ENST00000600480,TRUE,0.263,0,0,30519962,0.8418447271132277
NA,KIAA0100,NM_014680.5,TRUE,0.56,NA,0,30753860,0.8567579422269566
chr17,KIAA0100,ENST00000528896,TRUE,0.56,1,0,30753860,0.8567579422269566
NA,KIAA0232,NM_014743.3,TRUE,0.3,NA,1,45046393,0.860145332588038
NA,KIAA0232,NM_014743.3,TRUE,0.3,NA,11,44260668,0.866261055715171
chr4,KIAA0232,ENST00000307659,TRUE,0.3,0,1,45046393,0.860145332588038
chr4,KIAA0232,ENST00000307659,TRUE,0.3,0,11,44260668,0.866261055715171
NA,KIAA1109,NM_001384125.1,TRUE,0.579,NA,0,29946546,0.8030578357039915
chr4,KIAA1109,ENST00000679879,TRUE,0.579,1,0,29946546,0.8030578357039915
NA,KIAA1671,NM_001145206.2,TRUE,0.525,NA,0,31654585,0.9040040102763331
chr22,KIAA1671,ENST00000358431,TRUE,0.525,1,0,31654585,0.9040040102763331
NA,KIAA1958,NM_133465.4,TRUE,0.45,NA,9,32917985,0.8423262131127299
chr9,KIAA1958,ENST00000337530,TRUE,0.45,1,9,32917985,0.8423262131127299
NA,KIDINS220,NM_020738.4,TRUE,0.452,NA,11,47286035,0.9056391189228776
chr2,KIDINS220,ENST00000256707,TRUE,0.452,1,11,47286035,0.9056391189228776
NA,KIF11,NM_004523.4,TRUE,0.184,NA,9,39431854,0.9942585504383256
chr10,KIF11,ENST00000260731,TRUE,0.184,0,9,39431854,0.9942585504383256
NA,KIF1A,NM_001244008.2,TRUE,0.304,NA,0,32831351,0.9501221881070242
chr2,KIF1A,ENST00000498729,TRUE,0.304,0,0,32831351,0.9501221881070242
NA,KIF1B,NM_001365951.3,TRUE,0.376,NA,9,36728948,0.9649956784788244
chr1,KIF1B,ENST00000676179,TRUE,0.376,0,9,36728948,0.9649956784788244
NA,KIF2C,NM_006845.4,TRUE,0.432,NA,1,42105105,0.8063163778647289
NA,KIF2C,NM_006845.4,TRUE,0.432,NA,11,54786774,0.97504365951214
NA,KIF2C,NM_006845.4,TRUE,0.432,NA,0,31597106,0.8974873112350398
chr1,KIF2C,ENST00000372224,TRUE,0.432,1,1,42105105,0.8063163778647289
chr1,KIF2C,ENST00000372224,TRUE,0.432,1,11,54786774,0.97504365951214
chr1,KIF2C,ENST00000372224,TRUE,0.432,1,0,31597106,0.8974873112350398
NA,KIF3A,NM_001300791.2,TRUE,0.299,NA,11,43308980,0.8521210072671962
chr5,KIF3A,ENST00000403231,TRUE,0.299,0,11,43308980,0.8521210072671962
NA,KIF5A,NM_004984.4,TRUE,0.315,NA,11,44116924,0.8636133175595742
chr12,KIF5A,ENST00000455537,TRUE,0.315,0,11,44116924,0.8636133175595742
NA,KIF5B,NM_004521.3,TRUE,0.433,NA,15,35871725,0.9085968665086432
chr10,KIF5B,ENST00000302418,TRUE,0.433,1,15,35871725,0.9085968665086432
NA,KIT,NM_000222.3,TRUE,0.24,NA,1,45510663,0.8670765790944662
chr4,KIT,ENST00000288135,TRUE,0.24,0,1,45510663,0.8670765790944662
NA,KLF3,NM_016531.6,TRUE,0.469,NA,11,56163511,0.9832122133964284
chr4,KLF3,ENST00000261438,TRUE,0.469,1,11,56163511,0.9832122133964284
NA,KLF5,NM_001730.5,TRUE,0.519,NA,15,34783410,0.8217031855235012
NA,KLF5,NM_001730.5,TRUE,0.519,NA,9,33554118,0.8733794295592049
NA,KLF5,NM_001730.5,TRUE,0.519,NA,11,58377789,0.9923947946594558
chr13,KLF5,ENST00000377687,TRUE,0.519,1,15,34783410,0.8217031855235012
chr13,KLF5,ENST00000377687,TRUE,0.519,1,9,33554118,0.8733794295592049
chr13,KLF5,ENST00000377687,TRUE,0.519,1,11,58377789,0.9923947946594558
NA,KLF6,NM_001300.6,TRUE,0.108,NA,1,45581983,0.8686975964225825
chr10,KLF6,ENST00000497571,TRUE,0.108,0,1,45581983,0.8686975964225825
NA,KLF9,NM_001206.4,TRUE,0.347,NA,11,45320175,0.8806827784350177
chr9,KLF9,ENST00000377126,TRUE,0.347,0,11,45320175,0.8806827784350177
NA,KLHDC3,NM_057161.4,TRUE,0.256,NA,1,52601122,0.9570709893795416
chr6,KLHDC3,ENST00000326974,TRUE,0.256,0,1,52601122,0.9570709893795416
NA,KLHL12,NM_021633.4,TRUE,0.435,NA,15,34947654,0.83783315025727
NA,KLHL12,NM_021633.4,TRUE,0.435,NA,9,33337358,0.8625138906037783
chr1,KLHL12,ENST00000367261,TRUE,0.435,1,15,34947654,0.83783315025727
chr1,KLHL12,ENST00000367261,TRUE,0.435,1,9,33337358,0.8625138906037783
NA,KLHL2,NM_007246.4,TRUE,0.36,NA,0,34199998,0.982455041042672
chr4,KLHL2,ENST00000226725,TRUE,0.36,0,0,34199998,0.982455041042672
NA,KLHL20,NM_014458.4,TRUE,0.538,NA,9,32590941,0.8248549203605383
chr1,KLHL20,ENST00000209884,TRUE,0.538,1,9,32590941,0.8248549203605383
NA,KLHL22,NM_032775.4,TRUE,0.471,NA,1,52080824,0.9536053661263276
NA,KLHL22,NM_032775.4,TRUE,0.471,NA,0,32831351,0.9501221881070242
chr22,KLHL22,ENST00000328879,TRUE,0.471,1,1,52080824,0.9536053661263276
chr22,KLHL22,ENST00000328879,TRUE,0.471,1,0,32831351,0.9501221881070242
NA,KLHL29,NM_052920.2,TRUE,0.398,NA,0,30860762,0.8623973933203835
chr2,KLHL29,ENST00000486442,TRUE,0.398,0,0,30860762,0.8623973933203835
NA,KMT2B,NM_014727.3,TRUE,0.127,NA,1,54558939,0.9728898826159866
NA,KMT2B,NM_014727.3,TRUE,0.127,NA,15,34677142,0.8114701971440134
NA,KMT2B,NM_014727.3,TRUE,0.127,NA,9,32892172,0.8407828126929251
chr19,KMT2B,ENST00000420124,TRUE,0.127,0,1,54558939,0.9728898826159866
chr19,KMT2B,ENST00000420124,TRUE,0.127,0,15,34677142,0.8114701971440134
chr19,KMT2B,ENST00000420124,TRUE,0.127,0,9,32892172,0.8407828126929251
NA,KMT2C,NM_170606.3,TRUE,0.202,NA,1,46490099,0.8827277808831749
NA,KMT2C,NM_170606.3,TRUE,0.202,NA,9,32788989,0.8353500432152118
NA,KMT2C,NM_170606.3,TRUE,0.202,NA,11,53322956,0.9642273674722552
chr7,KMT2C,ENST00000262189,TRUE,0.202,0,1,46490099,0.8827277808831749
chr7,KMT2C,ENST00000262189,TRUE,0.202,0,9,32788989,0.8353500432152118
chr7,KMT2C,ENST00000262189,TRUE,0.202,0,11,53322956,0.9642273674722552
NA,KMT2D,NM_003482.4,TRUE,0.141,NA,1,45595683,0.8689770821688094
NA,KMT2D,NM_003482.4,TRUE,0.141,NA,9,37287127,0.9717866403259662
NA,KMT2D,NM_003482.4,TRUE,0.141,NA,11,47433099,0.9073291645541096
chr12,KMT2D,ENST00000301067,TRUE,0.141,0,1,45595683,0.8689770821688094
chr12,KMT2D,ENST00000301067,TRUE,0.141,0,9,37287127,0.9717866403259662
chr12,KMT2D,ENST00000301067,TRUE,0.141,0,11,47433099,0.9073291645541096
NA,KMT2E,NM_182931.3,TRUE,0.217,NA,9,32340879,0.8120138288677614
chr7,KMT2E,ENST00000311117,TRUE,0.217,0,9,32340879,0.8120138288677614
NA,KMT5B,NM_017635.5,TRUE,0.19,NA,9,32649130,0.8282504012841091
NA,KMT5B,NM_017635.5,TRUE,0.19,NA,0,30394300,0.8330722476345636
chr11,KMT5B,ENST00000304363,TRUE,0.19,0,9,32649130,0.8282504012841091
chr11,KMT5B,ENST00000304363,TRUE,0.19,0,0,30394300,0.8330722476345636
NA,KNL1,NM_144508.5,TRUE,0.366,NA,15,35676087,0.8957044574203619
NA,KNL1,NM_144508.5,TRUE,0.366,NA,0,30256110,0.8243624287236042
chr15,KNL1,ENST00000399668,TRUE,0.366,0,15,35676087,0.8957044574203619
chr15,KNL1,ENST00000399668,TRUE,0.366,0,0,30256110,0.8243624287236042
NA,KPNA1,NM_002264.4,TRUE,0.287,NA,1,46005322,0.8762437115707099
NA,KPNA1,NM_002264.4,TRUE,0.287,NA,11,46213690,0.8912173962030309
chr3,KPNA1,ENST00000344337,TRUE,0.287,0,1,46005322,0.8762437115707099
chr3,KPNA1,ENST00000344337,TRUE,0.287,0,11,46213690,0.8912173962030309
NA,KPNA3,NM_002267.4,TRUE,0.214,NA,15,35789572,0.9032202115973867
NA,KPNA3,NM_002267.4,TRUE,0.214,NA,9,36046369,0.9530806272379306
NA,KPNA3,NM_002267.4,TRUE,0.214,NA,0,31091982,0.8760573970800175
chr13,KPNA3,ENST00000261667,TRUE,0.214,0,15,35789572,0.9032202115973867
chr13,KPNA3,ENST00000261667,TRUE,0.214,0,9,36046369,0.9530806272379306
chr13,KPNA3,ENST00000261667,TRUE,0.214,0,0,31091982,0.8760573970800175
NA,KPNA4,NM_002268.5,TRUE,0.297,NA,1,44595502,0.8525433202906652
NA,KPNA4,NM_002268.5,TRUE,0.297,NA,15,35233270,0.8615944961554026
NA,KPNA4,NM_002268.5,TRUE,0.297,NA,11,50919558,0.9442284941693426
chr3,KPNA4,ENST00000334256,TRUE,0.297,0,1,44595502,0.8525433202906652
chr3,KPNA4,ENST00000334256,TRUE,0.297,0,15,35233270,0.8615944961554026
chr3,KPNA4,ENST00000334256,TRUE,0.297,0,11,50919558,0.9442284941693426
NA,KPNA6,NM_012316.5,TRUE,0.241,NA,11,54248725,0.971663568249676
chr1,KPNA6,ENST00000373625,TRUE,0.241,0,11,54248725,0.971663568249676
NA,KPNB1,NM_002265.6,TRUE,0.119,NA,1,54218462,0.9705422023476804
NA,KPNB1,NM_002265.6,TRUE,0.119,NA,11,47540616,0.9089065404765928
NA,KPNB1,NM_002265.6,TRUE,0.119,NA,0,31778240,0.9093301585312364
chr17,KPNB1,ENST00000290158,TRUE,0.119,0,1,54218462,0.9705422023476804
chr17,KPNB1,ENST00000290158,TRUE,0.119,0,11,47540616,0.9089065404765928
chr17,KPNB1,ENST00000290158,TRUE,0.119,0,0,31778240,0.9093301585312364
NA,KRAS,NM_004985.5,TRUE,0.264,NA,9,32973690,0.8446721817508335
NA,KRAS,NM_004985.5,TRUE,0.264,NA,11,56614653,0.9856346121345276
chr12,KRAS,ENST00000311936,TRUE,0.264,0,9,32973690,0.8446721817508335
chr12,KRAS,ENST00000311936,TRUE,0.264,0,11,56614653,0.9856346121345276
NA,KRT18,NM_000224.3,TRUE,0.411,NA,1,52009891,0.9531581889323644
NA,KRT18,NM_000224.3,TRUE,0.411,NA,15,37260114,0.9625368561022144
NA,KRT18,NM_000224.3,TRUE,0.411,NA,11,42653722,0.8434454396935384
NA,KRT18,NM_000224.3,TRUE,0.411,NA,0,33797698,0.9776301773294066
chr12,KRT18,ENST00000388835,TRUE,0.411,1,1,52009891,0.9531581889323644
chr12,KRT18,ENST00000388835,TRUE,0.411,1,15,37260114,0.9625368561022144
chr12,KRT18,ENST00000388835,TRUE,0.411,1,11,42653722,0.8434454396935384
chr12,KRT18,ENST00000388835,TRUE,0.411,1,0,33797698,0.9776301773294066
NA,L3MBTL3,NM_032438.4,TRUE,0.326,NA,15,34799336,0.8229750823842285
NA,L3MBTL3,NM_032438.4,TRUE,0.326,NA,9,33695854,0.8797999753055933
chr6,L3MBTL3,ENST00000361794,TRUE,0.326,0,15,34799336,0.8229750823842285
chr6,L3MBTL3,ENST00000361794,TRUE,0.326,0,9,33695854,0.8797999753055933
NA,LAMC1,NM_002293.4,TRUE,0.264,NA,1,47459661,0.8975684740078256
NA,LAMC1,NM_002293.4,TRUE,0.264,NA,15,38748271,0.9885529282534544
NA,LAMC1,NM_002293.4,TRUE,0.264,NA,0,31194327,0.8806942790901685
chr1,LAMC1,ENST00000258341,TRUE,0.264,0,1,47459661,0.8975684740078256
chr1,LAMC1,ENST00000258341,TRUE,0.264,0,15,38748271,0.9885529282534544
chr1,LAMC1,ENST00000258341,TRUE,0.264,0,0,31194327,0.8806942790901685
NA,LAMP1,NM_005561.4,TRUE,0.338,NA,1,57185443,0.9885410844046952
NA,LAMP1,NM_005561.4,TRUE,0.338,NA,9,32398240,0.8155327818249166
NA,LAMP1,NM_005561.4,TRUE,0.338,NA,11,53480325,0.9655794039772408
NA,LAMP1,NM_005561.4,TRUE,0.338,NA,0,32527082,0.9338304405037908
chr13,LAMP1,ENST00000332556,TRUE,0.338,0,1,57185443,0.9885410844046952
chr13,LAMP1,ENST00000332556,TRUE,0.338,0,9,32398240,0.8155327818249166
chr13,LAMP1,ENST00000332556,TRUE,0.338,0,11,53480325,0.9655794039772408
chr13,LAMP1,ENST00000332556,TRUE,0.338,0,0,32527082,0.9338304405037908
NA,LAMTOR2,NM_014017.4,TRUE,0.546,NA,1,51676149,0.9497484628283958
NA,LAMTOR2,NM_014017.4,TRUE,0.546,NA,15,35798543,0.9036827195467422
chr1,LAMTOR2,ENST00000368305,TRUE,0.546,1,1,51676149,0.9497484628283958
chr1,LAMTOR2,ENST00000368305,TRUE,0.546,1,15,35798543,0.9036827195467422
NA,LARP1,NM_033551.3,TRUE,0.405,NA,1,56256871,0.9841252096143096
NA,LARP1,NM_033551.3,TRUE,0.405,NA,15,34665062,0.8104295542579638
NA,LARP1,NM_033551.3,TRUE,0.405,NA,9,33486555,0.8701074206692184
NA,LARP1,NM_033551.3,TRUE,0.405,NA,11,56476477,0.9850712635907836
chr5,LARP1,ENST00000518297,TRUE,0.405,1,1,56256871,0.9841252096143096
chr5,LARP1,ENST00000518297,TRUE,0.405,1,15,34665062,0.8104295542579638
chr5,LARP1,ENST00000518297,TRUE,0.405,1,9,33486555,0.8701074206692184
chr5,LARP1,ENST00000518297,TRUE,0.405,1,11,56476477,0.9850712635907836
NA,LARP4,NM_052879.5,TRUE,0.372,NA,0,31735143,0.9073250203646844
chr12,LARP4,ENST00000398473,TRUE,0.372,0,0,31735143,0.9073250203646844
NA,LARP4B,NM_015155.3,TRUE,0.289,NA,15,34591945,0.8034341215239637
chr10,LARP4B,ENST00000316157,TRUE,0.289,0,15,34591945,0.8034341215239637
NA,LASP1,NM_006148.4,TRUE,0.411,NA,1,43362212,0.8302962548910006
NA,LASP1,NM_006148.4,TRUE,0.411,NA,11,40323321,0.803109683961467
NA,LASP1,NM_006148.4,TRUE,0.411,NA,0,30618063,0.8487373895607494
chr17,LASP1,ENST00000318008,TRUE,0.411,1,1,43362212,0.8302962548910006
chr17,LASP1,ENST00000318008,TRUE,0.411,1,11,40323321,0.803109683961467
chr17,LASP1,ENST00000318008,TRUE,0.411,1,0,30618063,0.8487373895607494
NA,LATS2,NM_014572.3,TRUE,0.493,NA,15,36017161,0.9168641961033706
NA,LATS2,NM_014572.3,TRUE,0.493,NA,9,37995775,0.9826521792813928
NA,LATS2,NM_014572.3,TRUE,0.493,NA,11,56710707,0.985972621260774
chr13,LATS2,ENST00000382592,TRUE,0.493,1,15,36017161,0.9168641961033706
chr13,LATS2,ENST00000382592,TRUE,0.493,1,9,37995775,0.9826521792813928
chr13,LATS2,ENST00000382592,TRUE,0.493,1,11,56710707,0.985972621260774
NA,LBR,NM_002296.4,TRUE,0.499,NA,15,38247794,0.9838122217725616
NA,LBR,NM_002296.4,TRUE,0.499,NA,11,50192654,0.9376373162075377
chr1,LBR,ENST00000272163,TRUE,0.499,1,15,38247794,0.9838122217725616
chr1,LBR,ENST00000272163,TRUE,0.499,1,11,50192654,0.9376373162075377
NA,LCP1,NM_002298.5,TRUE,0.39,NA,9,33624854,0.8767749104827757
NA,LCP1,NM_002298.5,TRUE,0.39,NA,11,58822299,0.9942538448538112
NA,LCP1,NM_002298.5,TRUE,0.39,NA,0,30964142,0.8682874866846294
chr13,LCP1,ENST00000323076,TRUE,0.39,0,9,33624854,0.8767749104827757
chr13,LCP1,ENST00000323076,TRUE,0.39,0,11,58822299,0.9942538448538112
chr13,LCP1,ENST00000323076,TRUE,0.39,0,0,30964142,0.8682874866846294
NA,LDB1,NM_001113407.3,TRUE,0.24,NA,1,47270261,0.8941307993292342
NA,LDB1,NM_001113407.3,TRUE,0.24,NA,11,48115260,0.9152160441665258
NA,LDB1,NM_001113407.3,TRUE,0.24,NA,0,30975410,0.8690394134970862
chr10,LDB1,ENST00000673968,TRUE,0.24,0,1,47270261,0.8941307993292342
chr10,LDB1,ENST00000673968,TRUE,0.24,0,11,48115260,0.9152160441665258
chr10,LDB1,ENST00000673968,TRUE,0.24,0,0,30975410,0.8690394134970862
NA,LEMD3,NM_014319.5,TRUE,0.584,NA,15,37023408,0.9561773717985778
NA,LEMD3,NM_014319.5,TRUE,0.584,NA,0,31700099,0.9063224512814086
chr12,LEMD3,ENST00000308330,TRUE,0.584,2,15,37023408,0.9561773717985778
chr12,LEMD3,ENST00000308330,TRUE,0.584,2,0,31700099,0.9063224512814086
NA,LEO1,NM_138792.4,TRUE,0.488,NA,9,36024939,0.9526484751203852
chr15,LEO1,ENST00000299601,TRUE,0.488,1,9,36024939,0.9526484751203852
NA,LEPR,NM_002303.6,TRUE,0.589,NA,1,49856665,0.9302962548910004
chr1,LEPR,ENST00000349533,TRUE,0.589,2,1,49856665,0.9302962548910004
NA,LHX8,NM_001256114.2,TRUE,0.519,NA,15,37905895,0.9790137017979996
chr1,LHX8,ENST00000356261,TRUE,0.519,1,15,37905895,0.9790137017979996
NA,LIMD1,NM_014240.3,TRUE,0.522,NA,15,35655824,0.8946060010406429
NA,LIMD1,NM_014240.3,TRUE,0.522,NA,9,32554051,0.8232497839239412
chr3,LIMD1,ENST00000273317,TRUE,0.522,1,15,35655824,0.8946060010406429
chr3,LIMD1,ENST00000273317,TRUE,0.522,1,9,32554051,0.8232497839239412
NA,LIMK1,NM_002314.4,TRUE,0.338,NA,15,35424115,0.8760478695727583
NA,LIMK1,NM_002314.4,TRUE,0.338,NA,9,33264109,0.8584393134954933
chr7,LIMK1,ENST00000336180,TRUE,0.338,0,15,35424115,0.8760478695727583
chr7,LIMK1,ENST00000336180,TRUE,0.338,0,9,33264109,0.8584393134954933
NA,LIMK2,NM_005569.4,TRUE,0.582,NA,15,34795197,0.8226282014222119
chr22,LIMK2,ENST00000331728,TRUE,0.582,1,15,34795197,0.8226282014222119
NA,LIN28B,NM_001004317.4,TRUE,0.411,NA,1,43053322,0.8239239798770263
NA,LIN28B,NM_001004317.4,TRUE,0.411,NA,15,35871637,0.9085390530149736
NA,LIN28B,NM_001004317.4,TRUE,0.411,NA,0,30395004,0.8331975687699731
chr6,LIN28B,ENST00000345080,TRUE,0.411,1,1,43053322,0.8239239798770263
chr6,LIN28B,ENST00000345080,TRUE,0.411,1,15,35871637,0.9085390530149736
chr6,LIN28B,ENST00000345080,TRUE,0.411,1,0,30395004,0.8331975687699731
NA,LIN54,NM_194282.4,TRUE,0.204,NA,0,30558310,0.8446644526599411
chr4,LIN54,ENST00000340417,TRUE,0.204,0,0,30558310,0.8446644526599411
NA,LIN9,NM_001366245.2,TRUE,0.196,NA,9,33564924,0.8738115816767502
chr1,LIN9,ENST00000681046,TRUE,0.196,0,9,33564924,0.8738115816767502
NA,LINGO1,NM_032808.7,TRUE,0.55,NA,9,32838604,0.8381281639708607
chr15,LINGO1,ENST00000355300,TRUE,0.55,1,9,32838604,0.8381281639708607
NA,LMNA,NM_170707.4,TRUE,0.412,NA,1,58799836,0.9935718278367804
NA,LMNA,NM_170707.4,TRUE,0.412,NA,15,35666502,0.8951263224836676
NA,LMNA,NM_170707.4,TRUE,0.412,NA,0,30361421,0.8314430728742402
chr1,LMNA,ENST00000368300,TRUE,0.412,1,1,58799836,0.9935718278367804
chr1,LMNA,ENST00000368300,TRUE,0.412,1,15,35666502,0.8951263224836676
chr1,LMNA,ENST00000368300,TRUE,0.412,1,0,30361421,0.8314430728742402
NA,LMNB1,NM_005573.4,TRUE,0.55,NA,1,54755291,0.9744550027948574
NA,LMNB1,NM_005573.4,TRUE,0.55,NA,0,35748057,0.9954257785575538
chr5,LMNB1,ENST00000261366,TRUE,0.55,1,1,54755291,0.9744550027948574
chr5,LMNB1,ENST00000261366,TRUE,0.55,1,0,35748057,0.9954257785575538
NA,LMNB2,NM_032737.4,TRUE,0.399,NA,9,36802542,0.9663538708482527
NA,LMNB2,NM_032737.4,TRUE,0.399,NA,11,52094082,0.9549321165004788
NA,LMNB2,NM_032737.4,TRUE,0.399,NA,0,32347570,0.9283163105457736
chr19,LMNB2,ENST00000325327,TRUE,0.399,0,9,36802542,0.9663538708482527
chr19,LMNB2,ENST00000325327,TRUE,0.399,0,11,52094082,0.9549321165004788
chr19,LMNB2,ENST00000325327,TRUE,0.399,0,0,32347570,0.9283163105457736
NA,LMO4,NM_006769.4,TRUE,0.33,NA,9,32376976,0.814359797505865
NA,LMO4,NM_006769.4,TRUE,0.33,NA,11,60291392,0.9983662892231424
NA,LMO4,NM_006769.4,TRUE,0.33,NA,0,33457153,0.9714894416943416
chr1,LMO4,ENST00000370544,TRUE,0.33,0,9,32376976,0.814359797505865
chr1,LMO4,ENST00000370544,TRUE,0.33,0,11,60291392,0.9983662892231424
chr1,LMO4,ENST00000370544,TRUE,0.33,0,0,33457153,0.9714894416943416
NA,LMTK2,NM_014916.4,TRUE,0.408,NA,9,35539409,0.9380787751574268
NA,LMTK2,NM_014916.4,TRUE,0.408,NA,0,37438929,0.9991854126198384
chr7,LMTK2,ENST00000297293,TRUE,0.408,1,9,35539409,0.9380787751574268
chr7,LMTK2,ENST00000297293,TRUE,0.408,1,0,37438929,0.9991854126198384
NA,LMX1B,NM_001174147.2,TRUE,0.409,NA,11,43192199,0.8507126359078362
chr9,LMX1B,ENST00000373474,TRUE,0.409,1,11,43192199,0.8507126359078362
NA,LONP1,NM_004793.4,TRUE,0.448,NA,1,58620035,0.9929569591950812
NA,LONP1,NM_004793.4,TRUE,0.448,NA,9,35499961,0.9372762069391284
NA,LONP1,NM_004793.4,TRUE,0.448,NA,11,52566004,0.9583685426173172
NA,LONP1,NM_004793.4,TRUE,0.448,NA,0,34914940,0.9898489880318316
chr19,LONP1,ENST00000360614,TRUE,0.448,1,1,58620035,0.9929569591950812
chr19,LONP1,ENST00000360614,TRUE,0.448,1,9,35499961,0.9372762069391284
chr19,LONP1,ENST00000360614,TRUE,0.448,1,11,52566004,0.9583685426173172
chr19,LONP1,ENST00000360614,TRUE,0.448,1,0,34914940,0.9898489880318316
NA,LPCAT1,NM_024830.5,TRUE,0.564,NA,15,34897459,0.8327455628143609
NA,LPCAT1,NM_024830.5,TRUE,0.564,NA,0,30749914,0.8563819788207281
chr5,LPCAT1,ENST00000283415,TRUE,0.564,1,15,34897459,0.8327455628143609
chr5,LPCAT1,ENST00000283415,TRUE,0.564,1,0,30749914,0.8563819788207281
NA,LPCAT3,NM_005768.6,TRUE,0.485,NA,1,61252548,0.9977641140301844
NA,LPCAT3,NM_005768.6,TRUE,0.485,NA,11,54426641,0.9728466001915383
NA,LPCAT3,NM_005768.6,TRUE,0.485,NA,0,32262844,0.9264364935146312
chr12,LPCAT3,ENST00000261407,TRUE,0.485,1,1,61252548,0.9977641140301844
chr12,LPCAT3,ENST00000261407,TRUE,0.485,1,11,54426641,0.9728466001915383
chr12,LPCAT3,ENST00000261407,TRUE,0.485,1,0,32262844,0.9264364935146312
NA,LRBA,NM_001364905.1,TRUE,0.515,NA,0,30293646,0.8264302274578608
chr4,LRBA,ENST00000651943,TRUE,0.515,1,0,30293646,0.8264302274578608
NA,LRCH1,NM_001164211.2,TRUE,0.478,NA,9,35671253,0.9446227929373996
NA,LRCH1,NM_001164211.2,TRUE,0.478,NA,11,44999936,0.8758379809588193
chr13,LRCH1,ENST00000389797,TRUE,0.478,1,9,35671253,0.9446227929373996
chr13,LRCH1,ENST00000389797,TRUE,0.478,1,11,44999936,0.8758379809588193
NA,LRP1,NM_002332.3,TRUE,0.118,NA,1,42470272,0.813527110117384
NA,LRP1,NM_002332.3,TRUE,0.118,NA,15,35786469,0.9030467711163784
NA,LRP1,NM_002332.3,TRUE,0.118,NA,9,32916448,0.8422027410791456
chr12,LRP1,ENST00000243077,TRUE,0.118,0,1,42470272,0.813527110117384
chr12,LRP1,ENST00000243077,TRUE,0.118,0,15,35786469,0.9030467711163784
chr12,LRP1,ENST00000243077,TRUE,0.118,0,9,32916448,0.8422027410791456
NA,LRP1B,NM_018557.3,TRUE,0.419,NA,1,47264614,0.8940749021799889
chr2,LRP1B,ENST00000389484,TRUE,0.419,1,1,47264614,0.8940749021799889
NA,LRP2,NM_004525.3,TRUE,0.352,NA,1,46073536,0.8772498602571269
NA,LRP2,NM_004525.3,TRUE,0.352,NA,15,40134953,0.9949702260507602
NA,LRP2,NM_004525.3,TRUE,0.352,NA,9,36267680,0.9570317323126312
NA,LRP2,NM_004525.3,TRUE,0.352,NA,0,34558590,0.9861520145372517
chr2,LRP2,ENST00000649046,TRUE,0.352,0,1,46073536,0.8772498602571269
chr2,LRP2,ENST00000649046,TRUE,0.352,0,15,40134953,0.9949702260507602
chr2,LRP2,ENST00000649046,TRUE,0.352,0,9,36267680,0.9570317323126312
chr2,LRP2,ENST00000649046,TRUE,0.352,0,0,34558590,0.9861520145372517
NA,LRRC41,NM_006369.5,TRUE,0.393,NA,1,47926729,0.9052543320290664
NA,LRRC41,NM_006369.5,TRUE,0.393,NA,11,54214477,0.9712692242690552
chr1,LRRC41,ENST00000617190,TRUE,0.393,0,1,47926729,0.9052543320290664
chr1,LRRC41,ENST00000617190,TRUE,0.393,0,11,54214477,0.9712692242690552
NA,LRRC8B,NM_001369817.2,TRUE,0.546,NA,11,45612118,0.8836121908624867
chr1,LRRC8B,ENST00000330947,TRUE,0.546,1,11,45612118,0.8836121908624867
NA,LRRC8D,NM_001134479.2,TRUE,0.502,NA,0,34748129,0.988533116110032
chr1,LRRC8D,ENST00000337338,TRUE,0.502,1,0,34748129,0.988533116110032
NA,LSAMP,NM_002338.5,TRUE,0.336,NA,0,32831351,0.9501221881070242
chr3,LSAMP,ENST00000490035,TRUE,0.336,0,0,32831351,0.9501221881070242
NA,LSM12,NM_001371445.1,TRUE,0.145,NA,11,45620417,0.883668525716861
NA,LSM12,NM_001371445.1,TRUE,0.145,NA,0,32836203,0.9569521899868412
chr17,LSM12,ENST00000293406,TRUE,0.145,0,11,45620417,0.883668525716861
chr17,LSM12,ENST00000293406,TRUE,0.145,0,0,32836203,0.9569521899868412
NA,LSM14A,NM_015578.4,TRUE,0.449,NA,11,52361761,0.9569038364035828
chr19,LSM14A,ENST00000544216,TRUE,0.449,1,11,52361761,0.9569038364035828
NA,LSM14B,NM_144703.3,TRUE,0.376,NA,9,32334193,0.8115199407334239
chr20,LSM14B,ENST00000279068,TRUE,0.376,0,9,32334193,0.8115199407334239
NA,LUC7L3,NM_016424.5,TRUE,0.222,NA,1,48157356,0.9088317495807714
NA,LUC7L3,NM_016424.5,TRUE,0.222,NA,15,35634312,0.8928137827368908
NA,LUC7L3,NM_016424.5,TRUE,0.222,NA,11,59139769,0.9958312207762944
chr17,LUC7L3,ENST00000505658,TRUE,0.222,0,1,48157356,0.9088317495807714
chr17,LUC7L3,ENST00000505658,TRUE,0.222,0,15,35634312,0.8928137827368908
chr17,LUC7L3,ENST00000505658,TRUE,0.222,0,11,59139769,0.9958312207762944
NA,LUZP1,XM_011542090.3,TRUE,0.454,NA,9,33067517,0.8486850228423262
chr1,LUZP1,ENST00000302291,TRUE,0.454,1,9,33067517,0.8486850228423262
NA,LYN,NM_002350.4,TRUE,0.282,NA,1,57985734,0.9911123532699831
NA,LYN,NM_002350.4,TRUE,0.282,NA,9,32968334,0.8443635016668725
NA,LYN,NM_002350.4,TRUE,0.282,NA,11,47322932,0.9060897977578728
NA,LYN,NM_002350.4,TRUE,0.282,NA,0,32205111,0.9244940159157842
chr8,LYN,ENST00000519728,TRUE,0.282,0,1,57985734,0.9911123532699831
chr8,LYN,ENST00000519728,TRUE,0.282,0,9,32968334,0.8443635016668725
chr8,LYN,ENST00000519728,TRUE,0.282,0,11,47322932,0.9060897977578728
chr8,LYN,ENST00000519728,TRUE,0.282,0,0,32205111,0.9244940159157842
NA,LYPLA2,NM_007260.3,TRUE,0.447,NA,1,50489907,0.9377305757406372
NA,LYPLA2,NM_007260.3,TRUE,0.447,NA,15,35932617,0.9123547435971556
NA,LYPLA2,NM_007260.3,TRUE,0.447,NA,11,46000728,0.8883443186299363
NA,LYPLA2,NM_007260.3,TRUE,0.447,NA,0,34686585,0.988031831568394
chr1,LYPLA2,ENST00000374514,TRUE,0.447,1,1,50489907,0.9377305757406372
chr1,LYPLA2,ENST00000374514,TRUE,0.447,1,15,35932617,0.9123547435971556
chr1,LYPLA2,ENST00000374514,TRUE,0.447,1,11,46000728,0.8883443186299363
chr1,LYPLA2,ENST00000374514,TRUE,0.447,1,0,34686585,0.988031831568394
NA,MACF1,NM_012090.5,TRUE,0.128,NA,1,42019979,0.8044158747903857
NA,MACF1,NM_012090.5,TRUE,0.128,NA,15,34931199,0.834942475573799
NA,MACF1,NM_012090.5,TRUE,0.128,NA,9,38260155,0.9848129398691196
NA,MACF1,NM_012090.5,TRUE,0.128,NA,11,40288698,0.8027153399808461
NA,MACF1,NM_012090.5,TRUE,0.128,NA,0,33233534,0.9664765962779622
chr1,MACF1,ENST00000564288,TRUE,0.238,0,1,42019979,0.8044158747903857
chr1,MACF1,ENST00000564288,TRUE,0.238,0,15,34931199,0.834942475573799
chr1,MACF1,ENST00000564288,TRUE,0.238,0,9,38260155,0.9848129398691196
chr1,MACF1,ENST00000564288,TRUE,0.238,0,11,40288698,0.8027153399808461
chr1,MACF1,ENST00000564288,TRUE,0.238,0,0,33233534,0.9664765962779622
NA,MACO1,NM_018202.6,TRUE,0.289,NA,1,44159929,0.8449972051425377
chr1,MACO1,ENST00000374343,TRUE,0.289,0,1,44159929,0.8449972051425377
NA,MAGI1,NM_001033057.2,TRUE,0.494,NA,9,33969151,0.8902333621434745
NA,MAGI1,NM_001033057.2,TRUE,0.494,NA,11,49319078,0.928004056109515
NA,MAGI1,NM_001033057.2,TRUE,0.494,NA,0,31876873,0.9137163982705684
chr3,MAGI1,ENST00000402939,TRUE,0.494,1,9,33969151,0.8902333621434745
chr3,MAGI1,ENST00000402939,TRUE,0.494,1,11,49319078,0.928004056109515
chr3,MAGI1,ENST00000402939,TRUE,0.494,1,0,31876873,0.9137163982705684
NA,MAGI3,NM_001142782.2,TRUE,0.472,NA,9,35853633,0.949438202247191
chr1,MAGI3,ENST00000307546,TRUE,0.472,1,9,35853633,0.949438202247191
NA,MAGOH,NM_002370.4,TRUE,0.309,NA,1,46120196,0.8778647288988262
NA,MAGOH,NM_002370.4,TRUE,0.309,NA,15,34700623,0.8134936694224432
NA,MAGOH,NM_002370.4,TRUE,0.309,NA,9,32413426,0.8162118780096308
chr1,MAGOH,ENST00000371470,TRUE,0.309,0,1,46120196,0.8778647288988262
chr1,MAGOH,ENST00000371470,TRUE,0.309,0,15,34700623,0.8134936694224432
chr1,MAGOH,ENST00000371470,TRUE,0.309,0,9,32413426,0.8162118780096308
NA,MAK16,NM_032509.4,TRUE,0.33,NA,1,50900546,0.9419228619340414
NA,MAK16,NM_032509.4,TRUE,0.33,NA,11,50407128,0.939383696693144
chr8,MAK16,ENST00000360128,TRUE,0.33,0,1,50900546,0.9419228619340414
chr8,MAK16,ENST00000360128,TRUE,0.33,0,11,50407128,0.939383696693144
NA,MAML1,NM_014757.5,TRUE,0.299,NA,1,46994906,0.8906092789267748
NA,MAML1,NM_014757.5,TRUE,0.299,NA,11,49191074,0.9265393498957806
NA,MAML1,NM_014757.5,TRUE,0.299,NA,0,30741219,0.8560060154144996
chr5,MAML1,ENST00000292599,TRUE,0.299,0,1,46994906,0.8906092789267748
chr5,MAML1,ENST00000292599,TRUE,0.299,0,11,49191074,0.9265393498957806
chr5,MAML1,ENST00000292599,TRUE,0.299,0,0,30741219,0.8560060154144996
NA,MAML2,NM_032427.4,TRUE,0.308,NA,15,34946513,0.8371104815864022
chr11,MAML2,ENST00000524717,TRUE,0.308,0,15,34946513,0.8371104815864022
NA,MAN1A2,NM_006699.5,TRUE,0.525,NA,11,45961811,0.8877809700861923
NA,MAN1A2,NM_006699.5,TRUE,0.525,NA,0,36267927,0.997305595588696
chr1,MAN1A2,ENST00000356554,TRUE,0.525,1,11,45961811,0.8877809700861923
chr1,MAN1A2,ENST00000356554,TRUE,0.525,1,0,36267927,0.997305595588696
NA,MAP1A,NM_002373.6,TRUE,0.277,NA,0,32831351,0.9501221881070242
chr15,MAP1A,ENST00000300231,TRUE,0.277,0,0,32831351,0.9501221881070242
NA,MAP2K1,NM_002755.4,TRUE,0.515,NA,9,32809949,0.8365847635510557
NA,MAP2K1,NM_002755.4,TRUE,0.515,NA,0,31617246,0.8983645591829061
chr15,MAP2K1,ENST00000307102,TRUE,0.515,1,9,32809949,0.8365847635510557
chr15,MAP2K1,ENST00000307102,TRUE,0.515,1,0,31617246,0.8983645591829061
NA,MAP2K4,NM_003010.4,TRUE,0.216,NA,1,44843405,0.8571827836780325
NA,MAP2K4,NM_003010.4,TRUE,0.216,NA,11,46026934,0.8888513323193059
NA,MAP2K4,NM_003010.4,TRUE,0.216,NA,0,32946648,0.9598345761012594
chr17,MAP2K4,ENST00000353533,TRUE,0.216,0,1,44843405,0.8571827836780325
chr17,MAP2K4,ENST00000353533,TRUE,0.216,0,11,46026934,0.8888513323193059
chr17,MAP2K4,ENST00000353533,TRUE,0.216,0,0,32946648,0.9598345761012594
NA,MAP2K7,NM_145185.4,TRUE,0.454,NA,1,45020714,0.8598099496925656
NA,MAP2K7,NM_145185.4,TRUE,0.454,NA,11,52899163,0.960847276209791
NA,MAP2K7,NM_145185.4,TRUE,0.454,NA,0,34620093,0.9869666019174134
chr19,MAP2K7,ENST00000397979,TRUE,0.454,1,1,45020714,0.8598099496925656
chr19,MAP2K7,ENST00000397979,TRUE,0.454,1,11,52899163,0.960847276209791
chr19,MAP2K7,ENST00000397979,TRUE,0.454,1,0,34620093,0.9869666019174134
NA,MAP3K3,NM_002401.5,TRUE,0.209,NA,15,36381317,0.9335433890269988
chr17,MAP3K3,ENST00000361733,TRUE,0.209,0,15,36381317,0.9335433890269988
NA,MAP3K8,NM_005204.4,TRUE,0.58,NA,9,33994000,0.8907889862946042
NA,MAP3K8,NM_005204.4,TRUE,0.58,NA,0,32562038,0.9348330095870668
chr10,MAP3K8,ENST00000263056,TRUE,0.58,1,9,33994000,0.8907889862946042
chr10,MAP3K8,ENST00000263056,TRUE,0.58,1,0,32562038,0.9348330095870668
NA,MAP4,NM_001385682.1,TRUE,0.512,NA,11,49913215,0.9345388992169456
NA,MAP4,NM_001385682.1,TRUE,0.512,NA,0,35755759,0.9954884391252584
chr3,MAP4,ENST00000683076,TRUE,0.512,1,11,49913215,0.9345388992169456
chr3,MAP4,ENST00000683076,TRUE,0.512,1,0,35755759,0.9954884391252584
chr2,MAP4K4,ENST00000324219,TRUE,0.308,0,1,45051035,0.8603130240357741
chr2,MAP4K4,ENST00000324219,TRUE,0.308,0,11,46843085,0.8986535969804518
NA,MAP7D1,NM_001388490.1,TRUE,0.586,NA,11,45041850,0.8762886597938144
chr1,MAP7D1,ENST00000474796,TRUE,0.586,2,11,45041850,0.8762886597938144
NA,MAPK1,NM_002745.5,TRUE,0.377,NA,1,43071630,0.8242593627724986
NA,MAPK1,NM_002745.5,TRUE,0.377,NA,15,35306794,0.8674914725096837
chr22,MAPK1,ENST00000215832,TRUE,0.377,0,1,43071630,0.8242593627724986
chr22,MAPK1,ENST00000215832,TRUE,0.377,0,15,35306794,0.8674914725096837
NA,MAPK14,NM_139012.3,TRUE,0.564,NA,9,36043881,0.9530188912211384
NA,MAPK14,NM_139012.3,TRUE,0.564,NA,11,48201672,0.9161174018365162
chr6,MAPK14,ENST00000229794,TRUE,0.564,1,9,36043881,0.9530188912211384
chr6,MAPK14,ENST00000229794,TRUE,0.564,1,11,48201672,0.9161174018365162
NA,MAPK6,NM_002748.4,TRUE,0.465,NA,1,43641327,0.8354946897708216
NA,MAPK6,NM_002748.4,TRUE,0.465,NA,9,33157095,0.8535004321521176
chr15,MAPK6,ENST00000261845,TRUE,0.465,1,1,43641327,0.8354946897708216
chr15,MAPK6,ENST00000261845,TRUE,0.465,1,9,33157095,0.8535004321521176
chr10,MAPK8,ENST00000374189,TRUE,0.532,1,0,37690965,0.9996240365937716
NA,MAPK8IP2,NM_012324.6,TRUE,0.434,NA,15,39306884,0.9930045672659998
chr22,MAPK8IP2,ENST00000329492,TRUE,0.434,1,15,39306884,0.9930045672659998
NA,MAPKAP1,NM_001006617.3,TRUE,0.369,NA,15,35950726,0.9131641325085276
NA,MAPKAP1,NM_001006617.3,TRUE,0.369,NA,11,44272483,0.8663173905695454
NA,MAPKAP1,NM_001006617.3,TRUE,0.369,NA,0,33637350,0.9750610940535122
chr9,MAPKAP1,ENST00000265960,TRUE,0.369,0,15,35950726,0.9131641325085276
chr9,MAPKAP1,ENST00000265960,TRUE,0.369,0,11,44272483,0.8663173905695454
chr9,MAPKAP1,ENST00000265960,TRUE,0.369,0,0,33637350,0.9750610940535122
NA,MAPKAPK2,NM_032960.4,TRUE,0.303,NA,1,47271131,0.8941866964784796
NA,MAPKAPK2,NM_032960.4,TRUE,0.303,NA,11,55851148,0.9815785026195708
NA,MAPKAPK2,NM_032960.4,TRUE,0.303,NA,0,30043761,0.809762516448399
chr1,MAPKAPK2,ENST00000367103,TRUE,0.303,0,1,47271131,0.8941866964784796
chr1,MAPKAPK2,ENST00000367103,TRUE,0.303,0,11,55851148,0.9815785026195708
chr1,MAPKAPK2,ENST00000367103,TRUE,0.303,0,0,30043761,0.809762516448399
NA,MAPRE1,NM_012325.3,TRUE,0.376,NA,1,57245735,0.9888764673001676
NA,MAPRE1,NM_012325.3,TRUE,0.376,NA,9,32387658,0.8147919496234103
NA,MAPRE1,NM_012325.3,TRUE,0.376,NA,11,57393150,0.9892400428144892
chr20,MAPRE1,ENST00000375571,TRUE,0.376,0,1,57245735,0.9888764673001676
chr20,MAPRE1,ENST00000375571,TRUE,0.376,0,9,32387658,0.8147919496234103
chr20,MAPRE1,ENST00000375571,TRUE,0.376,0,11,57393150,0.9892400428144892
NA,MAPRE2,NM_014268.4,TRUE,0.494,NA,0,30534484,0.842721975061094
chr18,MAPRE2,ENST00000300249,TRUE,0.494,1,0,30534484,0.842721975061094
NA,MAPRE3,NM_012326.4,TRUE,0.163,NA,1,42020439,0.804471771939631
chr2,MAPRE3,ENST00000233121,TRUE,0.163,0,1,42020439,0.804471771939631
NA,MARK1,NM_018650.5,TRUE,0.577,NA,9,38011700,0.9827756513149772
chr1,MARK1,ENST00000366917,TRUE,0.577,1,9,38011700,0.9827756513149772
NA,MARK2,NM_001039469.3,TRUE,0.287,NA,1,53567681,0.9653437674678592
NA,MARK2,NM_001039469.3,TRUE,0.287,NA,11,49726104,0.9322855050419696
NA,MARK2,NM_001039469.3,TRUE,0.287,NA,0,33143406,0.9644087975437058
chr11,MARK2,ENST00000402010,TRUE,0.287,0,1,53567681,0.9653437674678592
chr11,MARK2,ENST00000402010,TRUE,0.287,0,11,49726104,0.9322855050419696
chr11,MARK2,ENST00000402010,TRUE,0.287,0,0,33143406,0.9644087975437058
NA,MARK4,NM_001199867.2,TRUE,0.361,NA,15,35276710,0.8655258137249234
chr19,MARK4,ENST00000262891,TRUE,0.361,0,15,35276710,0.8655258137249234
NA,MAST2,NM_015112.3,TRUE,0.576,NA,1,45236216,0.8637227501397429
NA,MAST2,NM_015112.3,TRUE,0.576,NA,11,40389599,0.8038420370683341
chr1,MAST2,ENST00000361297,TRUE,0.576,1,1,45236216,0.8637227501397429
chr1,MAST2,ENST00000361297,TRUE,0.576,1,11,40389599,0.8038420370683341
NA,MAT2A,NM_005911.6,TRUE,0.158,NA,11,52685742,0.9589882260154358
chr2,MAT2A,ENST00000306434,TRUE,0.158,0,11,52685742,0.9589882260154358
NA,MAU2,NM_015329.4,TRUE,0.175,NA,11,40725262,0.8096445270688976
chr19,MAU2,ENST00000262815,TRUE,0.175,0,11,40725262,0.8096445270688976
NA,MAX,NM_002382.5,TRUE,0.288,NA,1,45019587,0.8597540525433203
NA,MAX,NM_002382.5,TRUE,0.288,NA,9,32483050,0.8196690949499938
NA,MAX,NM_002382.5,TRUE,0.288,NA,11,52306844,0.9565658272773364
chr14,MAX,ENST00000358664,TRUE,0.288,0,1,45019587,0.8597540525433203
chr14,MAX,ENST00000358664,TRUE,0.288,0,9,32483050,0.8196690949499938
chr14,MAX,ENST00000358664,TRUE,0.288,0,11,52306844,0.9565658272773364
NA,MAZ,NM_002383.4,TRUE,0.35,NA,0,32699177,0.9394698915972178
chr16,MAZ,ENST00000322945,TRUE,0.35,0,0,32699177,0.9394698915972178
NA,MBD1,NM_015846.4,TRUE,0.41,NA,9,32681882,0.8296085936535375
NA,MBD1,NM_015846.4,TRUE,0.41,NA,11,44742334,0.8718945411526111
NA,MBD1,NM_015846.4,TRUE,0.41,NA,0,31064075,0.8741775800488752
chr18,MBD1,ENST00000269468,TRUE,0.41,1,9,32681882,0.8296085936535375
chr18,MBD1,ENST00000269468,TRUE,0.41,1,11,44742334,0.8718945411526111
chr18,MBD1,ENST00000269468,TRUE,0.41,1,0,31064075,0.8741775800488752
NA,MBD2,NM_003927.5,TRUE,0.539,NA,9,34913684,0.9215952586739103
NA,MBD2,NM_003927.5,TRUE,0.539,NA,0,31541541,0.895482173068488
chr18,MBD2,ENST00000256429,TRUE,0.539,1,9,34913684,0.9215952586739103
chr18,MBD2,ENST00000256429,TRUE,0.539,1,0,31541541,0.895482173068488
NA,MBD6,NM_052897.4,TRUE,0.5,NA,1,42270769,0.8100055897149245
chr12,MBD6,ENST00000355673,TRUE,0.5,1,1,42270769,0.8100055897149245
NA,MBNL1,NM_021038.5,TRUE,0.317,NA,9,32859802,0.8389924682059513
chr3,MBNL1,ENST00000324210,TRUE,0.317,0,9,32859802,0.8389924682059513
NA,MBNL2,NM_001382683.1,TRUE,0.559,NA,0,31635157,0.8989911648599537
chr13,MBNL2,ENST00000679496,TRUE,0.559,1,0,31635157,0.8989911648599537
NA,MBTD1,NM_017643.3,TRUE,0.415,NA,0,31268724,0.883764646907701
chr17,MBTD1,ENST00000586178,TRUE,0.415,1,0,31268724,0.883764646907701
NA,MCL1,NM_021960.5,TRUE,0.395,NA,1,49903922,0.9311906092789268
NA,MCL1,NM_021960.5,TRUE,0.395,NA,11,55346692,0.9788180947552252
chr1,MCL1,ENST00000369026,TRUE,0.395,0,1,49903922,0.9311906092789268
chr1,MCL1,ENST00000369026,TRUE,0.395,0,11,55346692,0.9788180947552252
NA,MCMBP,NM_001256378.2,TRUE,0.537,NA,15,35251465,0.8634445279528242
NA,MCMBP,NM_001256378.2,TRUE,0.537,NA,11,45135335,0.8778097008619232
chr10,MCMBP,ENST00000369077,TRUE,0.537,1,15,35251465,0.8634445279528242
chr10,MCMBP,ENST00000369077,TRUE,0.537,1,11,45135335,0.8778097008619232
NA,MCRS1,NM_006337.5,TRUE,0.504,NA,1,45224972,0.8633873672442706
NA,MCRS1,NM_006337.5,TRUE,0.504,NA,11,42948847,0.8477268886259929
NA,MCRS1,NM_006337.5,TRUE,0.504,NA,0,32055537,0.9194185099317
chr12,MCRS1,ENST00000343810,TRUE,0.504,1,1,45224972,0.8633873672442706
chr12,MCRS1,ENST00000343810,TRUE,0.504,1,11,42948847,0.8477268886259929
chr12,MCRS1,ENST00000343810,TRUE,0.504,1,0,32055537,0.9194185099317
NA,MDM4,NM_002393.5,TRUE,0.146,NA,15,37527430,0.9676244435451234
NA,MDM4,NM_002393.5,TRUE,0.146,NA,0,30588140,0.8471082148004261
chr1,MDM4,ENST00000367182,TRUE,0.146,0,15,37527430,0.9676244435451234
chr1,MDM4,ENST00000367182,TRUE,0.146,0,0,30588140,0.8471082148004261
NA,MDN1,NM_014611.3,TRUE,0.417,NA,1,45290927,0.8642258244829514
NA,MDN1,NM_014611.3,TRUE,0.417,NA,9,35175753,0.9294974688233116
NA,MDN1,NM_014611.3,TRUE,0.417,NA,11,48250097,0.9167370852346348
chr6,MDN1,ENST00000369393,TRUE,0.417,1,1,45290927,0.8642258244829514
chr6,MDN1,ENST00000369393,TRUE,0.417,1,9,35175753,0.9294974688233116
chr6,MDN1,ENST00000369393,TRUE,0.417,1,11,48250097,0.9167370852346348
NA,MECOM,NM_004991.4,TRUE,0.161,NA,15,41663929,0.996097589177314
chr3,MECOM,ENST00000651503,TRUE,0.161,0,15,41663929,0.996097589177314
NA,MED1,NM_004774.4,TRUE,0.172,NA,1,55156707,0.9773057574063724
chr17,MED1,ENST00000300651,TRUE,0.172,0,1,55156707,0.9773057574063724
chr3,MED12L,ENST00000687756,TRUE,0.226,0,0,34977833,0.9906635754119932
NA,MED13,NM_005121.3,TRUE,0.13,NA,1,56840158,0.9864169927333706
NA,MED13,NM_005121.3,TRUE,0.13,NA,11,51317061,0.947383246014309
NA,MED13,NM_005121.3,TRUE,0.13,NA,0,31360040,0.888652171188671
chr17,MED13,ENST00000397786,TRUE,0.13,0,1,56840158,0.9864169927333706
chr17,MED13,ENST00000397786,TRUE,0.13,0,11,51317061,0.947383246014309
chr17,MED13,ENST00000397786,TRUE,0.13,0,0,31360040,0.888652171188671
NA,MED13L,NM_015335.5,TRUE,0.041,NA,1,44749350,0.85539407490218
NA,MED13L,NM_015335.5,TRUE,0.041,NA,9,34879055,0.9200518582541054
chr12,MED13L,ENST00000281928,TRUE,0.041,0,1,44749350,0.85539407490218
chr12,MED13L,ENST00000281928,TRUE,0.041,0,9,34879055,0.9200518582541054
NA,MED15,NM_001003891.3,TRUE,0.445,NA,15,34834346,0.8266751459790715
chr22,MED15,ENST00000263205,TRUE,0.445,1,15,34834346,0.8266751459790715
NA,MEMO1,NM_001301833.4,TRUE,0.351,NA,0,30019559,0.8075693965787331
chr2,MEMO1,ENST00000404530,TRUE,0.351,0,0,30019559,0.8075693965787331
NA,MEN1,NM_001370259.2,TRUE,0.206,NA,11,54814148,0.9754943383471354
chr11,MEN1,ENST00000450708,TRUE,0.206,0,11,54814148,0.9754943383471354
NA,MEPCE,NM_019606.6,TRUE,0.333,NA,1,44852950,0.8572386808272778
NA,MEPCE,NM_019606.6,TRUE,0.333,NA,11,49389214,0.9289617486338798
NA,MEPCE,NM_019606.6,TRUE,0.333,NA,0,31964615,0.916974747791215
chr7,MEPCE,ENST00000310512,TRUE,0.333,0,1,44852950,0.8572386808272778
chr7,MEPCE,ENST00000310512,TRUE,0.333,0,11,49389214,0.9289617486338798
chr7,MEPCE,ENST00000310512,TRUE,0.333,0,0,31964615,0.916974747791215
NA,MEST,NM_002402.4,TRUE,0.592,NA,1,43191510,0.8266070430408049
NA,MEST,NM_002402.4,TRUE,0.592,NA,0,30540154,0.8433485807381415
chr7,MEST,ENST00000223215,TRUE,0.592,2,1,43191510,0.8266070430408049
chr7,MEST,ENST00000223215,TRUE,0.592,2,0,30540154,0.8433485807381415
NA,MET,NM_000245.4,TRUE,0.446,NA,9,34900096,0.921163106556365
chr7,MET,ENST00000397752,TRUE,0.446,1,9,34900096,0.921163106556365
NA,METTL16,NM_024086.4,TRUE,0.492,NA,15,34703414,0.8139561773717986
chr17,METTL16,ENST00000263092,TRUE,0.492,1,15,34703414,0.8139561773717986
NA,METTL9,NM_016025.5,TRUE,0.501,NA,15,35694732,0.8973232352431058
NA,METTL9,NM_016025.5,TRUE,0.501,NA,9,32812386,0.83670823558464
NA,METTL9,NM_016025.5,TRUE,0.501,NA,11,50424101,0.9397217058193904
chr16,METTL9,ENST00000358154,TRUE,0.501,1,15,35694732,0.8973232352431058
chr16,METTL9,ENST00000358154,TRUE,0.501,1,9,32812386,0.83670823558464
chr16,METTL9,ENST00000358154,TRUE,0.501,1,11,50424101,0.9397217058193904
NA,MEX3A,NM_001093725.2,TRUE,0.371,NA,11,48885561,0.9235536026139372
chr1,MEX3A,ENST00000532414,TRUE,0.371,0,11,48885561,0.9235536026139372
NA,MFAP1,NM_005926.3,TRUE,0.412,NA,1,42155558,0.8073784237003913
chr15,MFAP1,ENST00000267812,TRUE,0.412,1,1,42155558,0.8073784237003913
NA,MFAP3L,NM_021647.8,TRUE,0.577,NA,11,43658951,0.8579234972677595
chr4,MFAP3L,ENST00000361618,TRUE,0.577,1,11,43658951,0.8579234972677595
NA,MFSD2A,NM_032793.5,TRUE,0.572,NA,9,32182563,0.8014569699962958
chr1,MFSD2A,ENST00000372811,TRUE,0.572,1,9,32182563,0.8014569699962958
chr15,MGA,ENST00000219905,TRUE,0.197,0,15,35414130,0.8751806671677169
chr15,MGA,ENST00000219905,TRUE,0.197,0,9,40758308,0.999382639832078
chr15,MGA,ENST00000219905,TRUE,0.197,0,11,50078316,0.9364542842656752
NA,MGLL,NM_007283.7,TRUE,0.5,NA,1,49883071,0.930799329234209
NA,MGLL,NM_007283.7,TRUE,0.5,NA,15,35350328,0.8711337226108574
NA,MGLL,NM_007283.7,TRUE,0.5,NA,9,35257085,0.9319669094949994
NA,MGLL,NM_007283.7,TRUE,0.5,NA,0,30418592,0.8346387618271821
chr3,MGLL,ENST00000265052,TRUE,0.5,1,1,49883071,0.930799329234209
chr3,MGLL,ENST00000265052,TRUE,0.5,1,15,35350328,0.8711337226108574
chr3,MGLL,ENST00000265052,TRUE,0.5,1,9,35257085,0.9319669094949994
chr3,MGLL,ENST00000265052,TRUE,0.5,1,0,30418592,0.8346387618271821
NA,MIA3,NM_198551.4,TRUE,0.551,NA,9,33751409,0.8823311519940733
NA,MIA3,NM_198551.4,TRUE,0.551,NA,11,45274277,0.8799504253281505
chr1,MIA3,ENST00000344922,TRUE,0.551,1,9,33751409,0.8823311519940733
chr1,MIA3,ENST00000344922,TRUE,0.551,1,11,45274277,0.8799504253281505
NA,MINK1,NM_153827.5,TRUE,0.403,NA,0,33376309,0.969985588069428
chr17,MINK1,ENST00000355280,TRUE,0.403,1,0,33376309,0.969985588069428
NA,MKLN1,NM_013255.5,TRUE,0.443,NA,0,31935087,0.916222820978758
chr7,MKLN1,ENST00000352689,TRUE,0.443,1,0,31935087,0.916222820978758
NA,MKRN1,NM_013446.4,TRUE,0.307,NA,1,49771050,0.9291224147568474
NA,MKRN1,NM_013446.4,TRUE,0.307,NA,11,58427438,0.9926764689313278
chr7,MKRN1,ENST00000255977,TRUE,0.307,0,1,49771050,0.9291224147568474
chr7,MKRN1,ENST00000255977,TRUE,0.307,0,11,58427438,0.9926764689313278
NA,MLEC,NM_014730.4,TRUE,0.5,NA,1,58729707,0.993404136389044
NA,MLEC,NM_014730.4,TRUE,0.5,NA,11,44100819,0.8635006478508253
chr12,MLEC,ENST00000228506,TRUE,0.5,1,1,58729707,0.993404136389044
chr12,MLEC,ENST00000228506,TRUE,0.5,1,11,44100819,0.8635006478508253
NA,MLLT1,NM_005934.4,TRUE,0.379,NA,1,53062367,0.9609837898267188
NA,MLLT1,NM_005934.4,TRUE,0.379,NA,15,34626720,0.8068451176504596
NA,MLLT1,NM_005934.4,TRUE,0.379,NA,11,46933940,0.9004563123204327
chr19,MLLT1,ENST00000252674,TRUE,0.379,0,1,53062367,0.9609837898267188
chr19,MLLT1,ENST00000252674,TRUE,0.379,0,15,34626720,0.8068451176504596
chr19,MLLT1,ENST00000252674,TRUE,0.379,0,11,46933940,0.9004563123204327
NA,MLLT3,NM_004529.4,TRUE,0.167,NA,9,32689666,0.8301642178046672
chr9,MLLT3,ENST00000380338,TRUE,0.167,0,9,32689666,0.8301642178046672
NA,MLXIP,NM_014938.6,TRUE,0.461,NA,15,36688194,0.9460600104064288
NA,MLXIP,NM_014938.6,TRUE,0.461,NA,11,40326434,0.8032223536702158
chr12,MLXIP,ENST00000319080,TRUE,0.461,1,15,36688194,0.9460600104064288
chr12,MLXIP,ENST00000319080,TRUE,0.461,1,11,40326434,0.8032223536702158
NA,MMP14,NM_004995.4,TRUE,0.312,NA,11,43516058,0.8565714607627739
chr14,MMP14,ENST00000311852,TRUE,0.312,0,11,43516058,0.8565714607627739
NA,MMS22L,NM_001350599.2,TRUE,0.506,NA,15,36562915,0.9417818118748916
NA,MMS22L,NM_001350599.2,TRUE,0.506,NA,0,30939347,0.8670969358982392
chr6,MMS22L,ENST00000683635,TRUE,0.506,1,15,36562915,0.9417818118748916
chr6,MMS22L,ENST00000683635,TRUE,0.506,1,0,30939347,0.8670969358982392
NA,MOB4,NM_015387.5,TRUE,0.286,NA,1,45711422,0.8711011738401342
chr2,MOB4,ENST00000323303,TRUE,0.286,0,1,45711422,0.8711011738401342
NA,MORC2,NM_001303256.3,TRUE,0.3,NA,15,34854318,0.8284673642828236
NA,MORC2,NM_001303256.3,TRUE,0.3,NA,9,34442496,0.9064699345598222
NA,MORC2,NM_001303256.3,TRUE,0.3,NA,0,32828933,0.9432921862272072
chr22,MORC2,ENST00000397641,TRUE,0.3,0,15,34854318,0.8284673642828236
chr22,MORC2,ENST00000397641,TRUE,0.3,0,9,34442496,0.9064699345598222
chr22,MORC2,ENST00000397641,TRUE,0.3,0,0,32828933,0.9432921862272072
NA,MORC3,NM_015358.3,TRUE,0.37,NA,15,35224781,0.8609007342313696
chr21,MORC3,ENST00000400485,TRUE,0.37,0,15,35224781,0.8609007342313696
NA,MORF4L1,NM_006791.4,TRUE,0.271,NA,1,42738067,0.8183342649524874
NA,MORF4L1,NM_006791.4,TRUE,0.271,NA,15,35365627,0.8718852980285599
NA,MORF4L1,NM_006791.4,TRUE,0.271,NA,11,52126749,0.9551574559179764
NA,MORF4L1,NM_006791.4,TRUE,0.271,NA,0,32152683,0.9229901622908704
chr15,MORF4L1,ENST00000426013,TRUE,0.271,0,1,42738067,0.8183342649524874
chr15,MORF4L1,ENST00000426013,TRUE,0.271,0,15,35365627,0.8718852980285599
chr15,MORF4L1,ENST00000426013,TRUE,0.271,0,11,52126749,0.9551574559179764
chr15,MORF4L1,ENST00000426013,TRUE,0.271,0,0,32152683,0.9229901622908704
chr1,MOV10,ENST00000369645,TRUE,0.435,1,9,34645234,0.9123348561550808
chr1,MOV10,ENST00000369645,TRUE,0.435,1,0,32655716,0.9381540196754182
NA,MRFAP1,NM_033296.3,TRUE,0.501,NA,9,32670465,0.8291147055191999
NA,MRFAP1,NM_033296.3,TRUE,0.501,NA,11,47863135,0.9129626499915496
chr4,MRFAP1,ENST00000382581,TRUE,0.501,1,9,32670465,0.8291147055191999
chr4,MRFAP1,ENST00000382581,TRUE,0.501,1,11,47863135,0.9129626499915496
NA,MRGBP,NM_018270.6,TRUE,0.574,NA,11,44045699,0.8628246295983325
chr20,MRGBP,ENST00000370487,TRUE,0.574,1,11,44045699,0.8628246295983325
NA,MRTFA,NM_020831.6,TRUE,0.389,NA,0,32455061,0.9320759446080582
chr22,MRTFA,ENST00000355630,TRUE,0.389,0,0,32455061,0.9320759446080582
NA,MRTFB,NM_001308142.2,TRUE,0.351,NA,9,34169934,0.8973947400913693
NA,MRTFB,NM_001308142.2,TRUE,0.351,NA,0,33244811,0.9669778808196002
chr16,MRTFB,ENST00000571589,TRUE,0.351,0,9,34169934,0.8973947400913693
chr16,MRTFB,ENST00000571589,TRUE,0.351,0,0,33244811,0.9669778808196002
NA,MRTO4,NM_016183.4,TRUE,0.568,NA,15,34687342,0.812510840030063
chr1,MRTO4,ENST00000330263,TRUE,0.568,1,15,34687342,0.812510840030063
NA,MSI1,NM_002442.4,TRUE,0.524,NA,9,32518992,0.8213977034201754
NA,MSI1,NM_002442.4,TRUE,0.524,NA,0,33624788,0.974873112350398
chr12,MSI1,ENST00000257552,TRUE,0.524,1,9,32518992,0.8213977034201754
chr12,MSI1,ENST00000257552,TRUE,0.524,1,0,33624788,0.974873112350398
NA,MSL1,NM_001365919.1,TRUE,0.503,NA,1,44001688,0.8419787590832868
NA,MSL1,NM_001365919.1,TRUE,0.503,NA,11,41607089,0.8259252999830995
NA,MSL1,NM_001365919.1,TRUE,0.503,NA,0,35537058,0.9946738517450968
chr17,MSL1,ENST00000398532,TRUE,0.503,1,1,44001688,0.8419787590832868
chr17,MSL1,ENST00000398532,TRUE,0.503,1,11,41607089,0.8259252999830995
chr17,MSL1,ENST00000398532,TRUE,0.503,1,0,35537058,0.9946738517450968
NA,MSL2,NM_018133.4,TRUE,0.169,NA,15,34555621,0.800196565878476
NA,MSL2,NM_018133.4,TRUE,0.169,NA,9,35593659,0.939066551426102
chr3,MSL2,ENST00000309993,TRUE,0.169,0,15,34555621,0.800196565878476
chr3,MSL2,ENST00000309993,TRUE,0.169,0,9,35593659,0.939066551426102
NA,MTA1,NM_004689.4,TRUE,0.209,NA,9,34803095,0.9175206815656254
NA,MTA1,NM_004689.4,TRUE,0.209,NA,11,40747401,0.8104332150301391
NA,MTA1,NM_004689.4,TRUE,0.209,NA,0,29993759,0.8063788457923429
chr14,MTA1,ENST00000331320,TRUE,0.209,0,9,34803095,0.9175206815656254
chr14,MTA1,ENST00000331320,TRUE,0.209,0,11,40747401,0.8104332150301391
chr14,MTA1,ENST00000331320,TRUE,0.209,0,0,29993759,0.8063788457923429
NA,MTDH,NM_178812.4,TRUE,0.535,NA,1,45407300,0.8655673560648407
NA,MTDH,NM_178812.4,TRUE,0.535,NA,15,35525389,0.8843151991674857
NA,MTDH,NM_178812.4,TRUE,0.535,NA,11,46809692,0.8981465832910822
chr8,MTDH,ENST00000336273,TRUE,0.535,1,1,45407300,0.8655673560648407
chr8,MTDH,ENST00000336273,TRUE,0.535,1,15,35525389,0.8843151991674857
chr8,MTDH,ENST00000336273,TRUE,0.535,1,11,46809692,0.8981465832910822
NA,MTF2,NM_007358.4,TRUE,0.289,NA,9,35482278,0.9366588467712064
chr1,MTF2,ENST00000370298,TRUE,0.289,0,9,35482278,0.9366588467712064
NA,MTFR1L,NM_001099625.2,TRUE,0.581,NA,1,45205858,0.8630519843487983
chr1,MTFR1L,ENST00000374303,TRUE,0.581,1,1,45205858,0.8630519843487983
NA,MTHFD1,NM_005956.4,TRUE,0.51,NA,1,63276331,0.9996646171045276
NA,MTHFD1,NM_005956.4,TRUE,0.51,NA,15,34885707,0.8311845984852865
NA,MTHFD1,NM_005956.4,TRUE,0.51,NA,11,56299243,0.9838318967945467
chr14,MTHFD1,ENST00000652337,TRUE,0.51,1,1,63276331,0.9996646171045276
chr14,MTHFD1,ENST00000652337,TRUE,0.51,1,15,34885707,0.8311845984852865
chr14,MTHFD1,ENST00000652337,TRUE,0.51,1,11,56299243,0.9838318967945467
NA,MTMR12,NM_001040446.3,TRUE,0.394,NA,1,41832973,0.8004471771939631
NA,MTMR12,NM_001040446.3,TRUE,0.394,NA,0,30471922,0.8387743592956952
chr5,MTMR12,ENST00000382142,TRUE,0.394,0,1,41832973,0.8004471771939631
chr5,MTMR12,ENST00000382142,TRUE,0.394,0,0,30471922,0.8387743592956952
NA,MTMR4,NM_001378067.1,TRUE,0.295,NA,15,35964083,0.9140891484072382
NA,MTMR4,NM_001378067.1,TRUE,0.295,NA,0,33053444,0.9622783382417444
chr17,MTMR4,ENST00000682306,TRUE,0.295,0,15,35964083,0.9140891484072382
chr17,MTMR4,ENST00000682306,TRUE,0.295,0,0,33053444,0.9622783382417444
NA,MTOR,NM_004958.4,TRUE,0.268,NA,9,35508449,0.9375231510062972
chr1,MTOR,ENST00000361445,TRUE,0.268,0,9,35508449,0.9375231510062972
NA,MTUS2,NM_001033602.4,TRUE,0.502,NA,1,51836372,0.9510899944102852
NA,MTUS2,NM_001033602.4,TRUE,0.502,NA,9,37127213,0.969872823805408
chr13,MTUS2,ENST00000612955,TRUE,0.502,1,1,51836372,0.9510899944102852
chr13,MTUS2,ENST00000612955,TRUE,0.502,1,9,37127213,0.969872823805408
NA,MYBL2,NM_002466.4,TRUE,0.496,NA,1,61760670,0.9986584684181108
NA,MYBL2,NM_002466.4,TRUE,0.496,NA,9,33567073,0.874058525743919
NA,MYBL2,NM_002466.4,TRUE,0.496,NA,11,58148518,0.9915497718438396
chr20,MYBL2,ENST00000217026,TRUE,0.496,1,1,61760670,0.9986584684181108
chr20,MYBL2,ENST00000217026,TRUE,0.496,1,9,33567073,0.874058525743919
chr20,MYBL2,ENST00000217026,TRUE,0.496,1,11,58148518,0.9915497718438396
NA,MYC,NM_002467.6,TRUE,0.128,NA,1,55446069,0.979429849077697
NA,MYC,NM_002467.6,TRUE,0.128,NA,9,34420811,0.905790838375108
chr8,MYC,ENST00000621592,TRUE,0.128,0,1,55446069,0.979429849077697
chr8,MYC,ENST00000621592,TRUE,0.128,0,9,34420811,0.905790838375108
NA,MYCN,NM_005378.6,TRUE,0.311,NA,11,56876662,0.986535969804518
chr2,MYCN,ENST00000281043,TRUE,0.311,0,11,56876662,0.986535969804518
NA,MYH10,NM_001256012.3,TRUE,0.249,NA,15,36655071,0.9447881135457016
NA,MYH10,NM_001256012.3,TRUE,0.249,NA,9,36725316,0.9647487344116558
chr17,MYH10,ENST00000360416,TRUE,0.249,0,15,36655071,0.9447881135457016
chr17,MYH10,ENST00000360416,TRUE,0.249,0,9,36725316,0.9647487344116558
NA,MYH9,NM_002473.6,TRUE,0.159,NA,1,54097909,0.9692565679150364
NA,MYH9,NM_002473.6,TRUE,0.159,NA,11,51728556,0.951157681257394
chr22,MYH9,ENST00000216181,TRUE,0.159,0,1,54097909,0.9692565679150364
chr22,MYH9,ENST00000216181,TRUE,0.159,0,11,51728556,0.951157681257394
NA,MYO16,NM_001198950.3,TRUE,0.577,NA,15,38764726,0.9893334104179916
chr13,MYO16,ENST00000457511,TRUE,0.577,1,15,38764726,0.9893334104179916
NA,MYO1B,NM_001130158.3,TRUE,0.554,NA,1,50782678,0.9409167132476244
NA,MYO1B,NM_001130158.3,TRUE,0.554,NA,11,56303625,0.9838882316489213
chr2,MYO1B,ENST00000392318,TRUE,0.554,1,1,50782678,0.9409167132476244
chr2,MYO1B,ENST00000392318,TRUE,0.554,1,11,56303625,0.9838882316489213
NA,MYO1F,NM_012335.4,TRUE,0.497,NA,0,32831351,0.9501221881070242
chr19,MYO1F,ENST00000644032,TRUE,0.497,1,0,32831351,0.9501221881070242
NA,MYO6,NM_004999.4,TRUE,0.482,NA,15,35133139,0.8536740475226918
NA,MYO6,NM_004999.4,TRUE,0.482,NA,9,36028014,0.9527719471539696
NA,MYO6,NM_004999.4,TRUE,0.482,NA,11,41560887,0.8250239423131092
chr6,MYO6,ENST00000369977,TRUE,0.482,1,15,35133139,0.8536740475226918
chr6,MYO6,ENST00000369977,TRUE,0.482,1,9,36028014,0.9527719471539696
chr6,MYO6,ENST00000369977,TRUE,0.482,1,11,41560887,0.8250239423131092
NA,MYO9A,NM_006901.4,TRUE,0.414,NA,9,32371683,0.8138041733547352
chr15,MYO9A,ENST00000356056,TRUE,0.414,1,9,32371683,0.8138041733547352
NA,MYO9B,NM_004145.4,TRUE,0.43,NA,9,34369366,0.903938757871342
chr19,MYO9B,ENST00000682292,TRUE,0.43,1,9,34369366,0.903938757871342
NA,MYSM1,NM_001085487.3,TRUE,0.578,NA,9,38929170,0.9887640449438202
chr1,MYSM1,ENST00000472487,TRUE,0.578,1,9,38929170,0.9887640449438202
NA,MYT1L,NM_001303052.2,TRUE,0.085,NA,1,43713232,0.8367803242034656
chr2,MYT1L,ENST00000647738,TRUE,0.085,0,1,43713232,0.8367803242034656
NA,NAA30,NM_001011713.3,TRUE,0.399,NA,11,48498459,0.9193284885358572
chr14,NAA30,ENST00000556492,TRUE,0.399,0,11,48498459,0.9193284885358572
NA,NABP2,NM_024068.4,TRUE,0.548,NA,15,37510674,0.9673931895704456
NA,NABP2,NM_024068.4,TRUE,0.548,NA,0,32817996,0.9427282411178646
chr12,NABP2,ENST00000267023,TRUE,0.548,1,15,37510674,0.9673931895704456
chr12,NABP2,ENST00000267023,TRUE,0.548,1,0,32817996,0.9427282411178646
NA,NACC1,NM_052876.4,TRUE,0.329,NA,0,30490861,0.8403408734883138
chr19,NACC1,ENST00000292431,TRUE,0.329,0,0,30490861,0.8403408734883138
NA,NAP1L1,NM_004537.7,TRUE,0.273,NA,1,54424931,0.9715483510340972
NA,NAP1L1,NM_004537.7,TRUE,0.273,NA,15,35232087,0.8614788691680638
NA,NAP1L1,NM_004537.7,TRUE,0.273,NA,11,61759732,0.9996056560193792
NA,NAP1L1,NM_004537.7,TRUE,0.273,NA,0,30920827,0.8661570273826681
chr12,NAP1L1,ENST00000618691,TRUE,0.273,0,1,54424931,0.9715483510340972
chr12,NAP1L1,ENST00000618691,TRUE,0.273,0,15,35232087,0.8614788691680638
chr12,NAP1L1,ENST00000618691,TRUE,0.273,0,11,61759732,0.9996056560193792
chr12,NAP1L1,ENST00000618691,TRUE,0.273,0,0,30920827,0.8661570273826681
NA,NAP1L4,NM_005969.4,TRUE,0.385,NA,15,36446005,0.9373879863560156
chr11,NAP1L4,ENST00000380542,TRUE,0.385,0,15,36446005,0.9373879863560156
NA,NAPA,NM_003827.4,TRUE,0.538,NA,1,53207150,0.9621017328116266
NA,NAPA,NM_003827.4,TRUE,0.538,NA,15,36836331,0.9509741573683298
NA,NAPA,NM_003827.4,TRUE,0.538,NA,11,52528443,0.9580868683454452
NA,NAPA,NM_003827.4,TRUE,0.538,NA,0,31050556,0.8733629926687135
chr19,NAPA,ENST00000263354,TRUE,0.538,1,1,53207150,0.9621017328116266
chr19,NAPA,ENST00000263354,TRUE,0.538,1,15,36836331,0.9509741573683298
chr19,NAPA,ENST00000263354,TRUE,0.538,1,11,52528443,0.9580868683454452
chr19,NAPA,ENST00000263354,TRUE,0.538,1,0,31050556,0.8733629926687135
NA,NASP,NM_002482.4,TRUE,0.394,NA,1,47735116,0.9021799888205702
NA,NASP,NM_002482.4,TRUE,0.394,NA,15,36669809,0.9452506214950568
NA,NASP,NM_002482.4,TRUE,0.394,NA,9,33264527,0.8585010495122855
NA,NASP,NM_002482.4,TRUE,0.394,NA,11,47419508,0.907103825136612
NA,NASP,NM_002482.4,TRUE,0.394,NA,0,30126278,0.8152766464064164
chr1,NASP,ENST00000350030,TRUE,0.394,0,1,47735116,0.9021799888205702
chr1,NASP,ENST00000350030,TRUE,0.394,0,15,36669809,0.9452506214950568
chr1,NASP,ENST00000350030,TRUE,0.394,0,9,33264527,0.8585010495122855
chr1,NASP,ENST00000350030,TRUE,0.394,0,11,47419508,0.907103825136612
chr1,NASP,ENST00000350030,TRUE,0.394,0,0,30126278,0.8152766464064164
NA,NAV3,NM_001024383.2,TRUE,0.426,NA,0,31654417,0.9019988721097814
chr12,NAV3,ENST00000397909,TRUE,0.426,1,0,31654417,0.9019988721097814
NA,NBPF1,NM_017940.6,TRUE,0.371,NA,9,34482622,0.9078281269292504
NA,NBPF1,NM_017940.6,TRUE,0.371,NA,11,50410119,0.9394963664018928
chr1,NBPF1,ENST00000430580,TRUE,0.371,0,9,34482622,0.9078281269292504
chr1,NBPF1,ENST00000430580,TRUE,0.371,0,11,50410119,0.9394963664018928
NA,NCAM1,NM_181351.5,TRUE,0.217,NA,15,36381317,0.9335433890269988
NA,NCAM1,NM_181351.5,TRUE,0.217,NA,9,35663671,0.9423694283244846
chr11,NCAM1,ENST00000316851,TRUE,0.217,0,15,36381317,0.9335433890269988
chr11,NCAM1,ENST00000316851,TRUE,0.217,0,9,35663671,0.9423694283244846
NA,NCAPG2,NM_017760.7,TRUE,0.441,NA,1,43225130,0.8273896031302403
NA,NCAPG2,NM_017760.7,TRUE,0.441,NA,15,34906614,0.8332658842573857
NA,NCAPG2,NM_017760.7,TRUE,0.441,NA,11,42269494,0.836516252605487
NA,NCAPG2,NM_017760.7,TRUE,0.441,NA,0,30011105,0.807068112037095
chr7,NCAPG2,ENST00000356309,TRUE,0.441,1,1,43225130,0.8273896031302403
chr7,NCAPG2,ENST00000356309,TRUE,0.441,1,15,34906614,0.8332658842573857
chr7,NCAPG2,ENST00000356309,TRUE,0.441,1,11,42269494,0.836516252605487
chr7,NCAPG2,ENST00000356309,TRUE,0.441,1,0,30011105,0.807068112037095
NA,NCAPH,NM_015341.5,TRUE,0.566,NA,9,32887939,0.8405358686257562
NA,NCAPH,NM_015341.5,TRUE,0.566,NA,0,32011075,0.91822795914531
chr2,NCAPH,ENST00000240423,TRUE,0.566,1,9,32887939,0.8405358686257562
chr2,NCAPH,ENST00000240423,TRUE,0.566,1,0,32011075,0.91822795914531
NA,NCBP3,NM_001114118.3,TRUE,0.404,NA,11,46876866,0.8992732803785702
chr17,NCBP3,ENST00000389005,TRUE,0.404,1,11,46876866,0.8992732803785702
NA,NCDN,NM_014284.3,TRUE,0.261,NA,1,44755664,0.8554499720514254
NA,NCDN,NM_014284.3,TRUE,0.261,NA,11,46365658,0.8933017858148836
chr1,NCDN,ENST00000373243,TRUE,0.261,0,1,44755664,0.8554499720514254
chr1,NCDN,ENST00000373243,TRUE,0.261,0,11,46365658,0.8933017858148836
NA,NCEH1,NM_020792.6,TRUE,0.529,NA,15,36093227,0.9203908192172052
NA,NCEH1,NM_020792.6,TRUE,0.529,NA,9,38468739,0.9861093962217558
chr3,NCEH1,ENST00000475381,TRUE,0.529,1,15,36093227,0.9203908192172052
chr3,NCEH1,ENST00000475381,TRUE,0.529,1,9,38468739,0.9861093962217558
NA,NCKAP1,NM_013436.5,TRUE,0.14,NA,1,49965668,0.9319172722191168
NA,NCKAP1,NM_013436.5,TRUE,0.14,NA,11,56129642,0.9829305391245564
chr2,NCKAP1,ENST00000361354,TRUE,0.14,0,1,49965668,0.9319172722191168
chr2,NCKAP1,ENST00000361354,TRUE,0.14,0,11,56129642,0.9829305391245564
NA,NCL,NM_005381.3,TRUE,0.102,NA,15,37119749,0.95895241949471
NA,NCL,NM_005381.3,TRUE,0.102,NA,0,32747574,0.940660442383608
chr2,NCL,ENST00000322723,TRUE,0.102,0,15,37119749,0.95895241949471
chr2,NCL,ENST00000322723,TRUE,0.102,0,0,32747574,0.940660442383608
NA,NCOA1,NM_003743.5,TRUE,0.298,NA,9,35724414,0.946289665390789
NA,NCOA1,NM_003743.5,TRUE,0.298,NA,11,46006584,0.8885696580474339
NA,NCOA1,NM_003743.5,TRUE,0.298,NA,0,30971633,0.8687887712262673
chr2,NCOA1,ENST00000348332,TRUE,0.298,0,9,35724414,0.946289665390789
chr2,NCOA1,ENST00000348332,TRUE,0.298,0,11,46006584,0.8885696580474339
chr2,NCOA1,ENST00000348332,TRUE,0.298,0,0,30971633,0.8687887712262673
NA,NCOA2,NM_006540.4,TRUE,0.211,NA,11,40808302,0.8115035772632527
chr8,NCOA2,ENST00000452400,TRUE,0.211,0,11,40808302,0.8115035772632527
NA,NCOR1,NM_006311.4,TRUE,0.292,NA,15,39496385,0.99398739665838
chr17,NCOR1,ENST00000268712,TRUE,0.292,0,15,39496385,0.99398739665838
NA,NCOR2,NM_001077261.4,TRUE,0.429,NA,1,51443249,0.9472330911123532
NA,NCOR2,NM_001077261.4,TRUE,0.429,NA,9,33612521,0.8764044943820225
NA,NCOR2,NM_001077261.4,TRUE,0.429,NA,11,45850826,0.8861472593093347
NA,NCOR2,NM_001077261.4,TRUE,0.429,NA,0,33557036,0.9738078826994172
chr12,NCOR2,ENST00000405201,TRUE,0.448,1,1,51443249,0.9472330911123532
chr12,NCOR2,ENST00000405201,TRUE,0.448,1,9,33612521,0.8764044943820225
chr12,NCOR2,ENST00000405201,TRUE,0.448,1,11,45850826,0.8861472593093347
chr12,NCOR2,ENST00000405201,TRUE,0.448,1,0,33557036,0.9738078826994172
NA,NCSTN,NM_015331.3,TRUE,0.343,NA,1,46736263,0.8862493012856344
NA,NCSTN,NM_015331.3,TRUE,0.343,NA,11,57121051,0.9878316714551292
chr1,NCSTN,ENST00000294785,TRUE,0.343,0,1,46736263,0.8862493012856344
chr1,NCSTN,ENST00000294785,TRUE,0.343,0,11,57121051,0.9878316714551292
NA,NDC1,NM_018087.5,TRUE,0.375,NA,1,44673195,0.8537171604248184
NA,NDC1,NM_018087.5,TRUE,0.375,NA,0,30319657,0.8286233473275267
chr1,NDC1,ENST00000371429,TRUE,0.375,0,1,44673195,0.8537171604248184
chr1,NDC1,ENST00000371429,TRUE,0.375,0,0,30319657,0.8286233473275267
NA,NDEL1,NM_030808.5,TRUE,0.357,NA,1,42745399,0.8186137506987143
NA,NDEL1,NM_030808.5,TRUE,0.357,NA,9,37448849,0.9740091369304852
chr17,NDEL1,ENST00000334527,TRUE,0.357,0,1,42745399,0.8186137506987143
chr17,NDEL1,ENST00000334527,TRUE,0.357,0,9,37448849,0.9740091369304852
NA,NDN,NM_002487.3,TRUE,0.478,NA,15,35828347,0.9061686997745274
chr15,NDN,ENST00000649030,TRUE,0.478,1,15,35828347,0.9061686997745274
NA,NDST1,NM_001543.5,TRUE,0.484,NA,15,38297431,0.984679424177603
chr5,NDST1,ENST00000261797,TRUE,0.484,1,15,38297431,0.984679424177603
NA,NECAP1,NM_015509.4,TRUE,0.594,NA,1,52220439,0.9544997205142538
NA,NECAP1,NM_015509.4,TRUE,0.594,NA,11,44056302,0.8629936341614557
chr12,NECAP1,ENST00000339754,TRUE,0.594,2,1,52220439,0.9544997205142538
chr12,NECAP1,ENST00000339754,TRUE,0.594,2,11,44056302,0.8629936341614557
NA,NECTIN4,NM_030916.3,TRUE,0.538,NA,1,46471669,0.8826159865846842
NA,NECTIN4,NM_030916.3,TRUE,0.538,NA,9,34173855,0.8976416841585381
NA,NECTIN4,NM_030916.3,TRUE,0.538,NA,11,45883682,0.8867669427074532
NA,NECTIN4,NM_030916.3,TRUE,0.538,NA,0,33596506,0.9744971489441694
chr1,NECTIN4,ENST00000368012,TRUE,0.538,1,1,46471669,0.8826159865846842
chr1,NECTIN4,ENST00000368012,TRUE,0.538,1,9,34173855,0.8976416841585381
chr1,NECTIN4,ENST00000368012,TRUE,0.538,1,11,45883682,0.8867669427074532
chr1,NECTIN4,ENST00000368012,TRUE,0.538,1,0,33596506,0.9744971489441694
NA,NEDD4L,NM_001144967.3,TRUE,0.457,NA,9,34855147,0.9193110260525992
chr18,NEDD4L,ENST00000400345,TRUE,0.457,1,9,34855147,0.9193110260525992
NA,NEDD8,NM_006156.3,TRUE,0.352,NA,9,32885152,0.8403506605753797
chr14,NEDD8,ENST00000250495,TRUE,0.352,0,9,32885152,0.8403506605753797
NA,NEFM,NM_005382.2,TRUE,0.541,NA,15,35252018,0.8636179684338324
chr8,NEFM,ENST00000221166,TRUE,0.541,1,15,35252018,0.8636179684338324
NA,NF2,NM_000268.4,TRUE,0.187,NA,1,47754443,0.9024594745667972
chr22,NF2,ENST00000338641,TRUE,0.187,0,1,47754443,0.9024594745667972
NA,NFASC,NM_001005388.3,TRUE,0.362,NA,15,41663929,0.996097589177314
NA,NFASC,NM_001005388.3,TRUE,0.362,NA,0,32831351,0.9501221881070242
chr1,NFASC,ENST00000339876,TRUE,0.362,0,15,41663929,0.996097589177314
chr1,NFASC,ENST00000339876,TRUE,0.362,0,0,32831351,0.9501221881070242
NA,NFAT5,NM_138713.4,TRUE,0.235,NA,9,32961949,0.8439930855661193
chr16,NFAT5,ENST00000349945,TRUE,0.235,0,9,32961949,0.8439930855661193
NA,NFATC1,NM_001278669.2,TRUE,0.461,NA,9,39230757,0.9917891097666378
NA,NFATC1,NM_001278669.2,TRUE,0.461,NA,0,31654417,0.9019988721097814
chr18,NFATC1,ENST00000427363,TRUE,0.461,1,9,39230757,0.9917891097666378
chr18,NFATC1,ENST00000427363,TRUE,0.461,1,0,31654417,0.9019988721097814
NA,NFATC2,NM_012340.5,TRUE,0.365,NA,1,44974503,0.859139183901621
chr20,NFATC2,ENST00000371564,TRUE,0.365,0,1,44974503,0.859139183901621
NA,NFE2L1,NM_003204.3,TRUE,0.417,NA,1,47193516,0.8932364449413079
NA,NFE2L1,NM_003204.3,TRUE,0.417,NA,11,41733874,0.8280096895949524
chr17,NFE2L1,ENST00000362042,TRUE,0.417,1,1,47193516,0.8932364449413079
chr17,NFE2L1,ENST00000362042,TRUE,0.417,1,11,41733874,0.8280096895949524
NA,NFE2L2,NM_006164.5,TRUE,0.575,NA,9,39806164,0.9954932707741696
chr2,NFE2L2,ENST00000397062,TRUE,0.575,1,9,39806164,0.9954932707741696
NA,NFIA,NM_001134673.4,TRUE,0.175,NA,15,35598512,0.8901254552812626
chr1,NFIA,ENST00000403491,TRUE,0.175,0,15,35598512,0.8901254552812626
NA,NFIC,NM_001245002.2,TRUE,0.399,NA,15,38418858,0.9857200670636528
NA,NFIC,NM_001245002.2,TRUE,0.399,NA,9,35800149,0.9480800098777626
chr19,NFIC,ENST00000443272,TRUE,0.399,0,15,38418858,0.9857200670636528
chr19,NFIC,ENST00000443272,TRUE,0.399,0,9,35800149,0.9480800098777626
NA,NFKB1,NM_003998.4,TRUE,0.178,NA,9,36333034,0.9583899246820596
NA,NFKB1,NM_003998.4,TRUE,0.178,NA,11,40846753,0.8124612697876176
NA,NFKB1,NM_003998.4,TRUE,0.178,NA,0,31111658,0.8769973055955887
chr4,NFKB1,ENST00000226574,TRUE,0.178,0,9,36333034,0.9583899246820596
chr4,NFKB1,ENST00000226574,TRUE,0.178,0,11,40846753,0.8124612697876176
chr4,NFKB1,ENST00000226574,TRUE,0.178,0,0,31111658,0.8769973055955887
NA,NFKB2,NM_001322934.2,TRUE,0.308,NA,1,49295420,0.9230296254891
NA,NFKB2,NM_001322934.2,TRUE,0.308,NA,11,47390655,0.9067658160103657
chr10,NFKB2,ENST00000661543,TRUE,0.308,0,1,49295420,0.9230296254891
chr10,NFKB2,ENST00000661543,TRUE,0.308,0,11,47390655,0.9067658160103657
NA,NFKBIA,NM_020529.3,TRUE,0.5,NA,15,34891404,0.8317627334219807
NA,NFKBIA,NM_020529.3,TRUE,0.5,NA,0,36250330,0.9972429350209912
chr14,NFKBIA,ENST00000216797,TRUE,0.5,1,15,34891404,0.8317627334219807
chr14,NFKBIA,ENST00000216797,TRUE,0.5,1,0,36250330,0.9972429350209912
NA,NFRKB,NM_001143835.2,TRUE,0.543,NA,0,31483455,0.8934143743342314
chr11,NFRKB,ENST00000682444,TRUE,0.543,1,0,31483455,0.8934143743342314
NA,NFX1,NM_002504.6,TRUE,0.574,NA,1,42848659,0.8202906651760761
NA,NFX1,NM_002504.6,TRUE,0.574,NA,9,34037668,0.8927645388319546
NA,NFX1,NM_002504.6,TRUE,0.574,NA,11,55628542,0.9802264661145852
chr9,NFX1,ENST00000379540,TRUE,0.574,1,1,42848659,0.8202906651760761
chr9,NFX1,ENST00000379540,TRUE,0.574,1,9,34037668,0.8927645388319546
chr9,NFX1,ENST00000379540,TRUE,0.574,1,11,55628542,0.9802264661145852
NA,NIPBL,NM_133433.4,TRUE,0.057,NA,1,52718363,0.9582448295136948
NA,NIPBL,NM_133433.4,TRUE,0.057,NA,11,45730451,0.8848515576587235
chr5,NIPBL,ENST00000282516,TRUE,0.057,0,1,52718363,0.9582448295136948
chr5,NIPBL,ENST00000282516,TRUE,0.057,0,11,45730451,0.8848515576587235
NA,NISCH,NM_007184.4,TRUE,0.488,NA,15,34746514,0.8184656298780135
chr3,NISCH,ENST00000345716,TRUE,0.488,1,15,34746514,0.8184656298780135
NA,NLK,NM_016231.5,TRUE,0.308,NA,0,32027843,0.9187919042546524
chr17,NLK,ENST00000407008,TRUE,0.308,0,0,32027843,0.9187919042546524
NA,NMT1,NM_021079.5,TRUE,0.318,NA,1,45463581,0.8662381218557853
chr17,NMT1,ENST00000258960,TRUE,0.318,0,1,45463581,0.8662381218557853
NA,NNT,NM_182977.3,TRUE,0.588,NA,1,52347277,0.9551704863051984
NA,NNT,NM_182977.3,TRUE,0.588,NA,11,41012835,0.8149400033800913
chr5,NNT,ENST00000344920,TRUE,0.588,2,1,52347277,0.9551704863051984
chr5,NNT,ENST00000344920,TRUE,0.588,2,11,41012835,0.8149400033800913
NA,NOL4L,NM_001256798.2,TRUE,0.187,NA,15,35096951,0.8508989998265595
chr20,NOL4L,ENST00000621426,TRUE,0.187,0,15,35096951,0.8508989998265595
NA,NOL6,NM_022917.5,TRUE,0.34,NA,0,35010268,0.9909142176828122
chr9,NOL6,ENST00000297990,TRUE,0.34,0,0,35010268,0.9909142176828122
NA,NOMO1,NM_014287.4,TRUE,0.548,NA,1,44788043,0.8562325321408608
NA,NOMO1,NM_014287.4,TRUE,0.548,NA,0,31123565,0.8773732690018171
chr16,NOMO1,ENST00000287667,TRUE,0.548,1,1,44788043,0.8562325321408608
chr16,NOMO1,ENST00000287667,TRUE,0.548,1,0,31123565,0.8773732690018171
NA,NOMO2,NM_173614.4,TRUE,0.566,NA,11,51855384,0.9524533829080052
chr16,NOMO2,ENST00000622306,TRUE,0.566,1,11,51855384,0.9524533829080052
NA,NOP2,NM_001258308.2,TRUE,0.208,NA,1,43764819,0.8378982671883733
NA,NOP2,NM_001258308.2,TRUE,0.208,NA,11,55794864,0.9810151540758268
chr12,NOP2,ENST00000322166,TRUE,0.208,0,1,43764819,0.8378982671883733
chr12,NOP2,ENST00000322166,TRUE,0.208,0,11,55794864,0.9810151540758268
NA,NOS1AP,NM_014697.3,TRUE,0.495,NA,15,45945645,0.9996242122911488
NA,NOS1AP,NM_014697.3,TRUE,0.495,NA,0,31654417,0.9019988721097814
chr1,NOS1AP,ENST00000361897,TRUE,0.495,1,15,45945645,0.9996242122911488
chr1,NOS1AP,ENST00000361897,TRUE,0.495,1,0,31654417,0.9019988721097814
NA,NPEPPS,NM_006310.4,TRUE,0.299,NA,11,44594751,0.8696974818320095
chr17,NPEPPS,ENST00000322157,TRUE,0.299,0,11,44594751,0.8696974818320095
NA,NPLOC4,NM_017921.4,TRUE,0.426,NA,1,48591133,0.9147568474007826
NA,NPLOC4,NM_017921.4,TRUE,0.426,NA,9,33524097,0.872144709223361
NA,NPLOC4,NM_017921.4,TRUE,0.426,NA,11,44064606,0.8630499690158301
chr17,NPLOC4,ENST00000331134,TRUE,0.426,1,1,48591133,0.9147568474007826
chr17,NPLOC4,ENST00000331134,TRUE,0.426,1,9,33524097,0.872144709223361
chr17,NPLOC4,ENST00000331134,TRUE,0.426,1,11,44064606,0.8630499690158301
NA,NPM1,NM_002520.7,TRUE,0.313,NA,1,42234128,0.8093907210732253
NA,NPM1,NM_002520.7,TRUE,0.313,NA,15,38332169,0.98496849164595
NA,NPM1,NM_002520.7,TRUE,0.313,NA,9,34739763,0.9155451290282752
chr5,NPM1,ENST00000296930,TRUE,0.313,0,1,42234128,0.8093907210732253
chr5,NPM1,ENST00000296930,TRUE,0.313,0,15,38332169,0.98496849164595
chr5,NPM1,ENST00000296930,TRUE,0.313,0,9,34739763,0.9155451290282752
NA,NPRL2,NM_006545.5,TRUE,0.564,NA,11,47177617,0.904568756689764
chr3,NPRL2,ENST00000232501,TRUE,0.564,1,11,47177617,0.904568756689764
NA,NPTN,NM_012428.4,TRUE,0.288,NA,0,33867226,0.978256783006454
chr15,NPTN,ENST00000345330,TRUE,0.288,0,0,33867226,0.978256783006454
NA,NR2F2,NM_021005.4,TRUE,0.197,NA,11,40743869,0.8103768801757647
NA,NR2F2,NM_021005.4,TRUE,0.197,NA,0,35758423,0.9955510996929632
chr15,NR2F2,ENST00000394166,TRUE,0.197,0,11,40743869,0.8103768801757647
chr15,NR2F2,ENST00000394166,TRUE,0.197,0,0,35758423,0.9955510996929632
NA,NR6A1,NM_033334.4,TRUE,0.193,NA,15,36460502,0.9380239347863792
NA,NR6A1,NM_033334.4,TRUE,0.193,NA,9,33531896,0.8723299172737375
NA,NR6A1,NM_033334.4,TRUE,0.193,NA,0,31893229,0.9146563067861396
chr9,NR6A1,ENST00000487099,TRUE,0.193,0,15,36460502,0.9380239347863792
chr9,NR6A1,ENST00000487099,TRUE,0.193,0,9,33531896,0.8723299172737375
chr9,NR6A1,ENST00000487099,TRUE,0.193,0,0,31893229,0.9146563067861396
NA,NRBP1,NM_013392.4,TRUE,0.215,NA,15,38550600,0.9870497774180492
NA,NRBP1,NM_013392.4,TRUE,0.215,NA,9,36273348,0.9572169403630078
NA,NRBP1,NM_013392.4,TRUE,0.215,NA,0,30191978,0.8202894918227959
chr2,NRBP1,ENST00000379852,TRUE,0.215,0,15,38550600,0.9870497774180492
chr2,NRBP1,ENST00000379852,TRUE,0.215,0,9,36273348,0.9572169403630078
chr2,NRBP1,ENST00000379852,TRUE,0.215,0,0,30191978,0.8202894918227959
NA,NRDC,NM_001101662.2,TRUE,0.503,NA,1,43839005,0.8392956959195081
NA,NRDC,NM_001101662.2,TRUE,0.503,NA,11,40694255,0.8093065179426511
chr1,NRDC,ENST00000352171,TRUE,0.503,1,1,43839005,0.8392956959195081
chr1,NRDC,ENST00000352171,TRUE,0.503,1,11,40694255,0.8093065179426511
NA,NRF1,NM_005011.5,TRUE,0.188,NA,15,36251219,0.9276175059258832
NA,NRF1,NM_005011.5,TRUE,0.188,NA,0,30050604,0.8102638009900369
chr7,NRF1,ENST00000393232,TRUE,0.188,0,15,36251219,0.9276175059258832
chr7,NRF1,ENST00000393232,TRUE,0.188,0,0,30050604,0.8102638009900369
NA,NRG1,NM_001159999.3,TRUE,0.377,NA,15,36381317,0.9335433890269988
chr8,NRG1,ENST00000356819,TRUE,0.397,0,15,36381317,0.9335433890269988
NA,NRP1,NM_003873.7,TRUE,0.408,NA,15,35203644,0.8592241429149563
chr10,NRP1,ENST00000374867,TRUE,0.408,1,15,35203644,0.8592241429149563
NA,NSD1,NM_022455.5,TRUE,0.144,NA,11,43491988,0.8559517773646556
chr5,NSD1,ENST00000439151,TRUE,0.144,0,11,43491988,0.8559517773646556
NA,NSD2,NM_001042424.3,TRUE,0.139,NA,1,42882333,0.8211291224147569
NA,NSD2,NM_001042424.3,TRUE,0.139,NA,9,34893558,0.920792690455612
chr4,NSD2,ENST00000508803,TRUE,0.139,0,1,42882333,0.8211291224147569
chr4,NSD2,ENST00000508803,TRUE,0.139,0,9,34893558,0.920792690455612
NA,NSD3,NM_023034.2,TRUE,0.176,NA,1,41880846,0.801732811626607
NA,NSD3,NM_023034.2,TRUE,0.176,NA,9,33514364,0.8718360291394
NA,NSD3,NM_023034.2,TRUE,0.176,NA,11,41230430,0.8192777871669201
NA,NSD3,NM_023034.2,TRUE,0.176,NA,0,32683071,0.939156588758694
chr8,NSD3,ENST00000317025,TRUE,0.176,0,1,41880846,0.801732811626607
chr8,NSD3,ENST00000317025,TRUE,0.176,0,9,33514364,0.8718360291394
chr8,NSD3,ENST00000317025,TRUE,0.176,0,11,41230430,0.8192777871669201
chr8,NSD3,ENST00000317025,TRUE,0.176,0,0,32683071,0.939156588758694
NA,NSF,NM_006178.4,TRUE,0.425,NA,9,33801567,0.8841214964810471
NA,NSF,NM_006178.4,TRUE,0.425,NA,0,30585946,0.8466069302587882
chr17,NSF,ENST00000398238,TRUE,0.425,1,9,33801567,0.8841214964810471
chr17,NSF,ENST00000398238,TRUE,0.425,1,0,30585946,0.8466069302587882
NA,NTN4,NM_021229.4,TRUE,0.533,NA,1,45104824,0.8615427613191727
chr12,NTN4,ENST00000343702,TRUE,0.533,1,1,45104824,0.8615427613191727
NA,NTNG1,NM_001113226.3,TRUE,0.444,NA,0,32831351,0.9501221881070242
chr1,NTNG1,ENST00000370068,TRUE,0.444,1,0,32831351,0.9501221881070242
NA,NUCKS1,NM_022731.5,TRUE,0.285,NA,15,34813759,0.8243626062322946
NA,NUCKS1,NM_022731.5,TRUE,0.285,NA,11,59475930,0.9969579178637824
chr1,NUCKS1,ENST00000367142,TRUE,0.285,0,15,34813759,0.8243626062322946
chr1,NUCKS1,ENST00000367142,TRUE,0.285,0,11,59475930,0.9969579178637824
NA,NUDC,NM_006600.4,TRUE,0.511,NA,1,47021779,0.8908887646730017
NA,NUDC,NM_006600.4,TRUE,0.511,NA,15,36884954,0.9521882407353875
NA,NUDC,NM_006600.4,TRUE,0.511,NA,9,32241644,0.8054698110877886
NA,NUDC,NM_006600.4,TRUE,0.511,NA,0,30396185,0.8333855504730873
chr1,NUDC,ENST00000321265,TRUE,0.511,1,1,47021779,0.8908887646730017
chr1,NUDC,ENST00000321265,TRUE,0.511,1,15,36884954,0.9521882407353875
chr1,NUDC,ENST00000321265,TRUE,0.511,1,9,32241644,0.8054698110877886
chr1,NUDC,ENST00000321265,TRUE,0.511,1,0,30396185,0.8333855504730873
NA,NUDCD3,NM_015332.4,TRUE,0.492,NA,15,35696715,0.8974388622304446
chr7,NUDCD3,ENST00000355451,TRUE,0.492,1,15,35696715,0.8974388622304446
NA,NUDT21,NM_007006.3,TRUE,0.514,NA,15,35463217,0.8794588656992542
NA,NUDT21,NM_007006.3,TRUE,0.514,NA,11,42223768,0.8358402343529941
NA,NUDT21,NM_007006.3,TRUE,0.514,NA,0,30177557,0.8193495833072247
chr16,NUDT21,ENST00000300291,TRUE,0.514,1,15,35463217,0.8794588656992542
chr16,NUDT21,ENST00000300291,TRUE,0.514,1,11,42223768,0.8358402343529941
chr16,NUDT21,ENST00000300291,TRUE,0.514,1,0,30177557,0.8193495833072247
NA,NUFIP2,NM_020772.3,TRUE,0.199,NA,1,47869685,0.9044158747903857
NA,NUFIP2,NM_020772.3,TRUE,0.199,NA,11,54238766,0.9715508985409272
NA,NUFIP2,NM_020772.3,TRUE,0.199,NA,0,30763936,0.857384547904004
chr17,NUFIP2,ENST00000225388,TRUE,0.199,0,1,47869685,0.9044158747903857
chr17,NUFIP2,ENST00000225388,TRUE,0.199,0,11,54238766,0.9715508985409272
chr17,NUFIP2,ENST00000225388,TRUE,0.199,0,0,30763936,0.857384547904004
NA,NUMA1,NM_006185.4,TRUE,0.325,NA,9,35426835,0.9357945425361156
NA,NUMA1,NM_006185.4,TRUE,0.325,NA,0,31735277,0.9073876809323892
chr11,NUMA1,ENST00000393695,TRUE,0.325,0,9,35426835,0.9357945425361156
chr11,NUMA1,ENST00000393695,TRUE,0.325,0,0,31735277,0.9073876809323892
NA,NUP133,NM_018230.3,TRUE,0.57,NA,9,37966563,0.9825287072478084
NA,NUP133,NM_018230.3,TRUE,0.57,NA,0,30032649,0.8086972867974184
chr1,NUP133,ENST00000261396,TRUE,0.57,1,9,37966563,0.9825287072478084
chr1,NUP133,ENST00000261396,TRUE,0.57,1,0,30032649,0.8086972867974184
NA,NUP153,NM_005124.4,TRUE,0.172,NA,1,55341981,0.9786472889882616
NA,NUP153,NM_005124.4,TRUE,0.172,NA,0,32474030,0.9327025502851056
chr6,NUP153,ENST00000262077,TRUE,0.172,0,1,55341981,0.9786472889882616
chr6,NUP153,ENST00000262077,TRUE,0.172,0,0,32474030,0.9327025502851056
NA,NUP155,NM_153485.3,TRUE,0.473,NA,15,36407015,0.9360004625079492
chr5,NUP155,ENST00000231498,TRUE,0.473,1,15,36407015,0.9360004625079492
chr11,NUP160,ENST00000378460,TRUE,0.595,2,11,44760057,0.8722325502788575
NA,NUP188,NM_015354.3,TRUE,0.539,NA,15,36864524,0.9516679192923628
NA,NUP188,NM_015354.3,TRUE,0.539,NA,11,46034729,0.8889640020280548
chr9,NUP188,ENST00000372577,TRUE,0.539,1,15,36864524,0.9516679192923628
chr9,NUP188,ENST00000372577,TRUE,0.539,1,11,46034729,0.8889640020280548
NA,NUP205,NM_015135.3,TRUE,0.366,NA,15,36200416,0.9249002717234204
chr7,NUP205,ENST00000285968,TRUE,0.366,0,15,36200416,0.9249002717234204
NA,NUP214,NM_005085.4,TRUE,0.457,NA,9,36305296,0.9575873564637608
chr9,NUP214,ENST00000359428,TRUE,0.457,1,9,36305296,0.9575873564637608
NA,NUP58,NM_014089.4,TRUE,0.367,NA,1,44391761,0.8492453884851873
NA,NUP58,NM_014089.4,TRUE,0.367,NA,15,34775745,0.8210672370931376
NA,NUP58,NM_014089.4,TRUE,0.367,NA,11,51820279,0.9518900343642612
NA,NUP58,NM_014089.4,TRUE,0.367,NA,0,32170413,0.9234287862648036
chr13,NUP58,ENST00000381736,TRUE,0.367,0,1,44391761,0.8492453884851873
chr13,NUP58,ENST00000381736,TRUE,0.367,0,15,34775745,0.8210672370931376
chr13,NUP58,ENST00000381736,TRUE,0.367,0,11,51820279,0.9518900343642612
chr13,NUP58,ENST00000381736,TRUE,0.367,0,0,32170413,0.9234287862648036
NA,NUP62,NM_016553.5,TRUE,0.158,NA,1,42414002,0.8124650642817216
NA,NUP62,NM_016553.5,TRUE,0.158,NA,11,50405428,0.9392710269843952
chr19,NUP62,ENST00000352066,TRUE,0.158,0,1,42414002,0.8124650642817216
chr19,NUP62,ENST00000352066,TRUE,0.158,0,11,50405428,0.9392710269843952
NA,NUP98,NM_016320.5,TRUE,0.155,NA,11,50732843,0.9426511182468592
chr11,NUP98,ENST00000324932,TRUE,0.155,0,11,50732843,0.9426511182468592
NA,NUS1,NM_138459.5,TRUE,0.182,NA,1,47254064,0.8939072107322527
NA,NUS1,NM_138459.5,TRUE,0.182,NA,15,35868161,0.9081921720529572
NA,NUS1,NM_138459.5,TRUE,0.182,NA,0,30938431,0.8669716147628298
chr6,NUS1,ENST00000368494,TRUE,0.182,0,1,47254064,0.8939072107322527
chr6,NUS1,ENST00000368494,TRUE,0.182,0,15,35868161,0.9081921720529572
chr6,NUS1,ENST00000368494,TRUE,0.182,0,0,30938431,0.8669716147628298
NA,NUTF2,NM_005796.3,TRUE,0.403,NA,1,50798045,0.941140301844606
NA,NUTF2,NM_005796.3,TRUE,0.403,NA,15,36185710,0.9243799502803954
chr16,NUTF2,ENST00000219169,TRUE,0.403,1,1,50798045,0.941140301844606
chr16,NUTF2,ENST00000219169,TRUE,0.403,1,15,36185710,0.9243799502803954
NA,NUTM1,NM_001284292.2,TRUE,0.531,NA,1,45337453,0.8647288988261599
NA,NUTM1,NM_001284292.2,TRUE,0.531,NA,15,37135605,0.9595305544314044
NA,NUTM1,NM_001284292.2,TRUE,0.531,NA,11,44957322,0.875105627851952
chr15,NUTM1,ENST00000537011,TRUE,0.531,1,1,45337453,0.8647288988261599
chr15,NUTM1,ENST00000537011,TRUE,0.531,1,15,37135605,0.9595305544314044
chr15,NUTM1,ENST00000537011,TRUE,0.531,1,11,44957322,0.875105627851952
NA,OGA,NM_012215.5,TRUE,0.32,NA,1,59832632,0.9958077138065958
NA,OGA,NM_012215.5,TRUE,0.32,NA,9,34910974,0.9215335226571182
NA,OGA,NM_012215.5,TRUE,0.32,NA,11,52535333,0.9581432031998196
chr10,OGA,ENST00000361464,TRUE,0.32,0,1,59832632,0.9958077138065958
chr10,OGA,ENST00000361464,TRUE,0.32,0,9,34910974,0.9215335226571182
chr10,OGA,ENST00000361464,TRUE,0.32,0,11,52535333,0.9581432031998196
NA,OGDH,NM_002541.4,TRUE,0.415,NA,1,47336186,0.8955282280603689
NA,OGDH,NM_002541.4,TRUE,0.415,NA,15,34851378,0.8282361103081459
chr7,OGDH,ENST00000222673,TRUE,0.415,1,1,47336186,0.8955282280603689
chr7,OGDH,ENST00000222673,TRUE,0.415,1,15,34851378,0.8282361103081459
NA,OLA1,NM_013341.5,TRUE,0.494,NA,11,47181051,0.9046250915441384
chr2,OLA1,ENST00000284719,TRUE,0.494,1,11,47181051,0.9046250915441384
NA,OPA1,NM_130837.3,TRUE,0.503,NA,15,35530467,0.8846620801295022
chr3,OPA1,ENST00000361510,TRUE,0.503,1,15,35530467,0.8846620801295022
NA,OSBPL11,NM_022776.5,TRUE,0.48,NA,9,32444460,0.8177552784294357
chr3,OSBPL11,ENST00000296220,TRUE,0.48,1,9,32444460,0.8177552784294357
NA,OSBPL2,NM_144498.4,TRUE,0.467,NA,0,29921038,0.8006767341312112
chr20,OSBPL2,ENST00000313733,TRUE,0.467,1,0,29921038,0.8006767341312112
NA,OSBPL8,NM_020841.5,TRUE,0.597,NA,15,36781864,0.9491819390645776
NA,OSBPL8,NM_020841.5,TRUE,0.597,NA,9,34694344,0.913939992591678
NA,OSBPL8,NM_020841.5,TRUE,0.597,NA,11,50989859,0.9446791730043378
chr12,OSBPL8,ENST00000261183,TRUE,0.597,2,15,36781864,0.9491819390645776
chr12,OSBPL8,ENST00000261183,TRUE,0.597,2,9,34694344,0.913939992591678
chr12,OSBPL8,ENST00000261183,TRUE,0.597,2,11,50989859,0.9446791730043378
NA,OSBPL9,NM_024586.6,TRUE,0.415,NA,9,33115726,0.851463143597975
NA,OSBPL9,NM_024586.6,TRUE,0.415,NA,11,46997578,0.9015266745535464
chr1,OSBPL9,ENST00000428468,TRUE,0.415,1,9,33115726,0.851463143597975
chr1,OSBPL9,ENST00000428468,TRUE,0.415,1,11,46997578,0.9015266745535464
NA,OSGIN2,NM_001126111.3,TRUE,0.454,NA,9,35125939,0.9280158044202989
chr8,OSGIN2,ENST00000451899,TRUE,0.454,1,9,35125939,0.9280158044202989
NA,OTUB1,NM_017670.3,TRUE,0.55,NA,1,47982657,0.906204583566238
NA,OTUB1,NM_017670.3,TRUE,0.55,NA,11,56898359,0.9866486395132668
NA,OTUB1,NM_017670.3,TRUE,0.55,NA,0,30934437,0.8667836330597155
chr11,OTUB1,ENST00000538426,TRUE,0.55,1,1,47982657,0.906204583566238
chr11,OTUB1,ENST00000538426,TRUE,0.55,1,11,56898359,0.9866486395132668
chr11,OTUB1,ENST00000538426,TRUE,0.55,1,0,30934437,0.8667836330597155
NA,OTUD4,NM_001366057.1,TRUE,0.296,NA,9,34938127,0.9225212989257932
chr4,OTUD4,ENST00000447906,TRUE,0.296,0,9,34938127,0.9225212989257932
NA,OTUD7B,NM_020205.4,TRUE,0.526,NA,0,30379278,0.8323203208221066
chr1,OTUD7B,ENST00000581312,TRUE,0.526,1,0,30379278,0.8323203208221066
NA,OTX1,NM_014562.4,TRUE,0.508,NA,1,47635556,0.90044717719396306
chr2,OTX1,ENST00000282549,TRUE,0.508,1,1,47635556,0.90044717719396306
NA,OXR1,NM_001198533.2,TRUE,0.482,NA,9,33491515,0.8704161007531794
chr8,OXR1,ENST00000517566,TRUE,0.482,1,9,33491515,0.8704161007531794
NA,OXSR1,NM_005109.3,TRUE,0.573,NA,1,43391188,0.8307434320849637
NA,OXSR1,NM_005109.3,TRUE,0.573,NA,15,36455282,0.9376770538243626
NA,OXSR1,NM_005109.3,TRUE,0.573,NA,11,41385677,0.8216438510506451
chr3,OXSR1,ENST00000311806,TRUE,0.573,1,1,43391188,0.8307434320849637
chr3,OXSR1,ENST00000311806,TRUE,0.573,1,15,36455282,0.9376770538243626
chr3,OXSR1,ENST00000311806,TRUE,0.573,1,11,41385677,0.8216438510506451
NA,P4HB,NM_000918.4,TRUE,0.561,NA,1,51669199,0.949636668529905
NA,P4HB,NM_000918.4,TRUE,0.561,NA,15,38759661,0.9886107417471238
NA,P4HB,NM_000918.4,TRUE,0.561,NA,9,35717917,0.9458575132732436
NA,P4HB,NM_000918.4,TRUE,0.561,NA,11,59641421,0.9972395921356544
chr17,P4HB,ENST00000331483,TRUE,0.561,1,1,51669199,0.949636668529905
chr17,P4HB,ENST00000331483,TRUE,0.561,1,15,38759661,0.9886107417471238
chr17,P4HB,ENST00000331483,TRUE,0.561,1,9,35717917,0.9458575132732436
chr17,P4HB,ENST00000331483,TRUE,0.561,1,11,59641421,0.9972395921356544
NA,PA2G4,NM_006191.3,TRUE,0.231,NA,15,34621853,0.8062669827137654
NA,PA2G4,NM_006191.3,TRUE,0.231,NA,0,31443650,0.8915345573030892
chr12,PA2G4,ENST00000303305,TRUE,0.231,0,15,34621853,0.8062669827137654
chr12,PA2G4,ENST00000303305,TRUE,0.231,0,0,31443650,0.8915345573030892
NA,PABPC1,NM_002568.4,TRUE,0.119,NA,1,64583369,1
NA,PABPC1,NM_002568.4,TRUE,0.119,NA,9,36275898,0.9573404123965922
NA,PABPC1,NM_002568.4,TRUE,0.119,NA,11,60300861,0.9984226240775168
chr8,PABPC1,ENST00000318607,TRUE,0.119,0,1,64583369,1
chr8,PABPC1,ENST00000318607,TRUE,0.119,0,9,36275898,0.9573404123965922
chr8,PABPC1,ENST00000318607,TRUE,0.119,0,11,60300861,0.9984226240775168
NA,PABPC4,NM_001135653.2,TRUE,0.311,NA,1,63773459,0.9999441028507546
NA,PABPC4,NM_001135653.2,TRUE,0.311,NA,15,34819474,0.8250563681563277
NA,PABPC4,NM_001135653.2,TRUE,0.311,NA,11,59946311,0.9976339361162752
NA,PABPC4,NM_001135653.2,TRUE,0.311,NA,0,29935970,0.801929945485306
chr1,PABPC4,ENST00000372858,TRUE,0.311,0,1,63773459,0.9999441028507546
chr1,PABPC4,ENST00000372858,TRUE,0.311,0,15,34819474,0.8250563681563277
chr1,PABPC4,ENST00000372858,TRUE,0.311,0,11,59946311,0.9976339361162752
chr1,PABPC4,ENST00000372858,TRUE,0.311,0,0,29935970,0.801929945485306
NA,PABPN1,NM_004643.4,TRUE,0.369,NA,1,53669519,0.9661263275572946
NA,PABPN1,NM_004643.4,TRUE,0.369,NA,11,59437367,0.996619908737536
NA,PABPN1,NM_004643.4,TRUE,0.369,NA,0,33055519,0.9623409988094492
chr14,PABPN1,ENST00000216727,TRUE,0.369,0,1,53669519,0.9661263275572946
chr14,PABPN1,ENST00000216727,TRUE,0.369,0,11,59437367,0.996619908737536
chr14,PABPN1,ENST00000216727,TRUE,0.369,0,0,33055519,0.9623409988094492
NA,PACSIN2,NM_001184970.3,TRUE,0.524,NA,1,53455592,0.9643935159306876
NA,PACSIN2,NM_001184970.3,TRUE,0.524,NA,9,33189595,0.8551055685887147
NA,PACSIN2,NM_001184970.3,TRUE,0.524,NA,11,54709130,0.9746493155315192
chr22,PACSIN2,ENST00000263246,TRUE,0.524,1,1,53455592,0.9643935159306876
chr22,PACSIN2,ENST00000263246,TRUE,0.524,1,9,33189595,0.8551055685887147
chr22,PACSIN2,ENST00000263246,TRUE,0.524,1,11,54709130,0.9746493155315192
NA,PAF1,NM_019088.4,TRUE,0.596,NA,9,33603023,0.8757871342141005
chr19,PAF1,ENST00000221265,TRUE,0.596,2,9,33603023,0.8757871342141005
NA,PAFAH1B1,NM_000430.4,TRUE,0.1,NA,1,46805322,0.8873672442705423
NA,PAFAH1B1,NM_000430.4,TRUE,0.1,NA,11,51804805,0.9516646949467636
chr17,PAFAH1B1,ENST00000397195,TRUE,0.1,0,1,46805322,0.8873672442705423
chr17,PAFAH1B1,ENST00000397195,TRUE,0.1,0,11,51804805,0.9516646949467636
NA,PAN3,NM_175854.8,TRUE,0.262,NA,1,42264271,0.8099496925656792
NA,PAN3,NM_175854.8,TRUE,0.262,NA,15,36410948,0.9361739029889576
NA,PAN3,NM_175854.8,TRUE,0.262,NA,0,33211290,0.966100632871734
chr13,PAN3,ENST00000380958,TRUE,0.262,0,1,42264271,0.8099496925656792
chr13,PAN3,ENST00000380958,TRUE,0.262,0,15,36410948,0.9361739029889576
chr13,PAN3,ENST00000380958,TRUE,0.262,0,0,33211290,0.966100632871734
NA,PAPOLA,NM_032632.5,TRUE,0.213,NA,1,43826114,0.8390162101732812
NA,PAPOLA,NM_032632.5,TRUE,0.213,NA,15,37367947,0.9643868878996358
chr14,PAPOLA,ENST00000216277,TRUE,0.213,0,1,43826114,0.8390162101732812
chr14,PAPOLA,ENST00000216277,TRUE,0.213,0,15,37367947,0.9643868878996358
NA,PAPOLG,NM_022894.4,TRUE,0.471,NA,9,32437185,0.8173848623286826
chr2,PAPOLG,ENST00000238714,TRUE,0.471,1,9,32437185,0.8173848623286826
NA,PARG,NM_003631.5,TRUE,0.521,NA,0,31546928,0.8957328153393069
chr10,PARG,ENST00000616448,TRUE,0.521,1,0,31546928,0.8957328153393069
NA,PARP1,NM_001618.4,TRUE,0.454,NA,9,32896190,0.8411532287936783
chr1,PARP1,ENST00000366794,TRUE,0.454,1,9,32896190,0.8411532287936783
NA,PARP6,NM_001323532.2,TRUE,0.451,NA,0,33743233,0.977066232220064
chr15,PARP6,ENST00000569795,TRUE,0.451,1,0,33743233,0.977066232220064
NA,PATL1,NM_152716.3,TRUE,0.395,NA,15,35975134,0.914609469850263
NA,PATL1,NM_152716.3,TRUE,0.395,NA,9,38279321,0.9849981479194962
NA,PATL1,NM_152716.3,TRUE,0.395,NA,11,41439166,0.8228268829925075
chr11,PATL1,ENST00000300146,TRUE,0.395,0,15,35975134,0.914609469850263
chr11,PATL1,ENST00000300146,TRUE,0.395,0,9,38279321,0.9849981479194962
chr11,PATL1,ENST00000300146,TRUE,0.395,0,11,41439166,0.8228268829925075
NA,PAXBP1,NM_016631.4,TRUE,0.443,NA,15,34868963,0.8299127016245592
NA,PAXBP1,NM_016631.4,TRUE,0.443,NA,0,31462200,0.8923491446832509
chr21,PAXBP1,ENST00000331923,TRUE,0.443,1,15,34868963,0.8299127016245592
chr21,PAXBP1,ENST00000331923,TRUE,0.443,1,0,31462200,0.8923491446832509
NA,PAXIP1,NM_007349.4,TRUE,0.275,NA,0,30557108,0.8445391315245316
chr7,PAXIP1,ENST00000404141,TRUE,0.275,0,0,30557108,0.8445391315245316
chr3,PBRM1,ENST00000296302,TRUE,0.23,0,1,45269926,0.8640581330352152
chr3,PBRM1,ENST00000296302,TRUE,0.23,0,9,37336362,0.9728361526114336
chr3,PBRM1,ENST00000296302,TRUE,0.23,0,0,34739884,0.9884077949746224
NA,PBX2,NM_002586.5,TRUE,0.399,NA,9,33538629,0.8726385973576984
NA,PBX2,NM_002586.5,TRUE,0.399,NA,0,30719815,0.8545648223572906
chr6,PBX2,ENST00000375050,TRUE,0.399,0,9,33538629,0.8726385973576984
chr6,PBX2,ENST00000375050,TRUE,0.399,0,0,30719815,0.8545648223572906
NA,PCBP2,NM_031989.5,TRUE,0.139,NA,1,63594758,0.9998882057015092
NA,PCBP2,NM_031989.5,TRUE,0.139,NA,11,58318525,0.9922257900963326
chr12,PCBP2,ENST00000546463,TRUE,0.139,0,1,63594758,0.9998882057015092
chr12,PCBP2,ENST00000546463,TRUE,0.139,0,11,58318525,0.9922257900963326
NA,PCDH10,NM_032961.3,TRUE,0.297,NA,0,32831351,0.9501221881070242
chr4,PCDH10,ENST00000264360,TRUE,0.297,0,0,32831351,0.9501221881070242
NA,PCDH17,NM_001040429.3,TRUE,0.425,NA,11,46152187,0.8903160385330404
chr13,PCDH17,ENST00000377918,TRUE,0.425,1,11,46152187,0.8903160385330404
chr11,PCF11,ENST00000298281,TRUE,0.112,0,9,35978365,0.9515989628349178
NA,PCGF1,NM_032673.3,TRUE,0.446,NA,0,32391034,0.929694843035278
chr2,PCGF1,ENST00000233630,TRUE,0.446,1,0,32391034,0.929694843035278
NA,PCGF2,NM_007144.3,TRUE,0.443,NA,15,36374533,0.9318378909637508
chr17,PCGF2,ENST00000620225,TRUE,0.443,1,15,36374533,0.9318378909637508
NA,PCGF3,NM_001317836.2,TRUE,0.5,NA,9,32555187,0.8234349919743178
NA,PCGF3,NM_001317836.2,TRUE,0.5,NA,11,47997847,0.9143146864965354
chr4,PCGF3,ENST00000362003,TRUE,0.5,1,9,32555187,0.8234349919743178
chr4,PCGF3,ENST00000362003,TRUE,0.5,1,11,47997847,0.9143146864965354
NA,PCMTD1,NM_052937.4,TRUE,0.443,NA,9,36832114,0.9667860229657984
NA,PCMTD1,NM_052937.4,TRUE,0.443,NA,0,31106783,0.8766840027570649
chr8,PCMTD1,ENST00000522514,TRUE,0.443,1,9,36832114,0.9667860229657984
chr8,PCMTD1,ENST00000522514,TRUE,0.443,1,0,31106783,0.8766840027570649
NA,PCNX1,NM_014982.3,TRUE,0.408,NA,0,30849601,0.862272072184974
chr14,PCNX1,ENST00000304743,TRUE,0.408,1,0,30849601,0.862272072184974
NA,PCNX3,NM_032223.4,TRUE,0.395,NA,15,34977170,0.8404925709660634
NA,PCNX3,NM_032223.4,TRUE,0.395,NA,9,33836921,0.8855414248672676
NA,PCNX3,NM_032223.4,TRUE,0.395,NA,0,30890228,0.8639639075130021
chr11,PCNX3,ENST00000355703,TRUE,0.395,0,15,34977170,0.8404925709660634
chr11,PCNX3,ENST00000355703,TRUE,0.395,0,9,33836921,0.8855414248672676
chr11,PCNX3,ENST00000355703,TRUE,0.395,0,0,30890228,0.8639639075130021
NA,PDCD11,NM_014976.2,TRUE,0.573,NA,1,48292787,0.9105645612073784
NA,PDCD11,NM_014976.2,TRUE,0.573,NA,15,36249117,0.9275018789385444
chr10,PDCD11,ENST00000369797,TRUE,0.573,1,1,48292787,0.9105645612073784
chr10,PDCD11,ENST00000369797,TRUE,0.573,1,15,36249117,0.9275018789385444
NA,PDGFA,XM_017012289.1,TRUE,0.43,NA,15,36215609,0.925825287622131
NA,PDGFA,XM_017012289.1,TRUE,0.43,NA,9,35612915,0.9396221755772316
NA,PDGFA,XM_017012289.1,TRUE,0.43,NA,11,57157121,0.9880570108726268
chr7,PDGFA,ENST00000402802,TRUE,0.364,0,15,36215609,0.925825287622131
chr7,PDGFA,ENST00000402802,TRUE,0.364,0,9,35612915,0.9396221755772316
chr7,PDGFA,ENST00000402802,TRUE,0.364,0,11,57157121,0.9880570108726268
NA,PDHB,NM_000925.4,TRUE,0.586,NA,1,61289816,0.99782001117943
chr3,PDHB,ENST00000302746,TRUE,0.586,2,1,61289816,0.99782001117943
NA,PDIA3,NM_005313.5,TRUE,0.426,NA,1,53792593,0.9670206819452208
NA,PDIA3,NM_005313.5,TRUE,0.426,NA,15,36005422,0.9163438746603456
NA,PDIA3,NM_005313.5,TRUE,0.426,NA,11,54458959,0.9731282744634104
NA,PDIA3,NM_005313.5,TRUE,0.426,NA,0,31708397,0.9065730935522276
chr15,PDIA3,ENST00000300289,TRUE,0.426,1,1,53792593,0.9670206819452208
chr15,PDIA3,ENST00000300289,TRUE,0.426,1,15,36005422,0.9163438746603456
chr15,PDIA3,ENST00000300289,TRUE,0.426,1,11,54458959,0.9731282744634104
chr15,PDIA3,ENST00000300289,TRUE,0.426,1,0,31708397,0.9065730935522276
NA,PDPK1,NM_002613.5,TRUE,0.333,NA,1,46184221,0.878703186137507
NA,PDPK1,NM_002613.5,TRUE,0.333,NA,9,32239767,0.805284603037412
NA,PDPK1,NM_002613.5,TRUE,0.333,NA,11,42883380,0.8465438566841305
chr16,PDPK1,ENST00000342085,TRUE,0.333,0,1,46184221,0.878703186137507
chr16,PDPK1,ENST00000342085,TRUE,0.333,0,9,32239767,0.805284603037412
chr16,PDPK1,ENST00000342085,TRUE,0.333,0,11,42883380,0.8465438566841305
NA,PDS5A,NM_001100399.2,TRUE,0.52,NA,1,51873298,0.9517048630519844
NA,PDS5A,NM_001100399.2,TRUE,0.52,NA,11,50644154,0.941918765139992
chr4,PDS5A,ENST00000303538,TRUE,0.52,1,1,51873298,0.9517048630519844
chr4,PDS5A,ENST00000303538,TRUE,0.52,1,11,50644154,0.941918765139992
NA,PDXK,NM_003681.5,TRUE,0.597,NA,1,56568156,0.9854108440469536
NA,PDXK,NM_003681.5,TRUE,0.597,NA,11,47438540,0.907385499408484
NA,PDXK,NM_003681.5,TRUE,0.597,NA,0,30810729,0.860078952315308
chr21,PDXK,ENST00000291565,TRUE,0.597,2,1,56568156,0.9854108440469536
chr21,PDXK,ENST00000291565,TRUE,0.597,2,11,47438540,0.907385499408484
chr21,PDXK,ENST00000291565,TRUE,0.597,2,0,30810729,0.860078952315308
NA,PDZD2,NM_178140.4,TRUE,0.467,NA,1,49601413,0.9269983230855228
NA,PDZD2,NM_178140.4,TRUE,0.467,NA,9,33727507,0.881281639708606
chr5,PDZD2,ENST00000438447,TRUE,0.467,1,1,49601413,0.9269983230855228
chr5,PDZD2,ENST00000438447,TRUE,0.467,1,9,33727507,0.881281639708606
NA,PDZD8,NM_173791.5,TRUE,0.251,NA,0,31151027,0.8785638197882073
chr10,PDZD8,ENST00000334464,TRUE,0.251,0,0,31151027,0.8785638197882073
NA,PEA15,NM_003768.5,TRUE,0.24,NA,11,49022575,0.9251873133907949
chr1,PEA15,ENST00000360472,TRUE,0.24,0,11,49022575,0.9251873133907949
NA,PEAK1,NM_001385026.1,TRUE,0.522,NA,15,36919558,0.9532866971151068
chr15,PEAK1,ENST00000682557,TRUE,0.522,1,15,36919558,0.9532866971151068
NA,PEG10,NM_001172437.2,TRUE,0.531,NA,1,42335112,0.8109558412520962
NA,PEG10,NM_001172437.2,TRUE,0.531,NA,11,47692599,0.9108782603796968
NA,PEG10,NM_001172437.2,TRUE,0.531,NA,0,34979596,0.990726235979698
chr7,PEG10,ENST00000612748,TRUE,0.532,1,1,42335112,0.8109558412520962
chr7,PEG10,ENST00000612748,TRUE,0.532,1,11,47692599,0.9108782603796968
chr7,PEG10,ENST00000612748,TRUE,0.532,1,0,34979596,0.990726235979698
NA,PELP1,NM_014389.3,TRUE,0.567,NA,1,56933283,0.9869200670765792
NA,PELP1,NM_014389.3,TRUE,0.567,NA,15,35076663,0.8485286465861132
NA,PELP1,NM_014389.3,TRUE,0.567,NA,11,55341584,0.9787617599008508
chr17,PELP1,ENST00000572293,TRUE,0.567,1,1,56933283,0.9869200670765792
chr17,PELP1,ENST00000572293,TRUE,0.567,1,15,35076663,0.8485286465861132
chr17,PELP1,ENST00000572293,TRUE,0.567,1,11,55341584,0.9787617599008508
NA,PES1,NM_014303.4,TRUE,0.544,NA,1,43537764,0.8330911123532699
NA,PES1,NM_014303.4,TRUE,0.544,NA,15,35604273,0.8911950049141469
chr22,PES1,ENST00000354694,TRUE,0.544,1,1,43537764,0.8330911123532699
chr22,PES1,ENST00000354694,TRUE,0.544,1,15,35604273,0.8911950049141469
NA,PFDN6,NM_001185181.3,TRUE,0.579,NA,1,55915119,0.9827836780324204
NA,PFDN6,NM_001185181.3,TRUE,0.579,NA,0,37527011,0.9993733943229526
chr6,PFDN6,ENST00000374606,TRUE,0.579,1,1,55915119,0.9827836780324204
chr6,PFDN6,ENST00000374606,TRUE,0.579,1,0,37527011,0.9993733943229526
NA,PFN1,NM_005022.4,TRUE,0.324,NA,1,44579490,0.8520961430967021
NA,PFN1,NM_005022.4,TRUE,0.324,NA,15,36331317,0.9298722321789906
NA,PFN1,NM_005022.4,TRUE,0.324,NA,9,33805721,0.8843067045314237
NA,PFN1,NM_005022.4,TRUE,0.324,NA,0,30648195,0.8506798671595964
chr17,PFN1,ENST00000225655,TRUE,0.324,0,1,44579490,0.8520961430967021
chr17,PFN1,ENST00000225655,TRUE,0.324,0,15,36331317,0.9298722321789906
chr17,PFN1,ENST00000225655,TRUE,0.324,0,9,33805721,0.8843067045314237
chr17,PFN1,ENST00000225655,TRUE,0.324,0,0,30648195,0.8506798671595964
NA,PGD,NM_002631.4,TRUE,0.552,NA,15,36011346,0.9166907556223622
NA,PGD,NM_002631.4,TRUE,0.552,NA,9,32728776,0.8317693542412643
chr1,PGD,ENST00000270776,TRUE,0.552,1,15,36011346,0.9166907556223622
chr1,PGD,ENST00000270776,TRUE,0.552,1,9,32728776,0.8317693542412643
chr6,PHACTR2,ENST00000440869,TRUE,0.599,2,1,41883784,0.8019564002235886
chr6,PHACTR2,ENST00000440869,TRUE,0.599,2,9,37400054,0.97357698481294
NA,PHACTR3,NM_080672.5,TRUE,0.302,NA,0,32831351,0.9501221881070242
chr20,PHACTR3,ENST00000371015,TRUE,0.302,0,0,32831351,0.9501221881070242
NA,PHC3,NM_024947.4,TRUE,0.185,NA,9,34664795,0.9130756883565871
NA,PHC3,NM_024947.4,TRUE,0.185,NA,0,31285115,0.8847045554232721
chr3,PHC3,ENST00000495893,TRUE,0.185,0,9,34664795,0.9130756883565871
chr3,PHC3,ENST00000495893,TRUE,0.185,0,0,31285115,0.8847045554232721
NA,PHF13,NM_153812.3,TRUE,0.183,NA,0,31331792,0.8872109781314619
chr1,PHF13,ENST00000377648,TRUE,0.183,0,0,31331792,0.8872109781314619
NA,PHF2,NM_005392.4,TRUE,0.329,NA,9,32823366,0.8373873317693542
chr9,PHF2,ENST00000359246,TRUE,0.329,0,9,32823366,0.8373873317693542
NA,PHF21A,NM_001352027.3,TRUE,0.149,NA,11,42715232,0.8442904625091544
chr11,PHF21A,ENST00000676320,TRUE,0.149,0,11,42715232,0.8442904625091544
NA,PHF23,NM_024297.3,TRUE,0.176,NA,1,52134371,0.9540525433202908
NA,PHF23,NM_024297.3,TRUE,0.176,NA,15,36532989,0.940741168988842
NA,PHF23,NM_024297.3,TRUE,0.176,NA,11,46343751,0.893076446397386
NA,PHF23,NM_024297.3,TRUE,0.176,NA,0,32113230,0.9214236480982516
chr17,PHF23,ENST00000320316,TRUE,0.176,0,1,52134371,0.9540525433202908
chr17,PHF23,ENST00000320316,TRUE,0.176,0,15,36532989,0.940741168988842
chr17,PHF23,ENST00000320316,TRUE,0.176,0,11,46343751,0.893076446397386
chr17,PHF23,ENST00000320316,TRUE,0.176,0,0,32113230,0.9214236480982516
NA,PHF3,NM_001370348.2,TRUE,0.301,NA,15,37632892,0.972076082557669
NA,PHF3,NM_001370348.2,TRUE,0.301,NA,11,43435173,0.8548250802771675
chr6,PHF3,ENST00000262043,TRUE,0.301,0,15,37632892,0.972076082557669
chr6,PHF3,ENST00000262043,TRUE,0.301,0,11,43435173,0.8548250802771675
NA,PHF5A,NM_032758.4,TRUE,0.205,NA,1,44747734,0.8552822806036892
NA,PHF5A,NM_032758.4,TRUE,0.205,NA,15,35048050,0.8468520552697
NA,PHF5A,NM_032758.4,TRUE,0.205,NA,11,52918174,0.9610726156272886
NA,PHF5A,NM_032758.4,TRUE,0.205,NA,0,32937667,0.9595212732627356
chr22,PHF5A,ENST00000216252,TRUE,0.205,0,1,44747734,0.8552822806036892
chr22,PHF5A,ENST00000216252,TRUE,0.205,0,15,35048050,0.8468520552697
chr22,PHF5A,ENST00000216252,TRUE,0.205,0,11,52918174,0.9610726156272886
chr22,PHF5A,ENST00000216252,TRUE,0.205,0,0,32937667,0.9595212732627356
NA,PHIP,NM_017934.7,TRUE,0.246,NA,1,41950039,0.8031302403577417
NA,PHIP,NM_017934.7,TRUE,0.246,NA,9,36028257,0.9528336831707618
NA,PHIP,NM_017934.7,TRUE,0.246,NA,0,30530295,0.8423460116548656
chr6,PHIP,ENST00000275034,TRUE,0.246,0,1,41950039,0.8031302403577417
chr6,PHIP,ENST00000275034,TRUE,0.246,0,9,36028257,0.9528336831707618
chr6,PHIP,ENST00000275034,TRUE,0.246,0,0,30530295,0.8423460116548656
NA,PHLPP1,NM_194449.4,TRUE,0.546,NA,1,44275939,0.8472889882615987
NA,PHLPP1,NM_194449.4,TRUE,0.546,NA,15,35267785,0.8648320518008903
NA,PHLPP1,NM_194449.4,TRUE,0.546,NA,11,40576519,0.8068841192045518
chr18,PHLPP1,ENST00000262719,TRUE,0.546,1,1,44275939,0.8472889882615987
chr18,PHLPP1,ENST00000262719,TRUE,0.546,1,15,35267785,0.8648320518008903
chr18,PHLPP1,ENST00000262719,TRUE,0.546,1,11,40576519,0.8068841192045518
NA,PHRF1,NM_001286581.2,TRUE,0.573,NA,0,31235883,0.8824487749859014
chr11,PHRF1,ENST00000264555,TRUE,0.573,1,0,31235883,0.8824487749859014
NA,PHYHIP,NM_014759.5,TRUE,0.479,NA,0,32831351,0.9501221881070242
chr8,PHYHIP,ENST00000454243,TRUE,0.479,1,0,32831351,0.9501221881070242
NA,PHYHIPL,NM_032439.4,TRUE,0.424,NA,15,34946513,0.8371104815864022
chr10,PHYHIPL,ENST00000373880,TRUE,0.424,1,15,34946513,0.8371104815864022
NA,PI4KA,NM_058004.4,TRUE,0.548,NA,1,44040163,0.8429290106204583
NA,PI4KA,NM_058004.4,TRUE,0.548,NA,15,35522724,0.8841995721801469
chr22,PI4KA,ENST00000255882,TRUE,0.548,1,1,44040163,0.8429290106204583
chr22,PI4KA,ENST00000255882,TRUE,0.548,1,15,35522724,0.8841995721801469
NA,PI4KB,NM_001369623.2,TRUE,0.421,NA,0,31444490,0.8916598784384987
chr1,PI4KB,ENST00000368873,TRUE,0.421,1,0,31444490,0.8916598784384987
NA,PIAS1,NM_016166.3,TRUE,0.138,NA,1,47074398,0.8915595304639463
NA,PIAS1,NM_016166.3,TRUE,0.138,NA,11,47510323,0.9084558616415976
chr15,PIAS1,ENST00000249636,TRUE,0.138,0,1,47074398,0.8915595304639463
chr15,PIAS1,ENST00000249636,TRUE,0.138,0,11,47510323,0.9084558616415976
NA,PIAS2,NM_004671.5,TRUE,0.316,NA,0,30287153,0.8258036217808133
chr18,PIAS2,ENST00000585916,TRUE,0.316,0,0,30287153,0.8258036217808133
NA,PIAS4,NM_015897.4,TRUE,0.249,NA,15,34575304,0.8018153437012199
chr19,PIAS4,ENST00000262971,TRUE,0.249,0,15,34575304,0.8018153437012199
NA,PIK3CB,NM_006219.3,TRUE,0.319,NA,15,35162907,0.8567959761808406
chr3,PIK3CB,ENST00000674063,TRUE,0.319,0,15,35162907,0.8567959761808406
NA,PIKFYVE,NM_015040.4,TRUE,0.523,NA,9,32366858,0.8133102852203976
chr2,PIKFYVE,ENST00000264380,TRUE,0.523,1,9,32366858,0.8133102852203976
NA,PIM1,NM_002648.4,TRUE,0.439,NA,0,33379240,0.9700482486371328
chr6,PIM1,ENST00000373509,TRUE,0.439,1,0,33379240,0.9700482486371328
NA,PIP4K2B,NM_003559.5,TRUE,0.224,NA,0,35291447,0.9926060530108404
chr17,PIP4K2B,ENST00000619039,TRUE,0.224,0,0,35291447,0.9926060530108404
NA,PITPNA,NM_006224.4,TRUE,0.481,NA,1,49056383,0.9200670765790944
NA,PITPNA,NM_006224.4,TRUE,0.481,NA,11,49423645,0.9293560926145006
NA,PITPNA,NM_006224.4,TRUE,0.481,NA,0,31462821,0.8924118052509555
chr17,PITPNA,ENST00000313486,TRUE,0.481,1,1,49056383,0.9200670765790944
chr17,PITPNA,ENST00000313486,TRUE,0.481,1,11,49423645,0.9293560926145006
chr17,PITPNA,ENST00000313486,TRUE,0.481,1,0,31462821,0.8924118052509555
NA,PITX1,NM_002653.5,TRUE,0.575,NA,11,46675500,0.8967382119317222
chr5,PITX1,ENST00000265340,TRUE,0.575,1,11,46675500,0.8967382119317222
NA,PKM,NM_002654.6,TRUE,0.515,NA,15,35565135,0.886685552407932
NA,PKM,NM_002654.6,TRUE,0.515,NA,0,32072754,0.919919794473338
chr15,PKM,ENST00000335181,TRUE,0.515,1,15,35565135,0.886685552407932
chr15,PKM,ENST00000335181,TRUE,0.515,1,0,32072754,0.919919794473338
NA,PKN2,NM_006256.4,TRUE,0.428,NA,1,46185156,0.8787590832867523
NA,PKN2,NM_006256.4,TRUE,0.428,NA,15,36873846,0.9518991732670404
NA,PKN2,NM_006256.4,TRUE,0.428,NA,0,34091584,0.9811391691208724
chr1,PKN2,ENST00000370521,TRUE,0.428,1,1,46185156,0.8787590832867523
chr1,PKN2,ENST00000370521,TRUE,0.428,1,15,36873846,0.9518991732670404
chr1,PKN2,ENST00000370521,TRUE,0.428,1,0,34091584,0.9811391691208724
NA,PLCB1,NM_015192.4,TRUE,0.357,NA,9,34324685,0.9027040375354982
chr20,PLCB1,ENST00000338037,TRUE,0.357,0,9,34324685,0.9027040375354982
NA,PLCB3,NM_000932.5,TRUE,0.468,NA,15,36508763,0.939642712609123
NA,PLCB3,NM_000932.5,TRUE,0.468,NA,9,32687432,0.8300407457710829
chr11,PLCB3,ENST00000279230,TRUE,0.468,1,15,36508763,0.939642712609123
chr11,PLCB3,ENST00000279230,TRUE,0.468,1,9,32687432,0.8300407457710829
NA,PLCE1,NM_016341.4,TRUE,0.564,NA,9,35080193,0.926534140017286
chr10,PLCE1,ENST00000371380,TRUE,0.564,1,9,35080193,0.926534140017286
chr20,PLCG1,ENST00000685551,TRUE,0.504,1,1,47137501,0.8923420905533818
NA,PLCL2,NM_001144382.2,TRUE,0.091,NA,15,41663929,0.996097589177314
chr3,PLCL2,ENST00000615277,TRUE,0.091,0,15,41663929,0.996097589177314
NA,PLEKHM1,NM_014798.3,TRUE,0.433,NA,9,33103009,0.8506605753796765
NA,PLEKHM1,NM_014798.3,TRUE,0.433,NA,0,30329817,0.8291872924368695
chr17,PLEKHM1,ENST00000430334,TRUE,0.433,1,9,33103009,0.8506605753796765
chr17,PLEKHM1,ENST00000430334,TRUE,0.433,1,0,30329817,0.8291872924368695
NA,PLPP3,NM_003713.5,TRUE,0.403,NA,11,51679303,0.9505379978592756
chr1,PLPP3,ENST00000371250,TRUE,0.403,1,11,51679303,0.9505379978592756
NA,PLRG1,NM_002669.4,TRUE,0.541,NA,1,52459388,0.9560648406931248
chr4,PLRG1,ENST00000499023,TRUE,0.541,1,1,52459388,0.9560648406931248
NA,PLXNA1,NM_032242.4,TRUE,0.486,NA,9,32397093,0.8154093097913323
NA,PLXNA1,NM_032242.4,TRUE,0.486,NA,0,29949926,0.803183156839401
chr3,PLXNA1,ENST00000393409,TRUE,0.486,1,9,32397093,0.8154093097913323
chr3,PLXNA1,ENST00000393409,TRUE,0.486,1,0,29949926,0.803183156839401
NA,PLXNA2,NM_025179.4,TRUE,0.525,NA,1,45196230,0.8628283957518167
NA,PLXNA2,NM_025179.4,TRUE,0.525,NA,11,44686646,0.8711621880457439
NA,PLXNA2,NM_025179.4,TRUE,0.525,NA,0,30253393,0.8241117864527853
chr1,PLXNA2,ENST00000367033,TRUE,0.525,1,1,45196230,0.8628283957518167
chr1,PLXNA2,ENST00000367033,TRUE,0.525,1,11,44686646,0.8711621880457439
chr1,PLXNA2,ENST00000367033,TRUE,0.525,1,0,30253393,0.8241117864527853
NA,PLXND1,NM_015103.3,TRUE,0.401,NA,0,30841819,0.861770787643336
chr3,PLXND1,ENST00000324093,TRUE,0.401,1,0,30841819,0.861770787643336
NA,PNISR,NM_032870.4,TRUE,0.389,NA,0,30457319,0.8375211479416004
chr6,PNISR,ENST00000369239,TRUE,0.389,0,0,30457319,0.8375211479416004
NA,PNN,NM_002687.4,TRUE,0.564,NA,1,42669508,0.8172163219675797
NA,PNN,NM_002687.4,TRUE,0.564,NA,15,35151523,0.8555818928137827
chr14,PNN,ENST00000216832,TRUE,0.564,1,1,42669508,0.8172163219675797
chr14,PNN,ENST00000216832,TRUE,0.564,1,15,35151523,0.8555818928137827
NA,PNRC2,NM_017761.4,TRUE,0.451,NA,1,44245214,0.8466741196198994
NA,PNRC2,NM_017761.4,TRUE,0.451,NA,11,46471986,0.8945411526111205
chr1,PNRC2,ENST00000334351,TRUE,0.451,1,1,44245214,0.8466741196198994
chr1,PNRC2,ENST00000334351,TRUE,0.451,1,11,46471986,0.8945411526111205
NA,POGK,NM_017542.5,TRUE,0.419,NA,9,33038741,0.8475737745400667
NA,POGK,NM_017542.5,TRUE,0.419,NA,11,46728497,0.897132555912343
chr1,POGK,ENST00000367876,TRUE,0.419,1,9,33038741,0.8475737745400667
chr1,POGK,ENST00000367876,TRUE,0.419,1,11,46728497,0.897132555912343
NA,POGZ,NM_015100.4,TRUE,0.198,NA,11,50427517,0.9398343755281392
chr1,POGZ,ENST00000271715,TRUE,0.198,0,11,50427517,0.9398343755281392
NA,POLD3,NM_006591.3,TRUE,0.41,NA,1,42430960,0.8128563443264394
NA,POLD3,NM_006591.3,TRUE,0.41,NA,15,35525597,0.8843730126611551
chr11,POLD3,ENST00000263681,TRUE,0.41,1,1,42430960,0.8128563443264394
chr11,POLD3,ENST00000263681,TRUE,0.41,1,15,35525597,0.8843730126611551
NA,POLDIP3,NM_032311.5,TRUE,0.495,NA,15,35680519,0.8961091518760479
chr22,POLDIP3,ENST00000252115,TRUE,0.495,1,15,35680519,0.8961091518760479
NA,POLR1B,NM_019014.6,TRUE,0.363,NA,15,37595953,0.9716135746083135
chr2,POLR1B,ENST00000263331,TRUE,0.363,0,15,37595953,0.9716135746083135
NA,POLR2A,NM_000937.5,TRUE,0.202,NA,15,35584887,0.8880152627623287
NA,POLR2A,NM_000937.5,TRUE,0.202,NA,0,30239114,0.8231718779372141
chr17,POLR2A,ENST00000674977,TRUE,0.202,0,15,35584887,0.8880152627623287
chr17,POLR2A,ENST00000674977,TRUE,0.202,0,0,30239114,0.8231718779372141
NA,POLR2B,NM_000938.3,TRUE,0.568,NA,9,36786899,0.966045190764292
chr4,POLR2B,ENST00000314595,TRUE,0.568,1,9,36786899,0.966045190764292
NA,POLR3E,NM_018119.4,TRUE,0.56,NA,1,50576648,0.938569032979318
NA,POLR3E,NM_018119.4,TRUE,0.56,NA,11,47068004,0.9028223762041576
chr16,POLR3E,ENST00000299853,TRUE,0.56,1,1,50576648,0.938569032979318
chr16,POLR3E,ENST00000299853,TRUE,0.56,1,11,47068004,0.9028223762041576
NA,POM121C,NM_001099415.3,TRUE,0.543,NA,1,50143364,0.9340972610396868
NA,POM121C,NM_001099415.3,TRUE,0.543,NA,9,32254854,0.8063958513396715
NA,POM121C,NM_001099415.3,TRUE,0.543,NA,0,30788399,0.8586377592580989
chr7,POM121C,ENST00000615331,TRUE,0.543,1,1,50143364,0.9340972610396868
chr7,POM121C,ENST00000615331,TRUE,0.543,1,9,32254854,0.8063958513396715
chr7,POM121C,ENST00000615331,TRUE,0.543,1,0,30788399,0.8586377592580989
NA,POU2F1,NM_002697.4,TRUE,0.256,NA,1,50417788,0.9369480156512018
NA,POU2F1,NM_002697.4,TRUE,0.256,NA,11,48542706,0.919722832516478
NA,POU2F1,NM_002697.4,TRUE,0.256,NA,0,31218759,0.8817595087411492
chr1,POU2F1,ENST00000367866,TRUE,0.256,0,1,50417788,0.9369480156512018
chr1,POU2F1,ENST00000367866,TRUE,0.256,0,11,48542706,0.919722832516478
chr1,POU2F1,ENST00000367866,TRUE,0.256,0,0,31218759,0.8817595087411492
NA,POU2F3,NM_014352.4,TRUE,0.577,NA,0,32831351,0.9501221881070242
chr11,POU2F3,ENST00000543440,TRUE,0.577,1,0,32831351,0.9501221881070242
NA,POU5F1,NM_002701.6,TRUE,0.319,NA,15,35262298,0.864369543851535
NA,POU5F1,NM_002701.6,TRUE,0.319,NA,0,30291919,0.8261795851870418
chr6,POU5F1,ENST00000259915,TRUE,0.319,0,15,35262298,0.864369543851535
chr6,POU5F1,ENST00000259915,TRUE,0.319,0,0,30291919,0.8261795851870418
NA,PPARD,NM_006238.5,TRUE,0.311,NA,9,40590012,0.9992591677984936
NA,PPARD,NM_006238.5,TRUE,0.311,NA,11,41962152,0.8314461157117908
NA,PPARD,NM_006238.5,TRUE,0.311,NA,0,33512649,0.9726173319130272
chr6,PPARD,ENST00000360694,TRUE,0.311,0,9,40590012,0.9992591677984936
chr6,PPARD,ENST00000360694,TRUE,0.311,0,11,41962152,0.8314461157117908
chr6,PPARD,ENST00000360694,TRUE,0.311,0,0,33512649,0.9726173319130272
NA,PPFIA3,NM_003660.4,TRUE,0.264,NA,11,40837289,0.8121232606613712
chr19,PPFIA3,ENST00000334186,TRUE,0.264,0,11,40837289,0.8121232606613712
NA,PPIA,NM_021130.5,TRUE,0.429,NA,1,48041274,0.9068753493571828
NA,PPIA,NM_021130.5,TRUE,0.429,NA,15,39910790,0.9946233450887436
NA,PPIA,NM_021130.5,TRUE,0.429,NA,9,34941276,0.9226447709593776
NA,PPIA,NM_021130.5,TRUE,0.429,NA,0,34858080,0.9893477034901936
chr7,PPIA,ENST00000468812,TRUE,0.429,1,1,48041274,0.9068753493571828
chr7,PPIA,ENST00000468812,TRUE,0.429,1,15,39910790,0.9946233450887436
chr7,PPIA,ENST00000468812,TRUE,0.429,1,9,34941276,0.9226447709593776
chr7,PPIA,ENST00000468812,TRUE,0.429,1,0,34858080,0.9893477034901936
NA,PPIG,NM_004792.3,TRUE,0.472,NA,1,42629897,0.8166573504751258
NA,PPIG,NM_004792.3,TRUE,0.472,NA,9,37767124,0.9782689220891468
NA,PPIG,NM_004792.3,TRUE,0.472,NA,11,59445201,0.9967325784462848
NA,PPIG,NM_004792.3,TRUE,0.472,NA,0,30037111,0.8091985713390564
chr2,PPIG,ENST00000260970,TRUE,0.472,1,1,42629897,0.8166573504751258
chr2,PPIG,ENST00000260970,TRUE,0.472,1,9,37767124,0.9782689220891468
chr2,PPIG,ENST00000260970,TRUE,0.472,1,11,59445201,0.9967325784462848
chr2,PPIG,ENST00000260970,TRUE,0.472,1,0,30037111,0.8091985713390564
NA,PPM1A,NM_021003.5,TRUE,0.38,NA,1,44170954,0.8452766908887647
NA,PPM1A,NM_021003.5,TRUE,0.38,NA,11,45588245,0.8832741817362402
NA,PPM1A,NM_021003.5,TRUE,0.38,NA,0,30477429,0.8395889466758569
chr14,PPM1A,ENST00000395076,TRUE,0.38,0,1,44170954,0.8452766908887647
chr14,PPM1A,ENST00000395076,TRUE,0.38,0,11,45588245,0.8832741817362402
chr14,PPM1A,ENST00000395076,TRUE,0.38,0,0,30477429,0.8395889466758569
NA,PPM1G,NM_177983.3,TRUE,0.326,NA,11,40733077,0.8099262013407695
NA,PPM1G,NM_177983.3,TRUE,0.326,NA,0,36032345,0.9966789899116486
chr2,PPM1G,ENST00000344034,TRUE,0.326,0,11,40733077,0.8099262013407695
chr2,PPM1G,ENST00000344034,TRUE,0.326,0,0,36032345,0.9966789899116486
NA,PPME1,NM_016147.3,TRUE,0.451,NA,1,62363407,0.9991056456120738
NA,PPME1,NM_016147.3,TRUE,0.451,NA,11,44079910,0.8632189735789533
chr11,PPME1,ENST00000328257,TRUE,0.451,1,1,62363407,0.9991056456120738
chr11,PPME1,ENST00000328257,TRUE,0.451,1,11,44079910,0.8632189735789533
NA,PPOX,NM_001122764.3,TRUE,0.581,NA,1,54537277,0.9726103968697596
NA,PPOX,NM_001122764.3,TRUE,0.581,NA,15,35525193,0.8842573856738163
chr1,PPOX,ENST00000367999,TRUE,0.581,1,1,54537277,0.9726103968697596
chr1,PPOX,ENST00000367999,TRUE,0.581,1,15,35525193,0.8842573856738163
NA,PPP1CA,NM_002708.4,TRUE,0.554,NA,1,55649333,0.9808831749580772
NA,PPP1CA,NM_002708.4,TRUE,0.554,NA,9,33809049,0.884738856648969
NA,PPP1CA,NM_002708.4,TRUE,0.554,NA,11,47274062,0.9053574446510056
chr11,PPP1CA,ENST00000376745,TRUE,0.554,1,1,55649333,0.9808831749580772
chr11,PPP1CA,ENST00000376745,TRUE,0.554,1,9,33809049,0.884738856648969
chr11,PPP1CA,ENST00000376745,TRUE,0.554,1,11,47274062,0.9053574446510056
NA,PPP1CB,NM_002709.3,TRUE,0.247,NA,15,36729671,0.9471006532924784
NA,PPP1CB,NM_002709.3,TRUE,0.247,NA,11,42563853,0.8422060728973015
chr2,PPP1CB,ENST00000395366,TRUE,0.247,0,15,36729671,0.9471006532924784
chr2,PPP1CB,ENST00000395366,TRUE,0.247,0,11,42563853,0.8422060728973015
NA,PPP1CC,NM_002710.4,TRUE,0.583,NA,1,62340564,0.9990497484628283
NA,PPP1CC,NM_002710.4,TRUE,0.583,NA,11,63081772,0.9998873302912512
NA,PPP1CC,NM_002710.4,TRUE,0.583,NA,0,30025370,0.808070681120371
chr12,PPP1CC,ENST00000335007,TRUE,0.583,1,1,62340564,0.9990497484628283
chr12,PPP1CC,ENST00000335007,TRUE,0.583,1,11,63081772,0.9998873302912512
chr12,PPP1CC,ENST00000335007,TRUE,0.583,1,0,30025370,0.808070681120371
NA,PPP1R10,NM_002714.4,TRUE,0.241,NA,15,34676020,0.8112389431693358
NA,PPP1R10,NM_002714.4,TRUE,0.241,NA,0,30946333,0.8674102387367629
chr6,PPP1R10,ENST00000376511,TRUE,0.241,0,15,34676020,0.8112389431693358
chr6,PPP1R10,ENST00000376511,TRUE,0.241,0,0,30946333,0.8674102387367629
NA,PPP1R12A,NM_002480.3,TRUE,0.158,NA,15,34594327,0.8038388159796497
NA,PPP1R12A,NM_002480.3,TRUE,0.158,NA,0,31544829,0.8955448336361927
chr12,PPP1R12A,ENST00000450142,TRUE,0.158,0,15,34594327,0.8038388159796497
chr12,PPP1R12A,ENST00000450142,TRUE,0.158,0,0,31544829,0.8955448336361927
NA,PPP1R26,NM_014811.5,TRUE,0.515,NA,15,37559130,0.9694166618488756
chr9,PPP1R26,ENST00000356818,TRUE,0.515,1,15,37559130,0.9694166618488756
NA,PPP1R7,NM_002712.3,TRUE,0.542,NA,1,51128314,0.9438233650083846
NA,PPP1R7,NM_002712.3,TRUE,0.542,NA,0,29919411,0.800488752428097
chr2,PPP1R7,ENST00000234038,TRUE,0.542,1,1,51128314,0.9438233650083846
chr2,PPP1R7,ENST00000234038,TRUE,0.542,1,0,29919411,0.800488752428097
NA,PPP1R8,NM_014110.5,TRUE,0.33,NA,1,55792788,0.9819452207937396
NA,PPP1R8,NM_014110.5,TRUE,0.33,NA,9,36190741,0.9559822200271638
NA,PPP1R8,NM_014110.5,TRUE,0.33,NA,11,43142480,0.8502056222184665
chr1,PPP1R8,ENST00000311772,TRUE,0.33,0,1,55792788,0.9819452207937396
chr1,PPP1R8,ENST00000311772,TRUE,0.33,0,9,36190741,0.9559822200271638
chr1,PPP1R8,ENST00000311772,TRUE,0.33,0,11,43142480,0.8502056222184665
NA,PPP2CA,NM_002715.4,TRUE,0.315,NA,1,52675762,0.957853549468977
NA,PPP2CA,NM_002715.4,TRUE,0.315,NA,15,34596488,0.8039544429669885
NA,PPP2CA,NM_002715.4,TRUE,0.315,NA,11,43902238,0.8609655794039772
NA,PPP2CA,NM_002715.4,TRUE,0.315,NA,0,30431518,0.8357666520458675
chr5,PPP2CA,ENST00000481195,TRUE,0.315,0,1,52675762,0.957853549468977
chr5,PPP2CA,ENST00000481195,TRUE,0.315,0,15,34596488,0.8039544429669885
chr5,PPP2CA,ENST00000481195,TRUE,0.315,0,11,43902238,0.8609655794039772
chr5,PPP2CA,ENST00000481195,TRUE,0.315,0,0,30431518,0.8357666520458675
NA,PPP2R1A,NM_014225.6,TRUE,0.345,NA,1,44746933,0.8551704863051984
NA,PPP2R1A,NM_014225.6,TRUE,0.345,NA,15,38608075,0.9875700988610742
NA,PPP2R1A,NM_014225.6,TRUE,0.345,NA,11,52945679,0.9612979550447862
chr19,PPP2R1A,ENST00000322088,TRUE,0.345,0,1,44746933,0.8551704863051984
chr19,PPP2R1A,ENST00000322088,TRUE,0.345,0,15,38608075,0.9875700988610742
chr19,PPP2R1A,ENST00000322088,TRUE,0.345,0,11,52945679,0.9612979550447862
NA,PPP2R2A,NM_002717.4,TRUE,0.364,NA,1,53466599,0.9644494130799328
NA,PPP2R2A,NM_002717.4,TRUE,0.364,NA,15,34698117,0.813204601954096
NA,PPP2R2A,NM_002717.4,TRUE,0.364,NA,11,47134860,0.9037800687285223
NA,PPP2R2A,NM_002717.4,TRUE,0.364,NA,0,31257839,0.8832007017983583
chr8,PPP2R2A,ENST00000380737,TRUE,0.364,0,1,53466599,0.9644494130799328
chr8,PPP2R2A,ENST00000380737,TRUE,0.364,0,15,34698117,0.813204601954096
chr8,PPP2R2A,ENST00000380737,TRUE,0.364,0,11,47134860,0.9037800687285223
chr8,PPP2R2A,ENST00000380737,TRUE,0.364,0,0,31257839,0.8832007017983583
NA,PPP2R2B,NM_181675.4,TRUE,0.173,NA,0,31654417,0.9019988721097814
chr5,PPP2R2B,ENST00000394411,TRUE,0.173,0,0,31654417,0.9019988721097814
NA,PPP2R5C,NM_001352914.2,TRUE,0.188,NA,15,34784085,0.82181881251084
chr14,PPP2R5C,ENST00000334743,TRUE,0.198,0,15,34784085,0.82181881251084
NA,PPP2R5D,NM_006245.4,TRUE,0.234,NA,9,32961472,0.843931349549327
chr6,PPP2R5D,ENST00000485511,TRUE,0.234,0,9,32961472,0.843931349549327
NA,PPP2R5E,NM_006246.5,TRUE,0.193,NA,1,47871308,0.9044717719396312
NA,PPP2R5E,NM_006246.5,TRUE,0.193,NA,11,59616318,0.99718325728128
chr14,PPP2R5E,ENST00000337537,TRUE,0.193,0,1,47871308,0.9044717719396312
chr14,PPP2R5E,ENST00000337537,TRUE,0.193,0,11,59616318,0.99718325728128
NA,PPP3CA,NM_000944.5,TRUE,0.243,NA,15,36893567,0.9524773082037348
chr4,PPP3CA,ENST00000394854,TRUE,0.243,0,15,36893567,0.9524773082037348
NA,PPP4C,NM_002720.3,TRUE,0.41,NA,9,32216500,0.8043585627855291
NA,PPP4C,NM_002720.3,TRUE,0.41,NA,11,42533038,0.8417553940623064
NA,PPP4C,NM_002720.3,TRUE,0.41,NA,0,30565774,0.8452910583369886
chr16,PPP4C,ENST00000279387,TRUE,0.41,1,9,32216500,0.8043585627855291
chr16,PPP4C,ENST00000279387,TRUE,0.41,1,11,42533038,0.8417553940623064
chr16,PPP4C,ENST00000279387,TRUE,0.41,1,0,30565774,0.8452910583369886
NA,PPP4R1,NM_001042388.3,TRUE,0.521,NA,9,32311159,0.8101617483639956
NA,PPP4R1,NM_001042388.3,TRUE,0.521,NA,11,42666084,0.8437271139654104
NA,PPP4R1,NM_001042388.3,TRUE,0.521,NA,0,30716813,0.8544395012218811
chr18,PPP4R1,ENST00000400556,TRUE,0.521,1,9,32311159,0.8101617483639956
chr18,PPP4R1,ENST00000400556,TRUE,0.521,1,11,42666084,0.8437271139654104
chr18,PPP4R1,ENST00000400556,TRUE,0.521,1,0,30716813,0.8544395012218811
NA,PPP4R3A,NM_001366432.2,TRUE,0.263,NA,1,54715336,0.9740078256008944
NA,PPP4R3A,NM_001366432.2,TRUE,0.263,NA,15,35275154,0.8654101867375845
NA,PPP4R3A,NM_001366432.2,TRUE,0.263,NA,11,53149564,0.9627063264041462
chr14,PPP4R3A,ENST00000554943,TRUE,0.263,0,1,54715336,0.9740078256008944
chr14,PPP4R3A,ENST00000554943,TRUE,0.263,0,15,35275154,0.8654101867375845
chr14,PPP4R3A,ENST00000554943,TRUE,0.263,0,11,53149564,0.9627063264041462
NA,PPP5C,NM_006247.4,TRUE,0.456,NA,1,51983067,0.9527110117384012
NA,PPP5C,NM_006247.4,TRUE,0.456,NA,9,35385238,0.9345598222002716
NA,PPP5C,NM_006247.4,TRUE,0.456,NA,11,50098621,0.9367359585375472
NA,PPP5C,NM_006247.4,TRUE,0.456,NA,0,31210888,0.8816341876057397
chr19,PPP5C,ENST00000012443,TRUE,0.456,1,1,51983067,0.9527110117384012
chr19,PPP5C,ENST00000012443,TRUE,0.456,1,9,35385238,0.9345598222002716
chr19,PPP5C,ENST00000012443,TRUE,0.456,1,11,50098621,0.9367359585375472
chr19,PPP5C,ENST00000012443,TRUE,0.456,1,0,31210888,0.8816341876057397
NA,PPP6R1,NM_014931.4,TRUE,0.533,NA,15,34674204,0.8110655026883274
chr19,PPP6R1,ENST00000412770,TRUE,0.533,1,15,34674204,0.8110655026883274
NA,PPP6R3,NM_001164161.2,TRUE,0.481,NA,9,34411814,0.9053586862575628
NA,PPP6R3,NM_001164161.2,TRUE,0.481,NA,11,40831913,0.8120669258069968
NA,PPP6R3,NM_001164161.2,TRUE,0.481,NA,0,31104462,0.8765586816216555
chr11,PPP6R3,ENST00000393800,TRUE,0.481,1,9,34411814,0.9053586862575628
chr11,PPP6R3,ENST00000393800,TRUE,0.481,1,11,40831913,0.8120669258069968
chr11,PPP6R3,ENST00000393800,TRUE,0.481,1,0,31104462,0.8765586816216555
NA,PPRC1,NM_015062.5,TRUE,0.248,NA,9,35136417,0.9284479565378442
chr10,PPRC1,ENST00000278070,TRUE,0.248,0,9,35136417,0.9284479565378442
NA,PPTC7,NM_139283.2,TRUE,0.421,NA,1,46735827,0.886193404136389
NA,PPTC7,NM_139283.2,TRUE,0.421,NA,11,49781796,0.932905188440088
NA,PPTC7,NM_139283.2,TRUE,0.421,NA,0,30826103,0.8607682185600601
chr12,PPTC7,ENST00000354300,TRUE,0.421,1,1,46735827,0.886193404136389
chr12,PPTC7,ENST00000354300,TRUE,0.421,1,11,49781796,0.932905188440088
chr12,PPTC7,ENST00000354300,TRUE,0.421,1,0,30826103,0.8607682185600601
NA,PRAMEF6,NM_001010889.2,TRUE,0.493,NA,9,40445453,0.9986418076305716
chr1,PRAMEF6,ENST00000376189,TRUE,0.493,1,9,40445453,0.9986418076305716
NA,PRCC,NM_005973.5,TRUE,0.403,NA,1,45736044,0.8713806595863611
NA,PRCC,NM_005973.5,TRUE,0.403,NA,11,44033041,0.8625992901808349
chr1,PRCC,ENST00000271526,TRUE,0.403,1,1,45736044,0.8713806595863611
chr1,PRCC,ENST00000271526,TRUE,0.403,1,11,44033041,0.8625992901808349
NA,PRDM1,NM_001198.4,TRUE,0.314,NA,15,36359124,0.931317569520726
chr6,PRDM1,ENST00000369096,TRUE,0.314,0,15,36359124,0.931317569520726
NA,PRDM10,NM_199437.2,TRUE,0.588,NA,9,32822671,0.837325595752562
chr11,PRDM10,ENST00000360871,TRUE,0.588,2,9,32822671,0.837325595752562
chr1,PRDM2,ENST00000311066,TRUE,0.297,0,9,34191006,0.8983207803432522
NA,PREX1,NM_020820.4,TRUE,0.268,NA,9,34671422,0.9131991603901716
chr20,PREX1,ENST00000371941,TRUE,0.268,0,9,34671422,0.9131991603901716
NA,PRKAA1,NM_006251.6,TRUE,0.576,NA,15,35956651,0.9133953864832052
chr5,PRKAA1,ENST00000397128,TRUE,0.576,1,15,35956651,0.9133953864832052
NA,PRKACA,NM_002730.4,TRUE,0.338,NA,0,31090942,0.8758694153769033
chr19,PRKACA,ENST00000308677,TRUE,0.338,0,0,31090942,0.8758694153769033
NA,PRKACB,NM_182948.4,TRUE,0.513,NA,15,35458386,0.8790541712435682
chr1,PRKACB,ENST00000370685,TRUE,0.513,1,15,35458386,0.8790541712435682
NA,PRKAR1A,NM_002734.5,TRUE,0.158,NA,1,47067190,0.8914477361654556
NA,PRKAR1A,NM_002734.5,TRUE,0.158,NA,11,40263272,0.8023209960002253
chr17,PRKAR1A,ENST00000589228,TRUE,0.158,0,1,47067190,0.8914477361654556
chr17,PRKAR1A,ENST00000589228,TRUE,0.158,0,11,40263272,0.8023209960002253
NA,PRKCD,NM_006254.4,TRUE,0.344,NA,15,36843662,0.9510897843556686
chr3,PRKCD,ENST00000330452,TRUE,0.344,0,15,36843662,0.9510897843556686
NA,PRKD2,NM_016457.5,TRUE,0.381,NA,0,33545768,0.973369258725484
chr19,PRKD2,ENST00000291281,TRUE,0.381,0,0,33545768,0.973369258725484
NA,PRKDC,NM_006904.7,TRUE,0.183,NA,15,35738675,0.8994623345088744
NA,PRKDC,NM_006904.7,TRUE,0.183,NA,9,37826396,0.9814174589455488
NA,PRKDC,NM_006904.7,TRUE,0.183,NA,11,42701874,0.8441214579460312
NA,PRKDC,NM_006904.7,TRUE,0.183,NA,0,30395956,0.8333228899053825
chr8,PRKDC,ENST00000314191,TRUE,0.183,0,15,35738675,0.8994623345088744
chr8,PRKDC,ENST00000314191,TRUE,0.183,0,9,37826396,0.9814174589455488
chr8,PRKDC,ENST00000314191,TRUE,0.183,0,11,42701874,0.8441214579460312
chr8,PRKDC,ENST00000314191,TRUE,0.183,0,0,30395956,0.8333228899053825
NA,PRLR,NM_000949.7,TRUE,0.438,NA,11,50462532,0.9401723846543856
chr5,PRLR,ENST00000618457,TRUE,0.438,1,11,50462532,0.9401723846543856
NA,PRMT1,NM_001536.6,TRUE,0.218,NA,15,36902205,0.9527085621784124
NA,PRMT1,NM_001536.6,TRUE,0.218,NA,11,52177979,0.9558334741704692
NA,PRMT1,NM_001536.6,TRUE,0.218,NA,0,34812261,0.98903440065167
chr19,PRMT1,ENST00000454376,TRUE,0.218,0,15,36902205,0.9527085621784124
chr19,PRMT1,ENST00000454376,TRUE,0.218,0,11,52177979,0.9558334741704692
chr19,PRMT1,ENST00000454376,TRUE,0.218,0,0,34812261,0.98903440065167
NA,PRMT5,NM_006109.5,TRUE,0.272,NA,1,57784235,0.9902738960313024
NA,PRMT5,NM_006109.5,TRUE,0.272,NA,15,34620993,0.8060935422327571
NA,PRMT5,NM_006109.5,TRUE,0.272,NA,11,56811408,0.9861979606782716
NA,PRMT5,NM_006109.5,TRUE,0.272,NA,0,31921668,0.9157841970048248
chr14,PRMT5,ENST00000324366,TRUE,0.272,0,1,57784235,0.9902738960313024
chr14,PRMT5,ENST00000324366,TRUE,0.272,0,15,34620993,0.8060935422327571
chr14,PRMT5,ENST00000324366,TRUE,0.272,0,11,56811408,0.9861979606782716
chr14,PRMT5,ENST00000324366,TRUE,0.272,0,0,31921668,0.9157841970048248
NA,PROS1,NM_000313.4,TRUE,0.53,NA,11,40203366,0.8012506337671117
chr3,PROS1,ENST00000394236,TRUE,0.53,1,11,40203366,0.8012506337671117
NA,PROSER1,NM_025138.5,TRUE,0.598,NA,1,45817917,0.873225265511459
NA,PROSER1,NM_025138.5,TRUE,0.598,NA,15,35748198,0.9003295369139157
NA,PROSER1,NM_025138.5,TRUE,0.598,NA,11,53290798,0.9641146977635064
chr13,PROSER1,ENST00000352251,TRUE,0.598,2,1,45817917,0.873225265511459
chr13,PROSER1,ENST00000352251,TRUE,0.598,2,15,35748198,0.9003295369139157
chr13,PROSER1,ENST00000352251,TRUE,0.598,2,11,53290798,0.9641146977635064
NA,PRPF19,NM_014502.5,TRUE,0.099,NA,9,33530436,0.8722681812569453
NA,PRPF19,NM_014502.5,TRUE,0.099,NA,0,32635203,0.9375900745660756
chr11,PRPF19,ENST00000227524,TRUE,0.099,0,9,33530436,0.8722681812569453
chr11,PRPF19,ENST00000227524,TRUE,0.099,0,0,32635203,0.9375900745660756
NA,PRPF3,NM_004698.4,TRUE,0.087,NA,15,39871809,0.9945077181014048
NA,PRPF3,NM_004698.4,TRUE,0.087,NA,9,32552414,0.8231880479071491
NA,PRPF3,NM_004698.4,TRUE,0.087,NA,11,49647712,0.9315531519351022
chr1,PRPF3,ENST00000324862,TRUE,0.087,0,15,39871809,0.9945077181014048
chr1,PRPF3,ENST00000324862,TRUE,0.087,0,9,32552414,0.8231880479071491
chr1,PRPF3,ENST00000324862,TRUE,0.087,0,11,49647712,0.9315531519351022
NA,PRPF31,NM_015629.4,TRUE,0.347,NA,1,50406131,0.9368921185019564
NA,PRPF31,NM_015629.4,TRUE,0.347,NA,15,35806228,0.9046077354454528
NA,PRPF31,NM_015629.4,TRUE,0.347,NA,11,46132396,0.8899780294067939
chr19,PRPF31,ENST00000321030,TRUE,0.347,0,1,50406131,0.9368921185019564
chr19,PRPF31,ENST00000321030,TRUE,0.347,0,15,35806228,0.9046077354454528
chr19,PRPF31,ENST00000321030,TRUE,0.347,0,11,46132396,0.8899780294067939
NA,PRPF38A,NM_032864.4,TRUE,0.4,NA,11,52937872,0.9612416201904118
chr1,PRPF38A,ENST00000257181,TRUE,0.4,0,11,52937872,0.9612416201904118
NA,PRPF38B,NM_018061.4,TRUE,0.411,NA,1,45577976,0.8685858021240916
NA,PRPF38B,NM_018061.4,TRUE,0.411,NA,9,37343180,0.972959624645018
NA,PRPF38B,NM_018061.4,TRUE,0.411,NA,11,52824350,0.9598895836854262
chr1,PRPF38B,ENST00000370025,TRUE,0.411,1,1,45577976,0.8685858021240916
chr1,PRPF38B,ENST00000370025,TRUE,0.411,1,9,37343180,0.972959624645018
chr1,PRPF38B,ENST00000370025,TRUE,0.411,1,11,52824350,0.9598895836854262
NA,PRPF39,NM_017922.4,TRUE,0.481,NA,15,34571386,0.8016419032202116
NA,PRPF39,NM_017922.4,TRUE,0.481,NA,0,31109347,0.876934645027884
chr14,PRPF39,ENST00000355765,TRUE,0.481,1,15,34571386,0.8016419032202116
chr14,PRPF39,ENST00000355765,TRUE,0.481,1,0,31109347,0.876934645027884
NA,PRPF40A,NM_001354431.3,TRUE,0.378,NA,15,36047419,0.9183673469387756
NA,PRPF40A,NM_001354431.3,TRUE,0.378,NA,11,44639811,0.8705425046476255
NA,PRPF40A,NM_001354431.3,TRUE,0.378,NA,0,30434434,0.8360799548843912
chr2,PRPF40A,ENST00000410080,TRUE,0.44,1,15,36047419,0.9183673469387756
chr2,PRPF40A,ENST00000410080,TRUE,0.44,1,11,44639811,0.8705425046476255
chr2,PRPF40A,ENST00000410080,TRUE,0.44,1,0,30434434,0.8360799548843912
NA,PRPF40B,NM_001031698.3,TRUE,0.542,NA,11,48204090,0.9161737366908906
chr12,PRPF40B,ENST00000548825,TRUE,0.542,1,11,48204090,0.9161737366908906
NA,PRPF4B,NM_003913.5,TRUE,0.215,NA,9,33669468,0.8786269909865415
chr6,PRPF4B,ENST00000337659,TRUE,0.215,0,9,33669468,0.8786269909865415
NA,PRPF6,NM_012469.4,TRUE,0.445,NA,15,37333688,0.9639243799502804
chr20,PRPF6,ENST00000266079,TRUE,0.445,1,15,37333688,0.9639243799502804
NA,PRPF8,NM_006445.4,TRUE,0.26,NA,1,50490889,0.9377864728898826
chr17,PRPF8,ENST00000304992,TRUE,0.26,0,1,50490889,0.9377864728898826
NA,PRR12,NM_020719.3,TRUE,0.18,NA,1,42853391,0.8205142537730575
NA,PRR12,NM_020719.3,TRUE,0.18,NA,9,39864182,0.9967897271268058
chr19,PRR12,ENST00000418929,TRUE,0.18,0,1,42853391,0.8205142537730575
chr19,PRR12,ENST00000418929,TRUE,0.18,0,9,39864182,0.9967897271268058
NA,PRRC2A,NM_004638.4,TRUE,0.322,NA,1,52609733,0.9572945779765232
NA,PRRC2A,NM_004638.4,TRUE,0.322,NA,15,35807147,0.9046655489391224
NA,PRRC2A,NM_004638.4,TRUE,0.322,NA,11,42815451,0.8455298293053912
NA,PRRC2A,NM_004638.4,TRUE,0.322,NA,0,30273862,0.8254276583745849
chr6,PRRC2A,ENST00000376033,TRUE,0.322,0,1,52609733,0.9572945779765232
chr6,PRRC2A,ENST00000376033,TRUE,0.322,0,15,35807147,0.9046655489391224
chr6,PRRC2A,ENST00000376033,TRUE,0.322,0,11,42815451,0.8455298293053912
chr6,PRRC2A,ENST00000376033,TRUE,0.322,0,0,30273862,0.8254276583745849
NA,PRRC2C,NM_001387844.1,TRUE,0.287,NA,1,57864833,0.9905533817775294
NA,PRRC2C,NM_001387844.1,TRUE,0.287,NA,9,38509567,0.9865415483393012
NA,PRRC2C,NM_001387844.1,TRUE,0.287,NA,11,54893155,0.976001352036505
NA,PRRC2C,NM_001387844.1,TRUE,0.287,NA,0,31228923,0.8821981327150824
chr1,PRRC2C,ENST00000647382,TRUE,0.287,0,1,57864833,0.9905533817775294
chr1,PRRC2C,ENST00000647382,TRUE,0.287,0,9,38509567,0.9865415483393012
chr1,PRRC2C,ENST00000647382,TRUE,0.287,0,11,54893155,0.976001352036505
chr1,PRRC2C,ENST00000647382,TRUE,0.287,0,0,31228923,0.8821981327150824
NA,PSAP,NM_002778.4,TRUE,0.507,NA,1,46256516,0.8799329234209056
NA,PSAP,NM_002778.4,TRUE,0.507,NA,15,36953991,0.9542117130138176
NA,PSAP,NM_002778.4,TRUE,0.507,NA,11,53908472,0.968846825530956
NA,PSAP,NM_002778.4,TRUE,0.507,NA,0,32056654,0.9194811704994048
chr10,PSAP,ENST00000394936,TRUE,0.507,1,1,46256516,0.8799329234209056
chr10,PSAP,ENST00000394936,TRUE,0.507,1,15,36953991,0.9542117130138176
chr10,PSAP,ENST00000394936,TRUE,0.507,1,11,53908472,0.968846825530956
chr10,PSAP,ENST00000394936,TRUE,0.507,1,0,32056654,0.9194811704994048
NA,PSEN1,NM_000021.4,TRUE,0.425,NA,9,32188577,0.8019508581306334
NA,PSEN1,NM_000021.4,TRUE,0.425,NA,11,45084206,0.8771900174638049
chr14,PSEN1,ENST00000324501,TRUE,0.425,1,9,32188577,0.8019508581306334
chr14,PSEN1,ENST00000324501,TRUE,0.425,1,11,45084206,0.8771900174638049
NA,PSENEN,NM_172341.4,TRUE,0.552,NA,11,56440070,0.9847895893189116
NA,PSENEN,NM_172341.4,TRUE,0.552,NA,0,30181214,0.8194749044426343
chr19,PSENEN,ENST00000587708,TRUE,0.552,1,11,56440070,0.9847895893189116
chr19,PSENEN,ENST00000587708,TRUE,0.552,1,0,30181214,0.8194749044426343
NA,PSIP1,NM_033222.5,TRUE,0.397,NA,9,33568338,0.8741819977775034
NA,PSIP1,NM_033222.5,TRUE,0.397,NA,11,54812016,0.975438003492761
chr9,PSIP1,ENST00000380733,TRUE,0.397,0,9,33568338,0.8741819977775034
chr9,PSIP1,ENST00000380733,TRUE,0.397,0,11,54812016,0.975438003492761
NA,PSMA1,NM_002786.4,TRUE,0.343,NA,1,46054192,0.8769703745109
NA,PSMA1,NM_002786.4,TRUE,0.343,NA,11,43560764,0.8568531350346459
chr11,PSMA1,ENST00000396394,TRUE,0.343,0,1,46054192,0.8769703745109
chr11,PSMA1,ENST00000396394,TRUE,0.343,0,11,43560764,0.8568531350346459
NA,PSMA3,NM_002788.4,TRUE,0.406,NA,1,46927591,0.8893795416433762
NA,PSMA3,NM_002788.4,TRUE,0.406,NA,9,32281521,0.8082479318434375
NA,PSMA3,NM_002788.4,TRUE,0.406,NA,11,45815328,0.8858092501830883
chr14,PSMA3,ENST00000216455,TRUE,0.406,1,1,46927591,0.8893795416433762
chr14,PSMA3,ENST00000216455,TRUE,0.406,1,9,32281521,0.8082479318434375
chr14,PSMA3,ENST00000216455,TRUE,0.406,1,11,45815328,0.8858092501830883
NA,PSMA4,NM_002789.6,TRUE,0.409,NA,1,47714608,0.9017887087758524
NA,PSMA4,NM_002789.6,TRUE,0.409,NA,15,38134146,0.9827137653928428
NA,PSMA4,NM_002789.6,TRUE,0.409,NA,9,33705213,0.8804790714903075
NA,PSMA4,NM_002789.6,TRUE,0.409,NA,0,33297604,0.9682937527413998
chr15,PSMA4,ENST00000044462,TRUE,0.409,1,1,47714608,0.9017887087758524
chr15,PSMA4,ENST00000044462,TRUE,0.409,1,15,38134146,0.9827137653928428
chr15,PSMA4,ENST00000044462,TRUE,0.409,1,9,33705213,0.8804790714903075
chr15,PSMA4,ENST00000044462,TRUE,0.409,1,0,33297604,0.9682937527413998
NA,PSMA5,NM_002790.4,TRUE,0.319,NA,11,48577586,0.9203425159145964
chr1,PSMA5,ENST00000271308,TRUE,0.319,0,11,48577586,0.9203425159145964
NA,PSMA6,NM_002791.3,TRUE,0.122,NA,9,33444047,0.8680701321150759
chr14,PSMA6,ENST00000261479,TRUE,0.122,0,9,33444047,0.8680701321150759
NA,PSMA7,NM_002792.4,TRUE,0.367,NA,15,35070988,0.8480661386367578
NA,PSMA7,NM_002792.4,TRUE,0.367,NA,0,31184175,0.8801929945485306
chr20,PSMA7,ENST00000370873,TRUE,0.367,0,15,35070988,0.8480661386367578
chr20,PSMA7,ENST00000370873,TRUE,0.367,0,0,31184175,0.8801929945485306
NA,PSMB1,NM_002793.4,TRUE,0.549,NA,1,56328198,0.9844046953605368
NA,PSMB1,NM_002793.4,TRUE,0.549,NA,15,35049233,0.8469676822570388
NA,PSMB1,NM_002793.4,TRUE,0.549,NA,9,37803297,0.9785776021731076
NA,PSMB1,NM_002793.4,TRUE,0.549,NA,11,45377974,0.8812461269787618
chr6,PSMB1,ENST00000262193,TRUE,0.549,1,1,56328198,0.9844046953605368
chr6,PSMB1,ENST00000262193,TRUE,0.549,1,15,35049233,0.8469676822570388
chr6,PSMB1,ENST00000262193,TRUE,0.549,1,9,37803297,0.9785776021731076
chr6,PSMB1,ENST00000262193,TRUE,0.549,1,11,45377974,0.8812461269787618
NA,PSMB3,NM_002795.4,TRUE,0.452,NA,1,43531882,0.8329793180547792
NA,PSMB3,NM_002795.4,TRUE,0.452,NA,15,35119563,0.8525755911429728
NA,PSMB3,NM_002795.4,TRUE,0.452,NA,9,33917316,0.8885664896900852
chr17,PSMB3,ENST00000619426,TRUE,0.452,1,1,43531882,0.8329793180547792
chr17,PSMB3,ENST00000619426,TRUE,0.452,1,15,35119563,0.8525755911429728
chr17,PSMB3,ENST00000619426,TRUE,0.452,1,9,33917316,0.8885664896900852
NA,PSMB5,NM_002797.5,TRUE,0.255,NA,1,54491921,0.9721073225265512
NA,PSMB5,NM_002797.5,TRUE,0.255,NA,11,52480698,0.9576925243648244
chr14,PSMB5,ENST00000361611,TRUE,0.255,0,1,54491921,0.9721073225265512
chr14,PSMB5,ENST00000361611,TRUE,0.255,0,11,52480698,0.9576925243648244
NA,PSMB7,NM_002799.4,TRUE,0.427,NA,1,43262414,0.8282839575181665
NA,PSMB7,NM_002799.4,TRUE,0.427,NA,15,34742779,0.8180609354223276
NA,PSMB7,NM_002799.4,TRUE,0.427,NA,0,32021149,0.9184786014161288
chr9,PSMB7,ENST00000259457,TRUE,0.427,1,1,43262414,0.8282839575181665
chr9,PSMB7,ENST00000259457,TRUE,0.427,1,15,34742779,0.8180609354223276
chr9,PSMB7,ENST00000259457,TRUE,0.427,1,0,32021149,0.9184786014161288
NA,PSMC1,NM_002802.3,TRUE,0.258,NA,1,48204286,0.90933482392398
NA,PSMC1,NM_002802.3,TRUE,0.258,NA,9,34553817,0.9097419434498086
NA,PSMC1,NM_002802.3,TRUE,0.258,NA,11,54018284,0.9700861923271928
NA,PSMC1,NM_002802.3,TRUE,0.258,NA,0,31054976,0.8736762955072372
chr14,PSMC1,ENST00000261303,TRUE,0.258,0,1,48204286,0.90933482392398
chr14,PSMC1,ENST00000261303,TRUE,0.258,0,9,34553817,0.9097419434498086
chr14,PSMC1,ENST00000261303,TRUE,0.258,0,11,54018284,0.9700861923271928
chr14,PSMC1,ENST00000261303,TRUE,0.258,0,0,31054976,0.8736762955072372
NA,PSMC2,NM_002803.4,TRUE,0.274,NA,1,56391323,0.9845723868082727
NA,PSMC2,NM_002803.4,TRUE,0.274,NA,15,34660556,0.809909232814939
NA,PSMC2,NM_002803.4,TRUE,0.274,NA,9,35398195,0.9348685022842326
NA,PSMC2,NM_002803.4,TRUE,0.274,NA,11,56029868,0.982310855726438
chr7,PSMC2,ENST00000292644,TRUE,0.274,0,1,56391323,0.9845723868082727
chr7,PSMC2,ENST00000292644,TRUE,0.274,0,15,34660556,0.809909232814939
chr7,PSMC2,ENST00000292644,TRUE,0.274,0,9,35398195,0.9348685022842326
chr7,PSMC2,ENST00000292644,TRUE,0.274,0,11,56029868,0.982310855726438
NA,PSMC3,NM_002804.5,TRUE,0.352,NA,1,55363080,0.9788149804359978
NA,PSMC3,NM_002804.5,TRUE,0.352,NA,15,37562208,0.97097762617795
NA,PSMC3,NM_002804.5,TRUE,0.352,NA,11,46023405,0.8887386626105571
NA,PSMC3,NM_002804.5,TRUE,0.352,NA,0,34561627,0.9862773356726612
chr11,PSMC3,ENST00000298852,TRUE,0.352,0,1,55363080,0.9788149804359978
chr11,PSMC3,ENST00000298852,TRUE,0.352,0,15,37562208,0.97097762617795
chr11,PSMC3,ENST00000298852,TRUE,0.352,0,11,46023405,0.8887386626105571
chr11,PSMC3,ENST00000298852,TRUE,0.352,0,0,34561627,0.9862773356726612
NA,PSMC4,NM_006503.4,TRUE,0.407,NA,1,47700848,0.9013974287311348
NA,PSMC4,NM_006503.4,TRUE,0.407,NA,9,33491973,0.8705395727867637
NA,PSMC4,NM_006503.4,TRUE,0.407,NA,11,53543060,0.9659737479578616
chr19,PSMC4,ENST00000157812,TRUE,0.407,1,1,47700848,0.9013974287311348
chr19,PSMC4,ENST00000157812,TRUE,0.407,1,9,33491973,0.8705395727867637
chr19,PSMC4,ENST00000157812,TRUE,0.407,1,11,53543060,0.9659737479578616
NA,PSMC5,NM_002805.6,TRUE,0.386,NA,1,48602521,0.9151481274455002
NA,PSMC5,NM_002805.6,TRUE,0.386,NA,11,41046128,0.8157286913413329
chr17,PSMC5,ENST00000310144,TRUE,0.386,0,1,48602521,0.9151481274455002
chr17,PSMC5,ENST00000310144,TRUE,0.386,0,11,41046128,0.8157286913413329
NA,PSMC6,NM_002806.5,TRUE,0.185,NA,1,45409602,0.8656232532140861
NA,PSMC6,NM_002806.5,TRUE,0.185,NA,15,34802414,0.8234375903335839
NA,PSMC6,NM_002806.5,TRUE,0.185,NA,11,40412275,0.8046307250295758
chr14,PSMC6,ENST00000445930,TRUE,0.185,0,1,45409602,0.8656232532140861
chr14,PSMC6,ENST00000445930,TRUE,0.185,0,15,34802414,0.8234375903335839
chr14,PSMC6,ENST00000445930,TRUE,0.185,0,11,40412275,0.8046307250295758
NA,PSMD1,NM_002807.4,TRUE,0.193,NA,0,30012377,0.8072560937402092
chr2,PSMD1,ENST00000308696,TRUE,0.193,0,0,30012377,0.8072560937402092
NA,PSMD11,NM_002815.4,TRUE,0.082,NA,1,44465092,0.850363331470095
NA,PSMD11,NM_002815.4,TRUE,0.082,NA,15,35143597,0.8548881308897497
NA,PSMD11,NM_002815.4,TRUE,0.082,NA,11,52507016,0.957917863782322
NA,PSMD11,NM_002815.4,TRUE,0.082,NA,0,31537442,0.8953568519330786
chr17,PSMD11,ENST00000261712,TRUE,0.082,0,1,44465092,0.850363331470095
chr17,PSMD11,ENST00000261712,TRUE,0.082,0,15,35143597,0.8548881308897497
chr17,PSMD11,ENST00000261712,TRUE,0.082,0,11,52507016,0.957917863782322
chr17,PSMD11,ENST00000261712,TRUE,0.082,0,0,31537442,0.8953568519330786
NA,PSMD12,NM_002816.5,TRUE,0.232,NA,1,54806870,0.9748462828395752
NA,PSMD12,NM_002816.5,TRUE,0.232,NA,15,35013161,0.8438168468520553
chr17,PSMD12,ENST00000356126,TRUE,0.232,0,1,54806870,0.9748462828395752
chr17,PSMD12,ENST00000356126,TRUE,0.232,0,15,35013161,0.8438168468520553
NA,PSMD13,NM_002817.4,TRUE,0.246,NA,0,30953689,0.8679115232784009
chr11,PSMD13,ENST00000532097,TRUE,0.246,0,0,30953689,0.8679115232784009
NA,PSMD14,NM_005805.6,TRUE,0.373,NA,15,35210671,0.859455396889634
NA,PSMD14,NM_005805.6,TRUE,0.373,NA,0,30972935,0.8689140923616768
chr2,PSMD14,ENST00000409682,TRUE,0.373,0,15,35210671,0.859455396889634
chr2,PSMD14,ENST00000409682,TRUE,0.373,0,0,30972935,0.8689140923616768
NA,PSMD2,NM_002808.5,TRUE,0.141,NA,1,45043395,0.8599776411403018
chr3,PSMD2,ENST00000310118,TRUE,0.141,0,1,45043395,0.8599776411403018
NA,PSMD3,NM_002809.4,TRUE,0.171,NA,15,35570627,0.8869746198762791
NA,PSMD3,NM_002809.4,TRUE,0.171,NA,11,47926785,0.9136386682440426
NA,PSMD3,NM_002809.4,TRUE,0.171,NA,0,32565269,0.9348956701547716
chr17,PSMD3,ENST00000264639,TRUE,0.171,0,15,35570627,0.8869746198762791
chr17,PSMD3,ENST00000264639,TRUE,0.171,0,11,47926785,0.9136386682440426
chr17,PSMD3,ENST00000264639,TRUE,0.171,0,0,32565269,0.9348956701547716
NA,PSMD4,NM_002810.4,TRUE,0.295,NA,1,53480107,0.9646730016769144
NA,PSMD4,NM_002810.4,TRUE,0.295,NA,9,32497229,0.8204099271515002
NA,PSMD4,NM_002810.4,TRUE,0.295,NA,11,45370201,0.8811334572700129
chr1,PSMD4,ENST00000368884,TRUE,0.295,0,1,53480107,0.9646730016769144
chr1,PSMD4,ENST00000368884,TRUE,0.295,0,9,32497229,0.8204099271515002
chr1,PSMD4,ENST00000368884,TRUE,0.295,0,11,45370201,0.8811334572700129
NA,PSMD6,NM_014814.3,TRUE,0.327,NA,15,34823279,0.8255188761056831
NA,PSMD6,NM_014814.3,TRUE,0.327,NA,11,44626755,0.8703171652301279
chr3,PSMD6,ENST00000295901,TRUE,0.327,0,15,34823279,0.8255188761056831
chr3,PSMD6,ENST00000295901,TRUE,0.327,0,11,44626755,0.8703171652301279
NA,PSME1,NM_006263.4,TRUE,0.593,NA,1,44549121,0.851648965902739
NA,PSME1,NM_006263.4,TRUE,0.593,NA,15,36052149,0.9185986009134532
NA,PSME1,NM_006263.4,TRUE,0.593,NA,0,33606940,0.9747477912149884
chr14,PSME1,ENST00000206451,TRUE,0.593,2,1,44549121,0.851648965902739
chr14,PSME1,ENST00000206451,TRUE,0.593,2,15,36052149,0.9185986009134532
chr14,PSME1,ENST00000206451,TRUE,0.593,2,0,33606940,0.9747477912149884
NA,PSME3,NM_005789.4,TRUE,0.342,NA,1,44077349,0.8434320849636668
NA,PSME3,NM_005789.4,TRUE,0.342,NA,11,52245708,0.9560024787335925
chr17,PSME3,ENST00000590720,TRUE,0.342,0,1,44077349,0.8434320849636668
chr17,PSME3,ENST00000590720,TRUE,0.342,0,11,52245708,0.9560024787335925
NA,PSME4,NM_014614.3,TRUE,0.393,NA,1,55022510,0.9761878144214644
NA,PSME4,NM_014614.3,TRUE,0.393,NA,11,50458484,0.9400597149456368
chr2,PSME4,ENST00000404125,TRUE,0.393,0,1,55022510,0.9761878144214644
chr2,PSME4,ENST00000404125,TRUE,0.393,0,11,50458484,0.9400597149456368
NA,PSPC1,NM_001354909.2,TRUE,0.477,NA,1,54113794,0.9695360536612632
NA,PSPC1,NM_001354909.2,TRUE,0.477,NA,15,36811268,0.9502803954442968
NA,PSPC1,NM_001354909.2,TRUE,0.477,NA,11,46424675,0.8940904737761253
chr13,PSPC1,ENST00000338910,TRUE,0.477,1,1,54113794,0.9695360536612632
chr13,PSPC1,ENST00000338910,TRUE,0.477,1,15,36811268,0.9502803954442968
chr13,PSPC1,ENST00000338910,TRUE,0.477,1,11,46424675,0.8940904737761253
NA,PTAR1,NM_001099666.2,TRUE,0.513,NA,1,43289148,0.8287311347121297
chr9,PTAR1,ENST00000340434,TRUE,0.513,1,1,43289148,0.8287311347121297
NA,PTBP1,NM_002819.5,TRUE,0.249,NA,1,56417909,0.984740078256009
NA,PTBP1,NM_002819.5,TRUE,0.249,NA,11,57331735,0.9889583685426172
NA,PTBP1,NM_002819.5,TRUE,0.249,NA,0,34525064,0.985588069427909
chr19,PTBP1,ENST00000356948,TRUE,0.249,0,1,56417909,0.984740078256009
chr19,PTBP1,ENST00000356948,TRUE,0.249,0,11,57331735,0.9889583685426172
chr19,PTBP1,ENST00000356948,TRUE,0.249,0,0,34525064,0.985588069427909
NA,PTBP2,NM_021190.4,TRUE,0.42,NA,9,33291234,0.8601061859488826
NA,PTBP2,NM_021190.4,TRUE,0.42,NA,0,31036872,0.8721097813146187
chr1,PTBP2,ENST00000674951,TRUE,0.42,1,9,33291234,0.8601061859488826
chr1,PTBP2,ENST00000674951,TRUE,0.42,1,0,31036872,0.8721097813146187
NA,PTBP3,NM_001163788.4,TRUE,0.498,NA,15,34632649,0.8073654390934845
NA,PTBP3,NM_001163788.4,TRUE,0.498,NA,11,49360246,0.9285110697988844
NA,PTBP3,NM_001163788.4,TRUE,0.498,NA,0,30476484,0.8394009649727426
chr9,PTBP3,ENST00000374257,TRUE,0.498,1,15,34632649,0.8073654390934845
chr9,PTBP3,ENST00000374257,TRUE,0.498,1,11,49360246,0.9285110697988844
chr9,PTBP3,ENST00000374257,TRUE,0.498,1,0,30476484,0.8394009649727426
NA,PTCH1,NM_000264.5,TRUE,0.146,NA,15,35082082,0.8491645950164769
chr9,PTCH1,ENST00000331920,TRUE,0.146,0,15,35082082,0.8491645950164769
NA,PTGFRN,NM_020440.4,TRUE,0.553,NA,15,35596078,0.8889980921547089
chr1,PTGFRN,ENST00000393203,TRUE,0.553,1,15,35596078,0.8889980921547089
NA,PTMA,NM_002823.5,TRUE,0.554,NA,1,53969872,0.9684181106763556
NA,PTMA,NM_002823.5,TRUE,0.554,NA,9,33391000,0.8651068033090505
NA,PTMA,NM_002823.5,TRUE,0.554,NA,11,55900896,0.9818038420370684
NA,PTMA,NM_002823.5,TRUE,0.554,NA,0,31484635,0.8934770349019362
chr2,PTMA,ENST00000409115,TRUE,0.554,1,1,53969872,0.9684181106763556
chr2,PTMA,ENST00000409115,TRUE,0.554,1,9,33391000,0.8651068033090505
chr2,PTMA,ENST00000409115,TRUE,0.554,1,11,55900896,0.9818038420370684
chr2,PTMA,ENST00000409115,TRUE,0.554,1,0,31484635,0.8934770349019362
chr19,PTOV1,ENST00000391842,TRUE,0.522,1,1,46045698,0.876690888764673
chr19,PTOV1,ENST00000391842,TRUE,0.522,1,11,49833584,0.933468536983832
NA,PTP4A2,NM_080391.4,TRUE,0.309,NA,1,42911303,0.8216880939072108
NA,PTP4A2,NM_080391.4,TRUE,0.309,NA,11,48607267,0.9206241901864683
NA,PTP4A2,NM_080391.4,TRUE,0.309,NA,0,31488441,0.8936650166050505
chr1,PTP4A2,ENST00000647444,TRUE,0.309,0,1,42911303,0.8216880939072108
chr1,PTP4A2,ENST00000647444,TRUE,0.309,0,11,48607267,0.9206241901864683
chr1,PTP4A2,ENST00000647444,TRUE,0.309,0,0,31488441,0.8936650166050505
NA,PTPA,NM_178000.3,TRUE,0.53,NA,15,35840044,0.906804648204891
NA,PTPA,NM_178000.3,TRUE,0.53,NA,11,43528737,0.8566277956171483
NA,PTPA,NM_178000.3,TRUE,0.53,NA,0,35438828,0.9941099066357542
chr9,PTPA,ENST00000393370,TRUE,0.53,1,15,35840044,0.906804648204891
chr9,PTPA,ENST00000393370,TRUE,0.53,1,11,43528737,0.8566277956171483
chr9,PTPA,ENST00000393370,TRUE,0.53,1,0,35438828,0.9941099066357542
NA,PTPN12,NM_002835.4,TRUE,0.513,NA,1,48581933,0.914533258803801
NA,PTPN12,NM_002835.4,TRUE,0.513,NA,11,44812133,0.8727395639682272
NA,PTPN12,NM_002835.4,TRUE,0.513,NA,0,31768361,0.9088288739895984
chr7,PTPN12,ENST00000248594,TRUE,0.513,1,1,48581933,0.914533258803801
chr7,PTPN12,ENST00000248594,TRUE,0.513,1,11,44812133,0.8727395639682272
chr7,PTPN12,ENST00000248594,TRUE,0.513,1,0,31768361,0.9088288739895984
NA,PTPN14,NM_005401.5,TRUE,0.523,NA,9,35670096,0.9445610569206074
chr1,PTPN14,ENST00000366956,TRUE,0.523,1,9,35670096,0.9445610569206074
NA,PTPN4,NM_002830.4,TRUE,0.496,NA,9,35141485,0.9286331645882208
chr2,PTPN4,ENST00000263708,TRUE,0.496,1,9,35141485,0.9286331645882208
NA,PTPN9,NM_002833.4,TRUE,0.529,NA,0,30533444,0.8426593144933893
chr15,PTPN9,ENST00000618819,TRUE,0.529,1,0,30533444,0.8426593144933893
NA,PTPRA,NM_001385305.1,TRUE,0.26,NA,9,34892702,0.9206692184220274
chr20,PTPRA,ENST00000399903,TRUE,0.26,0,9,34892702,0.9206692184220274
NA,PTPRB,NM_001109754.4,TRUE,0.466,NA,0,32831351,0.9501221881070242
chr12,PTPRB,ENST00000334414,TRUE,0.466,1,0,32831351,0.9501221881070242
NA,PTPRF,NM_002840.5,TRUE,0.348,NA,1,54997044,0.975964225824483
NA,PTPRF,NM_002840.5,TRUE,0.348,NA,15,36690058,0.9461178239000982
chr1,PTPRF,ENST00000359947,TRUE,0.348,0,1,54997044,0.975964225824483
chr1,PTPRF,ENST00000359947,TRUE,0.348,0,15,36690058,0.9461178239000982
NA,PTPRU,NM_133178.4,TRUE,0.525,NA,1,48630245,0.915539407490218
chr1,PTPRU,ENST00000373779,TRUE,0.525,1,1,48630245,0.915539407490218
NA,PUF60,NM_078480.3,TRUE,0.295,NA,1,49542866,0.9261039686975964
NA,PUF60,NM_078480.3,TRUE,0.295,NA,15,38877995,0.9906342140255536
NA,PUF60,NM_078480.3,TRUE,0.295,NA,9,32366904,0.8133720212371898
NA,PUF60,NM_078480.3,TRUE,0.295,NA,11,44516869,0.8686834544532702
NA,PUF60,NM_078480.3,TRUE,0.295,NA,0,30201159,0.8205401340936149
chr8,PUF60,ENST00000526683,TRUE,0.295,0,1,49542866,0.9261039686975964
chr8,PUF60,ENST00000526683,TRUE,0.295,0,15,38877995,0.9906342140255536
chr8,PUF60,ENST00000526683,TRUE,0.295,0,9,32366904,0.8133720212371898
chr8,PUF60,ENST00000526683,TRUE,0.295,0,11,44516869,0.8686834544532702
chr8,PUF60,ENST00000526683,TRUE,0.295,0,0,30201159,0.8205401340936149
NA,PUM1,NM_001020658.2,TRUE,0.165,NA,11,53901244,0.9687904906765816
NA,PUM1,NM_001020658.2,TRUE,0.165,NA,0,30265591,0.824926373832947
chr1,PUM1,ENST00000426105,TRUE,0.165,0,11,53901244,0.9687904906765816
chr1,PUM1,ENST00000426105,TRUE,0.165,0,0,30265591,0.824926373832947
NA,PUM2,NM_015317.5,TRUE,0.576,NA,1,47055232,0.8912800447177194
NA,PUM2,NM_015317.5,TRUE,0.576,NA,11,41434511,0.8226578784293843
NA,PUM2,NM_015317.5,TRUE,0.576,NA,0,30027429,0.8083213233911899
chr2,PUM2,ENST00000361078,TRUE,0.576,1,1,47055232,0.8912800447177194
chr2,PUM2,ENST00000361078,TRUE,0.576,1,11,41434511,0.8226578784293843
chr2,PUM2,ENST00000361078,TRUE,0.576,1,0,30027429,0.8083213233911899
NA,PURA,NM_005859.5,TRUE,0.138,NA,11,59109135,0.9957185510675456
chr5,PURA,ENST00000331327,TRUE,0.138,0,11,59109135,0.9957185510675456
NA,PWWP2A,NM_001130864.2,TRUE,0.599,NA,9,35824900,0.9487591060624768
NA,PWWP2A,NM_001130864.2,TRUE,0.599,NA,0,31779711,0.9094554796666456
chr5,PWWP2A,ENST00000307063,TRUE,0.599,2,9,35824900,0.9487591060624768
chr5,PWWP2A,ENST00000307063,TRUE,0.599,2,0,31779711,0.9094554796666456
NA,PXK,NM_017771.5,TRUE,0.588,NA,15,35641510,0.8934497311672545
NA,PXK,NM_017771.5,TRUE,0.588,NA,9,32321101,0.8104704284479566
chr3,PXK,ENST00000356151,TRUE,0.588,2,15,35641510,0.8934497311672545
chr3,PXK,ENST00000356151,TRUE,0.588,2,9,32321101,0.8104704284479566
NA,QKI,NM_006775.3,TRUE,0.449,NA,1,43967663,0.84169927333705985
NA,QKI,NM_006775.3,TRUE,0.449,NA,15,37093974,0.9582008440770076
NA,QKI,NM_006775.3,TRUE,0.449,NA,9,36879415,0.9674033831337202
NA,QKI,NM_006775.3,TRUE,0.449,NA,11,49367229,0.9286237395076332
NA,QKI,NM_006775.3,TRUE,0.449,NA,0,31975305,0.9172880506297388
chr6,QKI,ENST00000361752,TRUE,0.449,1,1,43967663,0.84169927333705985
chr6,QKI,ENST00000361752,TRUE,0.449,1,15,37093974,0.9582008440770076
chr6,QKI,ENST00000361752,TRUE,0.449,1,9,36879415,0.9674033831337202
chr6,QKI,ENST00000361752,TRUE,0.449,1,11,49367229,0.9286237395076332
chr6,QKI,ENST00000361752,TRUE,0.449,1,0,31975305,0.9172880506297388
NA,R3HDM1,NM_001378107.1,TRUE,0.382,NA,9,37356102,0.9732065687121868
chr2,R3HDM1,ENST00000683871,TRUE,0.382,0,9,37356102,0.9732065687121868
NA,RAB10,NM_016131.5,TRUE,0.522,NA,15,37253185,0.9622477886338672
chr2,RAB10,ENST00000264710,TRUE,0.522,1,15,37253185,0.9622477886338672
NA,RAB11FIP2,NM_014904.3,TRUE,0.483,NA,11,49563422,0.930820798828235
NA,RAB11FIP2,NM_014904.3,TRUE,0.483,NA,0,31953516,0.9166614449526912
chr10,RAB11FIP2,ENST00000355624,TRUE,0.483,1,11,49563422,0.930820798828235
chr10,RAB11FIP2,ENST00000355624,TRUE,0.483,1,0,31953516,0.9166614449526912
NA,RAB11FIP3,NM_014700.4,TRUE,0.383,NA,1,44888610,0.8576299608719955
NA,RAB11FIP3,NM_014700.4,TRUE,0.383,NA,11,49296066,0.9274407075657708
chr16,RAB11FIP3,ENST00000262305,TRUE,0.383,0,1,44888610,0.8576299608719955
chr16,RAB11FIP3,ENST00000262305,TRUE,0.383,0,11,49296066,0.9274407075657708
NA,RAB11FIP4,NM_032932.6,TRUE,0.536,NA,11,45764401,0.8851332319305955
chr17,RAB11FIP4,ENST00000621161,TRUE,0.536,1,11,45764401,0.8851332319305955
NA,RAB14,NM_016322.4,TRUE,0.224,NA,9,33506073,0.8713421410050624
NA,RAB14,NM_016322.4,TRUE,0.224,NA,0,32689653,0.9392819098941037
chr9,RAB14,ENST00000373840,TRUE,0.224,0,9,33506073,0.8713421410050624
chr9,RAB14,ENST00000373840,TRUE,0.224,0,0,32689653,0.9392819098941037
NA,RAB18,NM_021252.5,TRUE,0.537,NA,1,51223869,0.9448295136948016
NA,RAB18,NM_021252.5,TRUE,0.537,NA,15,34837726,0.8269642134474187
chr10,RAB18,ENST00000356940,TRUE,0.537,1,1,51223869,0.9448295136948016
chr10,RAB18,ENST00000356940,TRUE,0.537,1,15,34837726,0.8269642134474187
NA,RAB1A,NM_004161.5,TRUE,0.311,NA,1,44019317,0.8423700391280045
NA,RAB1A,NM_004161.5,TRUE,0.311,NA,15,35395717,0.8736197028386425
NA,RAB1A,NM_004161.5,TRUE,0.311,NA,9,34014749,0.8917150265464873
NA,RAB1A,NM_004161.5,TRUE,0.311,NA,11,52814191,0.9596642442679284
NA,RAB1A,NM_004161.5,TRUE,0.311,NA,0,31724522,0.9068863963907512
chr2,RAB1A,ENST00000409784,TRUE,0.311,0,1,44019317,0.8423700391280045
chr2,RAB1A,ENST00000409784,TRUE,0.311,0,15,35395717,0.8736197028386425
chr2,RAB1A,ENST00000409784,TRUE,0.311,0,9,34014749,0.8917150265464873
chr2,RAB1A,ENST00000409784,TRUE,0.311,0,11,52814191,0.9596642442679284
chr2,RAB1A,ENST00000409784,TRUE,0.311,0,0,31724522,0.9068863963907512
NA,RAB24,NM_001031677.4,TRUE,0.437,NA,11,41413906,0.8220381950312659
NA,RAB24,NM_001031677.4,TRUE,0.437,NA,0,31875099,0.912933141174259
chr5,RAB24,ENST00000303251,TRUE,0.437,1,11,41413906,0.8220381950312659
chr5,RAB24,ENST00000303251,TRUE,0.437,1,0,31875099,0.912933141174259
NA,RAB35,NM_006861.7,TRUE,0.329,NA,0,30318167,0.8283727050567078
chr12,RAB35,ENST00000229340,TRUE,0.329,0,0,30318167,0.8283727050567078
NA,RAB3GAP2,NM_012414.4,TRUE,0.535,NA,9,33952621,0.8897394740091369
chr1,RAB3GAP2,ENST00000358951,TRUE,0.535,1,9,33952621,0.8897394740091369
NA,RAB40C,NM_021168.5,TRUE,0.524,NA,9,34976907,0.9237560192616372
chr16,RAB40C,ENST00000248139,TRUE,0.524,1,9,34976907,0.9237560192616372
NA,RAB5A,NM_004162.5,TRUE,0.395,NA,11,51784181,0.9514956903836403
chr3,RAB5A,ENST00000273047,TRUE,0.395,0,11,51784181,0.9514956903836403
NA,RAB5C,NM_004583.4,TRUE,0.41,NA,1,43039628,0.8237003912800447
NA,RAB5C,NM_004583.4,TRUE,0.41,NA,11,58649485,0.9935778266013182
NA,RAB5C,NM_004583.4,TRUE,0.41,NA,0,30967665,0.8684754683877436
chr17,RAB5C,ENST00000346213,TRUE,0.41,1,1,43039628,0.8237003912800447
chr17,RAB5C,ENST00000346213,TRUE,0.41,1,11,58649485,0.9935778266013182
chr17,RAB5C,ENST00000346213,TRUE,0.41,1,0,30967665,0.8684754683877436
NA,RAB6B,NM_016577.4,TRUE,0.403,NA,11,45894683,0.8869922821249507
chr3,RAB6B,ENST00000285208,TRUE,0.403,1,11,45894683,0.8869922821249507
NA,RAB7A,NM_004637.6,TRUE,0.242,NA,1,42067466,0.8053661263275573
chr3,RAB7A,ENST00000265062,TRUE,0.242,0,1,42067466,0.8053661263275573
NA,RAB8A,NM_005370.5,TRUE,0.34,NA,1,58661268,0.9931246506428172
NA,RAB8A,NM_005370.5,TRUE,0.34,NA,15,35067155,0.8477770711684107
NA,RAB8A,NM_005370.5,TRUE,0.34,NA,9,35167819,0.9293122607729348
NA,RAB8A,NM_005370.5,TRUE,0.34,NA,11,51311962,0.9473269111599346
chr19,RAB8A,ENST00000300935,TRUE,0.34,0,1,58661268,0.9931246506428172
chr19,RAB8A,ENST00000300935,TRUE,0.34,0,15,35067155,0.8477770711684107
chr19,RAB8A,ENST00000300935,TRUE,0.34,0,9,35167819,0.9293122607729348
chr19,RAB8A,ENST00000300935,TRUE,0.34,0,11,51311962,0.9473269111599346
NA,RABEP1,NM_004703.6,TRUE,0.492,NA,15,37934617,0.9806324796207436
NA,RABEP1,NM_004703.6,TRUE,0.492,NA,9,37050980,0.9693789356710704
chr17,RABEP1,ENST00000537505,TRUE,0.492,1,15,37934617,0.9806324796207436
chr17,RABEP1,ENST00000537505,TRUE,0.492,1,9,37050980,0.9693789356710704
NA,RABGAP1,NM_012197.4,TRUE,0.241,NA,9,33518784,0.8719595011729843
NA,RABGAP1,NM_012197.4,TRUE,0.241,NA,0,30172412,0.8191616016041106
chr9,RABGAP1,ENST00000373647,TRUE,0.241,0,9,33518784,0.8719595011729843
chr9,RABGAP1,ENST00000373647,TRUE,0.241,0,0,30172412,0.8191616016041106
NA,RABL6,NM_024718.5,TRUE,0.588,NA,1,54104844,0.9694242593627724
NA,RABL6,NM_024718.5,TRUE,0.588,NA,11,55393125,0.9791561038814716
NA,RABL6,NM_024718.5,TRUE,0.588,NA,0,32428762,0.9312613572278964
chr9,RABL6,ENST00000311502,TRUE,0.588,2,1,54104844,0.9694242593627724
chr9,RABL6,ENST00000311502,TRUE,0.588,2,11,55393125,0.9791561038814716
chr9,RABL6,ENST00000311502,TRUE,0.588,2,0,32428762,0.9312613572278964
NA,RAC1,NM_006908.5,TRUE,0.25,NA,1,56964980,0.987199552822806
NA,RAC1,NM_006908.5,TRUE,0.25,NA,11,60127121,0.9980846149512704
chr7,RAC1,ENST00000348035,TRUE,0.25,0,1,56964980,0.987199552822806
chr7,RAC1,ENST00000348035,TRUE,0.25,0,11,60127121,0.9980846149512704
NA,RACGAP1,NM_001319999.2,TRUE,0.522,NA,1,54832717,0.974958077138066
NA,RACGAP1,NM_001319999.2,TRUE,0.522,NA,11,58076968,0.9910427581544702
NA,RACGAP1,NM_001319999.2,TRUE,0.522,NA,0,31308988,0.8861457484804812
chr12,RACGAP1,ENST00000312377,TRUE,0.522,1,1,54832717,0.974958077138066
chr12,RACGAP1,ENST00000312377,TRUE,0.522,1,11,58076968,0.9910427581544702
chr12,RACGAP1,ENST00000312377,TRUE,0.522,1,0,31308988,0.8861457484804812
NA,RACK1,NM_006098.5,TRUE,0.24,NA,1,56778748,0.986193404136389
NA,RACK1,NM_006098.5,TRUE,0.24,NA,15,37788699,0.9747355032664624
NA,RACK1,NM_006098.5,TRUE,0.24,NA,9,41273264,0.9998147919496234
NA,RACK1,NM_006098.5,TRUE,0.24,NA,11,55374940,0.9790434341727228
NA,RACK1,NM_006098.5,TRUE,0.24,NA,0,32144776,0.9224888777492324
chr5,RACK1,ENST00000512805,TRUE,0.24,0,1,56778748,0.986193404136389
chr5,RACK1,ENST00000512805,TRUE,0.24,0,15,37788699,0.9747355032664624
chr5,RACK1,ENST00000512805,TRUE,0.24,0,9,41273264,0.9998147919496234
chr5,RACK1,ENST00000512805,TRUE,0.24,0,11,55374940,0.9790434341727228
chr5,RACK1,ENST00000512805,TRUE,0.24,0,0,32144776,0.9224888777492324
NA,RAD21,NM_006265.3,TRUE,0.341,NA,1,47774430,0.9029066517607602
NA,RAD21,NM_006265.3,TRUE,0.341,NA,9,34971059,0.9235708112112606
chr8,RAD21,ENST00000297338,TRUE,0.341,0,1,47774430,0.9029066517607602
chr8,RAD21,ENST00000297338,TRUE,0.341,0,9,34971059,0.9235708112112606
NA,RAD23A,NM_005053.4,TRUE,0.547,NA,1,48863469,0.9184460592509782
NA,RAD23A,NM_005053.4,TRUE,0.547,NA,11,51197623,0.946650892907442
NA,RAD23A,NM_005053.4,TRUE,0.547,NA,0,29927563,0.8014286609436682
chr19,RAD23A,ENST00000586534,TRUE,0.547,1,1,48863469,0.9184460592509782
chr19,RAD23A,ENST00000586534,TRUE,0.547,1,11,51197623,0.946650892907442
chr19,RAD23A,ENST00000586534,TRUE,0.547,1,0,29927563,0.8014286609436682
NA,RAD23B,NM_002874.5,TRUE,0.224,NA,1,53915848,0.9678591391839017
NA,RAD23B,NM_002874.5,TRUE,0.224,NA,9,35728093,0.9464131374243734
chr9,RAD23B,ENST00000358015,TRUE,0.224,0,1,53915848,0.9678591391839017
chr9,RAD23B,ENST00000358015,TRUE,0.224,0,9,35728093,0.9464131374243734
NA,RAD51,NM_002875.5,TRUE,0.467,NA,9,32333131,0.8113964686998395
chr15,RAD51,ENST00000267868,TRUE,0.467,1,9,32333131,0.8113964686998395
NA,RAD54L2,NM_015106.4,TRUE,0.265,NA,1,45966149,0.8754052543320291
NA,RAD54L2,NM_015106.4,TRUE,0.265,NA,15,35510533,0.882580794357403
NA,RAD54L2,NM_015106.4,TRUE,0.265,NA,0,32457562,0.9322012657434676
chr3,RAD54L2,ENST00000684192,TRUE,0.265,0,1,45966149,0.8754052543320291
chr3,RAD54L2,ENST00000684192,TRUE,0.265,0,15,35510533,0.882580794357403
chr3,RAD54L2,ENST00000684192,TRUE,0.265,0,0,32457562,0.9322012657434676
NA,RAE1,NM_003610.4,TRUE,0.411,NA,15,36671801,0.9453662484823958
NA,RAE1,NM_003610.4,TRUE,0.411,NA,11,57026041,0.9872119880570108
chr20,RAE1,ENST00000395841,TRUE,0.411,1,15,36671801,0.9453662484823958
chr20,RAE1,ENST00000395841,TRUE,0.411,1,11,57026041,0.9872119880570108
NA,RAF1,NM_001354689.3,TRUE,0.353,NA,11,50531037,0.9408484029068784
NA,RAF1,NM_001354689.3,TRUE,0.353,NA,0,33163162,0.9646594398145248
chr3,RAF1,ENST00000442415,TRUE,0.353,0,11,50531037,0.9408484029068784
chr3,RAF1,ENST00000442415,TRUE,0.353,0,0,33163162,0.9646594398145248
NA,RAI14,NM_015577.3,TRUE,0.518,NA,9,33223968,0.8566489690085196
chr5,RAI14,ENST00000265109,TRUE,0.518,1,9,33223968,0.8566489690085196
NA,RALA,NM_005402.4,TRUE,0.54,NA,11,50406823,0.9393273618387696
chr7,RALA,ENST00000005257,TRUE,0.54,1,11,50406823,0.9393273618387696
NA,RALBP1,NM_006788.4,TRUE,0.53,NA,11,53355136,0.9645653765985016
chr18,RALBP1,ENST00000383432,TRUE,0.53,1,11,53355136,0.9645653765985016
NA,RALGAPA1,NM_001346249.2,TRUE,0.292,NA,15,35842631,0.9069202751922298
NA,RALGAPA1,NM_001346249.2,TRUE,0.292,NA,9,36715117,0.9645635263612792
chr14,RALGAPA1,ENST00000680220,TRUE,0.292,0,15,35842631,0.9069202751922298
chr14,RALGAPA1,ENST00000680220,TRUE,0.292,0,9,36715117,0.9645635263612792
NA,RALGAPB,NM_020336.4,TRUE,0.202,NA,9,32763522,0.8333744906778615
chr20,RALGAPB,ENST00000262879,TRUE,0.202,0,9,32763522,0.8333744906778615
NA,RALGPS1,NM_014636.3,TRUE,0.358,NA,9,32341261,0.8121373009013458
chr9,RALGPS1,ENST00000259351,TRUE,0.358,0,9,32341261,0.8121373009013458
NA,RAN,NM_006325.5,TRUE,0.24,NA,15,37217159,0.961149332254148
chr12,RAN,ENST00000543796,TRUE,0.24,0,15,37217159,0.961149332254148
NA,RANBP2,NM_006267.5,TRUE,0.231,NA,1,53198676,0.9619340413638904
NA,RANBP2,NM_006267.5,TRUE,0.231,NA,0,30764581,0.8574472084717087
chr2,RANBP2,ENST00000283195,TRUE,0.231,0,1,53198676,0.9619340413638904
chr2,RANBP2,ENST00000283195,TRUE,0.231,0,0,30764581,0.8574472084717087
NA,RANBP3,NM_007322.3,TRUE,0.281,NA,15,34748978,0.8186968838526912
NA,RANBP3,NM_007322.3,TRUE,0.281,NA,11,41792233,0.8288547124105684
NA,RANBP3,NM_007322.3,TRUE,0.281,NA,0,30665734,0.8514317939720534
chr19,RANBP3,ENST00000340578,TRUE,0.281,0,15,34748978,0.8186968838526912
chr19,RANBP3,ENST00000340578,TRUE,0.281,0,11,41792233,0.8288547124105684
chr19,RANBP3,ENST00000340578,TRUE,0.281,0,0,30665734,0.8514317939720534
NA,RANBP6,NM_012416.4,TRUE,0.465,NA,1,43707693,0.8366126327557295
chr9,RANBP6,ENST00000259569,TRUE,0.465,1,1,43707693,0.8366126327557295
NA,RAP1B,NM_001010942.3,TRUE,0.185,NA,1,42236229,0.8094466182224707
NA,RAP1B,NM_001010942.3,TRUE,0.185,NA,15,37744472,0.9738683008614212
chr12,RAP1B,ENST00000250559,TRUE,0.185,0,1,42236229,0.8094466182224707
chr12,RAP1B,ENST00000250559,TRUE,0.185,0,15,37744472,0.9738683008614212
NA,RAP1GAP2,NM_015085.5,TRUE,0.433,NA,9,36141024,0.9551796518088652
chr17,RAP1GAP2,ENST00000254695,TRUE,0.433,1,9,36141024,0.9551796518088652
NA,RAPGEF1,NM_001377935.1,TRUE,0.321,NA,1,44164467,0.8451648965902739
NA,RAPGEF1,NM_001377935.1,TRUE,0.321,NA,15,35786979,0.903104584610048
NA,RAPGEF1,NM_001377935.1,TRUE,0.321,NA,0,30923475,0.8663450090857823
chr9,RAPGEF1,ENST00000683357,TRUE,0.321,0,1,44164467,0.8451648965902739
chr9,RAPGEF1,ENST00000683357,TRUE,0.321,0,15,35786979,0.903104584610048
chr9,RAPGEF1,ENST00000683357,TRUE,0.321,0,0,30923475,0.8663450090857823
NA,RAPGEF2,NM_001351724.5,TRUE,0.377,NA,11,40812577,0.8116162469720016
chr4,RAPGEF2,ENST00000691494,TRUE,0.371,0,11,40812577,0.8116162469720016
NA,RAPGEF6,NM_016340.6,TRUE,0.41,NA,9,34903366,0.9213483146067416
chr5,RAPGEF6,ENST00000509018,TRUE,0.41,1,9,34903366,0.9213483146067416
NA,RASAL2,NM_170692.4,TRUE,0.552,NA,9,35989093,0.9518459069020868
chr1,RASAL2,ENST00000367649,TRUE,0.552,1,9,35989093,0.9518459069020868
NA,RB1,NM_000321.3,TRUE,0.239,NA,15,34565821,0.8008325143088397
chr13,RB1,ENST00000267163,TRUE,0.239,0,15,34565821,0.8008325143088397
NA,RB1CC1,NM_014781.5,TRUE,0.293,NA,15,34939488,0.8354627970168237
NA,RB1CC1,NM_014781.5,TRUE,0.293,NA,9,35093305,0.9269662921348316
NA,RB1CC1,NM_014781.5,TRUE,0.293,NA,11,49981877,0.9352712523238128
NA,RB1CC1,NM_014781.5,TRUE,0.293,NA,0,33075597,0.9627796227833824
chr8,RB1CC1,ENST00000025008,TRUE,0.293,0,15,34939488,0.8354627970168237
chr8,RB1CC1,ENST00000025008,TRUE,0.293,0,9,35093305,0.9269662921348316
chr8,RB1CC1,ENST00000025008,TRUE,0.293,0,11,49981877,0.9352712523238128
chr8,RB1CC1,ENST00000025008,TRUE,0.293,0,0,33075597,0.9627796227833824
NA,RBBP4,NM_005610.3,TRUE,0.144,NA,1,54099173,0.9693124650642816
NA,RBBP4,NM_005610.3,TRUE,0.144,NA,11,52034911,0.9544814376654835
chr1,RBBP4,ENST00000373493,TRUE,0.144,0,1,54099173,0.9693124650642816
chr1,RBBP4,ENST00000373493,TRUE,0.144,0,11,52034911,0.9544814376654835
NA,RBBP5,NM_005057.4,TRUE,0.144,NA,15,34858400,0.8288720587385096
chr1,RBBP5,ENST00000264515,TRUE,0.144,0,15,34858400,0.8288720587385096
NA,RBBP6,NM_006910.5,TRUE,0.212,NA,1,55539333,0.9800447177193964
NA,RBBP6,NM_006910.5,TRUE,0.212,NA,15,36538591,0.9409724229635196
NA,RBBP6,NM_006910.5,TRUE,0.212,NA,11,47466778,0.9078361782434792
NA,RBBP6,NM_006910.5,TRUE,0.212,NA,0,30188836,0.8199761889842722
chr16,RBBP6,ENST00000319715,TRUE,0.212,0,1,55539333,0.9800447177193964
chr16,RBBP6,ENST00000319715,TRUE,0.212,0,15,36538591,0.9409724229635196
chr16,RBBP6,ENST00000319715,TRUE,0.212,0,11,47466778,0.9078361782434792
chr16,RBBP6,ENST00000319715,TRUE,0.212,0,0,30188836,0.8199761889842722
NA,RBFOX1,NM_018723.4,TRUE,0.311,NA,15,35598512,0.8901254552812626
chr16,RBFOX1,ENST00000550418,TRUE,0.311,0,15,35598512,0.8901254552812626
NA,RBFOX2,XM_005261429.2,TRUE,0.469,NA,1,43380802,0.8305198434879821
NA,RBFOX2,XM_005261429.2,TRUE,0.469,NA,11,54949516,0.976283026308377
chr22,RBFOX2,ENST00000405409,TRUE,0.336,0,1,43380802,0.8305198434879821
chr22,RBFOX2,ENST00000405409,TRUE,0.336,0,11,54949516,0.976283026308377
NA,RBM12B,NM_001377960.1,TRUE,0.523,NA,1,48577584,0.9144214645053104
chr8,RBM12B,ENST00000520560,TRUE,0.523,1,1,48577584,0.9144214645053104
NA,RBM14,NM_006328.4,TRUE,0.196,NA,1,48242280,0.9099496925656791
NA,RBM14,NM_006328.4,TRUE,0.196,NA,15,36798781,0.949760074001272
NA,RBM14,NM_006328.4,TRUE,0.196,NA,11,45917259,0.8872176215424483
NA,RBM14,NM_006328.4,TRUE,0.196,NA,0,31044427,0.8726737264239613
chr11,RBM14,ENST00000310137,TRUE,0.196,0,1,48242280,0.9099496925656791
chr11,RBM14,ENST00000310137,TRUE,0.196,0,15,36798781,0.949760074001272
chr11,RBM14,ENST00000310137,TRUE,0.196,0,11,45917259,0.8872176215424483
chr11,RBM14,ENST00000310137,TRUE,0.196,0,0,31044427,0.8726737264239613
NA,RBM15,NM_022768.5,TRUE,0.208,NA,15,35451603,0.8784182228132046
NA,RBM15,NM_022768.5,TRUE,0.208,NA,0,31723916,0.9068237358230464
chr1,RBM15,ENST00000369784,TRUE,0.208,0,15,35451603,0.8784182228132046
chr1,RBM15,ENST00000369784,TRUE,0.208,0,0,31723916,0.9068237358230464
NA,RBM15B,NM_013286.5,TRUE,0.394,NA,15,35513771,0.8829276753194195
NA,RBM15B,NM_013286.5,TRUE,0.394,NA,9,32884679,0.8402889245585875
chr3,RBM15B,ENST00000563281,TRUE,0.394,0,15,35513771,0.8829276753194195
chr3,RBM15B,ENST00000563281,TRUE,0.394,0,9,32884679,0.8402889245585875
NA,RBM17,NM_032905.5,TRUE,0.151,NA,9,32304512,0.8097913322632424
NA,RBM17,NM_032905.5,TRUE,0.151,NA,11,46353140,0.8931327812517604
chr10,RBM17,ENST00000379888,TRUE,0.151,0,9,32304512,0.8097913322632424
chr10,RBM17,ENST00000379888,TRUE,0.151,0,11,46353140,0.8931327812517604
NA,RBM25,NM_021239.3,TRUE,0.198,NA,1,57372399,0.9894354387926216
NA,RBM25,NM_021239.3,TRUE,0.198,NA,9,33988986,0.8905420422274355
NA,RBM25,NM_021239.3,TRUE,0.198,NA,11,58576261,0.9932961523294462
chr14,RBM25,ENST00000261973,TRUE,0.198,0,1,57372399,0.9894354387926216
chr14,RBM25,ENST00000261973,TRUE,0.198,0,9,33988986,0.8905420422274355
chr14,RBM25,ENST00000261973,TRUE,0.198,0,11,58576261,0.9932961523294462
NA,RBM33,NM_053043.3,TRUE,0.325,NA,1,43817530,0.8387367244270543
NA,RBM33,NM_053043.3,TRUE,0.325,NA,9,34050066,0.8931349549327078
NA,RBM33,NM_053043.3,TRUE,0.325,NA,0,29969746,0.8048123315997243
chr7,RBM33,ENST00000401878,TRUE,0.325,0,1,43817530,0.8387367244270543
chr7,RBM33,ENST00000401878,TRUE,0.325,0,9,34050066,0.8931349549327078
chr7,RBM33,ENST00000401878,TRUE,0.325,0,0,29969746,0.8048123315997243
NA,RBM39,NM_184234.3,TRUE,0.263,NA,1,46638784,0.8845723868082728
chr20,RBM39,ENST00000253363,TRUE,0.263,0,1,46638784,0.8845723868082728
NA,RBM4,NM_002896.4,TRUE,0.423,NA,11,44821759,0.8729649033857247
chr11,RBM4,ENST00000310092,TRUE,0.423,1,11,44821759,0.8729649033857247
NA,RBM5,NM_005778.4,TRUE,0.202,NA,15,35160621,0.8563334682314853
NA,RBM5,NM_005778.4,TRUE,0.202,NA,11,40841091,0.8121795955157456
chr3,RBM5,ENST00000347869,TRUE,0.202,0,15,35160621,0.8563334682314853
chr3,RBM5,ENST00000347869,TRUE,0.202,0,11,40841091,0.8121795955157456
NA,RBM6,NM_005777.3,TRUE,0.213,NA,15,34964299,0.8393941145863445
NA,RBM6,NM_005777.3,TRUE,0.213,NA,11,41025689,0.8152780125063377
chr3,RBM6,ENST00000266022,TRUE,0.213,0,15,34964299,0.8393941145863445
chr3,RBM6,ENST00000266022,TRUE,0.213,0,11,41025689,0.8152780125063377
NA,RBM8A,NM_005105.5,TRUE,0.546,NA,15,37537276,0.9676822570387928
chr1,RBM8A,ENST00000583313,TRUE,0.546,1,15,37537276,0.9676822570387928
NA,RBMS1,NM_016836.4,TRUE,0.411,NA,1,51498590,0.9478479597540526
NA,RBMS1,NM_016836.4,TRUE,0.411,NA,11,53702634,0.9672131147540984
chr2,RBMS1,ENST00000348849,TRUE,0.411,1,1,51498590,0.9478479597540526
chr2,RBMS1,ENST00000348849,TRUE,0.411,1,11,53702634,0.9672131147540984
NA,RBPJ,NM_015874.6,TRUE,0.267,NA,15,34999966,0.842747297219171
NA,RBPJ,NM_015874.6,TRUE,0.267,NA,9,34278680,0.9014693171996544
NA,RBPJ,NM_015874.6,TRUE,0.267,NA,0,32519605,0.9337051193683816
chr4,RBPJ,ENST00000355476,TRUE,0.267,0,15,34999966,0.842747297219171
chr4,RBPJ,ENST00000355476,TRUE,0.267,0,9,34278680,0.9014693171996544
chr4,RBPJ,ENST00000355476,TRUE,0.267,0,0,32519605,0.9337051193683816
NA,RC3H1,NM_172071.4,TRUE,0.463,NA,15,35449539,0.8783604093195352
NA,RC3H1,NM_172071.4,TRUE,0.463,NA,9,35488129,0.9367205827879984
chr1,RC3H1,ENST00000367696,TRUE,0.463,1,15,35449539,0.8783604093195352
chr1,RC3H1,ENST00000367696,TRUE,0.463,1,9,35488129,0.9367205827879984
NA,RC3H2,NM_001100588.3,TRUE,0.309,NA,9,33251944,0.8580688973947401
NA,RC3H2,NM_001100588.3,TRUE,0.309,NA,11,48979583,0.9246239648470508
chr9,RC3H2,ENST00000357244,TRUE,0.309,0,9,33251944,0.8580688973947401
chr9,RC3H2,ENST00000357244,TRUE,0.309,0,11,48979583,0.9246239648470508
NA,RCC1,NM_001381865.2,TRUE,0.396,NA,1,51161718,0.9441587479038568
NA,RCC1,NM_001381865.2,TRUE,0.396,NA,15,39157930,0.9919061108862808
NA,RCC1,NM_001381865.2,TRUE,0.396,NA,11,53192256,0.9633823446566392
NA,RCC1,NM_001381865.2,TRUE,0.396,NA,0,30882580,0.8637132652421831
chr1,RCC1,ENST00000683442,TRUE,0.396,0,1,51161718,0.9441587479038568
chr1,RCC1,ENST00000683442,TRUE,0.396,0,15,39157930,0.9919061108862808
chr1,RCC1,ENST00000683442,TRUE,0.396,0,11,53192256,0.9633823446566392
chr1,RCC1,ENST00000683442,TRUE,0.396,0,0,30882580,0.8637132652421831
NA,RCC2,NM_018715.4,TRUE,0.508,NA,1,49869133,0.9306875349357184
NA,RCC2,NM_018715.4,TRUE,0.508,NA,11,42124241,0.8339248493042646
chr1,RCC2,ENST00000375436,TRUE,0.508,1,1,49869133,0.9306875349357184
chr1,RCC2,ENST00000375436,TRUE,0.508,1,11,42124241,0.8339248493042646
NA,RCOR2,NM_173587.4,TRUE,0.539,NA,1,47685788,0.9011179429849078
chr11,RCOR2,ENST00000301459,TRUE,0.539,1,1,47685788,0.9011179429849078
NA,RDX,NM_002906.4,TRUE,0.542,NA,15,34718123,0.8152280742325259
NA,RDX,NM_002906.4,TRUE,0.542,NA,11,44781815,0.8726268942594784
chr11,RDX,ENST00000645495,TRUE,0.542,1,15,34718123,0.8152280742325259
chr11,RDX,ENST00000645495,TRUE,0.542,1,11,44781815,0.8726268942594784
NA,REL,NM_001291746.2,TRUE,0.416,NA,9,36329332,0.9581429806148908
chr2,REL,ENST00000394479,TRUE,0.416,1,9,36329332,0.9581429806148908
NA,RELA,NM_021975.4,TRUE,0.4,NA,15,36769875,0.9486038041278836
NA,RELA,NM_021975.4,TRUE,0.4,NA,0,31836396,0.9110219938592644
chr11,RELA,ENST00000406246,TRUE,0.4,0,15,36769875,0.9486038041278836
chr11,RELA,ENST00000406246,TRUE,0.4,0,0,31836396,0.9110219938592644
NA,RELCH,NM_001346231.2,TRUE,0.37,NA,15,34602998,0.8047638318783604
chr18,RELCH,ENST00000644646,TRUE,0.37,0,15,34602998,0.8047638318783604
NA,RELL1,NM_001085400.2,TRUE,0.471,NA,1,42550536,0.8153158188932365
NA,RELL1,NM_001085400.2,TRUE,0.471,NA,11,46282616,0.8921750887273956
chr4,RELL1,ENST00000454158,TRUE,0.471,1,1,42550536,0.8153158188932365
chr4,RELL1,ENST00000454158,TRUE,0.471,1,11,46282616,0.8921750887273956
NA,REPS1,NM_001286611.2,TRUE,0.586,NA,1,50892928,0.9416992733370598
NA,REPS1,NM_001286611.2,TRUE,0.586,NA,11,53081745,0.9620303081516536
chr6,REPS1,ENST00000450536,TRUE,0.586,2,1,50892928,0.9416992733370598
chr6,REPS1,ENST00000450536,TRUE,0.586,2,11,53081745,0.9620303081516536
NA,RERE,NM_001042681.2,TRUE,0.459,NA,9,33085873,0.8498580071613779
NA,RERE,NM_001042681.2,TRUE,0.459,NA,11,40392663,0.8038983719227086
chr1,RERE,ENST00000400908,TRUE,0.459,1,9,33085873,0.8498580071613779
chr1,RERE,ENST00000400908,TRUE,0.459,1,11,40392663,0.8038983719227086
NA,RESF1,NM_018169.4,TRUE,0.57,NA,1,51485398,0.9475684740078256
NA,RESF1,NM_018169.4,TRUE,0.57,NA,9,33363314,0.86368687492283
NA,RESF1,NM_018169.4,TRUE,0.57,NA,11,50097069,0.9366796236831728
chr12,RESF1,ENST00000312561,TRUE,0.57,1,1,51485398,0.9475684740078256
chr12,RESF1,ENST00000312561,TRUE,0.57,1,9,33363314,0.86368687492283
chr12,RESF1,ENST00000312561,TRUE,0.57,1,11,50097069,0.9366796236831728
NA,REV3L,NM_001372078.1,TRUE,0.261,NA,15,37882088,0.9760652136208592
chr6,REV3L,ENST00000368802,TRUE,0.261,0,15,37882088,0.9760652136208592
NA,RFC1,NM_002913.5,TRUE,0.387,NA,9,35314386,0.9332633658476356
chr4,RFC1,ENST00000349703,TRUE,0.387,0,9,35314386,0.9332633658476356
NA,RFK,NM_018339.6,TRUE,0.557,NA,1,52002585,0.9529904974846284
NA,RFK,NM_018339.6,TRUE,0.557,NA,15,36313489,0.9290050297739492
NA,RFK,NM_018339.6,TRUE,0.557,NA,11,53256060,0.9640020280547574
chr9,RFK,ENST00000376736,TRUE,0.557,1,1,52002585,0.9529904974846284
chr9,RFK,ENST00000376736,TRUE,0.557,1,15,36313489,0.9290050297739492
chr9,RFK,ENST00000376736,TRUE,0.557,1,11,53256060,0.9640020280547574
NA,RFX1,NM_002918.5,TRUE,0.587,NA,0,30453970,0.8372078451030767
chr19,RFX1,ENST00000254325,TRUE,0.587,2,0,30453970,0.8372078451030767
NA,RFX7,NM_022841.7,TRUE,0.3,NA,0,30425076,0.8352027069365249
chr15,RFX7,ENST00000559447,TRUE,0.3,0,0,30425076,0.8352027069365249
NA,RGPD8,NM_001164463.1,TRUE,0.416,NA,0,30069434,0.8118303151826556
chr2,RGPD8,ENST00000302558,TRUE,0.416,1,0,30069434,0.8118303151826556
NA,RHBDF2,NM_001005498.4,TRUE,0.545,NA,11,42006583,0.8323474733817813
chr17,RHBDF2,ENST00000675367,TRUE,0.545,1,11,42006583,0.8323474733817813
NA,RHOA,NM_001664.4,TRUE,0.433,NA,11,47209477,0.904850430961636
NA,RHOA,NM_001664.4,TRUE,0.433,NA,0,30483798,0.8400902312174948
chr3,RHOA,ENST00000418115,TRUE,0.433,1,11,47209477,0.904850430961636
chr3,RHOA,ENST00000418115,TRUE,0.433,1,0,30483798,0.8400902312174948
NA,RHOG,NM_001665.4,TRUE,0.367,NA,15,36834473,0.9509163438746604
chr11,RHOG,ENST00000351018,TRUE,0.367,0,15,36834473,0.9509163438746604
NA,RHOT1,NM_001033566.3,TRUE,0.599,NA,9,34254340,0.9006050129645635
chr17,RHOT1,ENST00000545287,TRUE,0.599,2,9,34254340,0.9006050129645635
NA,RHOV,NM_133639.4,TRUE,0.497,NA,11,44153837,0.8641766661033181
chr15,RHOV,ENST00000220507,TRUE,0.497,1,11,44153837,0.8641766661033181
NA,RIC8B,NM_001330145.2,TRUE,0.426,NA,9,36107483,0.9545622916409432
chr12,RIC8B,ENST00000392837,TRUE,0.426,1,9,36107483,0.9545622916409432
NA,RIF1,NM_018151.5,TRUE,0.254,NA,15,37092383,0.9580852170896688
NA,RIF1,NM_018151.5,TRUE,0.254,NA,11,44609574,0.8700354909582558
chr2,RIF1,ENST00000444746,TRUE,0.254,0,15,37092383,0.9580852170896688
chr2,RIF1,ENST00000444746,TRUE,0.254,0,11,44609574,0.8700354909582558
NA,RIMKLB,NM_001297776.2,TRUE,0.445,NA,9,35767018,0.9475243857266328
chr12,RIMKLB,ENST00000535829,TRUE,0.445,1,9,35767018,0.9475243857266328
chr8,RIMS2,ENST00000504942,TRUE,0.395,0,15,35114934,0.852344337168295
NA,RIPK4,NM_020639.3,TRUE,0.577,NA,1,44620455,0.8528228060368921
NA,RIPK4,NM_020639.3,TRUE,0.577,NA,15,37965021,0.98097936058276
NA,RIPK4,NM_020639.3,TRUE,0.577,NA,11,46892874,0.8995549546504422
chr21,RIPK4,ENST00000332512,TRUE,0.577,1,1,44620455,0.8528228060368921
chr21,RIPK4,ENST00000332512,TRUE,0.577,1,15,37965021,0.98097936058276
chr21,RIPK4,ENST00000332512,TRUE,0.577,1,11,46892874,0.8995549546504422
NA,RIT1,NM_006912.6,TRUE,0.523,NA,9,32624143,0.8268304728978886
chr1,RIT1,ENST00000368323,TRUE,0.523,1,9,32624143,0.8268304728978886
NA,RMC1,NM_013326.5,TRUE,0.571,NA,11,47035454,0.90209002309729025
chr18,RMC1,ENST00000269221,TRUE,0.571,1,11,47035454,0.90209002309729025
NA,RND1,NM_014470.4,TRUE,0.561,NA,0,31654417,0.9019988721097814
chr12,RND1,ENST00000309739,TRUE,0.561,1,0,31654417,0.9019988721097814
NA,RNF11,NM_014372.5,TRUE,0.537,NA,1,48208767,0.9093907210732252
NA,RNF11,NM_014372.5,TRUE,0.537,NA,11,54308296,0.9721142470846712
chr1,RNF11,ENST00000242719,TRUE,0.537,1,1,48208767,0.9093907210732252
chr1,RNF11,ENST00000242719,TRUE,0.537,1,11,54308296,0.9721142470846712
NA,RNF111,NM_017610.8,TRUE,0.328,NA,9,40510266,0.9991974317817014
chr15,RNF111,ENST00000348370,TRUE,0.328,0,9,40510266,0.9991974317817014
NA,RNF114,NM_018683.4,TRUE,0.43,NA,9,36116690,0.9546857636745276
chr20,RNF114,ENST00000244061,TRUE,0.43,1,9,36116690,0.9546857636745276
NA,RNF139,NM_007218.4,TRUE,0.493,NA,0,31677333,0.9050692399273136
chr8,RNF139,ENST00000303545,TRUE,0.493,1,0,31677333,0.9050692399273136
NA,RNF145,NM_001199383.2,TRUE,0.357,NA,11,41748031,0.82823502901245
NA,RNF145,NM_001199383.2,TRUE,0.357,NA,0,33107222,0.9636568707312488
chr5,RNF145,ENST00000424310,TRUE,0.357,0,11,41748031,0.82823502901245
chr5,RNF145,ENST00000424310,TRUE,0.357,0,0,33107222,0.9636568707312488
NA,RNF146,NM_001242850.2,TRUE,0.593,NA,1,50133907,0.9339854667411962
chr6,RNF146,ENST00000368314,TRUE,0.593,2,1,50133907,0.9339854667411962
NA,RNF17,NM_031277.3,TRUE,0.228,NA,9,33956991,0.8898629460427213
chr13,RNF17,ENST00000255324,TRUE,0.228,0,9,33956991,0.8898629460427213
NA,RNF19B,NM_001300826.2,TRUE,0.489,NA,15,35731044,0.8990576400531884
NA,RNF19B,NM_001300826.2,TRUE,0.489,NA,0,33201459,0.9657246694655054
chr1,RNF19B,ENST00000235150,TRUE,0.489,1,15,35731044,0.8990576400531884
chr1,RNF19B,ENST00000235150,TRUE,0.489,1,0,33201459,0.9657246694655054
NA,RNF2,NM_007212.4,TRUE,0.321,NA,15,35790526,0.9033358385847255
chr1,RNF2,ENST00000367510,TRUE,0.321,0,15,35790526,0.9033358385847255
NA,RNF26,NM_032015.5,TRUE,0.598,NA,1,53423722,0.9639463387367244
NA,RNF26,NM_032015.5,TRUE,0.598,NA,15,35189647,0.8584147540035845
NA,RNF26,NM_032015.5,TRUE,0.598,NA,11,55336361,0.9787054250464764
chr11,RNF26,ENST00000311413,TRUE,0.598,2,1,53423722,0.9639463387367244
chr11,RNF26,ENST00000311413,TRUE,0.598,2,15,35189647,0.8584147540035845
chr11,RNF26,ENST00000311413,TRUE,0.598,2,11,55336361,0.9787054250464764
chr12,RNF34,ENST00000361234,TRUE,0.478,1,1,51179990,0.9443264393515932
chr12,RNF34,ENST00000361234,TRUE,0.478,1,11,43864822,0.8604022308602333
NA,RNF38,NM_022781.5,TRUE,0.381,NA,1,42452332,0.8131917272219117
NA,RNF38,NM_022781.5,TRUE,0.381,NA,15,35121714,0.8529224721049893
chr9,RNF38,ENST00000259605,TRUE,0.381,0,1,42452332,0.8131917272219117
chr9,RNF38,ENST00000259605,TRUE,0.381,0,15,35121714,0.8529224721049893
NA,RNF4,NM_002938.5,TRUE,0.584,NA,1,46960147,0.8899385131358301
NA,RNF4,NM_002938.5,TRUE,0.584,NA,9,35751454,0.9471539696258796
NA,RNF4,NM_002938.5,TRUE,0.584,NA,11,49075961,0.9256943270801644
chr4,RNF4,ENST00000314289,TRUE,0.584,1,1,46960147,0.8899385131358301
chr4,RNF4,ENST00000314289,TRUE,0.584,1,9,35751454,0.9471539696258796
chr4,RNF4,ENST00000314289,TRUE,0.584,1,11,49075961,0.9256943270801644
NA,RNF40,NM_014771.4,TRUE,0.405,NA,15,35346027,0.8709024686361797
NA,RNF40,NM_014771.4,TRUE,0.405,NA,11,53433497,0.9650160554334968
chr16,RNF40,ENST00000324685,TRUE,0.405,1,15,35346027,0.8709024686361797
chr16,RNF40,ENST00000324685,TRUE,0.405,1,11,53433497,0.9650160554334968
NA,RNF41,NM_005785.4,TRUE,0.295,NA,9,35550438,0.938140511174219
NA,RNF41,NM_005785.4,TRUE,0.295,NA,0,30326902,0.8291246318691647
chr12,RNF41,ENST00000345093,TRUE,0.295,0,9,35550438,0.938140511174219
chr12,RNF41,ENST00000345093,TRUE,0.295,0,0,30326902,0.8291246318691647
NA,RNF8,NM_003958.4,TRUE,0.222,NA,9,32551228,0.822879367823188
chr6,RNF8,ENST00000373479,TRUE,0.222,0,9,32551228,0.822879367823188
NA,RNGTT,NM_003800.5,TRUE,0.562,NA,15,34680680,0.8115858241313523
chr6,RNGTT,ENST00000369485,TRUE,0.562,1,15,34680680,0.8115858241313523
NA,RNPS1,NM_080594.4,TRUE,0.107,NA,1,43032829,0.823588596981554
NA,RNPS1,NM_080594.4,TRUE,0.107,NA,15,34945438,0.836329999421865
NA,RNPS1,NM_080594.4,TRUE,0.107,NA,11,41157220,0.8177567460988113
chr16,RNPS1,ENST00000320225,TRUE,0.107,0,1,43032829,0.823588596981554
chr16,RNPS1,ENST00000320225,TRUE,0.107,0,15,34945438,0.836329999421865
chr16,RNPS1,ENST00000320225,TRUE,0.107,0,11,41157220,0.8177567460988113
NA,RO60,NM_001173524.2,TRUE,0.519,NA,9,34392188,0.9048030621064328
NA,RO60,NM_001173524.2,TRUE,0.519,NA,0,30799139,0.859327025502851
chr1,RO60,ENST00000400968,TRUE,0.519,1,9,34392188,0.9048030621064328
chr1,RO60,ENST00000400968,TRUE,0.519,1,0,30799139,0.859327025502851
NA,ROBO2,NM_001378191.1,TRUE,0.411,NA,0,32831351,0.9501221881070242
chr3,ROBO2,ENST00000461745,TRUE,0.412,1,0,32831351,0.9501221881070242
NA,ROCK1,NM_005406.3,TRUE,0.293,NA,11,50415689,0.9395527012562672
chr18,ROCK1,ENST00000399799,TRUE,0.293,0,11,50415689,0.9395527012562672
NA,ROCK2,NM_004850.5,TRUE,0.346,NA,1,51283927,0.94533258803801
NA,ROCK2,NM_004850.5,TRUE,0.346,NA,9,33533902,0.8724533893073219
NA,ROCK2,NM_004850.5,TRUE,0.346,NA,11,56326687,0.9842262407751676
NA,ROCK2,NM_004850.5,TRUE,0.346,NA,0,32957166,0.960210539507488
chr2,ROCK2,ENST00000315872,TRUE,0.346,0,1,51283927,0.94533258803801
chr2,ROCK2,ENST00000315872,TRUE,0.346,0,9,33533902,0.8724533893073219
chr2,ROCK2,ENST00000315872,TRUE,0.346,0,11,56326687,0.9842262407751676
chr2,ROCK2,ENST00000315872,TRUE,0.346,0,0,32957166,0.960210539507488
NA,RORA,NM_134261.3,TRUE,0.207,NA,15,35106305,0.8517372954847662
chr15,RORA,ENST00000335670,TRUE,0.207,0,15,35106305,0.8517372954847662
NA,RPL11,NM_000975.5,TRUE,0.342,NA,1,45421838,0.8657350475125769
NA,RPL11,NM_000975.5,TRUE,0.342,NA,15,37661056,0.9725385905070244
NA,RPL11,NM_000975.5,TRUE,0.342,NA,9,39893384,0.99691319916039
NA,RPL11,NM_000975.5,TRUE,0.342,NA,11,55490991,0.97977578727959
chr1,RPL11,ENST00000643754,TRUE,0.342,0,1,45421838,0.8657350475125769
chr1,RPL11,ENST00000643754,TRUE,0.342,0,15,37661056,0.9725385905070244
chr1,RPL11,ENST00000643754,TRUE,0.342,0,9,39893384,0.99691319916039
chr1,RPL11,ENST00000643754,TRUE,0.342,0,11,55490991,0.97977578727959
NA,RPL13,NM_000977.4,TRUE,0.25,NA,1,53764643,0.9666852990497484
NA,RPL13,NM_000977.4,TRUE,0.25,NA,15,36832010,0.9508007168873216
NA,RPL13,NM_000977.4,TRUE,0.25,NA,11,58976148,0.995211537378176
NA,RPL13,NM_000977.4,TRUE,0.25,NA,0,35351288,0.9931699981201828
chr16,RPL13,ENST00000311528,TRUE,0.25,0,1,53764643,0.9666852990497484
chr16,RPL13,ENST00000311528,TRUE,0.25,0,15,36832010,0.9508007168873216
chr16,RPL13,ENST00000311528,TRUE,0.25,0,11,58976148,0.995211537378176
chr16,RPL13,ENST00000311528,TRUE,0.25,0,0,35351288,0.9931699981201828
NA,RPL13A,NM_012423.4,TRUE,0.303,NA,1,52068547,0.953549468977082
NA,RPL13A,NM_012423.4,TRUE,0.303,NA,15,39262324,0.9921373648609584
NA,RPL13A,NM_012423.4,TRUE,0.303,NA,9,36702044,0.9642548462773182
NA,RPL13A,NM_012423.4,TRUE,0.303,NA,11,54486609,0.9732972790265336
NA,RPL13A,NM_012423.4,TRUE,0.303,NA,0,30771369,0.857635190174823
chr19,RPL13A,ENST00000391857,TRUE,0.303,0,1,52068547,0.953549468977082
chr19,RPL13A,ENST00000391857,TRUE,0.303,0,15,39262324,0.9921373648609584
chr19,RPL13A,ENST00000391857,TRUE,0.303,0,9,36702044,0.9642548462773182
chr19,RPL13A,ENST00000391857,TRUE,0.303,0,11,54486609,0.9732972790265336
chr19,RPL13A,ENST00000391857,TRUE,0.303,0,0,30771369,0.857635190174823
NA,RPL14,NM_001034996.3,TRUE,0.359,NA,1,48526056,0.9136948015651202
NA,RPL14,NM_001034996.3,TRUE,0.359,NA,15,36812247,0.9503960224316356
NA,RPL14,NM_001034996.3,TRUE,0.359,NA,9,38675067,0.987405852574392
NA,RPL14,NM_001034996.3,TRUE,0.359,NA,0,30092654,0.8133341688075694
chr3,RPL14,ENST00000396203,TRUE,0.359,0,1,48526056,0.9136948015651202
chr3,RPL14,ENST00000396203,TRUE,0.359,0,15,36812247,0.9503960224316356
chr3,RPL14,ENST00000396203,TRUE,0.359,0,9,38675067,0.987405852574392
chr3,RPL14,ENST00000396203,TRUE,0.359,0,0,30092654,0.8133341688075694
NA,RPL15,NM_002948.5,TRUE,0.132,NA,15,38174965,0.9832340868358674
NA,RPL15,NM_002948.5,TRUE,0.132,NA,11,46439501,0.8942594783392485
chr3,RPL15,ENST00000307839,TRUE,0.132,0,15,38174965,0.9832340868358674
chr3,RPL15,ENST00000307839,TRUE,0.132,0,11,46439501,0.8942594783392485
NA,RPL17,NM_001035006.5,TRUE,0.184,NA,11,43094238,0.8495296039659738
NA,RPL17,NM_001035006.5,TRUE,0.184,NA,0,33002401,0.961150448023059
chr18,RPL17,ENST00000580261,TRUE,0.184,0,11,43094238,0.8495296039659738
chr18,RPL17,ENST00000580261,TRUE,0.184,0,0,33002401,0.961150448023059
NA,RPL17-C18orf32,NM_001199356.2,TRUE,0.488,NA,15,37549501,0.96797132450714
NA,RPL17-C18orf32,NM_001199356.2,TRUE,0.488,NA,9,34852284,0.9191258180022224
chr18,RPL17-C18orf32,ENST00000584895,TRUE,0.387,0,15,37549501,0.96797132450714
chr18,RPL17-C18orf32,ENST00000584895,TRUE,0.387,0,9,34852284,0.9191258180022224
NA,RPL18,NM_000979.4,TRUE,0.365,NA,1,44343855,0.8485746226942426
NA,RPL18,NM_000979.4,TRUE,0.365,NA,15,38563469,0.987281031392727
NA,RPL18,NM_000979.4,TRUE,0.365,NA,0,33517499,0.9727426530484368
chr19,RPL18,ENST00000549920,TRUE,0.365,0,1,44343855,0.8485746226942426
chr19,RPL18,ENST00000549920,TRUE,0.365,0,15,38563469,0.987281031392727
chr19,RPL18,ENST00000549920,TRUE,0.365,0,0,33517499,0.9727426530484368
NA,RPL18A,NM_000980.4,TRUE,0.144,NA,15,39424869,0.9938717696710412
NA,RPL18A,NM_000980.4,TRUE,0.144,NA,0,36300054,0.9974309167241056
chr19,RPL18A,ENST00000222247,TRUE,0.144,0,15,39424869,0.9938717696710412
chr19,RPL18A,ENST00000222247,TRUE,0.144,0,0,36300054,0.9974309167241056
NA,RPL19,NM_000981.4,TRUE,0.277,NA,1,46208444,0.8793739519284517
NA,RPL19,NM_000981.4,TRUE,0.277,NA,15,38424645,0.985777880557322
NA,RPL19,NM_000981.4,TRUE,0.277,NA,11,48566196,0.92000450678835
NA,RPL19,NM_000981.4,TRUE,0.277,NA,0,34143011,0.9816404536625102
chr17,RPL19,ENST00000225430,TRUE,0.277,0,1,46208444,0.8793739519284517
chr17,RPL19,ENST00000225430,TRUE,0.277,0,15,38424645,0.985777880557322
chr17,RPL19,ENST00000225430,TRUE,0.277,0,11,48566196,0.92000450678835
chr17,RPL19,ENST00000225430,TRUE,0.277,0,0,34143011,0.9816404536625102
NA,RPL23,NM_000978.4,TRUE,0.174,NA,11,52648959,0.958875556306687
chr17,RPL23,ENST00000479035,TRUE,0.174,0,11,52648959,0.958875556306687
NA,RPL23A,NM_000984.6,TRUE,0.359,NA,15,35009407,0.8433832456495346
NA,RPL23A,NM_000984.6,TRUE,0.359,NA,11,46519546,0.8949918314461157
NA,RPL23A,NM_000984.6,TRUE,0.359,NA,0,30790123,0.8588884015289179
chr17,RPL23A,ENST00000422514,TRUE,0.359,0,15,35009407,0.8433832456495346
chr17,RPL23A,ENST00000422514,TRUE,0.359,0,11,46519546,0.8949918314461157
chr17,RPL23A,ENST00000422514,TRUE,0.359,0,0,30790123,0.8588884015289179
NA,RPL24,NM_000986.4,TRUE,0.585,NA,1,45857849,0.8738401341531582
NA,RPL24,NM_000986.4,TRUE,0.585,NA,15,36386646,0.9351910735965776
NA,RPL24,NM_000986.4,TRUE,0.585,NA,11,55104899,0.9773533885414908
chr3,RPL24,ENST00000394077,TRUE,0.585,2,1,45857849,0.8738401341531582
chr3,RPL24,ENST00000394077,TRUE,0.585,2,15,36386646,0.9351910735965776
chr3,RPL24,ENST00000394077,TRUE,0.585,2,11,55104899,0.9773533885414908
NA,RPL26,NM_000987.5,TRUE,0.258,NA,15,37695324,0.9732323524310574
chr17,RPL26,ENST00000648839,TRUE,0.258,0,15,37695324,0.9732323524310574
NA,RPL27,NM_000988.5,TRUE,0.259,NA,15,37870245,0.9756605191651732
NA,RPL27,NM_000988.5,TRUE,0.259,NA,11,57252585,0.9885640245619964
NA,RPL27,NM_000988.5,TRUE,0.259,NA,0,30319131,0.8285606867598221
chr17,RPL27,ENST00000253788,TRUE,0.259,0,15,37870245,0.9756605191651732
chr17,RPL27,ENST00000253788,TRUE,0.259,0,11,57252585,0.9885640245619964
chr17,RPL27,ENST00000253788,TRUE,0.259,0,0,30319131,0.8285606867598221
NA,RPL27A,NM_000990.5,TRUE,0.166,NA,1,50729092,0.9402459474566796
NA,RPL27A,NM_000990.5,TRUE,0.166,NA,15,38294307,0.984390356709256
NA,RPL27A,NM_000990.5,TRUE,0.166,NA,11,57105419,0.9877190017463804
NA,RPL27A,NM_000990.5,TRUE,0.166,NA,0,35154463,0.991916786766088
chr11,RPL27A,ENST00000314138,TRUE,0.166,0,1,50729092,0.9402459474566796
chr11,RPL27A,ENST00000314138,TRUE,0.166,0,15,38294307,0.984390356709256
chr11,RPL27A,ENST00000314138,TRUE,0.166,0,11,57105419,0.9877190017463804
chr11,RPL27A,ENST00000314138,TRUE,0.166,0,0,35154463,0.991916786766088
NA,RPL3,NM_000967.4,TRUE,0.165,NA,15,39763758,0.994392091114066
NA,RPL3,NM_000967.4,TRUE,0.165,NA,0,32137903,0.9223008960461182
chr22,RPL3,ENST00000216146,TRUE,0.165,0,15,39763758,0.994392091114066
chr22,RPL3,ENST00000216146,TRUE,0.165,0,0,32137903,0.9223008960461182
NA,RPL30,NM_000989.4,TRUE,0.222,NA,1,44821930,0.85684740078256
NA,RPL30,NM_000989.4,TRUE,0.222,NA,15,37412543,0.9653119037983464
NA,RPL30,NM_000989.4,TRUE,0.222,NA,11,47696582,0.91104726494282
chr8,RPL30,ENST00000287038,TRUE,0.222,0,1,44821930,0.85684740078256
chr8,RPL30,ENST00000287038,TRUE,0.222,0,15,37412543,0.9653119037983464
chr8,RPL30,ENST00000287038,TRUE,0.222,0,11,47696582,0.91104726494282
NA,RPL31,NM_000993.5,TRUE,0.217,NA,15,36500144,0.9392958316471064
NA,RPL31,NM_000993.5,TRUE,0.217,NA,11,42377797,0.8387133119260887
chr2,RPL31,ENST00000264258,TRUE,0.217,0,15,36500144,0.9392958316471064
chr2,RPL31,ENST00000264258,TRUE,0.217,0,11,42377797,0.8387133119260887
NA,RPL32,NM_000994.4,TRUE,0.243,NA,15,38243691,0.9837544082788924
NA,RPL32,NM_000994.4,TRUE,0.243,NA,9,40855822,0.9995678478824548
NA,RPL32,NM_000994.4,TRUE,0.243,NA,0,32127609,0.921862272072185
chr3,RPL32,ENST00000429711,TRUE,0.243,0,15,38243691,0.9837544082788924
chr3,RPL32,ENST00000429711,TRUE,0.243,0,9,40855822,0.9995678478824548
chr3,RPL32,ENST00000429711,TRUE,0.243,0,0,32127609,0.921862272072185
NA,RPL35,NM_007209.4,TRUE,0.391,NA,1,43325396,0.8296254891000558
NA,RPL35,NM_007209.4,TRUE,0.391,NA,15,38551892,0.9871075909117188
NA,RPL35,NM_007209.4,TRUE,0.391,NA,9,32852018,0.8388072601555747
NA,RPL35,NM_007209.4,TRUE,0.391,NA,11,50671428,0.9421441045574898
NA,RPL35,NM_007209.4,TRUE,0.391,NA,0,31486978,0.8936023560373457
chr9,RPL35,ENST00000348462,TRUE,0.391,0,1,43325396,0.8296254891000558
chr9,RPL35,ENST00000348462,TRUE,0.391,0,15,38551892,0.9871075909117188
chr9,RPL35,ENST00000348462,TRUE,0.391,0,9,32852018,0.8388072601555747
chr9,RPL35,ENST00000348462,TRUE,0.391,0,11,50671428,0.9421441045574898
chr9,RPL35,ENST00000348462,TRUE,0.391,0,0,31486978,0.8936023560373457
NA,RPL35A,NM_000996.4,TRUE,0.202,NA,15,36905163,0.9529976296467596
NA,RPL35A,NM_000996.4,TRUE,0.202,NA,0,30774863,0.8579484930133467
chr3,RPL35A,ENST00000647248,TRUE,0.202,0,15,36905163,0.9529976296467596
chr3,RPL35A,ENST00000647248,TRUE,0.202,0,0,30774863,0.8579484930133467
NA,RPL36,NM_033643.3,TRUE,0.433,NA,1,46970521,0.8901621017328116
NA,RPL36,NM_033643.3,TRUE,0.433,NA,15,38112692,0.9823090709371568
NA,RPL36,NM_033643.3,TRUE,0.433,NA,9,39709927,0.9951228546734164
NA,RPL36,NM_033643.3,TRUE,0.433,NA,11,46150144,0.890259703678666
NA,RPL36,NM_033643.3,TRUE,0.433,NA,0,33283950,0.9677298076320572
chr19,RPL36,ENST00000347512,TRUE,0.433,1,1,46970521,0.8901621017328116
chr19,RPL36,ENST00000347512,TRUE,0.433,1,15,38112692,0.9823090709371568
chr19,RPL36,ENST00000347512,TRUE,0.433,1,9,39709927,0.9951228546734164
chr19,RPL36,ENST00000347512,TRUE,0.433,1,11,46150144,0.890259703678666
chr19,RPL36,ENST00000347512,TRUE,0.433,1,0,33283950,0.9677298076320572
NA,RPL37,NM_000997.5,TRUE,0.389,NA,1,44789330,0.8563443264393515
NA,RPL37,NM_000997.5,TRUE,0.389,NA,15,37642189,0.9723073365323468
NA,RPL37,NM_000997.5,TRUE,0.389,NA,9,37662145,0.9768489937029264
NA,RPL37,NM_000997.5,TRUE,0.389,NA,11,54462068,0.9731846093177848
chr5,RPL37,ENST00000274242,TRUE,0.389,0,1,44789330,0.8563443264393515
chr5,RPL37,ENST00000274242,TRUE,0.389,0,15,37642189,0.9723073365323468
chr5,RPL37,ENST00000274242,TRUE,0.389,0,9,37662145,0.9768489937029264
chr5,RPL37,ENST00000274242,TRUE,0.389,0,11,54462068,0.9731846093177848
NA,RPL38,NM_000999.4,TRUE,0.461,NA,1,48004903,0.9063722750139744
NA,RPL38,NM_000999.4,TRUE,0.461,NA,15,35950942,0.9132219460021967
NA,RPL38,NM_000999.4,TRUE,0.461,NA,11,56898835,0.9867049743676412
NA,RPL38,NM_000999.4,TRUE,0.461,NA,0,34950881,0.9902876120057648
chr17,RPL38,ENST00000311111,TRUE,0.461,1,1,48004903,0.9063722750139744
chr17,RPL38,ENST00000311111,TRUE,0.461,1,15,35950942,0.9132219460021967
chr17,RPL38,ENST00000311111,TRUE,0.461,1,11,56898835,0.9867049743676412
chr17,RPL38,ENST00000311111,TRUE,0.461,1,0,34950881,0.9902876120057648
NA,RPL4,NM_000968.4,TRUE,0.184,NA,1,42937301,0.8220793739519284
NA,RPL4,NM_000968.4,TRUE,0.184,NA,15,38261207,0.98398566225357
NA,RPL4,NM_000968.4,TRUE,0.184,NA,9,33923495,0.8887516977404618
NA,RPL4,NM_000968.4,TRUE,0.184,NA,11,58247774,0.992000450678835
NA,RPL4,NM_000968.4,TRUE,0.184,NA,0,30495558,0.8405288551914281
chr15,RPL4,ENST00000307961,TRUE,0.184,0,1,42937301,0.8220793739519284
chr15,RPL4,ENST00000307961,TRUE,0.184,0,15,38261207,0.98398566225357
chr15,RPL4,ENST00000307961,TRUE,0.184,0,9,33923495,0.8887516977404618
chr15,RPL4,ENST00000307961,TRUE,0.184,0,11,58247774,0.992000450678835
chr15,RPL4,ENST00000307961,TRUE,0.184,0,0,30495558,0.8405288551914281
NA,RPL5,NM_000969.5,TRUE,0.096,NA,15,38115467,0.9823668844308262
NA,RPL5,NM_000969.5,TRUE,0.096,NA,9,33859104,0.8863439930855661
NA,RPL5,NM_000969.5,TRUE,0.096,NA,11,43430369,0.8545997408596698
chr1,RPL5,ENST00000370321,TRUE,0.096,0,15,38115467,0.9823668844308262
chr1,RPL5,ENST00000370321,TRUE,0.096,0,9,33859104,0.8863439930855661
chr1,RPL5,ENST00000370321,TRUE,0.096,0,11,43430369,0.8545997408596698
NA,RPL7,NM_000971.4,TRUE,0.131,NA,1,51790587,0.9505869200670766
NA,RPL7,NM_000971.4,TRUE,0.131,NA,15,39398884,0.9938139561773718
NA,RPL7,NM_000971.4,TRUE,0.131,NA,9,36507962,0.9614149895048772
NA,RPL7,NM_000971.4,TRUE,0.131,NA,11,43787542,0.859669877753366
chr8,RPL7,ENST00000352983,TRUE,0.131,0,1,51790587,0.9505869200670766
chr8,RPL7,ENST00000352983,TRUE,0.131,0,15,39398884,0.9938139561773718
chr8,RPL7,ENST00000352983,TRUE,0.131,0,9,36507962,0.9614149895048772
chr8,RPL7,ENST00000352983,TRUE,0.131,0,11,43787542,0.859669877753366
NA,RPL7A,NM_000972.3,TRUE,0.083,NA,1,48800392,0.9174958077138066
NA,RPL7A,NM_000972.3,TRUE,0.083,NA,15,37828942,0.9754870786841648
NA,RPL7A,NM_000972.3,TRUE,0.083,NA,9,38339373,0.985245091986665
NA,RPL7A,NM_000972.3,TRUE,0.083,NA,11,55315881,0.978649090192102
NA,RPL7A,NM_000972.3,TRUE,0.083,NA,0,33782606,0.9774421956262924
chr9,RPL7A,ENST00000323345,TRUE,0.083,0,1,48800392,0.9174958077138066
chr9,RPL7A,ENST00000323345,TRUE,0.083,0,15,37828942,0.9754870786841648
chr9,RPL7A,ENST00000323345,TRUE,0.083,0,9,38339373,0.985245091986665
chr9,RPL7A,ENST00000323345,TRUE,0.083,0,11,55315881,0.978649090192102
chr9,RPL7A,ENST00000323345,TRUE,0.083,0,0,33782606,0.9774421956262924
NA,RPL8,NM_001317782.2,TRUE,0.137,NA,1,50345973,0.9362213527110116
NA,RPL8,NM_001317782.2,TRUE,0.137,NA,15,38903873,0.9908654680002312
NA,RPL8,NM_001317782.2,TRUE,0.137,NA,11,53131383,0.9623683172778998
NA,RPL8,NM_001317782.2,TRUE,0.137,NA,0,33992099,0.9798232971990726
chr8,RPL8,ENST00000528957,TRUE,0.137,0,1,50345973,0.9362213527110116
chr8,RPL8,ENST00000528957,TRUE,0.137,0,15,38903873,0.9908654680002312
chr8,RPL8,ENST00000528957,TRUE,0.137,0,11,53131383,0.9623683172778998
chr8,RPL8,ENST00000528957,TRUE,0.137,0,0,33992099,0.9798232971990726
NA,RPL9,NM_000661.5,TRUE,0.131,NA,1,44258565,0.8468977082168809
NA,RPL9,NM_000661.5,TRUE,0.131,NA,15,35663051,0.89489506850899
NA,RPL9,NM_000661.5,TRUE,0.131,NA,9,38417528,0.985553772070626
NA,RPL9,NM_000661.5,TRUE,0.131,NA,11,58449630,0.9928454734944512
NA,RPL9,NM_000661.5,TRUE,0.131,NA,0,30403067,0.8338241744470205
chr4,RPL9,ENST00000295955,TRUE,0.131,0,1,44258565,0.8468977082168809
chr4,RPL9,ENST00000295955,TRUE,0.131,0,15,35663051,0.89489506850899
chr4,RPL9,ENST00000295955,TRUE,0.131,0,9,38417528,0.985553772070626
chr4,RPL9,ENST00000295955,TRUE,0.131,0,11,58449630,0.9928454734944512
chr4,RPL9,ENST00000295955,TRUE,0.131,0,0,30403067,0.8338241744470205
NA,RPLP0,NM_001002.4,TRUE,0.098,NA,15,36806736,0.950049141469619
NA,RPLP0,NM_001002.4,TRUE,0.098,NA,9,33835650,0.8854796888504753
NA,RPLP0,NM_001002.4,TRUE,0.098,NA,11,52161593,0.9555517998985972
NA,RPLP0,NM_001002.4,TRUE,0.098,NA,0,32290181,0.9271257597593834
chr12,RPLP0,ENST00000392514,TRUE,0.098,0,15,36806736,0.950049141469619
chr12,RPLP0,ENST00000392514,TRUE,0.098,0,9,33835650,0.8854796888504753
chr12,RPLP0,ENST00000392514,TRUE,0.098,0,11,52161593,0.9555517998985972
chr12,RPLP0,ENST00000392514,TRUE,0.098,0,0,32290181,0.9271257597593834
NA,RPLP2,NM_001004.4,TRUE,0.427,NA,1,56414495,0.9846841811067636
NA,RPLP2,NM_001004.4,TRUE,0.427,NA,15,38511195,0.9864138289876856
NA,RPLP2,NM_001004.4,TRUE,0.427,NA,9,38728490,0.9878997407087294
NA,RPLP2,NM_001004.4,TRUE,0.427,NA,11,58453829,0.9929581432032
NA,RPLP2,NM_001004.4,TRUE,0.427,NA,0,31044543,0.8727363869916661
chr11,RPLP2,ENST00000321153,TRUE,0.427,1,1,56414495,0.9846841811067636
chr11,RPLP2,ENST00000321153,TRUE,0.427,1,15,38511195,0.9864138289876856
chr11,RPLP2,ENST00000321153,TRUE,0.427,1,9,38728490,0.9878997407087294
chr11,RPLP2,ENST00000321153,TRUE,0.427,1,11,58453829,0.9929581432032
chr11,RPLP2,ENST00000321153,TRUE,0.427,1,0,31044543,0.8727363869916661
NA,RPN1,NM_002950.4,TRUE,0.302,NA,1,42689435,0.817551704863052
NA,RPN1,NM_002950.4,TRUE,0.302,NA,15,35443990,0.8775510204081632
NA,RPN1,NM_002950.4,TRUE,0.302,NA,11,58281779,0.9921131203875838
chr3,RPN1,ENST00000296255,TRUE,0.302,0,1,42689435,0.817551704863052
chr3,RPN1,ENST00000296255,TRUE,0.302,0,15,35443990,0.8775510204081632
chr3,RPN1,ENST00000296255,TRUE,0.302,0,11,58281779,0.9921131203875838
NA,RPN2,NM_002951.5,TRUE,0.546,NA,15,34597310,0.8040700699543274
NA,RPN2,NM_002951.5,TRUE,0.546,NA,11,53667020,0.9669314404822263
NA,RPN2,NM_002951.5,TRUE,0.546,NA,0,31353908,0.8883388683501473
chr20,RPN2,ENST00000237530,TRUE,0.546,1,15,34597310,0.8040700699543274
chr20,RPN2,ENST00000237530,TRUE,0.546,1,11,53667020,0.9669314404822263
chr20,RPN2,ENST00000237530,TRUE,0.546,1,0,31353908,0.8883388683501473
NA,RPRD1B,NM_021215.4,TRUE,0.376,NA,1,53706175,0.9664058133035216
NA,RPRD1B,NM_021215.4,TRUE,0.376,NA,11,48966925,0.9242859557208044
chr20,RPRD1B,ENST00000373433,TRUE,0.376,0,1,53706175,0.9664058133035216
chr20,RPRD1B,ENST00000373433,TRUE,0.376,0,11,48966925,0.9242859557208044
NA,RPRD2,NM_015203.5,TRUE,0.145,NA,15,38502232,0.9863560154940164
NA,RPRD2,NM_015203.5,TRUE,0.145,NA,0,30261248,0.8247383921298327
chr1,RPRD2,ENST00000369068,TRUE,0.145,0,15,38502232,0.9863560154940164
chr1,RPRD2,ENST00000369068,TRUE,0.145,0,0,30261248,0.8247383921298327
NA,RPS10,NM_001014.5,TRUE,0.265,NA,1,50752202,0.940581330352152
NA,RPS10,NM_001014.5,TRUE,0.265,NA,15,34950951,0.838237844712956
NA,RPS10,NM_001014.5,TRUE,0.265,NA,11,58720748,0.9939721705819392
NA,RPS10,NM_001014.5,TRUE,0.265,NA,0,35539486,0.9947991728805065
chr6,RPS10,ENST00000648437,TRUE,0.265,0,1,50752202,0.940581330352152
chr6,RPS10,ENST00000648437,TRUE,0.265,0,15,34950951,0.838237844712956
chr6,RPS10,ENST00000648437,TRUE,0.265,0,11,58720748,0.9939721705819392
chr6,RPS10,ENST00000648437,TRUE,0.265,0,0,35539486,0.9947991728805065
NA,RPS11,NM_001015.5,TRUE,0.145,NA,1,47788085,0.9029625489100056
NA,RPS11,NM_001015.5,TRUE,0.145,NA,15,35598181,0.889287159623056
NA,RPS11,NM_001015.5,TRUE,0.145,NA,9,37802908,0.9785158661563156
NA,RPS11,NM_001015.5,TRUE,0.145,NA,11,54863450,0.9758323474733818
NA,RPS11,NM_001015.5,TRUE,0.145,NA,0,30133271,0.8160912337865781
chr19,RPS11,ENST00000270625,TRUE,0.145,0,1,47788085,0.9029625489100056
chr19,RPS11,ENST00000270625,TRUE,0.145,0,15,35598181,0.889287159623056
chr19,RPS11,ENST00000270625,TRUE,0.145,0,9,37802908,0.9785158661563156
chr19,RPS11,ENST00000270625,TRUE,0.145,0,11,54863450,0.9758323474733818
chr19,RPS11,ENST00000270625,TRUE,0.145,0,0,30133271,0.8160912337865781
NA,RPS12,NM_001016.4,TRUE,0.364,NA,1,50657953,0.9394074902179989
NA,RPS12,NM_001016.4,TRUE,0.364,NA,15,37692691,0.9731167254437184
NA,RPS12,NM_001016.4,TRUE,0.364,NA,9,36715535,0.9646252623780712
NA,RPS12,NM_001016.4,TRUE,0.364,NA,11,58569264,0.9931834826206974
chr6,RPS12,ENST00000230050,TRUE,0.364,0,1,50657953,0.9394074902179989
chr6,RPS12,ENST00000230050,TRUE,0.364,0,15,37692691,0.9731167254437184
chr6,RPS12,ENST00000230050,TRUE,0.364,0,9,36715535,0.9646252623780712
chr6,RPS12,ENST00000230050,TRUE,0.364,0,11,58569264,0.9931834826206974
NA,RPS13,NM_001017.3,TRUE,0.237,NA,1,44223778,0.8462269424259363
NA,RPS13,NM_001017.3,TRUE,0.237,NA,15,36583962,0.9425912007862636
NA,RPS13,NM_001017.3,TRUE,0.237,NA,9,41149547,0.999691319916039
NA,RPS13,NM_001017.3,TRUE,0.237,NA,11,43011032,0.848290237169737
chr11,RPS13,ENST00000525634,TRUE,0.237,0,1,44223778,0.8462269424259363
chr11,RPS13,ENST00000525634,TRUE,0.237,0,15,36583962,0.9425912007862636
chr11,RPS13,ENST00000525634,TRUE,0.237,0,9,41149547,0.999691319916039
chr11,RPS13,ENST00000525634,TRUE,0.237,0,11,43011032,0.848290237169737
NA,RPS14,NM_005617.4,TRUE,0.304,NA,15,38140897,0.9828872058738508
NA,RPS14,NM_005617.4,TRUE,0.304,NA,9,38830543,0.988393628843067
NA,RPS14,NM_005617.4,TRUE,0.304,NA,0,30019397,0.8075067360110283
chr5,RPS14,ENST00000407193,TRUE,0.304,0,15,38140897,0.9828872058738508
chr5,RPS14,ENST00000407193,TRUE,0.304,0,9,38830543,0.988393628843067
chr5,RPS14,ENST00000407193,TRUE,0.304,0,0,30019397,0.8075067360110283
NA,RPS16,NM_001020.6,TRUE,0.314,NA,1,52523028,0.956679709334824
NA,RPS16,NM_001020.6,TRUE,0.314,NA,15,38828366,0.9904607735445452
NA,RPS16,NM_001020.6,TRUE,0.314,NA,9,36067798,0.9533893073218916
NA,RPS16,NM_001020.6,TRUE,0.314,NA,11,55118801,0.977522393104614
NA,RPS16,NM_001020.6,TRUE,0.314,NA,0,30683232,0.852747665893853
chr19,RPS16,ENST00000251453,TRUE,0.314,0,1,52523028,0.956679709334824
chr19,RPS16,ENST00000251453,TRUE,0.314,0,15,38828366,0.9904607735445452
chr19,RPS16,ENST00000251453,TRUE,0.314,0,9,36067798,0.9533893073218916
chr19,RPS16,ENST00000251453,TRUE,0.314,0,11,55118801,0.977522393104614
chr19,RPS16,ENST00000251453,TRUE,0.314,0,0,30683232,0.852747665893853
NA,RPS17,NM_001021.6,TRUE,0.17,NA,1,42946187,0.8222470653996646
NA,RPS17,NM_001021.6,TRUE,0.17,NA,15,35242598,0.8625195120541135
NA,RPS17,NM_001021.6,TRUE,0.17,NA,9,32206838,0.8035559945672305
NA,RPS17,NM_001021.6,TRUE,0.17,NA,0,30390122,0.8328216053637446
chr15,RPS17,ENST00000647841,TRUE,0.17,0,1,42946187,0.8222470653996646
chr15,RPS17,ENST00000647841,TRUE,0.17,0,15,35242598,0.8625195120541135
chr15,RPS17,ENST00000647841,TRUE,0.17,0,9,32206838,0.8035559945672305
chr15,RPS17,ENST00000647841,TRUE,0.17,0,0,30390122,0.8328216053637446
NA,RPS18,NM_022551.3,TRUE,0.209,NA,15,37952839,0.9809215470890906
chr6,RPS18,ENST00000439602,TRUE,0.209,0,15,37952839,0.9809215470890906
NA,RPS19,NM_001022.4,TRUE,0.239,NA,1,50283221,0.9355505869200672
NA,RPS19,NM_001022.4,TRUE,0.239,NA,15,38416940,0.9856622535699832
NA,RPS19,NM_001022.4,TRUE,0.239,NA,9,35926404,0.9508581306334116
NA,RPS19,NM_001022.4,TRUE,0.239,NA,11,47430514,0.9072164948453608
NA,RPS19,NM_001022.4,TRUE,0.239,NA,0,33310165,0.9684190738768094
chr19,RPS19,ENST00000598742,TRUE,0.239,0,1,50283221,0.9355505869200672
chr19,RPS19,ENST00000598742,TRUE,0.239,0,15,38416940,0.9856622535699832
chr19,RPS19,ENST00000598742,TRUE,0.239,0,9,35926404,0.9508581306334116
chr19,RPS19,ENST00000598742,TRUE,0.239,0,11,47430514,0.9072164948453608
chr19,RPS19,ENST00000598742,TRUE,0.239,0,0,33310165,0.9684190738768094
NA,RPS2,NM_002952.4,TRUE,0.493,NA,1,62376112,0.9991615427613192
NA,RPS2,NM_002952.4,TRUE,0.493,NA,15,36619324,0.9434584031913048
NA,RPS2,NM_002952.4,TRUE,0.493,NA,9,32896619,0.8412149648104704
NA,RPS2,NM_002952.4,TRUE,0.493,NA,11,58103177,0.9912680975719678
chr16,RPS2,ENST00000343262,TRUE,0.493,1,1,62376112,0.9991615427613192
chr16,RPS2,ENST00000343262,TRUE,0.493,1,15,36619324,0.9434584031913048
chr16,RPS2,ENST00000343262,TRUE,0.493,1,9,32896619,0.8412149648104704
chr16,RPS2,ENST00000343262,TRUE,0.493,1,11,58103177,0.9912680975719678
NA,RPS20,NM_001023.4,TRUE,0.481,NA,1,52560891,0.9567915036333148
NA,RPS20,NM_001023.4,TRUE,0.481,NA,15,35239751,0.8622304445857664
NA,RPS20,NM_001023.4,TRUE,0.481,NA,9,32160272,0.8002222496604519
NA,RPS20,NM_001023.4,TRUE,0.481,NA,11,47014819,0.9016956791166696
NA,RPS20,NM_001023.4,TRUE,0.481,NA,0,30186257,0.8198508678488627
chr8,RPS20,ENST00000009589,TRUE,0.481,1,1,52560891,0.9567915036333148
chr8,RPS20,ENST00000009589,TRUE,0.481,1,15,35239751,0.8622304445857664
chr8,RPS20,ENST00000009589,TRUE,0.481,1,9,32160272,0.8002222496604519
chr8,RPS20,ENST00000009589,TRUE,0.481,1,11,47014819,0.9016956791166696
chr8,RPS20,ENST00000009589,TRUE,0.481,1,0,30186257,0.8198508678488627
NA,RPS23,NM_001025.5,TRUE,0.184,NA,15,38443553,0.9861247615193386
NA,RPS23,NM_001025.5,TRUE,0.184,NA,9,39778750,0.995308062723793
chr5,RPS23,ENST00000296674,TRUE,0.184,0,15,38443553,0.9861247615193386
chr5,RPS23,ENST00000296674,TRUE,0.184,0,9,39778750,0.995308062723793
NA,RPS24,NM_033022.4,TRUE,0.182,NA,1,42020469,0.8045276690888765
NA,RPS24,NM_033022.4,TRUE,0.182,NA,15,36380655,0.932126958432098
NA,RPS24,NM_033022.4,TRUE,0.182,NA,11,53183827,0.9632696749478904
NA,RPS24,NM_033022.4,TRUE,0.182,NA,0,30536551,0.842972617331913
chr10,RPS24,ENST00000372360,TRUE,0.182,0,1,42020469,0.8045276690888765
chr10,RPS24,ENST00000372360,TRUE,0.182,0,15,36380655,0.932126958432098
chr10,RPS24,ENST00000372360,TRUE,0.182,0,11,53183827,0.9632696749478904
chr10,RPS24,ENST00000372360,TRUE,0.182,0,0,30536551,0.842972617331913
NA,RPS25,NM_001028.3,TRUE,0.384,NA,15,36346640,0.930739434584032
NA,RPS25,NM_001028.3,TRUE,0.384,NA,11,45089892,0.8772463523181793
chr11,RPS25,ENST00000527673,TRUE,0.384,0,15,36346640,0.930739434584032
chr11,RPS25,ENST00000527673,TRUE,0.384,0,11,45089892,0.8772463523181793
NA,RPS26,NM_001029.5,TRUE,0.32,NA,0,33683649,0.9759383420013784
chr12,RPS26,ENST00000646449,TRUE,0.32,0,0,33683649,0.9759383420013784
NA,RPS27,NM_001030.6,TRUE,0.52,NA,15,34764008,0.8200265942070879
NA,RPS27,NM_001030.6,TRUE,0.52,NA,11,40153911,0.8006872852233677
chr1,RPS27,ENST00000651669,TRUE,0.52,1,15,34764008,0.8200265942070879
chr1,RPS27,ENST00000651669,TRUE,0.52,1,11,40153911,0.8006872852233677
NA,RPS27A,NM_002954.6,TRUE,0.377,NA,1,49338058,0.9235326998323086
NA,RPS27A,NM_002954.6,TRUE,0.377,NA,15,35068609,0.8478926981557495
NA,RPS27A,NM_002954.6,TRUE,0.377,NA,11,60028461,0.997746605825024
NA,RPS27A,NM_002954.6,TRUE,0.377,NA,0,30986170,0.8697286797418384
chr2,RPS27A,ENST00000272317,TRUE,0.377,0,1,49338058,0.9235326998323086
chr2,RPS27A,ENST00000272317,TRUE,0.377,0,15,35068609,0.8478926981557495
chr2,RPS27A,ENST00000272317,TRUE,0.377,0,11,60028461,0.997746605825024
chr2,RPS27A,ENST00000272317,TRUE,0.377,0,0,30986170,0.8697286797418384
NA,RPS29,NM_001032.5,TRUE,0.308,NA,1,48916642,0.9189491335941868
NA,RPS29,NM_001032.5,TRUE,0.308,NA,15,36715829,0.946753772330462
NA,RPS29,NM_001032.5,TRUE,0.308,NA,9,32226706,0.8046672428694901
NA,RPS29,NM_001032.5,TRUE,0.308,NA,11,52518324,0.9580305334910708
chr14,RPS29,ENST00000245458,TRUE,0.308,0,1,48916642,0.9189491335941868
chr14,RPS29,ENST00000245458,TRUE,0.308,0,15,36715829,0.946753772330462
chr14,RPS29,ENST00000245458,TRUE,0.308,0,9,32226706,0.8046672428694901
chr14,RPS29,ENST00000245458,TRUE,0.308,0,11,52518324,0.9580305334910708
NA,RPS3,NM_001005.5,TRUE,0.205,NA,1,45801112,0.8728339854667412
NA,RPS3,NM_001005.5,TRUE,0.205,NA,15,38934329,0.9911545354685783
NA,RPS3,NM_001005.5,TRUE,0.205,NA,9,35379945,0.9343128781331028
NA,RPS3,NM_001005.5,TRUE,0.205,NA,11,48797127,0.9225959100895724
NA,RPS3,NM_001005.5,TRUE,0.205,NA,0,35454012,0.9942352277711636
chr11,RPS3,ENST00000531188,TRUE,0.205,0,1,45801112,0.8728339854667412
chr11,RPS3,ENST00000531188,TRUE,0.205,0,15,38934329,0.9911545354685783
chr11,RPS3,ENST00000531188,TRUE,0.205,0,9,35379945,0.9343128781331028
chr11,RPS3,ENST00000531188,TRUE,0.205,0,11,48797127,0.9225959100895724
chr11,RPS3,ENST00000531188,TRUE,0.205,0,0,35454012,0.9942352277711636
NA,RPS3A,NM_001006.5,TRUE,0.291,NA,15,37675171,0.972769844481702
NA,RPS3A,NM_001006.5,TRUE,0.291,NA,9,36913989,0.96795900728485
NA,RPS3A,NM_001006.5,TRUE,0.291,NA,11,58090958,0.9910990930088446
chr4,RPS3A,ENST00000274065,TRUE,0.291,0,15,37675171,0.972769844481702
chr4,RPS3A,ENST00000274065,TRUE,0.291,0,9,36913989,0.96795900728485
chr4,RPS3A,ENST00000274065,TRUE,0.291,0,11,58090958,0.9910990930088446
NA,RPS5,NM_001009.4,TRUE,0.313,NA,1,49815694,0.9296813862493012
NA,RPS5,NM_001009.4,TRUE,0.313,NA,15,38818711,0.990402960050876
NA,RPS5,NM_001009.4,TRUE,0.313,NA,9,32789403,0.8354117792320039
NA,RPS5,NM_001009.4,TRUE,0.313,NA,11,41989979,0.8320094642555349
chr19,RPS5,ENST00000196551,TRUE,0.313,0,1,49815694,0.9296813862493012
chr19,RPS5,ENST00000196551,TRUE,0.313,0,15,38818711,0.990402960050876
chr19,RPS5,ENST00000196551,TRUE,0.313,0,9,32789403,0.8354117792320039
chr19,RPS5,ENST00000196551,TRUE,0.313,0,11,41989979,0.8320094642555349
NA,RPS6,NM_001010.3,TRUE,0.166,NA,15,39324311,0.9936405156963636
NA,RPS6,NM_001010.3,TRUE,0.166,NA,11,53185375,0.9633260098022648
chr9,RPS6,ENST00000380394,TRUE,0.166,0,15,39324311,0.9936405156963636
chr9,RPS6,ENST00000380394,TRUE,0.166,0,11,53185375,0.9633260098022648
NA,RPS6KA5,NM_004755.4,TRUE,0.486,NA,9,38710906,0.9876527966415608
chr14,RPS6KA5,ENST00000614987,TRUE,0.486,1,9,38710906,0.9876527966415608
NA,RPS6KB1,NM_003161.4,TRUE,0.387,NA,1,52270681,0.9548910005589716
NA,RPS6KB1,NM_003161.4,TRUE,0.387,NA,11,50445939,0.939947045236888
chr17,RPS6KB1,ENST00000225577,TRUE,0.387,0,1,52270681,0.9548910005589716
chr17,RPS6KB1,ENST00000225577,TRUE,0.387,0,11,50445939,0.939947045236888
NA,RPS7,NM_001011.4,TRUE,0.317,NA,15,37489154,0.966757241140082
NA,RPS7,NM_001011.4,TRUE,0.317,NA,9,36828240,0.966724286949006
NA,RPS7,NM_001011.4,TRUE,0.317,NA,11,43596462,0.8572474790152668
NA,RPS7,NM_001011.4,TRUE,0.317,NA,0,30611199,0.8483614261545209
chr2,RPS7,ENST00000645674,TRUE,0.317,0,15,37489154,0.966757241140082
chr2,RPS7,ENST00000645674,TRUE,0.317,0,9,36828240,0.966724286949006
chr2,RPS7,ENST00000645674,TRUE,0.317,0,11,43596462,0.8572474790152668
chr2,RPS7,ENST00000645674,TRUE,0.317,0,0,30611199,0.8483614261545209
NA,RPS8,NM_001012.2,TRUE,0.104,NA,1,55799035,0.9821129122414756
NA,RPS8,NM_001012.2,TRUE,0.104,NA,15,37451427,0.9660634792160492
NA,RPS8,NM_001012.2,TRUE,0.104,NA,9,33838072,0.8856031608840598
NA,RPS8,NM_001012.2,TRUE,0.104,NA,11,60096580,0.9979719452425216
NA,RPS8,NM_001012.2,TRUE,0.104,NA,0,35504692,0.9945485306096872
chr1,RPS8,ENST00000396651,TRUE,0.104,0,1,55799035,0.9821129122414756
chr1,RPS8,ENST00000396651,TRUE,0.104,0,15,37451427,0.9660634792160492
chr1,RPS8,ENST00000396651,TRUE,0.104,0,9,33838072,0.8856031608840598
chr1,RPS8,ENST00000396651,TRUE,0.104,0,11,60096580,0.9979719452425216
chr1,RPS8,ENST00000396651,TRUE,0.104,0,0,35504692,0.9945485306096872
NA,RPS9,NM_001013.4,TRUE,0.265,NA,1,48801732,0.917551704863052
NA,RPS9,NM_001013.4,TRUE,0.265,NA,15,37134186,0.9594149274440654
NA,RPS9,NM_001013.4,TRUE,0.265,NA,9,36122505,0.9548092357081122
NA,RPS9,NM_001013.4,TRUE,0.265,NA,0,30216226,0.821981327150824
chr19,RPS9,ENST00000302907,TRUE,0.265,0,1,48801732,0.917551704863052
chr19,RPS9,ENST00000302907,TRUE,0.265,0,15,37134186,0.9594149274440654
chr19,RPS9,ENST00000302907,TRUE,0.265,0,9,36122505,0.9548092357081122
chr19,RPS9,ENST00000302907,TRUE,0.265,0,0,30216226,0.821981327150824
NA,RPSA,NM_002295.6,TRUE,0.144,NA,1,52787556,0.9589155953046394
NA,RPSA,NM_002295.6,TRUE,0.144,NA,15,37208264,0.9610337052668092
NA,RPSA,NM_002295.6,TRUE,0.144,NA,9,40796227,0.9995061118656624
NA,RPSA,NM_002295.6,TRUE,0.144,NA,11,59266451,0.9961128950481662
chr3,RPSA,ENST00000301821,TRUE,0.144,0,1,52787556,0.9589155953046394
chr3,RPSA,ENST00000301821,TRUE,0.144,0,15,37208264,0.9610337052668092
chr3,RPSA,ENST00000301821,TRUE,0.144,0,9,40796227,0.9995061118656624
chr3,RPSA,ENST00000301821,TRUE,0.144,0,11,59266451,0.9961128950481662
NA,RPTOR,NM_020761.3,TRUE,0.205,NA,15,35238018,0.8618835636237497
NA,RPTOR,NM_020761.3,TRUE,0.205,NA,9,33484430,0.8700456846524263
NA,RPTOR,NM_020761.3,TRUE,0.205,NA,0,32217867,0.9251206215928316
chr17,RPTOR,ENST00000306801,TRUE,0.205,0,15,35238018,0.8618835636237497
chr17,RPTOR,ENST00000306801,TRUE,0.205,0,9,33484430,0.8700456846524263
chr17,RPTOR,ENST00000306801,TRUE,0.205,0,0,32217867,0.9251206215928316
NA,RRAGC,NM_022157.4,TRUE,0.545,NA,9,33438063,0.8673910359303618
NA,RRAGC,NM_022157.4,TRUE,0.545,NA,11,52170917,0.9557208044617204
chr1,RRAGC,ENST00000373001,TRUE,0.545,1,9,33438063,0.8673910359303618
chr1,RRAGC,ENST00000373001,TRUE,0.545,1,11,52170917,0.9557208044617204
NA,RREB1,NM_001003699.4,TRUE,0.366,NA,15,37734443,0.9738104873677516
NA,RREB1,NM_001003699.4,TRUE,0.366,NA,11,47574884,0.9095825587290856
chr6,RREB1,ENST00000379938,TRUE,0.366,0,15,37734443,0.9738104873677516
chr6,RREB1,ENST00000379938,TRUE,0.366,0,11,47574884,0.9095825587290856
NA,RRM1,NM_001033.5,TRUE,0.242,NA,1,55389576,0.978982671883734
chr11,RRM1,ENST00000300738,TRUE,0.242,0,1,55389576,0.978982671883734
NA,RRM2,NM_001034.4,TRUE,0.292,NA,15,36078675,0.9197548707868416
NA,RRM2,NM_001034.4,TRUE,0.292,NA,11,53966826,0.9694665089290744
NA,RRM2,NM_001034.4,TRUE,0.292,NA,0,31870722,0.9119619023748357
chr2,RRM2,ENST00000304567,TRUE,0.292,0,15,36078675,0.9197548707868416
chr2,RRM2,ENST00000304567,TRUE,0.292,0,11,53966826,0.9694665089290744
chr2,RRM2,ENST00000304567,TRUE,0.292,0,0,31870722,0.9119619023748357
NA,RRP12,NM_015179.4,TRUE,0.561,NA,15,37472882,0.9665259871654044
NA,RRP12,NM_015179.4,TRUE,0.561,NA,11,43062255,0.8491352599853529
chr10,RRP12,ENST00000370992,TRUE,0.561,1,15,37472882,0.9665259871654044
chr10,RRP12,ENST00000370992,TRUE,0.561,1,11,43062255,0.8491352599853529
NA,RSBN1,NM_018364.5,TRUE,0.507,NA,9,38759583,0.988084948759106
chr1,RSBN1,ENST00000261441,TRUE,0.507,1,9,38759583,0.988084948759106
NA,RSBN1L,NM_198467.3,TRUE,0.56,NA,0,33169231,0.9649727426530484
chr7,RSBN1L,ENST00000334955,TRUE,0.56,1,0,33169231,0.9649727426530484
NA,RSF1,NM_016578.4,TRUE,0.147,NA,1,42528291,0.8149804359977642
NA,RSF1,NM_016578.4,TRUE,0.147,NA,0,31422607,0.8909079516260417
chr11,RSF1,ENST00000308488,TRUE,0.147,0,1,42528291,0.8149804359977642
chr11,RSF1,ENST00000308488,TRUE,0.147,0,0,31422607,0.8909079516260417
NA,RSL24D1,NM_016304.3,TRUE,0.546,NA,1,42083527,0.8058133035215204
NA,RSL24D1,NM_016304.3,TRUE,0.546,NA,15,36469909,0.9383130022547262
NA,RSL24D1,NM_016304.3,TRUE,0.546,NA,11,42000007,0.8322348036730325
NA,RSL24D1,NM_016304.3,TRUE,0.546,NA,0,32407056,0.9302587881446206
chr15,RSL24D1,ENST00000260443,TRUE,0.546,1,1,42083527,0.8058133035215204
chr15,RSL24D1,ENST00000260443,TRUE,0.546,1,15,36469909,0.9383130022547262
chr15,RSL24D1,ENST00000260443,TRUE,0.546,1,11,42000007,0.8322348036730325
chr15,RSL24D1,ENST00000260443,TRUE,0.546,1,0,32407056,0.9302587881446206
NA,RSRC2,NM_023012.6,TRUE,0.135,NA,15,36325391,0.929525351216974
NA,RSRC2,NM_023012.6,TRUE,0.135,NA,9,35857725,0.9495616742807754
chr12,RSRC2,ENST00000331738,TRUE,0.135,0,15,36325391,0.929525351216974
chr12,RSRC2,ENST00000331738,TRUE,0.135,0,9,35857725,0.9495616742807754
NA,RTF1,NM_015138.5,TRUE,0.223,NA,11,44495648,0.868514449890147
chr15,RTF1,ENST00000389629,TRUE,0.223,0,11,44495648,0.868514449890147
NA,RTN4,NM_020532.5,TRUE,0.546,NA,11,54301929,0.9720579122302968
chr2,RTN4,ENST00000337526,TRUE,0.546,1,11,54301929,0.9720579122302968
NA,RUVBL1,NM_003707.3,TRUE,0.169,NA,1,46720619,0.8859698155394075
NA,RUVBL1,NM_003707.3,TRUE,0.169,NA,15,35654095,0.894490374053304
NA,RUVBL1,NM_003707.3,TRUE,0.169,NA,11,53675509,0.9669877753366009
chr3,RUVBL1,ENST00000322623,TRUE,0.169,0,1,46720619,0.8859698155394075
chr3,RUVBL1,ENST00000322623,TRUE,0.169,0,15,35654095,0.894490374053304
chr3,RUVBL1,ENST00000322623,TRUE,0.169,0,11,53675509,0.9669877753366009
NA,RUVBL2,NM_006666.3,TRUE,0.248,NA,1,46214677,0.8794857462269424
chr19,RUVBL2,ENST00000595090,TRUE,0.248,0,1,46214677,0.8794857462269424
NA,RXRA,NM_002957.6,TRUE,0.266,NA,1,43598145,0.8346562325321408
NA,RXRA,NM_002957.6,TRUE,0.266,NA,11,45371493,0.8811897921243873
chr9,RXRA,ENST00000481739,TRUE,0.266,0,1,43598145,0.8346562325321408
chr9,RXRA,ENST00000481739,TRUE,0.266,0,11,45371493,0.8811897921243873
NA,RYBP,NM_012234.6,TRUE,0.172,NA,1,55465061,0.979709334823924
NA,RYBP,NM_012234.6,TRUE,0.172,NA,15,36827727,0.9506850898999828
NA,RYBP,NM_012234.6,TRUE,0.172,NA,11,53162044,0.962818996112895
NA,RYBP,NM_012234.6,TRUE,0.172,NA,0,32322159,0.9277523654364308
chr3,RYBP,ENST00000477973,TRUE,0.172,0,1,55465061,0.979709334823924
chr3,RYBP,ENST00000477973,TRUE,0.172,0,15,36827727,0.9506850898999828
chr3,RYBP,ENST00000477973,TRUE,0.172,0,11,53162044,0.962818996112895
chr3,RYBP,ENST00000477973,TRUE,0.172,0,0,32322159,0.9277523654364308
NA,RYR2,NM_001035.3,TRUE,0.424,NA,15,37559130,0.9694166618488756
chr1,RYR2,ENST00000366574,TRUE,0.424,1,15,37559130,0.9694166618488756
NA,S100PBP,NM_022753.4,TRUE,0.526,NA,9,32679126,0.829485121619953
chr1,S100PBP,ENST00000373475,TRUE,0.526,1,9,32679126,0.829485121619953
NA,SAE1,NM_005500.3,TRUE,0.49,NA,15,34576767,0.8019887841822282
chr19,SAE1,ENST00000270225,TRUE,0.49,1,15,34576767,0.8019887841822282
NA,SAFB,NM_001201338.2,TRUE,0.219,NA,0,34197962,0.9823923804749672
chr19,SAFB,ENST00000588852,TRUE,0.219,0,0,34197962,0.9823923804749672
NA,SAFB2,NM_014649.3,TRUE,0.487,NA,1,52057439,0.9534376746785914
NA,SAFB2,NM_014649.3,TRUE,0.487,NA,15,35344455,0.8708446551425103
NA,SAFB2,NM_014649.3,TRUE,0.487,NA,11,48017943,0.914540025914033
NA,SAFB2,NM_014649.3,TRUE,0.487,NA,0,30314859,0.8279967416504793
chr19,SAFB2,ENST00000252542,TRUE,0.487,1,1,52057439,0.9534376746785914
chr19,SAFB2,ENST00000252542,TRUE,0.487,1,15,35344455,0.8708446551425103
chr19,SAFB2,ENST00000252542,TRUE,0.487,1,11,48017943,0.914540025914033
chr19,SAFB2,ENST00000252542,TRUE,0.487,1,0,30314859,0.8279967416504793
NA,SALL4,NM_020436.5,TRUE,0.184,NA,9,36709743,0.9643783183109026
NA,SALL4,NM_020436.5,TRUE,0.184,NA,11,52098366,0.9550447862092276
chr20,SALL4,ENST00000217086,TRUE,0.184,0,9,36709743,0.9643783183109026
chr20,SALL4,ENST00000217086,TRUE,0.184,0,11,52098366,0.9550447862092276
chr19,SAMD4B,ENST00000610417,TRUE,0.142,0,9,34773743,0.916409433263366
chr19,SAMD4B,ENST00000610417,TRUE,0.142,0,0,30587911,0.8470455542327213
NA,SAP130,NM_001330301.2,TRUE,0.243,NA,9,33067150,0.8485615508087418
chr2,SAP130,ENST00000643581,TRUE,0.243,0,9,33067150,0.8485615508087418
NA,SAR1A,NM_020150.5,TRUE,0.243,NA,15,35727077,0.8987685725848413
NA,SAR1A,NM_020150.5,TRUE,0.243,NA,11,42318926,0.8374176102754775
chr10,SAR1A,ENST00000373241,TRUE,0.243,0,15,35727077,0.8987685725848413
chr10,SAR1A,ENST00000373241,TRUE,0.243,0,11,42318926,0.8374176102754775
NA,SARNP,NM_033082.4,TRUE,0.475,NA,9,33595863,0.8755401901469317
chr12,SARNP,ENST00000336133,TRUE,0.475,1,9,33595863,0.8755401901469317
NA,SART1,NM_005146.5,TRUE,0.39,NA,1,49723645,0.9285634432643936
NA,SART1,NM_005146.5,TRUE,0.39,NA,9,34774377,0.9165329052969502
NA,SART1,NM_005146.5,TRUE,0.39,NA,11,46843728,0.8987099318348262
NA,SART1,NM_005146.5,TRUE,0.39,NA,0,35157097,0.9919794473337928
chr11,SART1,ENST00000312397,TRUE,0.39,0,1,49723645,0.9285634432643936
chr11,SART1,ENST00000312397,TRUE,0.39,0,9,34774377,0.9165329052969502
chr11,SART1,ENST00000312397,TRUE,0.39,0,11,46843728,0.8987099318348262
chr11,SART1,ENST00000312397,TRUE,0.39,0,0,35157097,0.9919794473337928
NA,SART3,NM_014706.4,TRUE,0.419,NA,9,34487443,0.9081985430300036
NA,SART3,NM_014706.4,TRUE,0.419,NA,0,31498769,0.8940409800112789
chr12,SART3,ENST00000546815,TRUE,0.419,1,9,34487443,0.9081985430300036
chr12,SART3,ENST00000546815,TRUE,0.419,1,0,31498769,0.8940409800112789
NA,SASH1,NM_015278.5,TRUE,0.412,NA,9,33173798,0.8543647363872083
chr6,SASH1,ENST00000367467,TRUE,0.412,1,9,33173798,0.8543647363872083
NA,SATB1,NM_002971.6,TRUE,0.209,NA,1,41844291,0.8005589714924539
NA,SATB1,NM_002971.6,TRUE,0.209,NA,11,46666516,0.8964565376598501
NA,SATB1,NM_002971.6,TRUE,0.209,NA,0,35126529,0.9917914656306788
chr3,SATB1,ENST00000338745,TRUE,0.209,0,1,41844291,0.8005589714924539
chr3,SATB1,ENST00000338745,TRUE,0.209,0,11,46666516,0.8964565376598501
chr3,SATB1,ENST00000338745,TRUE,0.209,0,0,35126529,0.9917914656306788
NA,SATB2,NM_001172509.2,TRUE,0.077,NA,9,36851807,0.9671564390665516
NA,SATB2,NM_001172509.2,TRUE,0.077,NA,11,41168962,0.8179257506619345
chr2,SATB2,ENST00000417098,TRUE,0.077,0,9,36851807,0.9671564390665516
chr2,SATB2,ENST00000417098,TRUE,0.077,0,11,41168962,0.8179257506619345
NA,SBF1,NM_002972.4,TRUE,0.381,NA,1,50546758,0.9383454443823364
NA,SBF1,NM_002972.4,TRUE,0.381,NA,15,34568706,0.8011215817771868
NA,SBF1,NM_002972.4,TRUE,0.381,NA,0,32655078,0.9380913591077136
chr22,SBF1,ENST00000380817,TRUE,0.381,0,1,50546758,0.9383454443823364
chr22,SBF1,ENST00000380817,TRUE,0.381,0,15,34568706,0.8011215817771868
chr22,SBF1,ENST00000380817,TRUE,0.381,0,0,32655078,0.9380913591077136
NA,SBNO1,NM_001167856.3,TRUE,0.182,NA,15,34792094,0.8223969474475342
NA,SBNO1,NM_001167856.3,TRUE,0.182,NA,0,30091159,0.81320884767216
chr12,SBNO1,ENST00000602398,TRUE,0.182,0,15,34792094,0.8223969474475342
chr12,SBNO1,ENST00000602398,TRUE,0.182,0,0,30091159,0.81320884767216
NA,SCAF1,NM_021228.3,TRUE,0.553,NA,9,33724439,0.8811581676750216
chr19,SCAF1,ENST00000360565,TRUE,0.553,1,9,33724439,0.8811581676750216
NA,SCAF11,NM_004719.3,TRUE,0.412,NA,15,37178539,0.9604555703301152
chr12,SCAF11,ENST00000369367,TRUE,0.412,1,15,37178539,0.9604555703301152
NA,SCAF4,NM_020706.2,TRUE,0.285,NA,15,34804698,0.8236688443082616
NA,SCAF4,NM_020706.2,TRUE,0.285,NA,0,30938932,0.8670342753305345
chr21,SCAF4,ENST00000286835,TRUE,0.285,0,15,34804698,0.8236688443082616
chr21,SCAF4,ENST00000286835,TRUE,0.285,0,0,30938932,0.8670342753305345
NA,SCAF8,NM_014892.5,TRUE,0.28,NA,9,32605030,0.8256574885788369
chr6,SCAF8,ENST00000367178,TRUE,0.28,0,9,32605030,0.8256574885788369
NA,SCD,NM_005063.5,TRUE,0.242,NA,1,44483887,0.8508664058133035
NA,SCD,NM_005063.5,TRUE,0.242,NA,15,36220644,0.9259987281031392
NA,SCD,NM_005063.5,TRUE,0.242,NA,0,33641202,0.9751237546212168
chr10,SCD,ENST00000370355,TRUE,0.242,0,1,44483887,0.8508664058133035
chr10,SCD,ENST00000370355,TRUE,0.242,0,15,36220644,0.9259987281031392
chr10,SCD,ENST00000370355,TRUE,0.242,0,0,33641202,0.9751237546212168
NA,SCN2A,NM_001040142.2,TRUE,0.161,NA,9,32953126,0.8434991974317817
chr2,SCN2A,ENST00000375437,TRUE,0.161,0,9,32953126,0.8434991974317817
NA,SCN5A,NM_000335.5,TRUE,0.372,NA,15,37559130,0.9694166618488756
chr3,SCN5A,ENST00000423572,TRUE,0.372,0,15,37559130,0.9694166618488756
NA,SCN8A,NM_001330260.2,TRUE,0.189,NA,0,30593874,0.8475468387743593
chr12,SCN8A,ENST00000627620,TRUE,0.189,0,0,30593874,0.8475468387743593
NA,SCYL2,NM_017988.6,TRUE,0.491,NA,11,46596505,0.8957805194073574
chr12,SCYL2,ENST00000360820,TRUE,0.491,1,11,46596505,0.8957805194073574
NA,SDK2,NM_001144952.2,TRUE,0.554,NA,0,32831351,0.9501221881070242
chr17,SDK2,ENST00000392650,TRUE,0.554,1,0,32831351,0.9501221881070242
NA,SEC24C,NM_198597.3,TRUE,0.275,NA,1,53931499,0.9680268306316376
NA,SEC24C,NM_198597.3,TRUE,0.275,NA,15,35865708,0.9080765450656184
NA,SEC24C,NM_198597.3,TRUE,0.275,NA,11,48513109,0.9194974930989804
NA,SEC24C,NM_198597.3,TRUE,0.275,NA,0,34393996,0.9842721975061094
chr10,SEC24C,ENST00000345254,TRUE,0.275,0,1,53931499,0.9680268306316376
chr10,SEC24C,ENST00000345254,TRUE,0.275,0,15,35865708,0.9080765450656184
chr10,SEC24C,ENST00000345254,TRUE,0.275,0,11,48513109,0.9194974930989804
chr10,SEC24C,ENST00000345254,TRUE,0.275,0,0,34393996,0.9842721975061094
NA,SEC31A,NM_001077207.4,TRUE,0.542,NA,9,33434436,0.867144091863193
chr4,SEC31A,ENST00000395310,TRUE,0.542,1,9,33434436,0.867144091863193
NA,SEC61A1,NM_013336.4,TRUE,0.404,NA,1,55795160,0.9820570150922304
NA,SEC61A1,NM_013336.4,TRUE,0.404,NA,9,34455305,0.907025558710952
NA,SEC61A1,NM_013336.4,TRUE,0.404,NA,11,58889391,0.9946481888344318
NA,SEC61A1,NM_013336.4,TRUE,0.404,NA,0,30673223,0.8518704179459866
chr3,SEC61A1,ENST00000243253,TRUE,0.404,1,1,55795160,0.9820570150922304
chr3,SEC61A1,ENST00000243253,TRUE,0.404,1,9,34455305,0.907025558710952
chr3,SEC61A1,ENST00000243253,TRUE,0.404,1,11,58889391,0.9946481888344318
chr3,SEC61A1,ENST00000243253,TRUE,0.404,1,0,30673223,0.8518704179459866
NA,SEC62,NM_003262.4,TRUE,0.392,NA,15,35843503,0.9069780886858992
NA,SEC62,NM_003262.4,TRUE,0.392,NA,0,31333503,0.8874616204022808
chr3,SEC62,ENST00000337002,TRUE,0.392,0,15,35843503,0.9069780886858992
chr3,SEC62,ENST00000337002,TRUE,0.392,0,0,31333503,0.8874616204022808
NA,SEC63,NM_007214.5,TRUE,0.532,NA,0,35061661,0.9914155022244502
chr6,SEC63,ENST00000369002,TRUE,0.532,1,0,35061661,0.9914155022244502
NA,SECISBP2L,NM_001193489.2,TRUE,0.483,NA,9,34428019,0.9060377824422768
chr15,SECISBP2L,ENST00000559471,TRUE,0.483,1,9,34428019,0.9060377824422768
NA,SEL1L,NM_005065.6,TRUE,0.541,NA,11,48767462,0.9222015661089517
NA,SEL1L,NM_005065.6,TRUE,0.541,NA,0,30486168,0.8402155523529043
chr14,SEL1L,ENST00000336735,TRUE,0.541,1,11,48767462,0.9222015661089517
chr14,SEL1L,ENST00000336735,TRUE,0.541,1,0,30486168,0.8402155523529043
NA,SEMA3F,NM_004186.5,TRUE,0.416,NA,11,40928008,0.8135316320207312
chr3,SEMA3F,ENST00000002829,TRUE,0.416,1,11,40928008,0.8135316320207312
NA,SEMA4C,NM_017789.5,TRUE,0.305,NA,1,53506697,0.964896590273896
NA,SEMA4C,NM_017789.5,TRUE,0.305,NA,15,35797378,0.9036249060530728
NA,SEMA4C,NM_017789.5,TRUE,0.305,NA,9,35746882,0.9470304975922952
NA,SEMA4C,NM_017789.5,TRUE,0.305,NA,0,32202291,0.92430603421267
chr2,SEMA4C,ENST00000305476,TRUE,0.305,0,1,53506697,0.964896590273896
chr2,SEMA4C,ENST00000305476,TRUE,0.305,0,15,35797378,0.9036249060530728
chr2,SEMA4C,ENST00000305476,TRUE,0.305,0,9,35746882,0.9470304975922952
chr2,SEMA4C,ENST00000305476,TRUE,0.305,0,0,32202291,0.92430603421267
NA,SEMA6A,NM_020796.5,TRUE,0.337,NA,0,30669384,0.8516197756751677
chr5,SEMA6A,ENST00000343348,TRUE,0.337,0,0,30669384,0.8516197756751677
NA,SEMA6D,NM_001358351.3,TRUE,0.396,NA,1,50776219,0.940860816098379
NA,SEMA6D,NM_001358351.3,TRUE,0.396,NA,9,37447560,0.973947400913693
chr15,SEMA6D,ENST00000536845,TRUE,0.396,0,1,50776219,0.940860816098379
chr15,SEMA6D,ENST00000536845,TRUE,0.396,0,9,37447560,0.973947400913693
NA,SENP1,NM_001267594.2,TRUE,0.426,NA,0,34573485,0.9864026568080708
chr12,SENP1,ENST00000549518,TRUE,0.426,1,0,34573485,0.9864026568080708
NA,SENP5,NM_152699.5,TRUE,0.458,NA,1,55101441,0.9768585802124092
NA,SENP5,NM_152699.5,TRUE,0.458,NA,15,36333456,0.9301034861536682
NA,SENP5,NM_152699.5,TRUE,0.458,NA,0,31120213,0.8771226267309982
chr3,SENP5,ENST00000323460,TRUE,0.458,1,1,55101441,0.9768585802124092
chr3,SENP5,ENST00000323460,TRUE,0.458,1,15,36333456,0.9301034861536682
chr3,SENP5,ENST00000323460,TRUE,0.458,1,0,31120213,0.8771226267309982
NA,SENP6,NM_015571.4,TRUE,0.322,NA,15,35610908,0.8914262588888247
NA,SENP6,NM_015571.4,TRUE,0.322,NA,9,35076400,0.926472404000494
chr6,SENP6,ENST00000447266,TRUE,0.322,0,15,35610908,0.8914262588888247
chr6,SENP6,ENST00000447266,TRUE,0.322,0,9,35076400,0.926472404000494
NA,SENP7,NM_020654.5,TRUE,0.503,NA,9,34432051,0.9062229904926534
chr3,SENP7,ENST00000394095,TRUE,0.503,1,9,34432051,0.9062229904926534
NA,SEPHS1,NM_012247.5,TRUE,0.254,NA,11,47085391,0.9031040504760296
chr10,SEPHS1,ENST00000327347,TRUE,0.254,0,11,47085391,0.9031040504760296
NA,SERBP1,NM_001018069.2,TRUE,0.256,NA,15,36138388,0.9225877319766432
NA,SERBP1,NM_001018069.2,TRUE,0.256,NA,11,57368931,0.989071038251366
NA,SERBP1,NM_001018069.2,TRUE,0.256,NA,0,31192394,0.8805689579547591
chr1,SERBP1,ENST00000361219,TRUE,0.256,0,15,36138388,0.9225877319766432
chr1,SERBP1,ENST00000361219,TRUE,0.256,0,11,57368931,0.989071038251366
chr1,SERBP1,ENST00000361219,TRUE,0.256,0,0,31192394,0.8805689579547591
NA,SERPINC1,NM_000488.4,TRUE,0.44,NA,1,48102146,0.9079373951928452
chr1,SERPINC1,ENST00000367698,TRUE,0.44,1,1,48102146,0.9079373951928452
NA,SERTAD2,NM_014755.3,TRUE,0.421,NA,1,56738935,0.9860257126886528
NA,SERTAD2,NM_014755.3,TRUE,0.421,NA,0,30363308,0.8316937151450592
chr2,SERTAD2,ENST00000313349,TRUE,0.421,1,1,56738935,0.9860257126886528
chr2,SERTAD2,ENST00000313349,TRUE,0.421,1,0,30363308,0.8316937151450592
NA,SESN3,NM_144665.4,TRUE,0.425,NA,0,32831351,0.9501221881070242
chr11,SESN3,ENST00000536441,TRUE,0.425,1,0,32831351,0.9501221881070242
NA,SESTD1,NM_178123.5,TRUE,0.56,NA,9,33409566,0.8661563155945179
chr2,SESTD1,ENST00000428443,TRUE,0.56,1,9,33409566,0.8661563155945179
NA,SET,NM_003011.4,TRUE,0.167,NA,1,44201686,0.8457797652319732
NA,SET,NM_003011.4,TRUE,0.167,NA,15,38133145,0.9826559518991732
NA,SET,NM_003011.4,TRUE,0.167,NA,9,33490206,0.8702308927028028
NA,SET,NM_003011.4,TRUE,0.167,NA,11,53779443,0.96800180271534
NA,SET,NM_003011.4,TRUE,0.167,NA,0,32906115,0.9588320070179835
chr9,SET,ENST00000322030,TRUE,0.167,0,1,44201686,0.8457797652319732
chr9,SET,ENST00000322030,TRUE,0.167,0,15,38133145,0.9826559518991732
chr9,SET,ENST00000322030,TRUE,0.167,0,9,33490206,0.8702308927028028
chr9,SET,ENST00000322030,TRUE,0.167,0,11,53779443,0.96800180271534
chr9,SET,ENST00000322030,TRUE,0.167,0,0,32906115,0.9588320070179835
NA,SETD1A,NM_014712.3,TRUE,0.279,NA,1,49570297,0.926327557294578
NA,SETD1A,NM_014712.3,TRUE,0.279,NA,11,47974295,0.9141456819334122
NA,SETD1A,NM_014712.3,TRUE,0.279,NA,0,30930531,0.8665329907888966
chr16,SETD1A,ENST00000262519,TRUE,0.279,0,1,49570297,0.926327557294578
chr16,SETD1A,ENST00000262519,TRUE,0.279,0,11,47974295,0.9141456819334122
chr16,SETD1A,ENST00000262519,TRUE,0.279,0,0,30930531,0.8665329907888966
NA,SETD1B,NM_001353345.2,TRUE,0.109,NA,1,44969632,0.8590832867523757
NA,SETD1B,NM_001353345.2,TRUE,0.109,NA,15,35496883,0.8820026594207088
NA,SETD1B,NM_001353345.2,TRUE,0.109,NA,9,34242441,0.9001111248302259
chr12,SETD1B,ENST00000604567,TRUE,0.109,0,1,44969632,0.8590832867523757
chr12,SETD1B,ENST00000604567,TRUE,0.109,0,15,35496883,0.8820026594207088
chr12,SETD1B,ENST00000604567,TRUE,0.109,0,9,34242441,0.9001111248302259
NA,SETD2,NM_014159.7,TRUE,0.176,NA,1,44019951,0.8424259362772498
NA,SETD2,NM_014159.7,TRUE,0.176,NA,9,36009220,0.952278059019632
NA,SETD2,NM_014159.7,TRUE,0.176,NA,0,31802210,0.910144745911398
chr3,SETD2,ENST00000409792,TRUE,0.176,0,1,44019951,0.8424259362772498
chr3,SETD2,ENST00000409792,TRUE,0.176,0,9,36009220,0.952278059019632
chr3,SETD2,ENST00000409792,TRUE,0.176,0,0,31802210,0.910144745911398
NA,SETD3,NM_032233.3,TRUE,0.478,NA,1,48891378,0.9187814421464504
chr14,SETD3,ENST00000331768,TRUE,0.478,1,1,48891378,0.9187814421464504
NA,SETD5,NM_001080517.3,TRUE,0.376,NA,9,35245794,0.9317199654278306
chr3,SETD5,ENST00000402198,TRUE,0.376,0,9,35245794,0.9317199654278306
chr1,SETDB1,ENST00000692827,TRUE,0.29,0,9,33006539,0.8464625262378072
chr1,SETDB1,ENST00000692827,TRUE,0.29,0,0,33289335,0.967980449902876
NA,SETX,NM_015046.7,TRUE,0.442,NA,9,32196156,0.8025682182985554
chr9,SETX,ENST00000224140,TRUE,0.442,1,9,32196156,0.8025682182985554
NA,SEZ6L2,NM_001243332.2,TRUE,0.586,NA,9,36533453,0.9619706136560068
chr16,SEZ6L2,ENST00000617533,TRUE,0.586,2,9,36533453,0.9619706136560068
NA,SF1,NM_004630.4,TRUE,0.22,NA,1,60073768,0.9961989938513136
NA,SF1,NM_004630.4,TRUE,0.22,NA,11,54565226,0.9736916230071544
chr11,SF1,ENST00000377390,TRUE,0.22,0,1,60073768,0.9961989938513136
chr11,SF1,ENST00000377390,TRUE,0.22,0,11,54565226,0.9736916230071544
NA,SF3A1,NM_005877.6,TRUE,0.227,NA,1,52601784,0.9571268865287872
NA,SF3A1,NM_005877.6,TRUE,0.227,NA,11,50105805,0.936848628246296
NA,SF3A1,NM_005877.6,TRUE,0.227,NA,0,31466268,0.8927251080894792
chr22,SF3A1,ENST00000215793,TRUE,0.227,0,1,52601784,0.9571268865287872
chr22,SF3A1,ENST00000215793,TRUE,0.227,0,11,50105805,0.936848628246296
chr22,SF3A1,ENST00000215793,TRUE,0.227,0,0,31466268,0.8927251080894792
NA,SF3A2,NM_007165.5,TRUE,0.302,NA,0,33974121,0.9795726549282536
chr19,SF3A2,ENST00000221494,TRUE,0.302,0,0,33974121,0.9795726549282536
NA,SF3A3,NM_006802.4,TRUE,0.26,NA,1,53945820,0.9681386249301286
chr1,SF3A3,ENST00000373019,TRUE,0.26,0,1,53945820,0.9681386249301286
NA,SF3B1,NM_012433.4,TRUE,0.1,NA,15,37040343,0.9565820662542638
NA,SF3B1,NM_012433.4,TRUE,0.1,NA,0,31276375,0.8843285920170437
chr2,SF3B1,ENST00000335508,TRUE,0.1,0,15,37040343,0.9565820662542638
chr2,SF3B1,ENST00000335508,TRUE,0.1,0,0,31276375,0.8843285920170437
NA,SF3B2,NM_006842.3,TRUE,0.252,NA,11,46318000,0.8926257675623909
NA,SF3B2,NM_006842.3,TRUE,0.252,NA,0,32062865,0.9196064916348142
chr11,SF3B2,ENST00000322535,TRUE,0.252,0,11,46318000,0.8926257675623909
chr11,SF3B2,ENST00000322535,TRUE,0.252,0,0,32062865,0.9196064916348142
NA,SF3B3,NM_012426.5,TRUE,0.285,NA,15,35646871,0.8939122391166098
chr16,SF3B3,ENST00000302516,TRUE,0.285,0,15,35646871,0.8939122391166098
NA,SF3B4,NM_005850.5,TRUE,0.259,NA,1,48181483,0.9091671324762436
NA,SF3B4,NM_005850.5,TRUE,0.259,NA,9,32390415,0.8149771576737869
NA,SF3B4,NM_005850.5,TRUE,0.259,NA,11,52572164,0.9584248774716916
NA,SF3B4,NM_005850.5,TRUE,0.259,NA,0,30542838,0.8435992230089605
chr1,SF3B4,ENST00000271628,TRUE,0.259,0,1,48181483,0.9091671324762436
chr1,SF3B4,ENST00000271628,TRUE,0.259,0,9,32390415,0.8149771576737869
chr1,SF3B4,ENST00000271628,TRUE,0.259,0,11,52572164,0.9584248774716916
chr1,SF3B4,ENST00000271628,TRUE,0.259,0,0,30542838,0.8435992230089605
NA,SF3B6,NM_016047.4,TRUE,0.566,NA,1,47695797,0.901285634432644
NA,SF3B6,NM_016047.4,TRUE,0.566,NA,15,35036379,0.8455801584089726
NA,SF3B6,NM_016047.4,TRUE,0.566,NA,0,31903126,0.9152202518954822
chr2,SF3B6,ENST00000233468,TRUE,0.566,1,1,47695797,0.901285634432644
chr2,SF3B6,ENST00000233468,TRUE,0.566,1,15,35036379,0.8455801584089726
chr2,SF3B6,ENST00000233468,TRUE,0.566,1,0,31903126,0.9152202518954822
NA,SFPQ,NM_005066.3,TRUE,0.284,NA,1,63186868,0.9996087199552824
NA,SFPQ,NM_005066.3,TRUE,0.284,NA,11,58839144,0.9943101797081856
chr1,SFPQ,ENST00000357214,TRUE,0.284,0,1,63186868,0.9996087199552824
chr1,SFPQ,ENST00000357214,TRUE,0.284,0,11,58839144,0.9943101797081856
NA,SFSWAP,NM_004592.4,TRUE,0.24,NA,9,33714214,0.8807877515742685
chr12,SFSWAP,ENST00000261674,TRUE,0.24,0,9,33714214,0.8807877515742685
NA,SGF29,NM_138414.3,TRUE,0.582,NA,1,49036098,0.9198434879821128
NA,SGF29,NM_138414.3,TRUE,0.582,NA,9,36701427,0.9641313742437336
chr16,SGF29,ENST00000317058,TRUE,0.582,1,1,49036098,0.9198434879821128
chr16,SGF29,ENST00000317058,TRUE,0.582,1,9,36701427,0.9641313742437336
NA,SGMS1,NM_147156.4,TRUE,0.439,NA,9,33567240,0.8741202617607112
chr10,SGMS1,ENST00000361781,TRUE,0.439,1,9,33567240,0.8741202617607112
NA,SH3PXD2A,NM_014631.3,TRUE,0.358,NA,9,34553972,0.9098036794666008
chr10,SH3PXD2A,ENST00000369774,TRUE,0.376,0,9,34553972,0.9098036794666008
NA,SHANK2,NM_012309.5,TRUE,0.417,NA,9,32834393,0.8378812199036918
chr11,SHANK2,ENST00000601538,TRUE,0.417,1,9,32834393,0.8378812199036918
NA,SHANK3,NM_001372044.2,TRUE,0.428,NA,0,32831351,0.9501221881070242
chr22,SHANK3,ENST00000262795,TRUE,0.446,1,0,32831351,0.9501221881070242
NA,SHROOM3,NM_020859.4,TRUE,0.448,NA,1,50643285,0.939295695919508
chr4,SHROOM3,ENST00000296043,TRUE,0.448,1,1,50643285,0.939295695919508
NA,SIAH1,NM_003031.4,TRUE,0.298,NA,9,36013458,0.9524632670700086
chr16,SIAH1,ENST00000394725,TRUE,0.298,0,9,36013458,0.9524632670700086
NA,SIAH2,NM_005067.7,TRUE,0.46,NA,1,43582386,0.8341531581889323
chr3,SIAH2,ENST00000312960,TRUE,0.46,1,1,43582386,0.8341531581889323
chr11,SIK3,ENST00000445177,TRUE,0.268,0,0,30746740,0.8561939971176139
NA,SINHCAF,NM_001135812.2,TRUE,0.414,NA,15,36062744,0.9191767358501476
NA,SINHCAF,NM_001135812.2,TRUE,0.414,NA,9,34447952,0.9068403506605752
chr12,SINHCAF,ENST00000337682,TRUE,0.414,1,15,36062744,0.9191767358501476
chr12,SINHCAF,ENST00000337682,TRUE,0.414,1,9,34447952,0.9068403506605752
NA,SIPA1L3,NM_015073.3,TRUE,0.559,NA,9,34204151,0.8988146684775898
chr19,SIPA1L3,ENST00000222345,TRUE,0.559,1,9,34204151,0.8988146684775898
NA,SIRPA,NM_001040023.2,TRUE,0.31,NA,15,35035989,0.8454645314216338
chr20,SIRPA,ENST00000358771,TRUE,0.31,0,15,35035989,0.8454645314216338
NA,SIRT1,NM_012238.5,TRUE,0.527,NA,15,34685676,0.8123373995490547
NA,SIRT1,NM_012238.5,TRUE,0.527,NA,11,48248977,0.9166807503802604
chr10,SIRT1,ENST00000212015,TRUE,0.527,1,15,34685676,0.8123373995490547
chr10,SIRT1,ENST00000212015,TRUE,0.527,1,11,48248977,0.9166807503802604
NA,SKIDA1,NM_207371.4,TRUE,0.599,NA,0,30227147,0.822482611692462
chr10,SKIDA1,ENST00000449193,TRUE,0.599,2,0,30227147,0.822482611692462
NA,SKIL,NM_005414.5,TRUE,0.525,NA,15,36746855,0.9479678556975198
NA,SKIL,NM_005414.5,TRUE,0.525,NA,0,33941343,0.9790713703866156
chr3,SKIL,ENST00000259119,TRUE,0.525,1,15,36746855,0.9479678556975198
chr3,SKIL,ENST00000259119,TRUE,0.525,1,0,33941343,0.9790713703866156
NA,SKP1,NM_170679.3,TRUE,0.324,NA,1,44696308,0.8541643376187814
chr5,SKP1,ENST00000353411,TRUE,0.324,0,1,44696308,0.8541643376187814
NA,SKP2,NM_005983.4,TRUE,0.534,NA,1,61559202,0.998267188373393
NA,SKP2,NM_005983.4,TRUE,0.534,NA,0,31646612,0.8996177705370011
chr5,SKP2,ENST00000274255,TRUE,0.534,1,1,61559202,0.998267188373393
chr5,SKP2,ENST00000274255,TRUE,0.534,1,0,31646612,0.8996177705370011
NA,SLC16A1,NM_003051.4,TRUE,0.591,NA,15,37627166,0.9719026420766608
NA,SLC16A1,NM_003051.4,TRUE,0.591,NA,11,50044713,0.93600360543068
NA,SLC16A1,NM_003051.4,TRUE,0.591,NA,0,31480757,0.8933517137665268
chr1,SLC16A1,ENST00000369626,TRUE,0.591,2,15,37627166,0.9719026420766608
chr1,SLC16A1,ENST00000369626,TRUE,0.591,2,11,50044713,0.93600360543068
chr1,SLC16A1,ENST00000369626,TRUE,0.591,2,0,31480757,0.8933517137665268
NA,SLC25A11,NM_003562.5,TRUE,0.527,NA,1,56477572,0.9849077697037452
NA,SLC25A11,NM_003562.5,TRUE,0.527,NA,15,35077378,0.8486442735734521
chr17,SLC25A11,ENST00000225665,TRUE,0.527,1,1,56477572,0.9849077697037452
chr17,SLC25A11,ENST00000225665,TRUE,0.527,1,15,35077378,0.8486442735734521
NA,SLC25A3,NM_002635.4,TRUE,0.532,NA,15,35412515,0.8750650401803781
NA,SLC25A3,NM_002635.4,TRUE,0.532,NA,9,36833230,0.9668477589825905
chr12,SLC25A3,ENST00000552981,TRUE,0.532,1,15,35412515,0.8750650401803781
chr12,SLC25A3,ENST00000552981,TRUE,0.532,1,9,36833230,0.9668477589825905
NA,SLC2A1,NM_006516.4,TRUE,0.139,NA,11,57788687,0.9904230747563516
NA,SLC2A1,NM_006516.4,TRUE,0.139,NA,0,33112989,0.9637821918666584
chr1,SLC2A1,ENST00000426263,TRUE,0.139,0,11,57788687,0.9904230747563516
chr1,SLC2A1,ENST00000426263,TRUE,0.139,0,0,33112989,0.9637821918666584
NA,SLC2A14,NM_001286234.2,TRUE,0.425,NA,1,43199801,0.8267747344885411
chr12,SLC2A14,ENST00000431042,TRUE,0.425,1,1,43199801,0.8267747344885411
NA,SLC30A1,NM_021194.3,TRUE,0.409,NA,9,35685247,0.945054945054945
chr1,SLC30A1,ENST00000367001,TRUE,0.409,1,9,35685247,0.945054945054945
NA,SLC30A9,NM_006345.4,TRUE,0.587,NA,1,51372563,0.946338736724427
chr4,SLC30A9,ENST00000264451,TRUE,0.587,2,1,51372563,0.946338736724427
NA,SLC31A1,NM_001859.4,TRUE,0.586,NA,1,48577333,0.9143655673560648
NA,SLC31A1,NM_001859.4,TRUE,0.586,NA,11,52789970,0.9594952397048052
chr9,SLC31A1,ENST00000374212,TRUE,0.586,2,1,48577333,0.9143655673560648
chr9,SLC31A1,ENST00000374212,TRUE,0.586,2,11,52789970,0.9594952397048052
NA,SLC38A1,NM_030674.4,TRUE,0.518,NA,15,35916120,0.9110828467364284
NA,SLC38A1,NM_030674.4,TRUE,0.518,NA,0,33244013,0.9669152202518956
chr12,SLC38A1,ENST00000398637,TRUE,0.518,1,15,35916120,0.9110828467364284
chr12,SLC38A1,ENST00000398637,TRUE,0.518,1,0,33244013,0.9669152202518956
NA,SLC38A2,NM_018976.5,TRUE,0.308,NA,1,43704581,0.8365008384572387
NA,SLC38A2,NM_018976.5,TRUE,0.308,NA,15,35950216,0.913106319014858
NA,SLC38A2,NM_018976.5,TRUE,0.308,NA,0,33421058,0.9709881571527038
chr12,SLC38A2,ENST00000256689,TRUE,0.308,0,1,43704581,0.8365008384572387
chr12,SLC38A2,ENST00000256689,TRUE,0.308,0,15,35950216,0.913106319014858
chr12,SLC38A2,ENST00000256689,TRUE,0.308,0,0,33421058,0.9709881571527038
NA,SLC39A10,NM_020342.3,TRUE,0.328,NA,1,44593092,0.8524874231414198
chr2,SLC39A10,ENST00000359634,TRUE,0.328,0,1,44593092,0.8524874231414198
NA,SLC39A14,NM_001128431.4,TRUE,0.592,NA,1,49157531,0.92157629960872
NA,SLC39A14,NM_001128431.4,TRUE,0.592,NA,15,35649697,0.8941434930912875
NA,SLC39A14,NM_001128431.4,TRUE,0.592,NA,11,58902127,0.994817193397555
NA,SLC39A14,NM_001128431.4,TRUE,0.592,NA,0,30314777,0.8279340810827747
chr8,SLC39A14,ENST00000381237,TRUE,0.592,2,1,49157531,0.92157629960872
chr8,SLC39A14,ENST00000381237,TRUE,0.592,2,15,35649697,0.8941434930912875
chr8,SLC39A14,ENST00000381237,TRUE,0.592,2,11,58902127,0.994817193397555
chr8,SLC39A14,ENST00000381237,TRUE,0.592,2,0,30314777,0.8279340810827747
NA,SLC40A1,NM_014585.6,TRUE,0.445,NA,1,48843250,0.9179429849077696
NA,SLC40A1,NM_014585.6,TRUE,0.445,NA,9,33291247,0.8601679219656748
chr2,SLC40A1,ENST00000261024,TRUE,0.445,1,1,48843250,0.9179429849077696
chr2,SLC40A1,ENST00000261024,TRUE,0.445,1,9,33291247,0.8601679219656748
NA,SLC6A6,NM_003043.6,TRUE,0.399,NA,11,54591136,0.973916962424652
chr3,SLC6A6,ENST00000622186,TRUE,0.399,0,11,54591136,0.973916962424652
NA,SLC6A9,NM_001024845.3,TRUE,0.544,NA,1,42201189,0.8083286752375629
NA,SLC6A9,NM_001024845.3,TRUE,0.544,NA,11,41318820,0.8205734888175314
chr1,SLC6A9,ENST00000372310,TRUE,0.544,1,1,42201189,0.8083286752375629
chr1,SLC6A9,ENST00000372310,TRUE,0.544,1,11,41318820,0.8205734888175314
NA,SLC7A1,NM_003045.5,TRUE,0.353,NA,1,43981567,0.8419228619340413
NA,SLC7A1,NM_003045.5,TRUE,0.353,NA,11,45082658,0.8770773477550561
chr13,SLC7A1,ENST00000380752,TRUE,0.353,0,1,43981567,0.8419228619340413
chr13,SLC7A1,ENST00000380752,TRUE,0.353,0,11,45082658,0.8770773477550561
NA,SLC9A1,NM_003047.5,TRUE,0.473,NA,1,59963548,0.9960313024035774
NA,SLC9A1,NM_003047.5,TRUE,0.473,NA,15,34636178,0.8079435740301787
NA,SLC9A1,NM_003047.5,TRUE,0.473,NA,11,44575056,0.8694721424145119
chr1,SLC9A1,ENST00000263980,TRUE,0.473,1,1,59963548,0.9960313024035774
chr1,SLC9A1,ENST00000263980,TRUE,0.473,1,15,34636178,0.8079435740301787
chr1,SLC9A1,ENST00000263980,TRUE,0.473,1,11,44575056,0.8694721424145119
NA,SLMAP,NM_001377540.1,TRUE,0.531,NA,11,47643496,0.9103712466903272
chr3,SLMAP,ENST00000671191,TRUE,0.531,1,11,47643496,0.9103712466903272
NA,SLTM,NM_024755.4,TRUE,0.443,NA,1,44026434,0.842593627724986
NA,SLTM,NM_024755.4,TRUE,0.443,NA,11,55094177,0.9772407188327418
chr15,SLTM,ENST00000380516,TRUE,0.443,1,1,44026434,0.842593627724986
chr15,SLTM,ENST00000380516,TRUE,0.443,1,11,55094177,0.9772407188327418
NA,SMAD1,NM_005900.3,TRUE,0.281,NA,1,51264354,0.945164896590274
NA,SMAD1,NM_005900.3,TRUE,0.281,NA,11,46232730,0.8914427356205284
chr4,SMAD1,ENST00000302085,TRUE,0.281,0,1,51264354,0.945164896590274
chr4,SMAD1,ENST00000302085,TRUE,0.281,0,11,46232730,0.8914427356205284
NA,SMAD3,NM_005902.4,TRUE,0.373,NA,15,38981161,0.991385789443256
chr15,SMAD3,ENST00000327367,TRUE,0.373,0,15,38981161,0.991385789443256
NA,SMAD4,NM_005359.6,TRUE,0.227,NA,11,53486496,0.9656357388316152
chr18,SMAD4,ENST00000342988,TRUE,0.227,0,11,53486496,0.9656357388316152
NA,SMAD5,NM_005903.7,TRUE,0.174,NA,1,53440495,0.9642817216321968
NA,SMAD5,NM_005903.7,TRUE,0.174,NA,15,36604212,0.9431115222292884
chr5,SMAD5,ENST00000545279,TRUE,0.174,0,1,53440495,0.9642817216321968
chr5,SMAD5,ENST00000545279,TRUE,0.174,0,15,36604212,0.9431115222292884
NA,SMAD7,NM_005904.4,TRUE,0.439,NA,9,32638861,0.8276330411161872
NA,SMAD7,NM_005904.4,TRUE,0.439,NA,11,45793731,0.885358571348093
chr18,SMAD7,ENST00000262158,TRUE,0.439,1,9,32638861,0.8276330411161872
chr18,SMAD7,ENST00000262158,TRUE,0.439,1,11,45793731,0.885358571348093
NA,SMAP1,NM_001044305.3,TRUE,0.491,NA,9,38471074,0.986171132238548
chr6,SMAP1,ENST00000370455,TRUE,0.491,1,9,38471074,0.986171132238548
NA,SMARCA2,NM_003070.5,TRUE,0.317,NA,1,51148986,0.9439910564561208
NA,SMARCA2,NM_003070.5,TRUE,0.317,NA,0,35413844,0.9937966037972304
chr9,SMARCA2,ENST00000349721,TRUE,0.317,0,1,51148986,0.9439910564561208
chr9,SMARCA2,ENST00000349721,TRUE,0.317,0,0,35413844,0.9937966037972304
NA,SMARCA4,NM_003072.5,TRUE,0.226,NA,1,49049121,0.9200111794298492
NA,SMARCA4,NM_003072.5,TRUE,0.226,NA,15,35868339,0.9082499855466266
NA,SMARCA4,NM_003072.5,TRUE,0.226,NA,11,46378762,0.8935271252323813
NA,SMARCA4,NM_003072.5,TRUE,0.226,NA,0,31173417,0.8796917100068926
chr19,SMARCA4,ENST00000344626,TRUE,0.226,0,1,49049121,0.9200111794298492
chr19,SMARCA4,ENST00000344626,TRUE,0.226,0,15,35868339,0.9082499855466266
chr19,SMARCA4,ENST00000344626,TRUE,0.226,0,11,46378762,0.8935271252323813
chr19,SMARCA4,ENST00000344626,TRUE,0.226,0,0,31173417,0.8796917100068926
NA,SMARCA5,NM_003601.4,TRUE,0.222,NA,15,35363122,0.871769671041221
NA,SMARCA5,NM_003601.4,TRUE,0.222,NA,9,33293992,0.8602913939992591
chr4,SMARCA5,ENST00000283131,TRUE,0.222,0,15,35363122,0.871769671041221
chr4,SMARCA5,ENST00000283131,TRUE,0.222,0,9,33293992,0.8602913939992591
NA,SMARCAD1,NM_020159.5,TRUE,0.257,NA,11,40547124,0.8064897752239311
chr4,SMARCAD1,ENST00000354268,TRUE,0.257,0,11,40547124,0.8064897752239311
NA,SMARCB1,NM_003073.5,TRUE,0.221,NA,15,35790896,0.9033936520783952
NA,SMARCB1,NM_003073.5,TRUE,0.221,NA,0,32826966,0.9431042045240928
chr22,SMARCB1,ENST00000644036,TRUE,0.221,0,15,35790896,0.9033936520783952
chr22,SMARCB1,ENST00000644036,TRUE,0.221,0,0,32826966,0.9431042045240928
NA,SMARCC1,NM_003074.4,TRUE,0.369,NA,1,57278287,0.989044158747904
NA,SMARCC1,NM_003074.4,TRUE,0.369,NA,15,37257485,0.9624212291148754
NA,SMARCC1,NM_003074.4,TRUE,0.369,NA,9,37521050,0.9746882331151994
NA,SMARCC1,NM_003074.4,TRUE,0.369,NA,11,60474281,0.9987606332037632
chr3,SMARCC1,ENST00000254480,TRUE,0.369,0,1,57278287,0.989044158747904
chr3,SMARCC1,ENST00000254480,TRUE,0.369,0,15,37257485,0.9624212291148754
chr3,SMARCC1,ENST00000254480,TRUE,0.369,0,9,37521050,0.9746882331151994
chr3,SMARCC1,ENST00000254480,TRUE,0.369,0,11,60474281,0.9987606332037632
NA,SMARCC2,NM_001330288.2,TRUE,0.167,NA,9,34022723,0.891961970613656
NA,SMARCC2,NM_001330288.2,TRUE,0.167,NA,11,43148342,0.8502619570728409
chr12,SMARCC2,ENST00000550164,TRUE,0.167,0,9,34022723,0.891961970613656
chr12,SMARCC2,ENST00000550164,TRUE,0.167,0,11,43148342,0.8502619570728409
NA,SMARCD1,NM_003076.5,TRUE,0.339,NA,15,34832314,0.8265017054980632
NA,SMARCD1,NM_003076.5,TRUE,0.339,NA,11,40796862,0.8112782378457551
chr12,SMARCD1,ENST00000394963,TRUE,0.339,0,15,34832314,0.8265017054980632
chr12,SMARCD1,ENST00000394963,TRUE,0.339,0,11,40796862,0.8112782378457551
NA,SMARCE1,NM_003079.5,TRUE,0.318,NA,0,30520568,0.8419073876809324
chr17,SMARCE1,ENST00000348513,TRUE,0.318,0,0,30520568,0.8419073876809324
NA,SMC2,NM_006444.3,TRUE,0.408,NA,1,45592953,0.8688652878703186
NA,SMC2,NM_006444.3,TRUE,0.408,NA,11,46256305,0.8917244098924004
chr9,SMC2,ENST00000374793,TRUE,0.408,1,1,45592953,0.8688652878703186
chr9,SMC2,ENST00000374793,TRUE,0.408,1,11,46256305,0.8917244098924004
NA,SMC3,NM_005445.4,TRUE,0.132,NA,9,32372599,0.814051117421904
NA,SMC3,NM_005445.4,TRUE,0.132,NA,0,30683846,0.8528103264615577
chr10,SMC3,ENST00000361804,TRUE,0.132,0,9,32372599,0.814051117421904
chr10,SMC3,ENST00000361804,TRUE,0.132,0,0,30683846,0.8528103264615577
NA,SMCHD1,NM_015295.3,TRUE,0.342,NA,15,34943656,0.8361565589408568
chr18,SMCHD1,ENST00000320876,TRUE,0.342,0,15,34943656,0.8361565589408568
NA,SMG6,NM_017575.5,TRUE,0.555,NA,9,37540831,0.9749969131991604
chr17,SMG6,ENST00000263073,TRUE,0.555,1,9,37540831,0.9749969131991604
NA,SMNDC1,NM_005871.4,TRUE,0.372,NA,1,46267623,0.8803801006148686
NA,SMNDC1,NM_005871.4,TRUE,0.372,NA,11,50446729,0.9400033800912624
chr10,SMNDC1,ENST00000369603,TRUE,0.372,0,1,46267623,0.8803801006148686
chr10,SMNDC1,ENST00000369603,TRUE,0.372,0,11,50446729,0.9400033800912624
NA,SMU1,NM_018225.3,TRUE,0.099,NA,1,44347912,0.8486864169927334
NA,SMU1,NM_018225.3,TRUE,0.099,NA,0,31433658,0.891346575599975
chr9,SMU1,ENST00000397149,TRUE,0.099,0,1,44347912,0.8486864169927334
chr9,SMU1,ENST00000397149,TRUE,0.099,0,0,31433658,0.891346575599975
NA,SMURF2,NM_022739.4,TRUE,0.547,NA,0,34626828,0.9871545836205275
chr17,SMURF2,ENST00000262435,TRUE,0.547,1,0,34626828,0.9871545836205275
NA,SND1,NM_014390.4,TRUE,0.386,NA,15,38013199,0.9814418685321152
chr7,SND1,ENST00000354725,TRUE,0.386,0,15,38013199,0.9814418685321152
NA,SNPH,NM_001318234.2,TRUE,0.496,NA,0,32831351,0.9501221881070242
chr20,SNPH,ENST00000381867,TRUE,0.496,1,0,32831351,0.9501221881070242
NA,SNRK,NM_017719.5,TRUE,0.191,NA,15,37165884,0.9601086893680986
chr3,SNRK,ENST00000296088,TRUE,0.191,0,15,37165884,0.9601086893680986
NA,SNRNP40,NM_004814.3,TRUE,0.581,NA,1,53845619,0.967467859139184
NA,SNRNP40,NM_004814.3,TRUE,0.581,NA,15,35637883,0.892987223217899
NA,SNRNP40,NM_004814.3,TRUE,0.581,NA,11,48836051,0.9229339192158188
chr1,SNRNP40,ENST00000263694,TRUE,0.581,1,1,53845619,0.967467859139184
chr1,SNRNP40,ENST00000263694,TRUE,0.581,1,15,35637883,0.892987223217899
chr1,SNRNP40,ENST00000263694,TRUE,0.581,1,11,48836051,0.9229339192158188
NA,SNRNP70,NM_003089.6,TRUE,0.33,NA,1,55519032,0.9799888205701508
NA,SNRNP70,NM_003089.6,TRUE,0.33,NA,11,57278124,0.9888456988338684
NA,SNRNP70,NM_003089.6,TRUE,0.33,NA,0,30914276,0.8655930822733254
chr19,SNRNP70,ENST00000598441,TRUE,0.33,0,1,55519032,0.9799888205701508
chr19,SNRNP70,ENST00000598441,TRUE,0.33,0,11,57278124,0.9888456988338684
chr19,SNRNP70,ENST00000598441,TRUE,0.33,0,0,30914276,0.8655930822733254
NA,SNRPB,NM_003091.4,TRUE,0.324,NA,15,36994481,0.955252355899867
NA,SNRPB,NM_003091.4,TRUE,0.324,NA,11,40535349,0.8064334403695567
NA,SNRPB,NM_003091.4,TRUE,0.324,NA,0,32615891,0.9369634688890282
chr20,SNRPB,ENST00000381342,TRUE,0.324,0,15,36994481,0.955252355899867
chr20,SNRPB,ENST00000381342,TRUE,0.324,0,11,40535349,0.8064334403695567
chr20,SNRPB,ENST00000381342,TRUE,0.324,0,0,32615891,0.9369634688890282
NA,SNRPD2,NM_001384647.1,TRUE,0.396,NA,15,35092756,0.850552118864543
chr19,SNRPD2,ENST00000342669,TRUE,0.396,0,15,35092756,0.850552118864543
NA,SNRPN,NM_003097.6,TRUE,0.503,NA,9,35194259,0.9299296209408568
chr15,SNRPN,ENST00000390687,TRUE,0.503,1,9,35194259,0.9299296209408568
NA,SNU13,NM_001003796.2,TRUE,0.493,NA,15,36522861,0.9403942880268256
NA,SNU13,NM_001003796.2,TRUE,0.493,NA,11,42395713,0.8389949861979606
chr22,SNU13,ENST00000401959,TRUE,0.493,1,15,36522861,0.9403942880268256
chr22,SNU13,ENST00000401959,TRUE,0.493,1,11,42395713,0.8389949861979606
NA,SNW1,NM_012245.3,TRUE,0.216,NA,1,49311339,0.9232532140860816
NA,SNW1,NM_012245.3,TRUE,0.216,NA,11,48661168,0.921131203875838
chr14,SNW1,ENST00000261531,TRUE,0.216,0,1,49311339,0.9232532140860816
chr14,SNW1,ENST00000261531,TRUE,0.216,0,11,48661168,0.921131203875838
NA,SNX13,NM_015132.5,TRUE,0.505,NA,0,32490763,0.9331411742590388
chr7,SNX13,ENST00000428135,TRUE,0.505,1,0,32490763,0.9331411742590388
NA,SNX2,NM_003100.4,TRUE,0.521,NA,1,57488905,0.9897149245388486
NA,SNX2,NM_003100.4,TRUE,0.521,NA,15,35446388,0.8779557148638493
NA,SNX2,NM_003100.4,TRUE,0.521,NA,11,42737943,0.8444594670722776
chr5,SNX2,ENST00000379516,TRUE,0.521,1,1,57488905,0.9897149245388486
chr5,SNX2,ENST00000379516,TRUE,0.521,1,15,35446388,0.8779557148638493
chr5,SNX2,ENST00000379516,TRUE,0.521,1,11,42737943,0.8444594670722776
NA,SNX27,NM_001330723.2,TRUE,0.52,NA,9,34394725,0.9049882701568096
chr1,SNX27,ENST00000458013,TRUE,0.52,1,9,34394725,0.9049882701568096
NA,SNX3,NM_003795.6,TRUE,0.517,NA,11,52561714,0.9583122077629428
NA,SNX3,NM_003795.6,TRUE,0.517,NA,0,33605225,0.9746851306472836
chr6,SNX3,ENST00000230085,TRUE,0.517,1,11,52561714,0.9583122077629428
chr6,SNX3,ENST00000230085,TRUE,0.517,1,0,33605225,0.9746851306472836
NA,SOCS7,NM_014598.4,TRUE,0.508,NA,0,30689330,0.8529983081646719
chr17,SOCS7,ENST00000612932,TRUE,0.508,1,0,30689330,0.8529983081646719
NA,SON,NM_138927.4,TRUE,0.051,NA,15,36506571,0.9395848991154536
NA,SON,NM_138927.4,TRUE,0.051,NA,9,32900783,0.8414619088776392
chr21,SON,ENST00000356577,TRUE,0.051,0,15,36506571,0.9395848991154536
chr21,SON,ENST00000356577,TRUE,0.051,0,9,32900783,0.8414619088776392
NA,SORT1,NM_002959.7,TRUE,0.553,NA,15,36859133,0.9514366653176852
NA,SORT1,NM_002959.7,TRUE,0.553,NA,9,32940792,0.8433139893814051
chr1,SORT1,ENST00000256637,TRUE,0.553,1,15,36859133,0.9514366653176852
chr1,SORT1,ENST00000256637,TRUE,0.553,1,9,32940792,0.8433139893814051
NA,SOS1,NM_005633.4,TRUE,0.288,NA,15,36908213,0.953055443140429
chr2,SOS1,ENST00000402219,TRUE,0.288,0,15,36908213,0.953055443140429
NA,SOS2,NM_006939.4,TRUE,0.415,NA,15,35399764,0.8740243972943285
chr14,SOS2,ENST00000216373,TRUE,0.415,1,15,35399764,0.8740243972943285
NA,SOX5,NM_006940.6,TRUE,0.204,NA,0,32831351,0.9501221881070242
chr12,SOX5,ENST00000451604,TRUE,0.204,0,0,32831351,0.9501221881070242
NA,SP1,NM_138473.3,TRUE,0.169,NA,1,46399458,0.8817216321967579
NA,SP1,NM_138473.3,TRUE,0.169,NA,11,44286444,0.8664300602782942
NA,SP1,NM_138473.3,TRUE,0.169,NA,0,33319905,0.9687323767153332
chr12,SP1,ENST00000327443,TRUE,0.169,0,1,46399458,0.8817216321967579
chr12,SP1,ENST00000327443,TRUE,0.169,0,11,44286444,0.8664300602782942
chr12,SP1,ENST00000327443,TRUE,0.169,0,0,33319905,0.9687323767153332
NA,SP2,NM_003110.6,TRUE,0.314,NA,15,37568225,0.9710932531652888
NA,SP2,NM_003110.6,TRUE,0.314,NA,11,50777315,0.943158131936229
NA,SP2,NM_003110.6,TRUE,0.314,NA,0,30870644,0.8630239989974309
chr17,SP2,ENST00000376741,TRUE,0.314,0,15,37568225,0.9710932531652888
chr17,SP2,ENST00000376741,TRUE,0.314,0,11,50777315,0.943158131936229
chr17,SP2,ENST00000376741,TRUE,0.314,0,0,30870644,0.8630239989974309
NA,SP3,NM_003111.5,TRUE,0.225,NA,11,44879121,0.8737535913469664
chr2,SP3,ENST00000310015,TRUE,0.225,0,11,44879121,0.8737535913469664
NA,SP4,NM_003112.5,TRUE,0.339,NA,15,38518581,0.9864716424813552
NA,SP4,NM_003112.5,TRUE,0.339,NA,9,35405992,0.935238918384986
NA,SP4,NM_003112.5,TRUE,0.339,NA,0,29943036,0.8025565511623536
chr7,SP4,ENST00000222584,TRUE,0.339,0,15,38518581,0.9864716424813552
chr7,SP4,ENST00000222584,TRUE,0.339,0,9,35405992,0.935238918384986
chr7,SP4,ENST00000222584,TRUE,0.339,0,0,29943036,0.8025565511623536
NA,SPAG9,NM_001130528.3,TRUE,0.262,NA,1,44990586,0.859418669647848
NA,SPAG9,NM_001130528.3,TRUE,0.262,NA,15,36204406,0.9250737122044284
NA,SPAG9,NM_001130528.3,TRUE,0.262,NA,9,33000951,0.8461538461538461
NA,SPAG9,NM_001130528.3,TRUE,0.262,NA,11,54925985,0.976170356599628
chr17,SPAG9,ENST00000262013,TRUE,0.262,0,1,44990586,0.859418669647848
chr17,SPAG9,ENST00000262013,TRUE,0.262,0,15,36204406,0.9250737122044284
chr17,SPAG9,ENST00000262013,TRUE,0.262,0,9,33000951,0.8461538461538461
chr17,SPAG9,ENST00000262013,TRUE,0.262,0,11,54925985,0.976170356599628
NA,SPATA2,NM_006038.4,TRUE,0.403,NA,15,35519177,0.8837370642307915
chr20,SPATA2,ENST00000289431,TRUE,0.403,1,15,35519177,0.8837370642307915
NA,SPCS2,NM_014752.3,TRUE,0.389,NA,15,34733942,0.8169624790426085
NA,SPCS2,NM_014752.3,TRUE,0.389,NA,11,46185933,0.8907667173680356
NA,SPCS2,NM_014752.3,TRUE,0.389,NA,0,30916951,0.8659063851118491
chr11,SPCS2,ENST00000263672,TRUE,0.389,0,15,34733942,0.8169624790426085
chr11,SPCS2,ENST00000263672,TRUE,0.389,0,11,46185933,0.8907667173680356
chr11,SPCS2,ENST00000263672,TRUE,0.389,0,0,30916951,0.8659063851118491
NA,SPEN,NM_015001.3,TRUE,0.094,NA,1,55743256,0.9815539407490218
NA,SPEN,NM_015001.3,TRUE,0.094,NA,15,35083210,0.8492802220038157
NA,SPEN,NM_015001.3,TRUE,0.094,NA,9,33943411,0.8891838498580071
NA,SPEN,NM_015001.3,TRUE,0.094,NA,11,50536342,0.9410174074700016
NA,SPEN,NM_015001.3,TRUE,0.094,NA,0,30728831,0.8550661068989285
chr1,SPEN,ENST00000375759,TRUE,0.094,0,1,55743256,0.9815539407490218
chr1,SPEN,ENST00000375759,TRUE,0.094,0,15,35083210,0.8492802220038157
chr1,SPEN,ENST00000375759,TRUE,0.094,0,9,33943411,0.8891838498580071
chr1,SPEN,ENST00000375759,TRUE,0.094,0,11,50536342,0.9410174074700016
chr1,SPEN,ENST00000375759,TRUE,0.094,0,0,30728831,0.8550661068989285
NA,SPIN1,NM_006717.3,TRUE,0.253,NA,9,35932892,0.951043338683788
NA,SPIN1,NM_006717.3,TRUE,0.253,NA,11,52334003,0.9567348318404596
chr9,SPIN1,ENST00000375859,TRUE,0.253,0,9,35932892,0.951043338683788
chr9,SPIN1,ENST00000375859,TRUE,0.253,0,11,52334003,0.9567348318404596
NA,SPOP,NM_001007228.2,TRUE,0.377,NA,1,43605225,0.8347121296813862
chr17,SPOP,ENST00000504102,TRUE,0.377,0,1,43605225,0.8347121296813862
NA,SPOPL,NM_001001664.3,TRUE,0.585,NA,11,40297755,0.8027716748352206
chr2,SPOPL,ENST00000280098,TRUE,0.585,2,11,40297755,0.8027716748352206
NA,SPPL3,NM_139015.5,TRUE,0.249,NA,1,52380168,0.9555058692006708
NA,SPPL3,NM_139015.5,TRUE,0.249,NA,11,50055528,0.9360599402850543
NA,SPPL3,NM_139015.5,TRUE,0.249,NA,0,32212736,0.9249326398897174
chr12,SPPL3,ENST00000353487,TRUE,0.249,0,1,52380168,0.9555058692006708
chr12,SPPL3,ENST00000353487,TRUE,0.249,0,11,50055528,0.9360599402850543
chr12,SPPL3,ENST00000353487,TRUE,0.249,0,0,32212736,0.9249326398897174
NA,SPRED1,NM_152594.3,TRUE,0.496,NA,1,47916348,0.905030743432085
NA,SPRED1,NM_152594.3,TRUE,0.496,NA,11,45210410,0.8789363979494113
chr15,SPRED1,ENST00000299084,TRUE,0.496,1,1,47916348,0.905030743432085
chr15,SPRED1,ENST00000299084,TRUE,0.496,1,11,45210410,0.8789363979494113
NA,SPRYD3,NM_032840.3,TRUE,0.515,NA,15,35975867,0.914725096837602
NA,SPRYD3,NM_032840.3,TRUE,0.515,NA,9,32815315,0.8368317076182245
chr12,SPRYD3,ENST00000301463,TRUE,0.515,1,15,35975867,0.914725096837602
chr12,SPRYD3,ENST00000301463,TRUE,0.515,1,9,32815315,0.8368317076182245
NA,SPTAN1,NM_001130438.3,TRUE,0.222,NA,15,34600685,0.8045903913973521
chr9,SPTAN1,ENST00000372739,TRUE,0.222,0,15,34600685,0.8045903913973521
NA,SPTBN1,NM_003128.3,TRUE,0.159,NA,15,36986457,0.95496328843152
NA,SPTBN1,NM_003128.3,TRUE,0.159,NA,9,35818828,0.948512161995308
NA,SPTBN1,NM_003128.3,TRUE,0.159,NA,11,43456480,0.8552757591121627
chr2,SPTBN1,ENST00000356805,TRUE,0.159,0,15,36986457,0.95496328843152
chr2,SPTBN1,ENST00000356805,TRUE,0.159,0,9,35818828,0.948512161995308
chr2,SPTBN1,ENST00000356805,TRUE,0.159,0,11,43456480,0.8552757591121627
NA,SPTLC2,NM_004863.4,TRUE,0.494,NA,9,35050678,0.9257933078157796
chr14,SPTLC2,ENST00000216484,TRUE,0.494,1,9,35050678,0.9257933078157796
NA,SPTY2D1,NM_194285.3,TRUE,0.453,NA,0,34143328,0.981703114230215
chr11,SPTY2D1,ENST00000336349,TRUE,0.453,1,0,34143328,0.981703114230215
NA,SRC,NM_198291.3,TRUE,0.383,NA,15,35796454,0.9035670925594034
NA,SRC,NM_198291.3,TRUE,0.383,NA,0,37216289,0.9990600914844288
chr20,SRC,ENST00000373578,TRUE,0.383,0,15,35796454,0.9035670925594034
chr20,SRC,ENST00000373578,TRUE,0.383,0,0,37216289,0.9990600914844288
NA,SRCAP,NM_006662.3,TRUE,0.223,NA,9,37532477,0.9749351771823682
chr16,SRCAP,ENST00000262518,TRUE,0.223,0,9,37532477,0.9749351771823682
NA,SREBF2,NM_004599.4,TRUE,0.593,NA,15,35480095,0.8807307625599815
chr22,SREBF2,ENST00000361204,TRUE,0.593,2,15,35480095,0.8807307625599815
NA,SREK1,NM_001077199.3,TRUE,0.305,NA,1,43081911,0.8244270542202348
NA,SREK1,NM_001077199.3,TRUE,0.305,NA,15,34765849,0.8202000346880962
NA,SREK1,NM_001077199.3,TRUE,0.305,NA,11,42431691,0.8400090135766999
chr5,SREK1,ENST00000334121,TRUE,0.305,0,1,43081911,0.8244270542202348
chr5,SREK1,ENST00000334121,TRUE,0.305,0,15,34765849,0.8202000346880962
chr5,SREK1,ENST00000334121,TRUE,0.305,0,11,42431691,0.8400090135766999
NA,SRF,NM_003131.4,TRUE,0.358,NA,1,51134341,0.94387926215763
NA,SRF,NM_003131.4,TRUE,0.358,NA,9,34208977,0.8989998765279664
NA,SRF,NM_003131.4,TRUE,0.358,NA,11,46843772,0.8987662666892006
NA,SRF,NM_003131.4,TRUE,0.358,NA,0,32390115,0.9296321824675732
chr6,SRF,ENST00000265354,TRUE,0.358,0,1,51134341,0.94387926215763
chr6,SRF,ENST00000265354,TRUE,0.358,0,9,34208977,0.8989998765279664
chr6,SRF,ENST00000265354,TRUE,0.358,0,11,46843772,0.8987662666892006
chr6,SRF,ENST00000265354,TRUE,0.358,0,0,32390115,0.9296321824675732
NA,SRGAP2,NM_015326.5,TRUE,0.556,NA,9,33765489,0.8829485121619953
NA,SRGAP2,NM_015326.5,TRUE,0.556,NA,0,31637688,0.8991164859953631
chr1,SRGAP2,ENST00000573034,TRUE,0.556,1,9,33765489,0.8829485121619953
chr1,SRGAP2,ENST00000573034,TRUE,0.556,1,0,31637688,0.8991164859953631
NA,SRM,NM_003132.3,TRUE,0.593,NA,1,48039177,0.9068194522079374
NA,SRM,NM_003132.3,TRUE,0.593,NA,15,34746219,0.8184078163843441
NA,SRM,NM_003132.3,TRUE,0.593,NA,11,49161063,0.9262576756239084
NA,SRM,NM_003132.3,TRUE,0.593,NA,0,31182233,0.8801303339808259
chr1,SRM,ENST00000376957,TRUE,0.593,2,1,48039177,0.9068194522079374
chr1,SRM,ENST00000376957,TRUE,0.593,2,15,34746219,0.8184078163843441
chr1,SRM,ENST00000376957,TRUE,0.593,2,11,49161063,0.9262576756239084
chr1,SRM,ENST00000376957,TRUE,0.593,2,0,31182233,0.8801303339808259
NA,SRP14,NM_003134.6,TRUE,0.322,NA,1,52356556,0.9552822806036892
NA,SRP14,NM_003134.6,TRUE,0.322,NA,15,37256956,0.962363415621206
chr15,SRP14,ENST00000267884,TRUE,0.322,0,1,52356556,0.9552822806036892
chr15,SRP14,ENST00000267884,TRUE,0.322,0,15,37256956,0.962363415621206
NA,SRP68,NM_014230.4,TRUE,0.335,NA,0,30341243,0.8299392192493265
chr17,SRP68,ENST00000307877,TRUE,0.335,0,0,30341243,0.8299392192493265
NA,SRP72,NM_006947.4,TRUE,0.58,NA,15,35514773,0.8831589292940972
NA,SRP72,NM_006947.4,TRUE,0.58,NA,9,37858463,0.981787875046302
NA,SRP72,NM_006947.4,TRUE,0.58,NA,11,45154998,0.8780913751337953
chr4,SRP72,ENST00000642900,TRUE,0.58,1,15,35514773,0.8831589292940972
chr4,SRP72,ENST00000642900,TRUE,0.58,1,9,37858463,0.981787875046302
chr4,SRP72,ENST00000642900,TRUE,0.58,1,11,45154998,0.8780913751337953
NA,SRPK2,NM_182692.3,TRUE,0.347,NA,15,34770195,0.8204891021564433
chr7,SRPK2,ENST00000393651,TRUE,0.347,0,15,34770195,0.8204891021564433
NA,SRRM1,NM_005839.4,TRUE,0.225,NA,15,36961245,0.9544429669884952
NA,SRRM1,NM_005839.4,TRUE,0.225,NA,9,33640792,0.8773305346339054
chr1,SRRM1,ENST00000323848,TRUE,0.225,0,15,36961245,0.9544429669884952
chr1,SRRM1,ENST00000323848,TRUE,0.225,0,9,33640792,0.8773305346339054
NA,SRRM2,NM_016333.4,TRUE,0.183,NA,1,59053781,0.9940190050307436
NA,SRRM2,NM_016333.4,TRUE,0.183,NA,15,35687964,0.8968607272937503
NA,SRRM2,NM_016333.4,TRUE,0.183,NA,11,51970340,0.953692749704242
NA,SRRM2,NM_016333.4,TRUE,0.183,NA,0,30420395,0.8347640829625916
chr16,SRRM2,ENST00000301740,TRUE,0.183,0,1,59053781,0.9940190050307436
chr16,SRRM2,ENST00000301740,TRUE,0.183,0,15,35687964,0.8968607272937503
chr16,SRRM2,ENST00000301740,TRUE,0.183,0,11,51970340,0.953692749704242
chr16,SRRM2,ENST00000301740,TRUE,0.183,0,0,30420395,0.8347640829625916
NA,SRRT,NM_015908.6,TRUE,0.404,NA,9,33840204,0.8857266329176442
chr7,SRRT,ENST00000611405,TRUE,0.404,1,9,33840204,0.8857266329176442
NA,SRSF1,NM_006924.5,TRUE,0.17,NA,15,35530386,0.8846042666358328
NA,SRSF1,NM_006924.5,TRUE,0.17,NA,11,51979838,0.9539180891217396
NA,SRSF1,NM_006924.5,TRUE,0.17,NA,0,33126194,0.9641581552728868
chr17,SRSF1,ENST00000258962,TRUE,0.17,0,15,35530386,0.8846042666358328
chr17,SRSF1,ENST00000258962,TRUE,0.17,0,11,51979838,0.9539180891217396
chr17,SRSF1,ENST00000258962,TRUE,0.17,0,0,33126194,0.9641581552728868
NA,SRSF10,NM_054016.4,TRUE,0.499,NA,15,35383399,0.8728103139272706
NA,SRSF10,NM_054016.4,TRUE,0.499,NA,9,36821660,0.9666008149154216
chr1,SRSF10,ENST00000492112,TRUE,0.499,1,15,35383399,0.8728103139272706
chr1,SRSF10,ENST00000492112,TRUE,0.499,1,9,36821660,0.9666008149154216
chr1,SRSF11,ENST00000370949,TRUE,0.234,0,1,50113492,0.93381777529346
chr1,SRSF11,ENST00000370949,TRUE,0.234,0,11,55960664,0.9821418511633148
NA,SRSF2,NM_001195427.2,TRUE,0.521,NA,15,35010689,0.8434988726368734
NA,SRSF2,NM_001195427.2,TRUE,0.521,NA,0,32601702,0.9363995237796856
chr17,SRSF2,ENST00000359995,TRUE,0.521,1,15,35010689,0.8434988726368734
chr17,SRSF2,ENST00000359995,TRUE,0.521,1,0,32601702,0.9363995237796856
NA,SRSF3,NM_003017.5,TRUE,0.145,NA,1,41911170,0.8023476802683063
NA,SRSF3,NM_003017.5,TRUE,0.145,NA,15,35029118,0.844944209978609
NA,SRSF3,NM_003017.5,TRUE,0.145,NA,9,32502239,0.8207186072354612
NA,SRSF3,NM_003017.5,TRUE,0.145,NA,11,42763707,0.8449101459072729
chr6,SRSF3,ENST00000373715,TRUE,0.145,0,1,41911170,0.8023476802683063
chr6,SRSF3,ENST00000373715,TRUE,0.145,0,15,35029118,0.844944209978609
chr6,SRSF3,ENST00000373715,TRUE,0.145,0,9,32502239,0.8207186072354612
chr6,SRSF3,ENST00000373715,TRUE,0.145,0,11,42763707,0.8449101459072729
NA,SRSF5,NM_001320214.2,TRUE,0.315,NA,1,47414598,0.8967579653437675
NA,SRSF5,NM_001320214.2,TRUE,0.315,NA,11,45230218,0.879161737366909
chr14,SRSF5,ENST00000557154,TRUE,0.315,0,1,47414598,0.8967579653437675
chr14,SRSF5,ENST00000557154,TRUE,0.315,0,11,45230218,0.879161737366909
NA,SRSF7,NM_001031684.3,TRUE,0.545,NA,15,34816951,0.8248251141816499
NA,SRSF7,NM_001031684.3,TRUE,0.545,NA,11,46383332,0.8936961297955045
NA,SRSF7,NM_001031684.3,TRUE,0.545,NA,0,32131492,0.9219875932075944
chr2,SRSF7,ENST00000313117,TRUE,0.545,1,15,34816951,0.8248251141816499
chr2,SRSF7,ENST00000313117,TRUE,0.545,1,11,46383332,0.8936961297955045
chr2,SRSF7,ENST00000313117,TRUE,0.545,1,0,32131492,0.9219875932075944
NA,SRSF9,NM_003769.3,TRUE,0.328,NA,1,43915661,0.840860816098379
NA,SRSF9,NM_003769.3,TRUE,0.328,NA,0,29959779,0.8040604047872674
chr12,SRSF9,ENST00000229390,TRUE,0.328,0,1,43915661,0.840860816098379
chr12,SRSF9,ENST00000229390,TRUE,0.328,0,0,29959779,0.8040604047872674
NA,SSB,NM_003142.5,TRUE,0.405,NA,15,37436985,0.965774411747702
chr2,SSB,ENST00000260956,TRUE,0.405,1,15,37436985,0.965774411747702
NA,SSBP3,NM_001394365.1,TRUE,0.184,NA,1,44019003,0.8423141419787591
NA,SSBP3,NM_001394365.1,TRUE,0.184,NA,11,55065163,0.9770153794152442
chr1,SSBP3,ENST00000610401,TRUE,0.175,0,1,44019003,0.8423141419787591
chr1,SSBP3,ENST00000610401,TRUE,0.175,0,11,55065163,0.9770153794152442
NA,SSH2,NM_001282129.2,TRUE,0.374,NA,11,43587857,0.857134809306518
chr17,SSH2,ENST00000540801,TRUE,0.374,0,11,43587857,0.857134809306518
NA,SSRP1,NM_003146.3,TRUE,0.341,NA,1,45836294,0.8735047512576859
NA,SSRP1,NM_003146.3,TRUE,0.341,NA,11,41210412,0.8186581037688018
chr11,SSRP1,ENST00000278412,TRUE,0.341,0,1,45836294,0.8735047512576859
chr11,SSRP1,ENST00000278412,TRUE,0.341,0,11,41210412,0.8186581037688018
NA,ST14,NM_021978.4,TRUE,0.589,NA,1,47301568,0.8946897708216881
NA,ST14,NM_021978.4,TRUE,0.589,NA,15,35487727,0.8813667109903451
chr11,ST14,ENST00000278742,TRUE,0.589,2,1,47301568,0.8946897708216881
chr11,ST14,ENST00000278742,TRUE,0.589,2,15,35487727,0.8813667109903451
NA,STAG1,NM_005862.3,TRUE,0.159,NA,15,34643075,0.808406081979534
chr3,STAG1,ENST00000383202,TRUE,0.159,0,15,34643075,0.808406081979534
NA,STAM,NM_003473.4,TRUE,0.498,NA,9,34338754,0.9030127176194592
chr10,STAM,ENST00000377524,TRUE,0.498,1,9,34338754,0.9030127176194592
NA,STAT1,NM_007315.4,TRUE,0.271,NA,1,47864849,0.9043040804918948
chr2,STAT1,ENST00000361099,TRUE,0.271,0,1,47864849,0.9043040804918948
NA,STAT3,NM_139276.3,TRUE,0.109,NA,15,35011640,0.8436144996242123
NA,STAT3,NM_139276.3,TRUE,0.109,NA,0,34448483,0.9850241243185665
chr17,STAT3,ENST00000264657,TRUE,0.109,0,15,35011640,0.8436144996242123
chr17,STAT3,ENST00000264657,TRUE,0.109,0,0,34448483,0.9850241243185665
NA,STAT5A,NM_001288718.2,TRUE,0.364,NA,15,45543215,0.9985546626582644
chr17,STAT5A,ENST00000590949,TRUE,0.364,0,15,45543215,0.9985546626582644
NA,STAT5B,NM_012448.4,TRUE,0.277,NA,9,34081820,0.8943696752685517
chr17,STAT5B,ENST00000293328,TRUE,0.277,0,9,34081820,0.8943696752685517
NA,STAU1,NM_017453.4,TRUE,0.327,NA,0,31021986,0.871796478476095
chr20,STAU1,ENST00000371856,TRUE,0.327,0,0,31021986,0.871796478476095
NA,STAU2,NM_001164380.2,TRUE,0.479,NA,1,52141884,0.954108440469536
NA,STAU2,NM_001164380.2,TRUE,0.479,NA,9,35986797,0.9517841708852944
NA,STAU2,NM_001164380.2,TRUE,0.479,NA,0,31621825,0.8985525408860204
chr8,STAU2,ENST00000524300,TRUE,0.479,1,1,52141884,0.954108440469536
chr8,STAU2,ENST00000524300,TRUE,0.479,1,9,35986797,0.9517841708852944
chr8,STAU2,ENST00000524300,TRUE,0.479,1,0,31621825,0.8985525408860204
NA,STIM1,NM_001382567.1,TRUE,0.475,NA,15,35396762,0.8737931433196509
NA,STIM1,NM_001382567.1,TRUE,0.475,NA,9,34349984,0.9034448697370046
chr11,STIM1,ENST00000526596,TRUE,0.475,1,15,35396762,0.8737931433196509
chr11,STIM1,ENST00000526596,TRUE,0.475,1,9,34349984,0.9034448697370046
NA,STIM2,NM_020860.4,TRUE,0.506,NA,9,33397783,0.8655389554265959
chr4,STIM2,ENST00000467087,TRUE,0.506,1,9,33397783,0.8655389554265959
NA,STIP1,NM_006819.3,TRUE,0.305,NA,1,51608461,0.9489659027389604
NA,STIP1,NM_006819.3,TRUE,0.305,NA,15,36614416,0.943342776203966
NA,STIP1,NM_006819.3,TRUE,0.305,NA,0,30844865,0.8619587693464503
chr11,STIP1,ENST00000305218,TRUE,0.305,0,1,51608461,0.9489659027389604
chr11,STIP1,ENST00000305218,TRUE,0.305,0,15,36614416,0.943342776203966
chr11,STIP1,ENST00000305218,TRUE,0.305,0,0,30844865,0.8619587693464503
NA,STK11,NM_000455.5,TRUE,0.364,NA,11,51440359,0.9484536082474226
NA,STK11,NM_000455.5,TRUE,0.364,NA,0,33279103,0.9676671470643524
chr19,STK11,ENST00000326873,TRUE,0.364,0,11,51440359,0.9484536082474226
chr19,STK11,ENST00000326873,TRUE,0.364,0,0,33279103,0.9676671470643524
NA,STK40,NM_001282547.2,TRUE,0.416,NA,1,45232977,0.8635550586920067
NA,STK40,NM_001282547.2,TRUE,0.416,NA,11,40999771,0.8147146639625936
chr1,STK40,ENST00000373132,TRUE,0.416,1,1,45232977,0.8635550586920067
chr1,STK40,ENST00000373132,TRUE,0.416,1,11,40999771,0.8147146639625936
NA,STMN1,NM_005563.4,TRUE,0.404,NA,1,61405343,0.9981553940749022
NA,STMN1,NM_005563.4,TRUE,0.404,NA,0,34041014,0.98044990287612
chr1,STMN1,ENST00000455785,TRUE,0.404,1,1,61405343,0.9981553940749022
chr1,STMN1,ENST00000455785,TRUE,0.404,1,0,34041014,0.98044990287612
NA,STOX2,NM_020225.3,TRUE,0.574,NA,0,32831351,0.9501221881070242
chr4,STOX2,ENST00000308497,TRUE,0.574,1,0,32831351,0.9501221881070242
NA,STRN4,NM_013403.3,TRUE,0.523,NA,1,48119016,0.9082727780883176
NA,STRN4,NM_013403.3,TRUE,0.523,NA,15,35667880,0.8952419494710065
NA,STRN4,NM_013403.3,TRUE,0.523,NA,11,41222490,0.8189961128950481
chr19,STRN4,ENST00000263280,TRUE,0.523,1,1,48119016,0.9082727780883176
chr19,STRN4,ENST00000263280,TRUE,0.523,1,15,35667880,0.8952419494710065
chr19,STRN4,ENST00000263280,TRUE,0.523,1,11,41222490,0.8189961128950481
NA,STT3A,NM_152713.5,TRUE,0.51,NA,1,52329785,0.955114589155953
NA,STT3A,NM_152713.5,TRUE,0.51,NA,11,55192878,0.9778040673764858
NA,STT3A,NM_152713.5,TRUE,0.51,NA,0,31039556,0.872297763017733
chr11,STT3A,ENST00000392708,TRUE,0.51,1,1,52329785,0.955114589155953
chr11,STT3A,ENST00000392708,TRUE,0.51,1,11,55192878,0.9778040673764858
chr11,STT3A,ENST00000392708,TRUE,0.51,1,0,31039556,0.872297763017733
NA,STT3B,NM_178862.3,TRUE,0.48,NA,1,53472069,0.9645612073784235
NA,STT3B,NM_178862.3,TRUE,0.48,NA,11,42132897,0.8341501887217622
chr3,STT3B,ENST00000295770,TRUE,0.48,1,1,53472069,0.9645612073784235
chr3,STT3B,ENST00000295770,TRUE,0.48,1,11,42132897,0.8341501887217622
NA,STX12,NM_177424.3,TRUE,0.569,NA,1,44674235,0.8537730575740637
NA,STX12,NM_177424.3,TRUE,0.569,NA,9,32892094,0.8407210766761328
chr1,STX12,ENST00000373943,TRUE,0.569,1,1,44674235,0.8537730575740637
chr1,STX12,ENST00000373943,TRUE,0.569,1,9,32892094,0.8407210766761328
NA,STX1A,NM_004603.4,TRUE,0.257,NA,11,41667301,0.827108331924962
chr7,STX1A,ENST00000222812,TRUE,0.257,0,11,41667301,0.827108331924962
NA,STX5,NM_003164.5,TRUE,0.549,NA,11,41588205,0.8254746211481043
chr11,STX5,ENST00000294179,TRUE,0.549,1,11,41588205,0.8254746211481043
NA,STXBP1,NM_001032221.6,TRUE,0.099,NA,1,46946512,0.8895472330911124
NA,STXBP1,NM_001032221.6,TRUE,0.099,NA,11,40447988,0.8051377387189455
chr9,STXBP1,ENST00000373299,TRUE,0.099,0,1,46946512,0.8895472330911124
chr9,STXBP1,ENST00000373299,TRUE,0.099,0,11,40447988,0.8051377387189455
chr6,STXBP5,ENST00000321680,TRUE,0.344,0,1,43406207,0.8311906092789267
chr6,STXBP5,ENST00000321680,TRUE,0.344,0,9,35316981,0.93338683788122
chr6,STXBP5,ENST00000321680,TRUE,0.344,0,11,43826841,0.8601205565883612
NA,STXBP5L,NM_001308330.2,TRUE,0.504,NA,0,31654417,0.9019988721097814
chr3,STXBP5L,ENST00000471454,TRUE,0.504,1,0,31654417,0.9019988721097814
NA,SUB1,NM_006713.4,TRUE,0.394,NA,15,35457237,0.8789385442562294
NA,SUB1,NM_006713.4,TRUE,0.394,NA,11,40891675,0.8128556137682384
chr5,SUB1,ENST00000265073,TRUE,0.394,0,15,35457237,0.8789385442562294
chr5,SUB1,ENST00000265073,TRUE,0.394,0,11,40891675,0.8128556137682384
NA,SUCO,NM_014283.5,TRUE,0.435,NA,0,35875875,0.9959897236668964
chr1,SUCO,ENST00000263688,TRUE,0.435,1,0,35875875,0.9959897236668964
NA,SUGT1,NM_006704.5,TRUE,0.347,NA,1,48214446,0.909502515371716
chr13,SUGT1,ENST00000310528,TRUE,0.347,0,1,48214446,0.909502515371716
NA,SUMO2,NM_006937.4,TRUE,0.394,NA,15,34978919,0.8406081979534024
NA,SUMO2,NM_006937.4,TRUE,0.394,NA,11,42973346,0.8478958931891161
NA,SUMO2,NM_006937.4,TRUE,0.394,NA,0,32082440,0.9200451156087476
chr17,SUMO2,ENST00000420826,TRUE,0.394,0,15,34978919,0.8406081979534024
chr17,SUMO2,ENST00000420826,TRUE,0.394,0,11,42973346,0.8478958931891161
chr17,SUMO2,ENST00000420826,TRUE,0.394,0,0,32082440,0.9200451156087476
NA,SUMO3,NM_006936.3,TRUE,0.558,NA,1,44562870,0.8519284516489659
chr21,SUMO3,ENST00000332859,TRUE,0.558,1,1,44562870,0.8519284516489659
NA,SUPT5H,NM_001111020.3,TRUE,0.235,NA,15,34854209,0.8284095507891542
NA,SUPT5H,NM_001111020.3,TRUE,0.235,NA,0,36567516,0.997806880130334
chr19,SUPT5H,ENST00000432763,TRUE,0.235,0,15,34854209,0.8284095507891542
chr19,SUPT5H,ENST00000432763,TRUE,0.235,0,0,36567516,0.997806880130334
NA,SUPT6H,NM_003170.5,TRUE,0.08,NA,1,47360722,0.8960313024035774
NA,SUPT6H,NM_003170.5,TRUE,0.08,NA,15,34703013,0.8138405503844597
chr17,SUPT6H,ENST00000314616,TRUE,0.08,0,1,47360722,0.8960313024035774
chr17,SUPT6H,ENST00000314616,TRUE,0.08,0,15,34703013,0.8138405503844597
NA,SUPV3L1,NM_003171.5,TRUE,0.587,NA,15,37111543,0.9587789790137018
chr10,SUPV3L1,ENST00000359655,TRUE,0.587,2,15,37111543,0.9587789790137018
NA,SURF4,NM_033161.4,TRUE,0.266,NA,15,35165022,0.85685378967451
NA,SURF4,NM_033161.4,TRUE,0.266,NA,11,52864238,0.9603402625204214
NA,SURF4,NM_033161.4,TRUE,0.266,NA,0,32565969,0.9349583307224764
chr9,SURF4,ENST00000371989,TRUE,0.266,0,15,35165022,0.85685378967451
chr9,SURF4,ENST00000371989,TRUE,0.266,0,11,52864238,0.9603402625204214
chr9,SURF4,ENST00000371989,TRUE,0.266,0,0,32565969,0.9349583307224764
NA,SUV39H2,NM_001193424.2,TRUE,0.367,NA,11,42170049,0.8346008675567573
chr10,SUV39H2,ENST00000354919,TRUE,0.367,0,11,42170049,0.8346008675567573
NA,SUZ12,NM_015355.4,TRUE,0.344,NA,1,57356734,0.9893795416433762
NA,SUZ12,NM_015355.4,TRUE,0.344,NA,15,37092296,0.9580274035959994
NA,SUZ12,NM_015355.4,TRUE,0.344,NA,9,37403069,0.973638720829732
NA,SUZ12,NM_015355.4,TRUE,0.344,NA,11,58876686,0.9945918539800574
NA,SUZ12,NM_015355.4,TRUE,0.344,NA,0,32622284,0.9372141111598472
chr17,SUZ12,ENST00000322652,TRUE,0.344,0,1,57356734,0.9893795416433762
chr17,SUZ12,ENST00000322652,TRUE,0.344,0,15,37092296,0.9580274035959994
chr17,SUZ12,ENST00000322652,TRUE,0.344,0,9,37403069,0.973638720829732
chr17,SUZ12,ENST00000322652,TRUE,0.344,0,11,58876686,0.9945918539800574
chr17,SUZ12,ENST00000322652,TRUE,0.344,0,0,32622284,0.9372141111598472
NA,SVIL,NM_001323599.2,TRUE,0.462,NA,9,36050013,0.9531423632547228
chr10,SVIL,ENST00000355867,TRUE,0.485,1,9,36050013,0.9531423632547228
NA,SVOP,NM_018711.5,TRUE,0.327,NA,1,44447996,0.8502515371716043
chr12,SVOP,ENST00000610966,TRUE,0.327,0,1,44447996,0.8502515371716043
NA,SWAP70,NM_015055.4,TRUE,0.581,NA,9,32284035,0.8084948759106062
NA,SWAP70,NM_015055.4,TRUE,0.581,NA,11,42337011,0.8377556194017238
chr11,SWAP70,ENST00000318950,TRUE,0.581,1,9,32284035,0.8084948759106062
chr11,SWAP70,ENST00000318950,TRUE,0.581,1,11,42337011,0.8377556194017238
NA,SWT1,NM_017673.7,TRUE,0.448,NA,0,31096190,0.8762453787831318
chr1,SWT1,ENST00000367500,TRUE,0.448,1,0,31096190,0.8762453787831318
NA,SYMPK,NM_004819.3,TRUE,0.486,NA,15,35395657,0.8735618893449731
chr19,SYMPK,ENST00000245934,TRUE,0.486,1,15,35395657,0.8735618893449731
NA,SYNCRIP,NM_006372.5,TRUE,0.249,NA,1,42082170,0.8056456120737843
NA,SYNCRIP,NM_006372.5,TRUE,0.249,NA,15,38355812,0.9851419321269584
NA,SYNCRIP,NM_006372.5,TRUE,0.249,NA,9,38090071,0.9834547474996912
chr6,SYNCRIP,ENST00000369622,TRUE,0.249,0,1,42082170,0.8056456120737843
chr6,SYNCRIP,ENST00000369622,TRUE,0.249,0,15,38355812,0.9851419321269584
chr6,SYNCRIP,ENST00000369622,TRUE,0.249,0,9,38090071,0.9834547474996912
NA,SYNE1,NM_182961.4,TRUE,0.564,NA,9,35074584,0.9264106679837016
chr6,SYNE1,ENST00000367255,TRUE,0.564,1,9,35074584,0.9264106679837016
NA,SYNE2,NM_182914.3,TRUE,0.516,NA,15,37022202,0.9561195583049084
chr14,SYNE2,ENST00000555002,TRUE,0.516,1,15,37022202,0.9561195583049084
NA,SYNPO,NM_007286.6,TRUE,0.579,NA,9,34102926,0.8950487714532659
NA,SYNPO,NM_007286.6,TRUE,0.579,NA,0,32917534,0.9589573281533932
chr5,SYNPO,ENST00000307662,TRUE,0.579,1,9,34102926,0.8950487714532659
chr5,SYNPO,ENST00000307662,TRUE,0.579,1,0,32917534,0.9589573281533932
NA,SYNRG,NM_007247.6,TRUE,0.38,NA,0,32785371,0.9417256720345888
chr17,SYNRG,ENST00000612223,TRUE,0.38,0,0,32785371,0.9417256720345888
NA,SYPL1,NM_182715.4,TRUE,0.544,NA,11,53917776,0.9690158300940792
NA,SYPL1,NM_182715.4,TRUE,0.544,NA,0,31898377,0.9151575913277774
chr7,SYPL1,ENST00000455385,TRUE,0.544,1,11,53917776,0.9690158300940792
chr7,SYPL1,ENST00000455385,TRUE,0.544,1,0,31898377,0.9151575913277774
NA,SYT2,NM_177402.5,TRUE,0.585,NA,15,35602385,0.8910215644331387
chr1,SYT2,ENST00000367268,TRUE,0.585,2,15,35602385,0.8910215644331387
NA,SYVN1,NM_172230.3,TRUE,0.425,NA,11,46983427,0.9013576699904232
NA,SYVN1,NM_172230.3,TRUE,0.425,NA,0,30207142,0.8214173820414813
chr11,SYVN1,ENST00000377190,TRUE,0.425,1,11,46983427,0.9013576699904232
chr11,SYVN1,ENST00000377190,TRUE,0.425,1,0,30207142,0.8214173820414813
NA,SZT2,NM_001365999.1,TRUE,0.582,NA,9,33339700,0.8628225706877393
chr1,SZT2,ENST00000634258,TRUE,0.582,1,9,33339700,0.8628225706877393
NA,TAB2,NM_001292034.3,TRUE,0.117,NA,11,45065690,0.8766266689200608
chr6,TAB2,ENST00000637181,TRUE,0.117,0,11,45065690,0.8766266689200608
NA,TAF12,NM_005644.4,TRUE,0.375,NA,1,50765596,0.9406931246506428
NA,TAF12,NM_005644.4,TRUE,0.375,NA,11,49739128,0.9324545096050928
chr1,TAF12,ENST00000373824,TRUE,0.375,0,1,50765596,0.9406931246506428
chr1,TAF12,ENST00000373824,TRUE,0.375,0,11,49739128,0.9324545096050928
NA,TAF15,NM_139215.3,TRUE,0.44,NA,15,35458433,0.8791119847372376
NA,TAF15,NM_139215.3,TRUE,0.44,NA,9,33748354,0.8821459439436967
chr17,TAF15,ENST00000605844,TRUE,0.44,1,15,35458433,0.8791119847372376
chr17,TAF15,ENST00000605844,TRUE,0.44,1,9,33748354,0.8821459439436967
NA,TAF2,NM_003184.4,TRUE,0.551,NA,15,35078054,0.8487599005607909
NA,TAF2,NM_003184.4,TRUE,0.551,NA,9,32619057,0.8262748487467588
chr8,TAF2,ENST00000378164,TRUE,0.551,1,15,35078054,0.8487599005607909
chr8,TAF2,ENST00000378164,TRUE,0.551,1,9,32619057,0.8262748487467588
NA,TAF3,NM_031923.4,TRUE,0.124,NA,9,33207160,0.8560933448573897
chr10,TAF3,ENST00000344293,TRUE,0.124,0,9,33207160,0.8560933448573897
NA,TAF5,NM_006951.5,TRUE,0.366,NA,0,31679222,0.905257221630428
chr10,TAF5,ENST00000369839,TRUE,0.366,0,0,31679222,0.905257221630428
NA,TAF5L,XM_011544163.1,TRUE,0.202,NA,1,47828791,0.903745108999441
chr1,TAF5L,ENST00000258281,TRUE,0.22,0,1,47828791,0.903745108999441
NA,TAF7,NM_005642.3,TRUE,0.588,NA,11,40596288,0.8071094586220494
chr5,TAF7,ENST00000313368,TRUE,0.588,2,11,40596288,0.8071094586220494
NA,TANK,NM_001199135.3,TRUE,0.442,NA,1,43322923,0.8295695919508105
NA,TANK,NM_001199135.3,TRUE,0.442,NA,11,44983187,0.8756126415413216
chr2,TANK,ENST00000392749,TRUE,0.442,1,1,43322923,0.8295695919508105
chr2,TANK,ENST00000392749,TRUE,0.442,1,11,44983187,0.8756126415413216
NA,TAOK1,NM_020791.4,TRUE,0.216,NA,1,53027305,0.9606484069312464
NA,TAOK1,NM_020791.4,TRUE,0.216,NA,15,36947590,0.9540960860264786
NA,TAOK1,NM_020791.4,TRUE,0.216,NA,11,53149345,0.9626499915497718
chr17,TAOK1,ENST00000261716,TRUE,0.216,0,1,53027305,0.9606484069312464
chr17,TAOK1,ENST00000261716,TRUE,0.216,0,15,36947590,0.9540960860264786
chr17,TAOK1,ENST00000261716,TRUE,0.216,0,11,53149345,0.9626499915497718
NA,TAOK3,NM_016281.4,TRUE,0.339,NA,1,43922825,0.8410844046953605
NA,TAOK3,NM_016281.4,TRUE,0.339,NA,9,40743268,0.9993209038152858
chr12,TAOK3,ENST00000392533,TRUE,0.339,0,1,43922825,0.8410844046953605
chr12,TAOK3,ENST00000392533,TRUE,0.339,0,9,40743268,0.9993209038152858
NA,TASOR,NM_001365635.2,TRUE,0.378,NA,9,32362916,0.8131868131868132
chr3,TASOR,ENST00000683822,TRUE,0.378,0,9,32362916,0.8131868131868132
chr10,TASOR2,ENST00000328090,TRUE,0.463,1,1,47193691,0.8932923420905534
chr10,TASOR2,ENST00000328090,TRUE,0.463,1,9,32857936,0.8389307321891591
NA,TASP1,NM_017714.3,TRUE,0.518,NA,15,36370417,0.9317800774700816
NA,TASP1,NM_017714.3,TRUE,0.518,NA,9,32527167,0.8218298555377207
chr20,TASP1,ENST00000337743,TRUE,0.518,1,15,36370417,0.9317800774700816
chr20,TASP1,ENST00000337743,TRUE,0.518,1,9,32527167,0.8218298555377207
NA,TBC1D10B,NM_015527.4,TRUE,0.527,NA,1,42752661,0.8187814421464505
NA,TBC1D10B,NM_015527.4,TRUE,0.527,NA,11,52511237,0.9579741986366964
chr16,TBC1D10B,ENST00000409939,TRUE,0.527,1,1,42752661,0.8187814421464505
chr16,TBC1D10B,ENST00000409939,TRUE,0.527,1,11,52511237,0.9579741986366964
NA,TBK1,NM_013254.4,TRUE,0.505,NA,11,45167125,0.8784293842600417
chr12,TBK1,ENST00000331710,TRUE,0.505,1,11,45167125,0.8784293842600417
NA,TBL1XR1,NM_024665.7,TRUE,0.174,NA,15,35686729,0.8966872868127421
NA,TBL1XR1,NM_024665.7,TRUE,0.174,NA,11,55462959,0.9797194524252156
NA,TBL1XR1,NM_024665.7,TRUE,0.174,NA,0,34283798,0.9832696284228336
chr3,TBL1XR1,ENST00000457928,TRUE,0.174,0,15,35686729,0.8966872868127421
chr3,TBL1XR1,ENST00000457928,TRUE,0.174,0,11,55462959,0.9797194524252156
chr3,TBL1XR1,ENST00000457928,TRUE,0.174,0,0,34283798,0.9832696284228336
NA,TBPL1,NM_004865.4,TRUE,0.421,NA,15,34701679,0.8136092964097821
NA,TBPL1,NM_004865.4,TRUE,0.421,NA,11,43475412,0.8557827728015323
chr6,TBPL1,ENST00000237264,TRUE,0.421,1,15,34701679,0.8136092964097821
chr6,TBPL1,ENST00000237264,TRUE,0.421,1,11,43475412,0.8557827728015323
NA,TBX20,NM_001077653.2,TRUE,0.378,NA,1,45149972,0.8620458356623812
chr7,TBX20,ENST00000408931,TRUE,0.378,0,1,45149972,0.8620458356623812
NA,TBX3,NM_005996.4,TRUE,0.468,NA,1,42497292,0.8141978759083287
NA,TBX3,NM_005996.4,TRUE,0.468,NA,15,35172990,0.8571428571428571
NA,TBX3,NM_005996.4,TRUE,0.468,NA,9,36771140,0.9658599827139152
NA,TBX3,NM_005996.4,TRUE,0.468,NA,11,47854279,0.9127936454284266
chr12,TBX3,ENST00000349155,TRUE,0.468,1,1,42497292,0.8141978759083287
chr12,TBX3,ENST00000349155,TRUE,0.468,1,15,35172990,0.8571428571428571
chr12,TBX3,ENST00000349155,TRUE,0.468,1,9,36771140,0.9658599827139152
chr12,TBX3,ENST00000349155,TRUE,0.468,1,11,47854279,0.9127936454284266
NA,TCERG1,NM_001382548.1,TRUE,0.323,NA,15,35370188,0.8722321789905764
chr5,TCERG1,ENST00000679501,TRUE,0.323,0,15,35370188,0.8722321789905764
NA,TCF20,NM_001378418.1,TRUE,0.05,NA,1,45823410,0.8733370598099497
NA,TCF20,NM_001378418.1,TRUE,0.05,NA,11,46376771,0.8934707903780069
NA,TCF20,NM_001378418.1,TRUE,0.05,NA,0,32923512,0.9590826492888026
chr22,TCF20,ENST00000677622,TRUE,0.05,0,1,45823410,0.8733370598099497
chr22,TCF20,ENST00000677622,TRUE,0.05,0,11,46376771,0.8934707903780069
chr22,TCF20,ENST00000677622,TRUE,0.05,0,0,32923512,0.9590826492888026
NA,TCF4,NM_001083962.2,TRUE,0.096,NA,11,46654430,0.8962875330967269
chr18,TCF4,ENST00000354452,TRUE,0.096,0,11,46654430,0.8962875330967269
NA,TCF7L1,NM_031283.3,TRUE,0.472,NA,1,45461358,0.8661263275572946
NA,TCF7L1,NM_031283.3,TRUE,0.472,NA,15,35621634,0.892293461293866
NA,TCF7L1,NM_031283.3,TRUE,0.472,NA,11,54225099,0.971381893977804
chr2,TCF7L1,ENST00000282111,TRUE,0.472,1,1,45461358,0.8661263275572946
chr2,TCF7L1,ENST00000282111,TRUE,0.472,1,15,35621634,0.892293461293866
chr2,TCF7L1,ENST00000282111,TRUE,0.472,1,11,54225099,0.971381893977804
NA,TCF7L2,NM_001146274.2,TRUE,0.474,NA,15,34974526,0.8401456900040469
NA,TCF7L2,NM_001146274.2,TRUE,0.474,NA,9,37268033,0.971724904309174
NA,TCF7L2,NM_001146274.2,TRUE,0.474,NA,11,50468270,0.9403413892175088
NA,TCF7L2,NM_001146274.2,TRUE,0.474,NA,0,31970645,0.9171627294943292
chr10,TCF7L2,ENST00000627217,TRUE,0.474,1,15,34974526,0.8401456900040469
chr10,TCF7L2,ENST00000627217,TRUE,0.474,1,9,37268033,0.971724904309174
chr10,TCF7L2,ENST00000627217,TRUE,0.474,1,11,50468270,0.9403413892175088
chr10,TCF7L2,ENST00000627217,TRUE,0.474,1,0,31970645,0.9171627294943292
NA,TCOF1,NM_001371623.1,TRUE,0.288,NA,0,30035180,0.8089479290682373
chr5,TCOF1,ENST00000643257,TRUE,0.288,0,0,30035180,0.8089479290682373
NA,TCP1,NM_030752.3,TRUE,0.22,NA,1,45059386,0.8605366126327557
NA,TCP1,NM_030752.3,TRUE,0.22,NA,15,35222359,0.8604382262820143
chr6,TCP1,ENST00000321394,TRUE,0.22,0,1,45059386,0.8605366126327557
chr6,TCP1,ENST00000321394,TRUE,0.22,0,15,35222359,0.8604382262820143
NA,TEAD1,NM_021961.6,TRUE,0.276,NA,1,55070211,0.9765231973169368
NA,TEAD1,NM_021961.6,TRUE,0.276,NA,9,32504158,0.8210272873194222
NA,TEAD1,NM_021961.6,TRUE,0.276,NA,11,57985608,0.9909864233000958
chr11,TEAD1,ENST00000527636,TRUE,0.276,0,1,55070211,0.9765231973169368
chr11,TEAD1,ENST00000527636,TRUE,0.276,0,9,32504158,0.8210272873194222
chr11,TEAD1,ENST00000527636,TRUE,0.276,0,11,57985608,0.9909864233000958
NA,TEAD3,NM_003214.4,TRUE,0.408,NA,1,44359896,0.848910005589715
NA,TEAD3,NM_003214.4,TRUE,0.408,NA,9,32246264,0.8057784911717496
chr6,TEAD3,ENST00000639578,TRUE,0.435,1,1,44359896,0.848910005589715
chr6,TEAD3,ENST00000639578,TRUE,0.435,1,9,32246264,0.8057784911717496
NA,TECR,NM_138501.6,TRUE,0.541,NA,9,33345573,0.863378194838869
NA,TECR,NM_138501.6,TRUE,0.541,NA,11,56379140,0.9843952453382908
chr19,TECR,ENST00000215567,TRUE,0.541,1,9,33345573,0.863378194838869
chr19,TECR,ENST00000215567,TRUE,0.541,1,11,56379140,0.9843952453382908
NA,TEK,NM_000459.5,TRUE,0.368,NA,1,44363995,0.8489659027389603
chr9,TEK,ENST00000380036,TRUE,0.368,0,1,44363995,0.8489659027389603
NA,TENM3,NM_001080477.4,TRUE,0.305,NA,15,35468985,0.8798057466612708
NA,TENM3,NM_001080477.4,TRUE,0.305,NA,9,33140869,0.8527595999506112
chr4,TENM3,ENST00000511685,TRUE,0.305,0,15,35468985,0.8798057466612708
chr4,TENM3,ENST00000511685,TRUE,0.305,0,9,33140869,0.8527595999506112
NA,TENT4A,NM_006999.6,TRUE,0.208,NA,1,47340408,0.8956959195081051
chr5,TENT4A,ENST00000230859,TRUE,0.208,0,1,47340408,0.8956959195081051
NA,TENT4B,NM_001365324.3,TRUE,0.222,NA,0,32095143,0.9206717212857948
chr16,TENT4B,ENST00000561678,TRUE,0.222,0,0,32095143,0.9206717212857948
NA,TENT5C,NM_017709.4,TRUE,0.448,NA,0,31654417,0.9019988721097814
chr1,TENT5C,ENST00000369448,TRUE,0.448,1,0,31654417,0.9019988721097814
NA,TERF2,NM_005652.5,TRUE,0.444,NA,9,32824386,0.8374490677861465
chr16,TERF2,ENST00000254942,TRUE,0.444,1,9,32824386,0.8374490677861465
NA,TERT,NM_198253.3,TRUE,0.593,NA,15,34754016,0.8191015783083772
chr5,TERT,ENST00000310581,TRUE,0.593,2,15,34754016,0.8191015783083772
NA,TET1,NM_030625.3,TRUE,0.151,NA,9,36522399,0.9617854056056304
NA,TET1,NM_030625.3,TRUE,0.151,NA,11,50096025,0.9366232888287984
chr10,TET1,ENST00000373644,TRUE,0.151,0,9,36522399,0.9617854056056304
chr10,TET1,ENST00000373644,TRUE,0.151,0,11,50096025,0.9366232888287984
NA,TET3,NM_001287491.2,TRUE,0.213,NA,1,45972535,0.8755170486305198
NA,TET3,NM_001287491.2,TRUE,0.213,NA,9,37623853,0.976169897518212
NA,TET3,NM_001287491.2,TRUE,0.213,NA,11,44702159,0.8712185229001183
chr2,TET3,ENST00000409262,TRUE,0.213,0,1,45972535,0.8755170486305198
chr2,TET3,ENST00000409262,TRUE,0.213,0,9,37623853,0.976169897518212
chr2,TET3,ENST00000409262,TRUE,0.213,0,11,44702159,0.8712185229001183
NA,TFAP2B,NM_003221.4,TRUE,0.353,NA,15,41663929,0.996097589177314
chr6,TFAP2B,ENST00000393655,TRUE,0.353,0,15,41663929,0.996097589177314
NA,TFAP2C,NM_003222.4,TRUE,0.417,NA,1,48147049,0.9085522638345443
NA,TFAP2C,NM_003222.4,TRUE,0.417,NA,15,38490410,0.9862403885066776
NA,TFAP2C,NM_003222.4,TRUE,0.417,NA,11,55699733,0.9805081403864572
NA,TFAP2C,NM_003222.4,TRUE,0.417,NA,0,31642993,0.899367128266182
chr20,TFAP2C,ENST00000201031,TRUE,0.417,1,1,48147049,0.9085522638345443
chr20,TFAP2C,ENST00000201031,TRUE,0.417,1,15,38490410,0.9862403885066776
chr20,TFAP2C,ENST00000201031,TRUE,0.417,1,11,55699733,0.9805081403864572
chr20,TFAP2C,ENST00000201031,TRUE,0.417,1,0,31642993,0.899367128266182
NA,TFAP4,NM_003223.3,TRUE,0.356,NA,0,29936947,0.8020552666207156
chr16,TFAP4,ENST00000204517,TRUE,0.356,0,0,29936947,0.8020552666207156
NA,TFCP2,NM_005653.5,TRUE,0.564,NA,15,35306167,0.8673758455223449
NA,TFCP2,NM_005653.5,TRUE,0.564,NA,9,35825966,0.9488208420792692
chr12,TFCP2,ENST00000257915,TRUE,0.564,1,15,35306167,0.8673758455223449
chr12,TFCP2,ENST00000257915,TRUE,0.564,1,9,35825966,0.9488208420792692
NA,TFCP2L1,NM_014553.3,TRUE,0.277,NA,1,43769247,0.8380100614868642
NA,TFCP2L1,NM_014553.3,TRUE,0.277,NA,11,47087486,0.903160385330404
chr2,TFCP2L1,ENST00000263707,TRUE,0.277,0,1,43769247,0.8380100614868642
chr2,TFCP2L1,ENST00000263707,TRUE,0.277,0,11,47087486,0.903160385330404
NA,TFDP1,NM_007111.5,TRUE,0.245,NA,1,42061200,0.8051984348798211
NA,TFDP1,NM_007111.5,TRUE,0.245,NA,11,40211930,0.8016449777477325
chr13,TFDP1,ENST00000375370,TRUE,0.245,0,1,42061200,0.8051984348798211
chr13,TFDP1,ENST00000375370,TRUE,0.245,0,11,40211930,0.8016449777477325
NA,TFDP2,NM_001178139.2,TRUE,0.443,NA,1,45530330,0.8676355505869201
NA,TFDP2,NM_001178139.2,TRUE,0.443,NA,0,30866847,0.8626480355912025
chr3,TFDP2,ENST00000489671,TRUE,0.443,1,1,45530330,0.8676355505869201
chr3,TFDP2,ENST00000489671,TRUE,0.443,1,0,30866847,0.8626480355912025
NA,TFEB,NM_001271944.2,TRUE,0.467,NA,1,42722360,0.8179988820570151
NA,TFEB,NM_001271944.2,TRUE,0.467,NA,11,46269973,0.8920060841642724
chr6,TFEB,ENST00000373033,TRUE,0.467,1,1,42722360,0.8179988820570151
chr6,TFEB,ENST00000373033,TRUE,0.467,1,11,46269973,0.8920060841642724
NA,TFG,NM_006070.6,TRUE,0.591,NA,15,35093916,0.8507255593455513
chr3,TFG,ENST00000240851,TRUE,0.591,2,15,35093916,0.8507255593455513
NA,TFPI,NM_006287.6,TRUE,0.558,NA,9,33038817,0.8476972465736511
chr2,TFPI,ENST00000233156,TRUE,0.558,1,9,33038817,0.8476972465736511
NA,TFRC,NM_001128148.3,TRUE,0.489,NA,1,55280329,0.9780883174958076
NA,TFRC,NM_001128148.3,TRUE,0.489,NA,15,35223975,0.8606694802566919
NA,TFRC,NM_001128148.3,TRUE,0.489,NA,11,55235139,0.9780857416483578
NA,TFRC,NM_001128148.3,TRUE,0.489,NA,0,30661098,0.8511811517012344
chr3,TFRC,ENST00000360110,TRUE,0.489,1,1,55280329,0.9780883174958076
chr3,TFRC,ENST00000360110,TRUE,0.489,1,15,35223975,0.8606694802566919
chr3,TFRC,ENST00000360110,TRUE,0.489,1,11,55235139,0.9780857416483578
chr3,TFRC,ENST00000360110,TRUE,0.489,1,0,30661098,0.8511811517012344
NA,TGFBRAP1,NM_004257.6,TRUE,0.346,NA,9,34938094,0.9224595629090012
chr2,TGFBRAP1,ENST00000393359,TRUE,0.346,0,9,34938094,0.9224595629090012
NA,TGIF1,NM_003244.4,TRUE,0.477,NA,15,34626221,0.8067873041567902
NA,TGIF1,NM_003244.4,TRUE,0.477,NA,11,41956940,0.831333446003042
NA,TGIF1,NM_003244.4,TRUE,0.477,NA,0,31778054,0.9092674979635316
chr18,TGIF1,ENST00000343820,TRUE,0.477,1,15,34626221,0.8067873041567902
chr18,TGIF1,ENST00000343820,TRUE,0.477,1,11,41956940,0.831333446003042
chr18,TGIF1,ENST00000343820,TRUE,0.477,1,0,31778054,0.9092674979635316
NA,THAP1,NM_018105.3,TRUE,0.571,NA,1,42138325,0.8069871436556736
chr8,THAP1,ENST00000254250,TRUE,0.571,1,1,42138325,0.8069871436556736
NA,THAP12,NM_004705.4,TRUE,0.514,NA,1,51771127,0.9505310229178312
NA,THAP12,NM_004705.4,TRUE,0.514,NA,11,47378646,0.9065968114472424
NA,THAP12,NM_004705.4,TRUE,0.514,NA,0,32744691,0.9404724606804936
chr11,THAP12,ENST00000260045,TRUE,0.514,1,1,51771127,0.9505310229178312
chr11,THAP12,ENST00000260045,TRUE,0.514,1,11,47378646,0.9065968114472424
chr11,THAP12,ENST00000260045,TRUE,0.514,1,0,32744691,0.9404724606804936
NA,THAP4,NM_015963.6,TRUE,0.585,NA,9,33453161,0.8685022842326213
chr2,THAP4,ENST00000407315,TRUE,0.585,2,9,33453161,0.8685022842326213
NA,THRAP3,NM_005119.4,TRUE,0.244,NA,1,52006832,0.9530463946338736
NA,THRAP3,NM_005119.4,TRUE,0.244,NA,15,35224051,0.8607272937503614
chr1,THRAP3,ENST00000354618,TRUE,0.244,0,1,52006832,0.9530463946338736
chr1,THRAP3,ENST00000354618,TRUE,0.244,0,15,35224051,0.8607272937503614
NA,THRB,NM_001354712.2,TRUE,0.43,NA,0,31654417,0.9019988721097814
chr3,THRB,ENST00000646209,TRUE,0.43,1,0,31654417,0.9019988721097814
NA,TIA1,NM_022173.4,TRUE,0.517,NA,15,35382803,0.8727525004336012
NA,TIA1,NM_022173.4,TRUE,0.517,NA,9,34714308,0.9145573527596
NA,TIA1,NM_022173.4,TRUE,0.517,NA,11,41188735,0.8183764294969298
chr2,TIA1,ENST00000433529,TRUE,0.517,1,15,35382803,0.8727525004336012
chr2,TIA1,ENST00000433529,TRUE,0.517,1,9,34714308,0.9145573527596
chr2,TIA1,ENST00000433529,TRUE,0.517,1,11,41188735,0.8183764294969298
NA,TIAL1,NM_003252.4,TRUE,0.213,NA,1,55568097,0.9803242034656232
NA,TIAL1,NM_003252.4,TRUE,0.213,NA,15,35791298,0.903509279065734
NA,TIAL1,NM_003252.4,TRUE,0.213,NA,11,54165668,0.9708748802884344
chr10,TIAL1,ENST00000436547,TRUE,0.213,0,1,55568097,0.9803242034656232
chr10,TIAL1,ENST00000436547,TRUE,0.213,0,15,35791298,0.903509279065734
chr10,TIAL1,ENST00000436547,TRUE,0.213,0,11,54165668,0.9708748802884344
NA,TIAM1,XM_011529712.1,TRUE,0.469,NA,15,35235899,0.8617101231427415
NA,TIAM1,XM_011529712.1,TRUE,0.469,NA,11,42195518,0.8353332206636246
chr21,TIAM1,ENST00000541036,TRUE,0.469,1,15,35235899,0.8617101231427415
chr21,TIAM1,ENST00000541036,TRUE,0.469,1,11,42195518,0.8353332206636246
NA,TIPARP,NM_015508.5,TRUE,0.346,NA,15,35276752,0.8655836272185928
chr3,TIPARP,ENST00000295924,TRUE,0.346,0,15,35276752,0.8655836272185928
NA,TJP1,NM_001330239.4,TRUE,0.275,NA,1,53087016,0.9612632755729458
NA,TJP1,NM_001330239.4,TRUE,0.275,NA,15,38218637,0.9835231543042146
NA,TJP1,NM_001330239.4,TRUE,0.275,NA,11,47188899,0.9047377612528872
chr15,TJP1,ENST00000614355,TRUE,0.275,0,1,53087016,0.9612632755729458
chr15,TJP1,ENST00000614355,TRUE,0.275,0,15,38218637,0.9835231543042146
chr15,TJP1,ENST00000614355,TRUE,0.275,0,11,47188899,0.9047377612528872
NA,TLE1,NM_005077.5,TRUE,0.343,NA,1,57352043,0.9893236444941308
NA,TLE1,NM_005077.5,TRUE,0.343,NA,11,52642740,0.9588192214523126
chr9,TLE1,ENST00000376499,TRUE,0.343,0,1,57352043,0.9893236444941308
chr9,TLE1,ENST00000376499,TRUE,0.343,0,11,52642740,0.9588192214523126
NA,TLE3,NM_001105192.3,TRUE,0.276,NA,1,49498389,0.9257126886528788
NA,TLE3,NM_001105192.3,TRUE,0.276,NA,9,33757530,0.8825780960612422
NA,TLE3,NM_001105192.3,TRUE,0.276,NA,0,32446393,0.9317626417695344
chr15,TLE3,ENST00000451782,TRUE,0.276,0,1,49498389,0.9257126886528788
chr15,TLE3,ENST00000451782,TRUE,0.276,0,9,33757530,0.8825780960612422
chr15,TLE3,ENST00000451782,TRUE,0.276,0,0,32446393,0.9317626417695344
NA,TLK1,NM_012290.5,TRUE,0.338,NA,15,38235593,0.9836387812915536
NA,TLK1,NM_012290.5,TRUE,0.338,NA,9,32745106,0.8326336584763551
NA,TLK1,NM_012290.5,TRUE,0.338,NA,0,30830154,0.8610815213985838
chr2,TLK1,ENST00000431350,TRUE,0.338,0,15,38235593,0.9836387812915536
chr2,TLK1,ENST00000431350,TRUE,0.338,0,9,32745106,0.8326336584763551
chr2,TLK1,ENST00000431350,TRUE,0.338,0,0,30830154,0.8610815213985838
NA,TLK2,NM_006852.6,TRUE,0.103,NA,15,35381215,0.8726946869399318
chr17,TLK2,ENST00000346027,TRUE,0.103,0,15,35381215,0.8726946869399318
NA,TLN1,NM_006289.4,TRUE,0.236,NA,1,44894518,0.8576858580212409
NA,TLN1,NM_006289.4,TRUE,0.236,NA,11,41018854,0.8151090079432145
NA,TLN1,NM_006289.4,TRUE,0.236,NA,0,30340575,0.8298765586816217
chr9,TLN1,ENST00000314888,TRUE,0.236,0,1,44894518,0.8576858580212409
chr9,TLN1,ENST00000314888,TRUE,0.236,0,11,41018854,0.8151090079432145
chr9,TLN1,ENST00000314888,TRUE,0.236,0,0,30340575,0.8298765586816217
NA,TM9SF2,NM_004800.3,TRUE,0.256,NA,1,48712511,0.9164896590273895
NA,TM9SF2,NM_004800.3,TRUE,0.256,NA,15,35130092,0.8535006070416835
NA,TM9SF2,NM_004800.3,TRUE,0.256,NA,9,34444267,0.9066551426101987
NA,TM9SF2,NM_004800.3,TRUE,0.256,NA,11,53919351,0.9690721649484536
NA,TM9SF2,NM_004800.3,TRUE,0.256,NA,0,30944536,0.8672849176013535
chr13,TM9SF2,ENST00000376387,TRUE,0.256,0,1,48712511,0.9164896590273895
chr13,TM9SF2,ENST00000376387,TRUE,0.256,0,15,35130092,0.8535006070416835
chr13,TM9SF2,ENST00000376387,TRUE,0.256,0,9,34444267,0.9066551426101987
chr13,TM9SF2,ENST00000376387,TRUE,0.256,0,11,53919351,0.9690721649484536
chr13,TM9SF2,ENST00000376387,TRUE,0.256,0,0,30944536,0.8672849176013535
NA,TM9SF3,NM_020123.4,TRUE,0.262,NA,1,57140591,0.9882615986584684
NA,TM9SF3,NM_020123.4,TRUE,0.262,NA,15,35517788,0.8835058102561137
NA,TM9SF3,NM_020123.4,TRUE,0.262,NA,9,32600391,0.8254105445116681
NA,TM9SF3,NM_020123.4,TRUE,0.262,NA,0,35137762,0.9918541261983832
chr10,TM9SF3,ENST00000371142,TRUE,0.262,0,1,57140591,0.9882615986584684
chr10,TM9SF3,ENST00000371142,TRUE,0.262,0,15,35517788,0.8835058102561137
chr10,TM9SF3,ENST00000371142,TRUE,0.262,0,9,32600391,0.8254105445116681
chr10,TM9SF3,ENST00000371142,TRUE,0.262,0,0,35137762,0.9918541261983832
NA,TM9SF4,NM_014742.4,TRUE,0.377,NA,15,35828822,0.9062265132681968
NA,TM9SF4,NM_014742.4,TRUE,0.377,NA,11,49977333,0.9352149174694384
NA,TM9SF4,NM_014742.4,TRUE,0.377,NA,0,30041337,0.8096371953129895
chr20,TM9SF4,ENST00000398022,TRUE,0.377,0,15,35828822,0.9062265132681968
chr20,TM9SF4,ENST00000398022,TRUE,0.377,0,11,49977333,0.9352149174694384
chr20,TM9SF4,ENST00000398022,TRUE,0.377,0,0,30041337,0.8096371953129895
NA,TMCC2,NM_014858.4,TRUE,0.484,NA,15,35598512,0.8901254552812626
chr1,TMCC2,ENST00000358024,TRUE,0.484,1,15,35598512,0.8901254552812626
NA,TMED10,NM_006827.6,TRUE,0.577,NA,15,36129592,0.9218939700526104
NA,TMED10,NM_006827.6,TRUE,0.577,NA,11,58893716,0.9947608585431806
NA,TMED10,NM_006827.6,TRUE,0.577,NA,0,30874260,0.8634626229713641
chr14,TMED10,ENST00000303575,TRUE,0.577,1,15,36129592,0.9218939700526104
chr14,TMED10,ENST00000303575,TRUE,0.577,1,11,58893716,0.9947608585431806
chr14,TMED10,ENST00000303575,TRUE,0.577,1,0,30874260,0.8634626229713641
NA,TMED2,NM_006815.4,TRUE,0.447,NA,1,49760117,0.9288429290106204
NA,TMED2,NM_006815.4,TRUE,0.447,NA,15,36317719,0.9292362837486268
NA,TMED2,NM_006815.4,TRUE,0.447,NA,11,53023343,0.961692299025407
NA,TMED2,NM_006815.4,TRUE,0.447,NA,0,31257816,0.8831380412306535
chr12,TMED2,ENST00000262225,TRUE,0.447,1,1,49760117,0.9288429290106204
chr12,TMED2,ENST00000262225,TRUE,0.447,1,15,36317719,0.9292362837486268
chr12,TMED2,ENST00000262225,TRUE,0.447,1,11,53023343,0.961692299025407
chr12,TMED2,ENST00000262225,TRUE,0.447,1,0,31257816,0.8831380412306535
NA,TMEM11,NM_003876.3,TRUE,0.268,NA,15,35087036,0.8499161704341793
NA,TMEM11,NM_003876.3,TRUE,0.268,NA,11,48191948,0.9160610669821418
chr17,TMEM11,ENST00000317635,TRUE,0.268,0,15,35087036,0.8499161704341793
chr17,TMEM11,ENST00000317635,TRUE,0.268,0,11,48191948,0.9160610669821418
NA,TMEM131,NM_015348.2,TRUE,0.374,NA,1,54820051,0.9749021799888206
NA,TMEM131,NM_015348.2,TRUE,0.374,NA,0,31688236,0.9059464878751802
chr2,TMEM131,ENST00000186436,TRUE,0.374,0,1,54820051,0.9749021799888206
chr2,TMEM131,ENST00000186436,TRUE,0.374,0,0,31688236,0.9059464878751802
NA,TMEM131L,NM_001131007.2,TRUE,0.404,NA,15,36114499,0.9212002081285772
NA,TMEM131L,NM_001131007.2,TRUE,0.404,NA,9,36323058,0.9580195085813064
chr4,TMEM131L,ENST00000409959,TRUE,0.404,1,15,36114499,0.9212002081285772
chr4,TMEM131L,ENST00000409959,TRUE,0.404,1,9,36323058,0.9580195085813064
NA,TMEM132D,NM_133448.3,TRUE,0.5,NA,15,36381317,0.9335433890269988
chr12,TMEM132D,ENST00000422113,TRUE,0.5,1,15,36381317,0.9335433890269988
NA,TMEM184C,NM_018241.3,TRUE,0.594,NA,1,57458312,0.9896590273896032
NA,TMEM184C,NM_018241.3,TRUE,0.594,NA,9,35102841,0.927151500185208
NA,TMEM184C,NM_018241.3,TRUE,0.594,NA,11,49572166,0.9309898033913584
chr4,TMEM184C,ENST00000296582,TRUE,0.594,2,1,57458312,0.9896590273896032
chr4,TMEM184C,ENST00000296582,TRUE,0.594,2,9,35102841,0.927151500185208
chr4,TMEM184C,ENST00000296582,TRUE,0.594,2,11,49572166,0.9309898033913584
NA,TMEM248,NM_017994.5,TRUE,0.502,NA,1,52293294,0.9549468977082168
NA,TMEM248,NM_017994.5,TRUE,0.502,NA,11,44381289,0.8672187482395358
chr7,TMEM248,ENST00000341567,TRUE,0.502,1,1,52293294,0.9549468977082168
chr7,TMEM248,ENST00000341567,TRUE,0.502,1,11,44381289,0.8672187482395358
NA,TMEM39A,NM_018266.3,TRUE,0.58,NA,11,40595122,0.807053123767675
NA,TMEM39A,NM_018266.3,TRUE,0.58,NA,0,32926700,0.959207970424212
chr3,TMEM39A,ENST00000319172,TRUE,0.58,1,11,40595122,0.807053123767675
chr3,TMEM39A,ENST00000319172,TRUE,0.58,1,0,32926700,0.959207970424212
NA,TMEM39B,NM_018056.4,TRUE,0.595,NA,9,38726667,0.9878380046919372
chr1,TMEM39B,ENST00000336294,TRUE,0.595,2,9,38726667,0.9878380046919372
NA,TMEM63B,NM_018426.3,TRUE,0.314,NA,15,34955671,0.8385269121813032
NA,TMEM63B,NM_018426.3,TRUE,0.314,NA,9,33507049,0.8714038770218545
NA,TMEM63B,NM_018426.3,TRUE,0.314,NA,11,42656275,0.8435017745479128
NA,TMEM63B,NM_018426.3,TRUE,0.314,NA,0,33059741,0.962403659377154
chr6,TMEM63B,ENST00000323267,TRUE,0.314,0,15,34955671,0.8385269121813032
chr6,TMEM63B,ENST00000323267,TRUE,0.314,0,9,33507049,0.8714038770218545
chr6,TMEM63B,ENST00000323267,TRUE,0.314,0,11,42656275,0.8435017745479128
chr6,TMEM63B,ENST00000323267,TRUE,0.314,0,0,33059741,0.962403659377154
NA,TNFRSF1A,NM_001065.4,TRUE,0.382,NA,15,34960813,0.8391628606116668
chr12,TNFRSF1A,ENST00000162749,TRUE,0.382,0,15,34960813,0.8391628606116668
NA,TNFSF13B,NM_006573.5,TRUE,0.452,NA,0,30568563,0.8455417006078075
chr13,TNFSF13B,ENST00000375887,TRUE,0.452,1,0,30568563,0.8455417006078075
NA,TNIK,NM_015028.4,TRUE,0.338,NA,15,34712416,0.8146499392958316
NA,TNIK,NM_015028.4,TRUE,0.338,NA,9,34473482,0.9075811828620818
NA,TNIK,NM_015028.4,TRUE,0.338,NA,11,48758311,0.921976226691454
chr3,TNIK,ENST00000436636,TRUE,0.338,0,15,34712416,0.8146499392958316
chr3,TNIK,ENST00000436636,TRUE,0.338,0,9,34473482,0.9075811828620818
chr3,TNIK,ENST00000436636,TRUE,0.338,0,11,48758311,0.921976226691454
NA,TNKS1BP1,NM_033396.3,TRUE,0.438,NA,1,46495501,0.8830072666294019
NA,TNKS1BP1,NM_033396.3,TRUE,0.438,NA,9,34557432,0.9100506235337696
NA,TNKS1BP1,NM_033396.3,TRUE,0.438,NA,0,30334698,0.8294379347076885
chr11,TNKS1BP1,ENST00000358252,TRUE,0.438,1,1,46495501,0.8830072666294019
chr11,TNKS1BP1,ENST00000358252,TRUE,0.438,1,9,34557432,0.9100506235337696
chr11,TNKS1BP1,ENST00000358252,TRUE,0.438,1,0,30334698,0.8294379347076885
NA,TNPO1,NM_002270.4,TRUE,0.152,NA,15,36715485,0.9466959588367924
NA,TNPO1,NM_002270.4,TRUE,0.152,NA,11,56019787,0.9821981860176892
NA,TNPO1,NM_002270.4,TRUE,0.152,NA,0,31013533,0.8711698727990476
chr5,TNPO1,ENST00000337273,TRUE,0.152,0,15,36715485,0.9466959588367924
chr5,TNPO1,ENST00000337273,TRUE,0.152,0,11,56019787,0.9821981860176892
chr5,TNPO1,ENST00000337273,TRUE,0.152,0,0,31013533,0.8711698727990476
NA,TNRC18,NM_001080495.3,TRUE,0.556,NA,9,32737885,0.8322632423756019
NA,TNRC18,NM_001080495.3,TRUE,0.556,NA,11,40742087,0.8103205453213903
chr7,TNRC18,ENST00000430969,TRUE,0.556,1,9,32737885,0.8322632423756019
chr7,TNRC18,ENST00000430969,TRUE,0.556,1,11,40742087,0.8103205453213903
NA,TNRC6A,NM_014494.4,TRUE,0.257,NA,9,33696637,0.8799234473391777
chr16,TNRC6A,ENST00000395799,TRUE,0.257,0,9,33696637,0.8799234473391777
NA,TNRC6B,NM_001162501.2,TRUE,0.332,NA,15,36577960,0.942359946811586
chr22,TNRC6B,ENST00000454349,TRUE,0.332,0,15,36577960,0.942359946811586
NA,TNRC6C,XM_024450848.1,TRUE,0.232,NA,9,32621468,0.8265217928139277
NA,TNRC6C,XM_024450848.1,TRUE,0.232,NA,0,31662750,0.904505294817971
chr17,TNRC6C,ENST00000301624,TRUE,0.201,0,9,32621468,0.8265217928139277
chr17,TNRC6C,ENST00000301624,TRUE,0.201,0,0,31662750,0.904505294817971
NA,TNS1,NM_001387777.1,TRUE,0.446,NA,0,30826239,0.8608308791277649
chr2,TNS1,ENST00000682258,TRUE,0.446,1,0,30826239,0.8608308791277649
NA,TNS3,NM_022748.12,TRUE,0.427,NA,15,35121725,0.8529802855986587
NA,TNS3,NM_022748.12,TRUE,0.427,NA,9,32569804,0.8239288801086554
NA,TNS3,NM_022748.12,TRUE,0.427,NA,11,43376315,0.8535293786265562
NA,TNS3,NM_022748.12,TRUE,0.427,NA,0,32532516,0.9343317250454288
chr7,TNS3,ENST00000311160,TRUE,0.427,1,15,35121725,0.8529802855986587
chr7,TNS3,ENST00000311160,TRUE,0.427,1,9,32569804,0.8239288801086554
chr7,TNS3,ENST00000311160,TRUE,0.427,1,11,43376315,0.8535293786265562
chr7,TNS3,ENST00000311160,TRUE,0.427,1,0,32532516,0.9343317250454288
NA,TOB2,NM_016272.4,TRUE,0.421,NA,1,45840553,0.8735606484069313
NA,TOB2,NM_016272.4,TRUE,0.421,NA,9,34875500,0.9199901222373132
chr22,TOB2,ENST00000327492,TRUE,0.421,1,1,45840553,0.8735606484069313
chr22,TOB2,ENST00000327492,TRUE,0.421,1,9,34875500,0.9199901222373132
NA,TOMM22,NM_020243.5,TRUE,0.458,NA,15,36254796,0.927733132913222
NA,TOMM22,NM_020243.5,TRUE,0.458,NA,9,33457470,0.8688109643165823
chr22,TOMM22,ENST00000216034,TRUE,0.458,1,15,36254796,0.927733132913222
chr22,TOMM22,ENST00000216034,TRUE,0.458,1,9,33457470,0.8688109643165823
NA,TOMM40,NM_001128917.2,TRUE,0.456,NA,1,56616898,0.9855226383454444
NA,TOMM40,NM_001128917.2,TRUE,0.456,NA,11,54951862,0.9763393611627514
NA,TOMM40,NM_001128917.2,TRUE,0.456,NA,0,30913138,0.8654051005702111
chr19,TOMM40,ENST00000426677,TRUE,0.456,1,1,56616898,0.9855226383454444
chr19,TOMM40,ENST00000426677,TRUE,0.456,1,11,54951862,0.9763393611627514
chr19,TOMM40,ENST00000426677,TRUE,0.456,1,0,30913138,0.8654051005702111
NA,TOMM70,NM_014820.5,TRUE,0.298,NA,1,55732035,0.9814421464505312
NA,TOMM70,NM_014820.5,TRUE,0.298,NA,15,35215490,0.85986009134532
NA,TOMM70,NM_014820.5,TRUE,0.298,NA,11,57937500,0.9908174187369726
NA,TOMM70,NM_014820.5,TRUE,0.298,NA,0,33645135,0.9751864151889216
chr3,TOMM70,ENST00000284320,TRUE,0.298,0,1,55732035,0.9814421464505312
chr3,TOMM70,ENST00000284320,TRUE,0.298,0,15,35215490,0.85986009134532
chr3,TOMM70,ENST00000284320,TRUE,0.298,0,11,57937500,0.9908174187369726
chr3,TOMM70,ENST00000284320,TRUE,0.298,0,0,33645135,0.9751864151889216
NA,TOP1,NM_003286.4,TRUE,0.122,NA,1,54041301,0.9688093907210732
NA,TOP1,NM_003286.4,TRUE,0.122,NA,15,35776828,0.9024108226860148
NA,TOP1,NM_003286.4,TRUE,0.122,NA,9,33831576,0.8852944808000988
chr20,TOP1,ENST00000361337,TRUE,0.122,0,1,54041301,0.9688093907210732
chr20,TOP1,ENST00000361337,TRUE,0.122,0,15,35776828,0.9024108226860148
chr20,TOP1,ENST00000361337,TRUE,0.122,0,9,33831576,0.8852944808000988
NA,TOP2A,NM_001067.4,TRUE,0.422,NA,0,30570358,0.8457923428786265
chr17,TOP2A,ENST00000423485,TRUE,0.422,1,0,30570358,0.8457923428786265
NA,TOP2B,NM_001330700.2,TRUE,0.328,NA,1,44474944,0.8505310229178312
NA,TOP2B,NM_001330700.2,TRUE,0.328,NA,11,45417465,0.8815841361050082
chr3,TOP2B,ENST00000264331,TRUE,0.328,0,1,44474944,0.8505310229178312
chr3,TOP2B,ENST00000264331,TRUE,0.328,0,11,45417465,0.8815841361050082
NA,TOPBP1,NM_007027.4,TRUE,0.225,NA,15,35321444,0.8689946233450887
chr3,TOPBP1,ENST00000260810,TRUE,0.225,0,15,35321444,0.8689946233450887
NA,TP53,NM_000546.6,TRUE,0.449,NA,1,49668208,0.9276690888764672
NA,TP53,NM_000546.6,TRUE,0.449,NA,15,35468121,0.8797479331676014
chr17,TP53,ENST00000269305,TRUE,0.449,1,1,49668208,0.9276690888764672
chr17,TP53,ENST00000269305,TRUE,0.449,1,15,35468121,0.8797479331676014
NA,TP53BP1,NM_001141980.3,TRUE,0.364,NA,15,34969132,0.8398566225356998
NA,TP53BP1,NM_001141980.3,TRUE,0.364,NA,11,42765512,0.8449664807616473
chr15,TP53BP1,ENST00000382044,TRUE,0.364,0,15,34969132,0.8398566225356998
chr15,TP53BP1,ENST00000382044,TRUE,0.364,0,11,42765512,0.8449664807616473
NA,TP53BP2,NM_001031685.3,TRUE,0.581,NA,15,35559767,0.8861652309649072
NA,TP53BP2,NM_001031685.3,TRUE,0.581,NA,11,43991034,0.862204946200214
chr1,TP53BP2,ENST00000343537,TRUE,0.581,1,15,35559767,0.8861652309649072
chr1,TP53BP2,ENST00000343537,TRUE,0.581,1,11,43991034,0.862204946200214
NA,TP63,NM_003722.5,TRUE,0.296,NA,0,32992305,0.9608371451845352
chr3,TP63,ENST00000264731,TRUE,0.296,0,0,32992305,0.9608371451845352
NA,TPI1,NM_000365.6,TRUE,0.563,NA,1,51430506,0.9469536053661264
NA,TPI1,NM_000365.6,TRUE,0.563,NA,15,38886615,0.9908076545065618
NA,TPI1,NM_000365.6,TRUE,0.563,NA,9,32881003,0.8399802444746265
NA,TPI1,NM_000365.6,TRUE,0.563,NA,11,50370751,0.939102022421272
NA,TPI1,NM_000365.6,TRUE,0.563,NA,0,29974068,0.8050003133028385
chr12,TPI1,ENST00000396705,TRUE,0.563,1,1,51430506,0.9469536053661264
chr12,TPI1,ENST00000396705,TRUE,0.563,1,15,38886615,0.9908076545065618
chr12,TPI1,ENST00000396705,TRUE,0.563,1,9,32881003,0.8399802444746265
chr12,TPI1,ENST00000396705,TRUE,0.563,1,11,50370751,0.939102022421272
chr12,TPI1,ENST00000396705,TRUE,0.563,1,0,29974068,0.8050003133028385
NA,TPM3,NM_152263.4,TRUE,0.511,NA,1,54363440,0.9712688652878704
chr1,TPM3,ENST00000651641,TRUE,0.511,1,1,54363440,0.9712688652878704
NA,TPR,NM_003292.3,TRUE,0.203,NA,1,44704053,0.854387926215763
chr1,TPR,ENST00000367478,TRUE,0.203,0,1,44704053,0.854387926215763
NA,TPT1,NM_003295.4,TRUE,0.52,NA,1,60392230,0.9966461710452766
NA,TPT1,NM_003295.4,TRUE,0.52,NA,15,35593486,0.8887668381800312
NA,TPT1,NM_003295.4,TRUE,0.52,NA,11,63534210,1
NA,TPT1,NM_003295.4,TRUE,0.52,NA,0,31602239,0.8976126323704493
chr13,TPT1,ENST00000530705,TRUE,0.52,1,1,60392230,0.9966461710452766
chr13,TPT1,ENST00000530705,TRUE,0.52,1,15,35593486,0.8887668381800312
chr13,TPT1,ENST00000530705,TRUE,0.52,1,11,63534210,1
chr13,TPT1,ENST00000530705,TRUE,0.52,1,0,31602239,0.8976126323704493
NA,TRA2B,NM_004593.3,TRUE,0.528,NA,9,34780537,0.9168415853809112
chr3,TRA2B,ENST00000453386,TRUE,0.528,1,9,34780537,0.9168415853809112
NA,TRAF2,NM_021138.4,TRUE,0.215,NA,15,37358425,0.9643290744059664
chr9,TRAF2,ENST00000247668,TRUE,0.215,0,15,37358425,0.9643290744059664
NA,TRAF3,NM_145725.3,TRUE,0.321,NA,15,35001608,0.8428629242065098
NA,TRAF3,NM_145725.3,TRUE,0.321,NA,0,31478784,0.8931637320634125
chr14,TRAF3,ENST00000392745,TRUE,0.321,0,15,35001608,0.8428629242065098
chr14,TRAF3,ENST00000392745,TRUE,0.321,0,0,31478784,0.8931637320634125
NA,TRAF4,NM_004295.4,TRUE,0.343,NA,9,32178476,0.8012717619459192
NA,TRAF4,NM_004295.4,TRUE,0.343,NA,0,30230663,0.8226079328278714
chr17,TRAF4,ENST00000262395,TRUE,0.343,0,9,32178476,0.8012717619459192
chr17,TRAF4,ENST00000262395,TRUE,0.343,0,0,30230663,0.8226079328278714
NA,TRAF6,NM_004620.4,TRUE,0.356,NA,9,33211921,0.856463760958143
NA,TRAF6,NM_004620.4,TRUE,0.356,NA,0,33739166,0.9770035716523592
chr11,TRAF6,ENST00000526995,TRUE,0.356,0,9,33211921,0.856463760958143
chr11,TRAF6,ENST00000526995,TRUE,0.356,0,0,33739166,0.9770035716523592
NA,TRAK1,NM_001042646.3,TRUE,0.461,NA,15,35238539,0.8619991906110887
NA,TRAK1,NM_001042646.3,TRUE,0.461,NA,11,48368158,0.9179201171764972
chr3,TRAK1,ENST00000327628,TRUE,0.461,1,15,35238539,0.8619991906110887
chr3,TRAK1,ENST00000327628,TRUE,0.461,1,11,48368158,0.9179201171764972
NA,TRAM1,NM_014294.6,TRUE,0.53,NA,1,45945197,0.8750139742873113
NA,TRAM1,NM_014294.6,TRUE,0.53,NA,15,38358157,0.9851997456206278
chr8,TRAM1,ENST00000262213,TRUE,0.53,1,1,45945197,0.8750139742873113
chr8,TRAM1,ENST00000262213,TRUE,0.53,1,15,38358157,0.9851997456206278
NA,TRAM2,NM_012288.4,TRUE,0.349,NA,1,47795345,0.9031302403577418
NA,TRAM2,NM_012288.4,TRUE,0.349,NA,11,52211654,0.955946143879218
chr6,TRAM2,ENST00000182527,TRUE,0.349,0,1,47795345,0.9031302403577418
chr6,TRAM2,ENST00000182527,TRUE,0.349,0,11,52211654,0.955946143879218
NA,TRAPPC8,NM_014939.5,TRUE,0.421,NA,1,43724254,0.8371157070989379
NA,TRAPPC8,NM_014939.5,TRUE,0.421,NA,11,49496217,0.9300884457213678
chr18,TRAPPC8,ENST00000283351,TRUE,0.421,1,1,43724254,0.8371157070989379
chr18,TRAPPC8,ENST00000283351,TRUE,0.421,1,11,49496217,0.9300884457213678
NA,TRERF1,NM_033502.4,TRUE,0.313,NA,15,35242897,0.8626351390414523
NA,TRERF1,NM_033502.4,TRUE,0.313,NA,0,30202298,0.8206654552290243
chr6,TRERF1,ENST00000372922,TRUE,0.313,0,15,35242897,0.8626351390414523
chr6,TRERF1,ENST00000372922,TRUE,0.313,0,0,30202298,0.8206654552290243
NA,TRIM2,NM_015271.5,TRUE,0.398,NA,15,36747552,0.9480256691911892
NA,TRIM2,NM_015271.5,TRUE,0.398,NA,9,40763465,0.9994443758488702
chr4,TRIM2,ENST00000338700,TRUE,0.398,0,15,36747552,0.9480256691911892
chr4,TRIM2,ENST00000338700,TRUE,0.398,0,9,40763465,0.9994443758488702
NA,TRIM23,NM_001656.4,TRUE,0.524,NA,9,34724715,0.9149895048771454
chr5,TRIM23,ENST00000231524,TRUE,0.524,1,9,34724715,0.9149895048771454
NA,TRIM24,NM_015905.3,TRUE,0.297,NA,1,44252963,0.8468418110676356
NA,TRIM24,NM_015905.3,TRUE,0.297,NA,9,32246512,0.8058402271885418
NA,TRIM24,NM_015905.3,TRUE,0.297,NA,11,45470309,0.8822601543575009
NA,TRIM24,NM_015905.3,TRUE,0.297,NA,0,33683922,0.9760010025690832
chr7,TRIM24,ENST00000343526,TRUE,0.297,0,1,44252963,0.8468418110676356
chr7,TRIM24,ENST00000343526,TRUE,0.297,0,9,32246512,0.8058402271885418
chr7,TRIM24,ENST00000343526,TRUE,0.297,0,11,45470309,0.8822601543575009
chr7,TRIM24,ENST00000343526,TRUE,0.297,0,0,33683922,0.9760010025690832
NA,TRIM26,NM_003449.5,TRUE,0.539,NA,9,32839431,0.838251636004445
chr6,TRIM26,ENST00000454678,TRUE,0.539,1,9,32839431,0.838251636004445
NA,TRIM27,NM_006510.5,TRUE,0.335,NA,1,46690185,0.8856344326439352
NA,TRIM27,NM_006510.5,TRUE,0.335,NA,15,35225440,0.860958547725039
chr6,TRIM27,ENST00000377199,TRUE,0.335,0,1,46690185,0.8856344326439352
chr6,TRIM27,ENST00000377199,TRUE,0.335,0,15,35225440,0.860958547725039
NA,TRIM28,NM_005762.3,TRUE,0.17,NA,1,61376810,0.9980435997764114
NA,TRIM28,NM_005762.3,TRUE,0.17,NA,15,35444765,0.8776666473955022
NA,TRIM28,NM_005762.3,TRUE,0.17,NA,11,59030020,0.9954368767956736
chr19,TRIM28,ENST00000253024,TRUE,0.17,0,1,61376810,0.9980435997764114
chr19,TRIM28,ENST00000253024,TRUE,0.17,0,15,35444765,0.8776666473955022
chr19,TRIM28,ENST00000253024,TRUE,0.17,0,11,59030020,0.9954368767956736
NA,TRIM33,NM_015906.4,TRUE,0.23,NA,1,50251916,0.9352152040245948
NA,TRIM33,NM_015906.4,TRUE,0.23,NA,9,37617587,0.9759846894678356
NA,TRIM33,NM_015906.4,TRUE,0.23,NA,11,43314733,0.852233676975945
chr1,TRIM33,ENST00000358465,TRUE,0.23,0,1,50251916,0.9352152040245948
chr1,TRIM33,ENST00000358465,TRUE,0.23,0,9,37617587,0.9759846894678356
chr1,TRIM33,ENST00000358465,TRUE,0.23,0,11,43314733,0.852233676975945
NA,TRIM39,NM_001369523.1,TRUE,0.192,NA,0,31875099,0.912933141174259
chr6,TRIM39,ENST00000396551,TRUE,0.192,0,0,31875099,0.912933141174259
NA,TRIM41,NM_033549.5,TRUE,0.48,NA,1,45063791,0.8607043040804919
NA,TRIM41,NM_033549.5,TRUE,0.48,NA,11,47535704,0.9087375359134696
NA,TRIM41,NM_033549.5,TRUE,0.48,NA,0,30203172,0.8207907763644339
chr5,TRIM41,ENST00000315073,TRUE,0.48,1,1,45063791,0.8607043040804919
chr5,TRIM41,ENST00000315073,TRUE,0.48,1,11,47535704,0.9087375359134696
chr5,TRIM41,ENST00000315073,TRUE,0.48,1,0,30203172,0.8207907763644339
NA,TRIM44,NM_017583.6,TRUE,0.561,NA,15,34947802,0.8378909637509395
NA,TRIM44,NM_017583.6,TRUE,0.561,NA,11,50767914,0.94304546222748
chr11,TRIM44,ENST00000299413,TRUE,0.561,1,15,34947802,0.8378909637509395
chr11,TRIM44,ENST00000299413,TRUE,0.561,1,11,50767914,0.94304546222748
NA,TRIM71,NM_001039111.3,TRUE,0.275,NA,1,45402212,0.8655114589155953
NA,TRIM71,NM_001039111.3,TRUE,0.275,NA,11,51265109,0.9471579065968114
chr3,TRIM71,ENST00000383763,TRUE,0.275,0,1,45402212,0.8655114589155953
chr3,TRIM71,ENST00000383763,TRUE,0.275,0,11,51265109,0.9471579065968114
NA,TRIP12,NM_001348323.3,TRUE,0.145,NA,1,54497240,0.9721632196757966
NA,TRIP12,NM_001348323.3,TRUE,0.145,NA,9,35311682,0.9330781577972588
NA,TRIP12,NM_001348323.3,TRUE,0.145,NA,11,47716207,0.9113289392146922
chr2,TRIP12,ENST00000675903,TRUE,0.145,0,1,54497240,0.9721632196757966
chr2,TRIP12,ENST00000675903,TRUE,0.145,0,9,35311682,0.9330781577972588
chr2,TRIP12,ENST00000675903,TRUE,0.145,0,11,47716207,0.9113289392146922
NA,TRIP13,NM_004237.4,TRUE,0.592,NA,1,59393079,0.9948574622694244
NA,TRIP13,NM_004237.4,TRUE,0.592,NA,11,43405232,0.8543180665877979
NA,TRIP13,NM_004237.4,TRUE,0.592,NA,0,31079634,0.8753681308352653
chr5,TRIP13,ENST00000166345,TRUE,0.592,2,1,59393079,0.9948574622694244
chr5,TRIP13,ENST00000166345,TRUE,0.592,2,11,43405232,0.8543180665877979
chr5,TRIP13,ENST00000166345,TRUE,0.592,2,0,31079634,0.8753681308352653
NA,TRPM6,NM_017662.5,TRUE,0.494,NA,1,42651820,0.8169368362213527
NA,TRPM6,NM_017662.5,TRUE,0.494,NA,15,35593284,0.8887090246863618
chr9,TRPM6,ENST00000360774,TRUE,0.494,1,1,42651820,0.8169368362213527
chr9,TRPM6,ENST00000360774,TRUE,0.494,1,15,35593284,0.8887090246863618
NA,TRPS1,NM_014112.5,TRUE,0.114,NA,11,41958830,0.8313897808574164
chr8,TRPS1,ENST00000395715,TRUE,0.114,0,11,41958830,0.8313897808574164
NA,TRRAP,NM_001375524.1,TRUE,0.115,NA,15,34901670,0.8330924437763774
chr7,TRRAP,ENST00000456197,TRUE,0.115,0,15,34901670,0.8330924437763774
NA,TSC1,NM_000368.5,TRUE,0.227,NA,9,34346923,0.90332139770342
chr9,TSC1,ENST00000298552,TRUE,0.227,0,9,34346923,0.90332139770342
NA,TSC22D1,NM_183422.4,TRUE,0.199,NA,1,53490350,0.9647847959754052
NA,TSC22D1,NM_183422.4,TRUE,0.199,NA,11,50958601,0.9445101684412146
chr13,TSC22D1,ENST00000458659,TRUE,0.199,0,1,53490350,0.9647847959754052
chr13,TSC22D1,ENST00000458659,TRUE,0.199,0,11,50958601,0.9445101684412146
chr3,TSC22D2,ENST00000688009,TRUE,0.221,0,15,35420824,0.8756431751170723
chr3,TSC22D2,ENST00000688009,TRUE,0.221,0,11,47187929,0.9046814263985128
NA,TSGA10,NM_025244.4,TRUE,0.598,NA,9,35328147,0.9336955179651808
chr2,TSGA10,ENST00000393483,TRUE,0.598,2,9,35328147,0.9336955179651808
NA,TSN,NM_004622.3,TRUE,0.309,NA,1,42310105,0.8105645612073784
NA,TSN,NM_004622.3,TRUE,0.309,NA,0,31047778,0.8731123503978946
chr2,TSN,ENST00000389682,TRUE,0.309,0,1,42310105,0.8105645612073784
chr2,TSN,ENST00000389682,TRUE,0.309,0,0,31047778,0.8731123503978946
NA,TTC17,NM_018259.6,TRUE,0.481,NA,15,34703093,0.8138983638781292
NA,TTC17,NM_018259.6,TRUE,0.481,NA,0,33727407,0.9768782505169497
chr11,TTC17,ENST00000039989,TRUE,0.481,1,15,34703093,0.8138983638781292
chr11,TTC17,ENST00000039989,TRUE,0.481,1,0,33727407,0.9768782505169497
NA,TTC28,NM_001393403.1,TRUE,0.38,NA,1,45936039,0.8749021799888206
chr22,TTC28,ENST00000397906,TRUE,0.386,0,1,45936039,0.8749021799888206
NA,TTC7B,NM_001010854.2,TRUE,0.403,NA,9,37652825,0.9766637856525496
NA,TTC7B,NM_001010854.2,TRUE,0.403,NA,11,43811053,0.8600078868796124
NA,TTC7B,NM_001010854.2,TRUE,0.403,NA,0,31207272,0.881320884767216
chr14,TTC7B,ENST00000328459,TRUE,0.403,1,9,37652825,0.9766637856525496
chr14,TTC7B,ENST00000328459,TRUE,0.403,1,11,43811053,0.8600078868796124
chr14,TTC7B,ENST00000328459,TRUE,0.403,1,0,31207272,0.881320884767216
NA,TTLL7,NM_024686.6,TRUE,0.564,NA,11,47140592,0.90400540814602
chr1,TTLL7,ENST00000260505,TRUE,0.564,1,11,47140592,0.90400540814602
NA,TTN,NM_001267550.2,TRUE,0.479,NA,9,37344024,0.97302136066181
chr2,TTN,ENST00000589042,TRUE,0.479,1,9,37344024,0.97302136066181
NA,TUBA1A,NM_006009.4,TRUE,0.37,NA,15,34873295,0.8303752095739145
chr12,TUBA1A,ENST00000301071,TRUE,0.37,0,15,34873295,0.8303752095739145
NA,TUBA1B,NM_006082.3,TRUE,0.129,NA,1,62451136,0.9993292342090552
NA,TUBA1B,NM_006082.3,TRUE,0.129,NA,15,37335654,0.96398219344395
NA,TUBA1B,NM_006082.3,TRUE,0.129,NA,9,33659474,0.8779478948018273
NA,TUBA1B,NM_006082.3,TRUE,0.129,NA,11,55901902,0.9818601768914428
NA,TUBA1B,NM_006082.3,TRUE,0.129,NA,0,33699477,0.9763769659753118
chr12,TUBA1B,ENST00000336023,TRUE,0.129,0,1,62451136,0.9993292342090552
chr12,TUBA1B,ENST00000336023,TRUE,0.129,0,15,37335654,0.96398219344395
chr12,TUBA1B,ENST00000336023,TRUE,0.129,0,9,33659474,0.8779478948018273
chr12,TUBA1B,ENST00000336023,TRUE,0.129,0,11,55901902,0.9818601768914428
chr12,TUBA1B,ENST00000336023,TRUE,0.129,0,0,33699477,0.9763769659753118
NA,TUBB,NM_178014.4,TRUE,0.178,NA,1,46954964,0.889770821688094
NA,TUBB,NM_178014.4,TRUE,0.178,NA,15,35800702,0.9039717870150892
NA,TUBB,NM_178014.4,TRUE,0.178,NA,0,30832935,0.8612068425339934
chr6,TUBB,ENST00000327892,TRUE,0.178,0,1,46954964,0.889770821688094
chr6,TUBB,ENST00000327892,TRUE,0.178,0,15,35800702,0.9039717870150892
chr6,TUBB,ENST00000327892,TRUE,0.178,0,0,30832935,0.8612068425339934
NA,TUBB4B,NM_006088.6,TRUE,0.377,NA,1,49991228,0.9321967579653436
NA,TUBB4B,NM_006088.6,TRUE,0.377,NA,15,40146519,0.9950280395444296
NA,TUBB4B,NM_006088.6,TRUE,0.377,NA,11,48943446,0.9241169511576812
NA,TUBB4B,NM_006088.6,TRUE,0.377,NA,0,34083546,0.9810138479854628
chr9,TUBB4B,ENST00000340384,TRUE,0.377,0,1,49991228,0.9321967579653436
chr9,TUBB4B,ENST00000340384,TRUE,0.377,0,15,40146519,0.9950280395444296
chr9,TUBB4B,ENST00000340384,TRUE,0.377,0,11,48943446,0.9241169511576812
chr9,TUBB4B,ENST00000340384,TRUE,0.377,0,0,34083546,0.9810138479854628
NA,TUBG1,NM_001070.5,TRUE,0.583,NA,1,55119018,0.9769144773616546
NA,TUBG1,NM_001070.5,TRUE,0.583,NA,11,55314182,0.9785927553377276
chr17,TUBG1,ENST00000251413,TRUE,0.583,1,1,55119018,0.9769144773616546
chr17,TUBG1,ENST00000251413,TRUE,0.583,1,11,55314182,0.9785927553377276
NA,TUBGCP3,NM_006322.6,TRUE,0.512,NA,15,35444983,0.8777533676360062
NA,TUBGCP3,NM_006322.6,TRUE,0.512,NA,0,30316793,0.8281847233535936
chr13,TUBGCP3,ENST00000261965,TRUE,0.512,1,15,35444983,0.8777533676360062
chr13,TUBGCP3,ENST00000261965,TRUE,0.512,1,0,30316793,0.8281847233535936
NA,TUT7,NM_024617.4,TRUE,0.273,NA,0,30407754,0.8341374772855442
chr9,TUT7,ENST00000375963,TRUE,0.273,0,0,30407754,0.8341374772855442
NA,TVP23B,NM_016078.6,TRUE,0.567,NA,1,44556661,0.8517607602012297
NA,TVP23B,NM_016078.6,TRUE,0.567,NA,11,49178277,0.9263140104782828
chr17,TVP23B,ENST00000307767,TRUE,0.567,1,1,44556661,0.8517607602012297
chr17,TVP23B,ENST00000307767,TRUE,0.567,1,11,49178277,0.9263140104782828
NA,TWF2,NM_007284.4,TRUE,0.525,NA,1,53711871,0.9664617104527669
NA,TWF2,NM_007284.4,TRUE,0.525,NA,15,34994729,0.842342602763485
NA,TWF2,NM_007284.4,TRUE,0.525,NA,9,37021251,0.9690702555871096
NA,TWF2,NM_007284.4,TRUE,0.525,NA,11,42261040,0.8364599177511126
chr3,TWF2,ENST00000305533,TRUE,0.525,1,1,53711871,0.9664617104527669
chr3,TWF2,ENST00000305533,TRUE,0.525,1,15,34994729,0.842342602763485
chr3,TWF2,ENST00000305533,TRUE,0.525,1,9,37021251,0.9690702555871096
chr3,TWF2,ENST00000305533,TRUE,0.525,1,11,42261040,0.8364599177511126
NA,TXLNA,NM_175852.4,TRUE,0.3,NA,15,34882853,0.8310111580042782
NA,TXLNA,NM_175852.4,TRUE,0.3,NA,9,32980055,0.8449191258180022
NA,TXLNA,NM_175852.4,TRUE,0.3,NA,0,30268064,0.8251143555360612
chr1,TXLNA,ENST00000373610,TRUE,0.3,0,15,34882853,0.8310111580042782
chr1,TXLNA,ENST00000373610,TRUE,0.3,0,9,32980055,0.8449191258180022
chr1,TXLNA,ENST00000373610,TRUE,0.3,0,0,30268064,0.8251143555360612
NA,TXNDC9,NM_005783.4,TRUE,0.515,NA,1,50163705,0.9342649524874233
NA,TXNDC9,NM_005783.4,TRUE,0.515,NA,11,48659334,0.9210748690214636
chr2,TXNDC9,ENST00000264255,TRUE,0.515,1,1,50163705,0.9342649524874233
chr2,TXNDC9,ENST00000264255,TRUE,0.515,1,11,48659334,0.9210748690214636
NA,TYRO3,NM_006293.4,TRUE,0.565,NA,1,51839593,0.9511458915595304
NA,TYRO3,NM_006293.4,TRUE,0.565,NA,9,36632956,0.9633905420422274
chr15,TYRO3,ENST00000263798,TRUE,0.565,1,1,51839593,0.9511458915595304
chr15,TYRO3,ENST00000263798,TRUE,0.565,1,9,36632956,0.9633905420422274
NA,U2AF2,NM_007279.3,TRUE,0.209,NA,0,33553014,0.9735572404285984
chr19,U2AF2,ENST00000308924,TRUE,0.209,0,0,33553014,0.9735572404285984
NA,U2SURP,NM_001080415.2,TRUE,0.073,NA,15,36265948,0.9279065733942302
NA,U2SURP,NM_001080415.2,TRUE,0.073,NA,9,32473606,0.8192369428324484
NA,U2SURP,NM_001080415.2,TRUE,0.073,NA,11,45348533,0.8809081178525153
NA,U2SURP,NM_001080415.2,TRUE,0.073,NA,0,32331227,0.9279403471395452
chr3,U2SURP,ENST00000473835,TRUE,0.073,0,15,36265948,0.9279065733942302
chr3,U2SURP,ENST00000473835,TRUE,0.073,0,9,32473606,0.8192369428324484
chr3,U2SURP,ENST00000473835,TRUE,0.073,0,11,45348533,0.8809081178525153
chr3,U2SURP,ENST00000473835,TRUE,0.073,0,0,32331227,0.9279403471395452
NA,UBA2,NM_005499.3,TRUE,0.258,NA,1,51889108,0.9518725544997204
NA,UBA2,NM_005499.3,TRUE,0.258,NA,15,34895993,0.8325143088396831
NA,UBA2,NM_005499.3,TRUE,0.258,NA,11,56134862,0.9829868739789308
NA,UBA2,NM_005499.3,TRUE,0.258,NA,0,32237777,0.9256845667021744
chr19,UBA2,ENST00000246548,TRUE,0.258,0,1,51889108,0.9518725544997204
chr19,UBA2,ENST00000246548,TRUE,0.258,0,15,34895993,0.8325143088396831
chr19,UBA2,ENST00000246548,TRUE,0.258,0,11,56134862,0.9829868739789308
chr19,UBA2,ENST00000246548,TRUE,0.258,0,0,32237777,0.9256845667021744
NA,UBA3,NM_003968.4,TRUE,0.463,NA,1,58185037,0.9917272219116824
NA,UBA3,NM_003968.4,TRUE,0.463,NA,9,35881218,0.9499938263983208
NA,UBA3,NM_003968.4,TRUE,0.463,NA,0,30784409,0.8585124381226894
chr3,UBA3,ENST00000361055,TRUE,0.463,1,1,58185037,0.9917272219116824
chr3,UBA3,ENST00000361055,TRUE,0.463,1,9,35881218,0.9499938263983208
chr3,UBA3,ENST00000361055,TRUE,0.463,1,0,30784409,0.8585124381226894
NA,UBA52,NM_001033930.3,TRUE,0.293,NA,15,37374542,0.9645025148869746
NA,UBA52,NM_001033930.3,TRUE,0.293,NA,9,36556809,0.9624027657735524
NA,UBA52,NM_001033930.3,TRUE,0.293,NA,11,40552593,0.8066024449326799
NA,UBA52,NM_001033930.3,TRUE,0.293,NA,0,30615647,0.8486747289930446
chr19,UBA52,ENST00000442744,TRUE,0.293,0,15,37374542,0.9645025148869746
chr19,UBA52,ENST00000442744,TRUE,0.293,0,9,36556809,0.9624027657735524
chr19,UBA52,ENST00000442744,TRUE,0.293,0,11,40552593,0.8066024449326799
chr19,UBA52,ENST00000442744,TRUE,0.293,0,0,30615647,0.8486747289930446
NA,UBAP1,NM_016525.5,TRUE,0.285,NA,11,44228164,0.8657540420258014
chr9,UBAP1,ENST00000297661,TRUE,0.285,0,11,44228164,0.8657540420258014
NA,UBAP2L,NM_014847.4,TRUE,0.159,NA,1,47594324,0.8995528228060369
NA,UBAP2L,NM_014847.4,TRUE,0.159,NA,11,50639740,0.9418624302856176
chr1,UBAP2L,ENST00000428931,TRUE,0.159,0,1,47594324,0.8995528228060369
chr1,UBAP2L,ENST00000428931,TRUE,0.159,0,11,50639740,0.9418624302856176
NA,UBC,NM_021009.7,TRUE,0.49,NA,1,43702689,0.8363890441587479
NA,UBC,NM_021009.7,TRUE,0.49,NA,15,35812067,0.905012429901139
NA,UBC,NM_021009.7,TRUE,0.49,NA,0,31838719,0.9112726361300834
chr12,UBC,ENST00000339647,TRUE,0.49,1,1,43702689,0.8363890441587479
chr12,UBC,ENST00000339647,TRUE,0.49,1,15,35812067,0.905012429901139
chr12,UBC,ENST00000339647,TRUE,0.49,1,0,31838719,0.9112726361300834
NA,UBE2D2,NM_003339.3,TRUE,0.235,NA,15,35564529,0.8866277389142626
NA,UBE2D2,NM_003339.3,TRUE,0.235,NA,9,36564305,0.9625879738239288
NA,UBE2D2,NM_003339.3,TRUE,0.235,NA,11,47093189,0.9032730550391528
chr5,UBE2D2,ENST00000398733,TRUE,0.235,0,15,35564529,0.8866277389142626
chr5,UBE2D2,ENST00000398733,TRUE,0.235,0,9,36564305,0.9625879738239288
chr5,UBE2D2,ENST00000398733,TRUE,0.235,0,11,47093189,0.9032730550391528
NA,UBE2D3,NM_181891.3,TRUE,0.22,NA,15,35431434,0.8763947505347748
NA,UBE2D3,NM_181891.3,TRUE,0.22,NA,11,47771285,0.9120612923215592
NA,UBE2D3,NM_181891.3,TRUE,0.22,NA,0,30539068,0.8431605990350273
chr4,UBE2D3,ENST00000453744,TRUE,0.22,0,15,35431434,0.8763947505347748
chr4,UBE2D3,ENST00000453744,TRUE,0.22,0,11,47771285,0.9120612923215592
chr4,UBE2D3,ENST00000453744,TRUE,0.22,0,0,30539068,0.8431605990350273
NA,UBE2E1,NM_003341.5,TRUE,0.524,NA,1,50487780,0.937674678591392
NA,UBE2E1,NM_003341.5,TRUE,0.524,NA,11,48601403,0.9205115204777196
chr3,UBE2E1,ENST00000306627,TRUE,0.524,1,1,50487780,0.937674678591392
chr3,UBE2E1,ENST00000306627,TRUE,0.524,1,11,48601403,0.9205115204777196
NA,UBE2E2,NM_152653.4,TRUE,0.492,NA,0,33418945,0.970925496584999
chr3,UBE2E2,ENST00000396703,TRUE,0.492,1,0,33418945,0.970925496584999
NA,UBE2E3,NM_006357.4,TRUE,0.415,NA,11,42593737,0.8426567517322968
chr2,UBE2E3,ENST00000410062,TRUE,0.415,1,11,42593737,0.8426567517322968
NA,UBE2F,NM_080678.3,TRUE,0.148,NA,9,34146582,0.8964686998394864
NA,UBE2F,NM_080678.3,TRUE,0.148,NA,11,40272917,0.8023773308545997
chr2,UBE2F,ENST00000272930,TRUE,0.148,0,9,34146582,0.8964686998394864
chr2,UBE2F,ENST00000272930,TRUE,0.148,0,11,40272917,0.8023773308545997
NA,UBE2H,NM_003344.4,TRUE,0.244,NA,1,46896785,0.8886528787031861
NA,UBE2H,NM_003344.4,TRUE,0.244,NA,15,36758866,0.948256923165867
NA,UBE2H,NM_003344.4,TRUE,0.244,NA,11,54336019,0.9723959213565432
chr7,UBE2H,ENST00000355621,TRUE,0.244,0,1,46896785,0.8886528787031861
chr7,UBE2H,ENST00000355621,TRUE,0.244,0,15,36758866,0.948256923165867
chr7,UBE2H,ENST00000355621,TRUE,0.244,0,11,54336019,0.9723959213565432
NA,UBE2I,NM_003345.5,TRUE,0.28,NA,15,35328784,0.8693993178007747
NA,UBE2I,NM_003345.5,TRUE,0.28,NA,9,34181504,0.8979503642424991
chr16,UBE2I,ENST00000397514,TRUE,0.28,0,15,35328784,0.8693993178007747
chr16,UBE2I,ENST00000397514,TRUE,0.28,0,9,34181504,0.8979503642424991
NA,UBE2L3,NM_003347.4,TRUE,0.303,NA,9,33079861,0.8493023830102482
chr22,UBE2L3,ENST00000342192,TRUE,0.303,0,9,33079861,0.8493023830102482
NA,UBE2M,NM_003969.4,TRUE,0.272,NA,1,59183532,0.9942425936277248
NA,UBE2M,NM_003969.4,TRUE,0.272,NA,9,33307465,0.8607235461168046
NA,UBE2M,NM_003969.4,TRUE,0.272,NA,11,56558682,0.9854656075714044
chr19,UBE2M,ENST00000253023,TRUE,0.272,0,1,59183532,0.9942425936277248
chr19,UBE2M,ENST00000253023,TRUE,0.272,0,9,33307465,0.8607235461168046
chr19,UBE2M,ENST00000253023,TRUE,0.272,0,11,56558682,0.9854656075714044
NA,UBE2N,NM_003348.4,TRUE,0.192,NA,1,52503913,0.9563443264393516
NA,UBE2N,NM_003348.4,TRUE,0.192,NA,9,33439645,0.8676379799975306
chr12,UBE2N,ENST00000318066,TRUE,0.192,0,1,52503913,0.9563443264393516
chr12,UBE2N,ENST00000318066,TRUE,0.192,0,9,33439645,0.8676379799975306
NA,UBE2O,NM_022066.4,TRUE,0.193,NA,1,50925937,0.9422023476802684
NA,UBE2O,NM_022066.4,TRUE,0.193,NA,9,32252494,0.8062106432892949
NA,UBE2O,NM_022066.4,TRUE,0.193,NA,11,45852841,0.8863162638724579
chr17,UBE2O,ENST00000319380,TRUE,0.193,0,1,50925937,0.9422023476802684
chr17,UBE2O,ENST00000319380,TRUE,0.193,0,9,32252494,0.8062106432892949
chr17,UBE2O,ENST00000319380,TRUE,0.193,0,11,45852841,0.8863162638724579
NA,UBE2Q1,NM_017582.7,TRUE,0.211,NA,1,48523673,0.9136389044158748
NA,UBE2Q1,NM_017582.7,TRUE,0.211,NA,11,53734499,0.9674947890259704
NA,UBE2Q1,NM_017582.7,TRUE,0.211,NA,0,34129010,0.981452471959396
chr1,UBE2Q1,ENST00000292211,TRUE,0.211,0,1,48523673,0.9136389044158748
chr1,UBE2Q1,ENST00000292211,TRUE,0.211,0,11,53734499,0.9674947890259704
chr1,UBE2Q1,ENST00000292211,TRUE,0.211,0,0,34129010,0.981452471959396
NA,UBE2R2,NM_017811.4,TRUE,0.19,NA,1,55731585,0.9813862493012856
NA,UBE2R2,NM_017811.4,TRUE,0.19,NA,9,32398625,0.8155945178417089
NA,UBE2R2,NM_017811.4,TRUE,0.19,NA,11,58944238,0.9950988676694272
chr9,UBE2R2,ENST00000263228,TRUE,0.19,0,1,55731585,0.9813862493012856
chr9,UBE2R2,ENST00000263228,TRUE,0.19,0,9,32398625,0.8155945178417089
chr9,UBE2R2,ENST00000263228,TRUE,0.19,0,11,58944238,0.9950988676694272
NA,UBE2Z,NM_023079.5,TRUE,0.558,NA,1,47812082,0.9034097261039687
NA,UBE2Z,NM_023079.5,TRUE,0.558,NA,15,37067474,0.9575070821529744
NA,UBE2Z,NM_023079.5,TRUE,0.558,NA,11,54851579,0.975719677764633
NA,UBE2Z,NM_023079.5,TRUE,0.558,NA,0,33067383,0.9626543016479728
chr17,UBE2Z,ENST00000360943,TRUE,0.558,1,1,47812082,0.9034097261039687
chr17,UBE2Z,ENST00000360943,TRUE,0.558,1,15,37067474,0.9575070821529744
chr17,UBE2Z,ENST00000360943,TRUE,0.558,1,11,54851579,0.975719677764633
chr17,UBE2Z,ENST00000360943,TRUE,0.558,1,0,33067383,0.9626543016479728
NA,UBE3C,NM_014671.3,TRUE,0.427,NA,1,45695922,0.870653996646171
NA,UBE3C,NM_014671.3,TRUE,0.427,NA,15,35315792,0.868474301902064
NA,UBE3C,NM_014671.3,TRUE,0.427,NA,11,42594514,0.8427130865866712
chr7,UBE3C,ENST00000348165,TRUE,0.427,1,1,45695922,0.870653996646171
chr7,UBE3C,ENST00000348165,TRUE,0.427,1,15,35315792,0.868474301902064
chr7,UBE3C,ENST00000348165,TRUE,0.427,1,11,42594514,0.8427130865866712
NA,UBE4A,NM_001204077.2,TRUE,0.495,NA,9,32695017,0.8304728978886282
NA,UBE4A,NM_001204077.2,TRUE,0.495,NA,11,54677586,0.9743676412596474
NA,UBE4A,NM_001204077.2,TRUE,0.495,NA,0,30356027,0.8308791277648976
chr11,UBE4A,ENST00000252108,TRUE,0.495,1,9,32695017,0.8304728978886282
chr11,UBE4A,ENST00000252108,TRUE,0.495,1,11,54677586,0.9743676412596474
chr11,UBE4A,ENST00000252108,TRUE,0.495,1,0,30356027,0.8308791277648976
NA,UBE4B,NM_001105562.3,TRUE,0.237,NA,1,42015331,0.8043599776411403
NA,UBE4B,NM_001105562.3,TRUE,0.237,NA,0,35878217,0.9960523842346012
chr1,UBE4B,ENST00000343090,TRUE,0.237,0,1,42015331,0.8043599776411403
chr1,UBE4B,ENST00000343090,TRUE,0.237,0,0,35878217,0.9960523842346012
NA,UBFD1,NM_019116.3,TRUE,0.593,NA,1,41956383,0.8032420346562326
NA,UBFD1,NM_019116.3,TRUE,0.593,NA,9,32158061,0.8001605136436597
NA,UBFD1,NM_019116.3,TRUE,0.593,NA,11,52270951,0.9561151484423412
NA,UBFD1,NM_019116.3,TRUE,0.593,NA,0,32484281,0.9329531925559246
chr16,UBFD1,ENST00000395878,TRUE,0.593,2,1,41956383,0.8032420346562326
chr16,UBFD1,ENST00000395878,TRUE,0.593,2,9,32158061,0.8001605136436597
chr16,UBFD1,ENST00000395878,TRUE,0.593,2,11,52270951,0.9561151484423412
chr16,UBFD1,ENST00000395878,TRUE,0.593,2,0,32484281,0.9329531925559246
NA,UBN1,NM_001079514.3,TRUE,0.193,NA,1,48785589,0.917272219116825
NA,UBN1,NM_001079514.3,TRUE,0.193,NA,9,34508188,0.9086306951475492
NA,UBN1,NM_001079514.3,TRUE,0.193,NA,11,46290971,0.8923440932905189
chr16,UBN1,ENST00000262376,TRUE,0.193,0,1,48785589,0.917272219116825
chr16,UBN1,ENST00000262376,TRUE,0.193,0,9,34508188,0.9086306951475492
chr16,UBN1,ENST00000262376,TRUE,0.193,0,11,46290971,0.8923440932905189
NA,UBN2,NM_173569.4,TRUE,0.362,NA,0,32479671,0.932827871420515
chr7,UBN2,ENST00000473989,TRUE,0.362,0,0,32479671,0.932827871420515
NA,UBP1,NM_014517.5,TRUE,0.492,NA,9,33139796,0.852697863933819
chr3,UBP1,ENST00000283629,TRUE,0.492,1,9,33139796,0.852697863933819
NA,UBQLN4,NM_020131.5,TRUE,0.314,NA,1,45607390,0.869200670765791
NA,UBQLN4,NM_020131.5,TRUE,0.314,NA,15,35094475,0.8507833728392207
chr1,UBQLN4,ENST00000368309,TRUE,0.314,0,1,45607390,0.869200670765791
chr1,UBQLN4,ENST00000368309,TRUE,0.314,0,15,35094475,0.8507833728392207
NA,UBR1,NM_174916.3,TRUE,0.47,NA,15,35805911,0.9045499219517836
NA,UBR1,NM_174916.3,TRUE,0.47,NA,11,45381480,0.8813587966875106
chr15,UBR1,ENST00000290650,TRUE,0.47,1,15,35805911,0.9045499219517836
chr15,UBR1,ENST00000290650,TRUE,0.47,1,11,45381480,0.8813587966875106
NA,UBR2,NM_001363705.2,TRUE,0.472,NA,9,33020282,0.8468946783553525
chr6,UBR2,ENST00000372901,TRUE,0.472,1,9,33020282,0.8468946783553525
NA,UBR3,NM_172070.4,TRUE,0.427,NA,1,42624067,0.816545556176635
NA,UBR3,NM_172070.4,TRUE,0.427,NA,9,39648636,0.9946907025558712
NA,UBR3,NM_172070.4,TRUE,0.427,NA,11,40657384,0.8085741648357839
chr2,UBR3,ENST00000272793,TRUE,0.427,1,1,42624067,0.816545556176635
chr2,UBR3,ENST00000272793,TRUE,0.427,1,9,39648636,0.9946907025558712
chr2,UBR3,ENST00000272793,TRUE,0.427,1,11,40657384,0.8085741648357839
NA,UBR4,NM_020765.3,TRUE,0.242,NA,1,43208747,0.8269983230855227
chr1,UBR4,ENST00000375254,TRUE,0.242,0,1,43208747,0.8269983230855227
NA,UBR5,NM_015902.6,TRUE,0.073,NA,1,54735840,0.9741755170486304
NA,UBR5,NM_015902.6,TRUE,0.073,NA,9,38480109,0.9862328682553402
NA,UBR5,NM_015902.6,TRUE,0.073,NA,0,32144319,0.9224262171815276
chr8,UBR5,ENST00000520539,TRUE,0.073,0,1,54735840,0.9741755170486304
chr8,UBR5,ENST00000520539,TRUE,0.073,0,9,38480109,0.9862328682553402
chr8,UBR5,ENST00000520539,TRUE,0.073,0,0,32144319,0.9224262171815276
NA,UBTF,NM_014233.4,TRUE,0.133,NA,0,30513787,0.8414687637069992
chr17,UBTF,ENST00000436088,TRUE,0.133,0,0,30513787,0.8414687637069992
NA,UBXN7,NM_015562.2,TRUE,0.276,NA,15,35615477,0.8918887668381801
chr3,UBXN7,ENST00000296328,TRUE,0.276,0,15,35615477,0.8918887668381801
NA,UCHL1,NM_004181.5,TRUE,0.344,NA,0,30000026,0.8066921486308666
chr4,UCHL1,ENST00000284440,TRUE,0.344,0,0,30000026,0.8066921486308666
NA,UGCG,NM_003358.3,TRUE,0.36,NA,1,53530152,0.9650642817216322
NA,UGCG,NM_003358.3,TRUE,0.36,NA,15,35157737,0.8561022142568075
NA,UGCG,NM_003358.3,TRUE,0.36,NA,0,32762283,0.940911084654427
chr9,UGCG,ENST00000374279,TRUE,0.36,0,1,53530152,0.9650642817216322
chr9,UGCG,ENST00000374279,TRUE,0.36,0,15,35157737,0.8561022142568075
chr9,UGCG,ENST00000374279,TRUE,0.36,0,0,32762283,0.940911084654427
NA,UGT8,NM_001128174.3,TRUE,0.44,NA,0,30618641,0.8488627106961589
chr4,UGT8,ENST00000310836,TRUE,0.44,1,0,30618641,0.8488627106961589
NA,UHRF1,NM_001048201.3,TRUE,0.171,NA,9,33692144,0.8796147672552167
NA,UHRF1,NM_001048201.3,TRUE,0.171,NA,11,52094495,0.9549884513548532
NA,UHRF1,NM_001048201.3,TRUE,0.171,NA,0,30118364,0.8147753618647785
chr19,UHRF1,ENST00000650932,TRUE,0.171,0,9,33692144,0.8796147672552167
chr19,UHRF1,ENST00000650932,TRUE,0.171,0,11,52094495,0.9549884513548532
chr19,UHRF1,ENST00000650932,TRUE,0.171,0,0,30118364,0.8147753618647785
NA,UHRF1BP1L,NM_015054.2,TRUE,0.578,NA,15,34731910,0.8167890385616002
chr12,UHRF1BP1L,ENST00000279907,TRUE,0.578,1,15,34731910,0.8167890385616002
NA,UHRF2,NM_152896.3,TRUE,0.321,NA,15,39828212,0.9944499046077354
chr9,UHRF2,ENST00000276893,TRUE,0.321,0,15,39828212,0.9944499046077354
NA,UIMC1,NM_001199298.2,TRUE,0.566,NA,0,34054777,0.9805752240115296
chr5,UIMC1,ENST00000511320,TRUE,0.566,1,0,34054777,0.9805752240115296
NA,UNC5D,NM_080872.4,TRUE,0.473,NA,0,32831351,0.9501221881070242
chr8,UNC5D,ENST00000404895,TRUE,0.473,1,0,32831351,0.9501221881070242
NA,UNK,NM_001080419.3,TRUE,0.48,NA,9,35605632,0.9394369675268552
chr17,UNK,ENST00000589666,TRUE,0.48,1,9,35605632,0.9394369675268552
NA,UPF1,NM_002911.4,TRUE,0.125,NA,1,55939272,0.9828395751816658
NA,UPF1,NM_002911.4,TRUE,0.125,NA,11,56137674,0.9830995436876796
NA,UPF1,NM_002911.4,TRUE,0.125,NA,0,30346999,0.8301898615201454
chr19,UPF1,ENST00000262803,TRUE,0.125,0,1,55939272,0.9828395751816658
chr19,UPF1,ENST00000262803,TRUE,0.125,0,11,56137674,0.9830995436876796
chr19,UPF1,ENST00000262803,TRUE,0.125,0,0,30346999,0.8301898615201454
NA,UPF2,NM_015542.4,TRUE,0.159,NA,9,34512591,0.908877639214718
chr10,UPF2,ENST00000357604,TRUE,0.159,0,9,34512591,0.908877639214718
NA,USF3,NM_001009899.4,TRUE,0.258,NA,9,33828780,0.8849858007161377
NA,USF3,NM_001009899.4,TRUE,0.258,NA,11,41069004,0.8164047095938257
chr3,USF3,ENST00000316407,TRUE,0.258,0,9,33828780,0.8849858007161377
chr3,USF3,ENST00000316407,TRUE,0.258,0,11,41069004,0.8164047095938257
NA,USP1,NM_003368.5,TRUE,0.366,NA,15,34955130,0.8384690986876336
NA,USP1,NM_003368.5,TRUE,0.366,NA,11,51768740,0.9512703509661428
chr1,USP1,ENST00000339950,TRUE,0.366,0,15,34955130,0.8384690986876336
chr1,USP1,ENST00000339950,TRUE,0.366,0,11,51768740,0.9512703509661428
NA,USP10,NM_005153.3,TRUE,0.404,NA,9,32188820,0.8020125941474257
chr16,USP10,ENST00000219473,TRUE,0.404,1,9,32188820,0.8020125941474257
NA,USP15,NM_001252078.2,TRUE,0.196,NA,9,37310485,0.972404000493888
NA,USP15,NM_001252078.2,TRUE,0.196,NA,11,42216603,0.835671229789871
chr12,USP15,ENST00000280377,TRUE,0.196,0,9,37310485,0.972404000493888
chr12,USP15,ENST00000280377,TRUE,0.196,0,11,42216603,0.835671229789871
NA,USP19,NM_001351102.2,TRUE,0.303,NA,9,32973446,0.8446104457340412
NA,USP19,NM_001351102.2,TRUE,0.303,NA,0,31909432,0.915533554734006
chr3,USP19,ENST00000417901,TRUE,0.297,0,9,32973446,0.8446104457340412
chr3,USP19,ENST00000417901,TRUE,0.297,0,0,31909432,0.915533554734006
NA,USP22,NM_015276.2,TRUE,0.494,NA,0,32685955,0.9392192493263988
chr17,USP22,ENST00000261497,TRUE,0.494,1,0,32685955,0.9392192493263988
NA,USP24,NM_015306.3,TRUE,0.361,NA,11,51054273,0.9450171821305842
chr1,USP24,ENST00000294383,TRUE,0.361,0,11,51054273,0.9450171821305842
NA,USP3,NM_006537.4,TRUE,0.456,NA,0,30467262,0.8384610564571715
chr15,USP3,ENST00000380324,TRUE,0.456,1,0,30467262,0.8384610564571715
NA,USP32,NM_032582.4,TRUE,0.374,NA,9,37304890,0.9722805284603038
chr17,USP32,ENST00000300896,TRUE,0.374,0,9,37304890,0.9722805284603038
NA,USP34,NM_014709.4,TRUE,0.152,NA,9,35472529,0.9363501666872454
chr2,USP34,ENST00000398571,TRUE,0.152,0,9,35472529,0.9363501666872454
chr7,USP42,ENST00000306177,TRUE,0.357,0,11,41631231,0.8262069742549716
chr7,USP42,ENST00000306177,TRUE,0.357,0,0,30495583,0.8405915157591328
NA,USP46,NM_022832.4,TRUE,0.482,NA,15,36301061,0.9286581488119328
chr4,USP46,ENST00000441222,TRUE,0.482,1,15,36301061,0.9286581488119328
NA,USP47,NM_001282659.2,TRUE,0.318,NA,0,30911351,0.865217118867097
chr11,USP47,ENST00000527733,TRUE,0.318,0,0,30911351,0.865217118867097
NA,USP48,NM_032236.8,TRUE,0.373,NA,11,43072124,0.8491915948397274
chr1,USP48,ENST00000308271,TRUE,0.373,0,11,43072124,0.8491915948397274
NA,USP7,NM_003470.3,TRUE,0.085,NA,1,60514925,0.9969256567915036
NA,USP7,NM_003470.3,TRUE,0.085,NA,9,32414448,0.8162736140264231
NA,USP7,NM_003470.3,TRUE,0.085,NA,11,58915004,0.9949298631063038
chr16,USP7,ENST00000344836,TRUE,0.085,0,1,60514925,0.9969256567915036
chr16,USP7,ENST00000344836,TRUE,0.085,0,9,32414448,0.8162736140264231
chr16,USP7,ENST00000344836,TRUE,0.085,0,11,58915004,0.9949298631063038
NA,USP8,NM_005154.5,TRUE,0.28,NA,11,47549525,0.9091318798940904
chr15,USP8,ENST00000307179,TRUE,0.28,0,11,47549525,0.9091318798940904
NA,UTP15,NM_032175.4,TRUE,0.194,NA,15,35906464,0.910504711799734
chr5,UTP15,ENST00000296792,TRUE,0.194,0,15,35906464,0.910504711799734
NA,UTP20,NM_014503.3,TRUE,0.545,NA,1,44141420,0.8446059250978201
NA,UTP20,NM_014503.3,TRUE,0.545,NA,9,33946845,0.8893690579083837
chr12,UTP20,ENST00000261637,TRUE,0.545,1,1,44141420,0.8446059250978201
chr12,UTP20,ENST00000261637,TRUE,0.545,1,9,33946845,0.8893690579083837
NA,VANGL1,NM_138959.3,TRUE,0.531,NA,15,35176997,0.8574897381048737
chr1,VANGL1,ENST00000355485,TRUE,0.531,1,15,35176997,0.8574897381048737
NA,VAPA,NM_194434.3,TRUE,0.403,NA,1,53180007,0.9618222470653996
NA,VAPA,NM_194434.3,TRUE,0.403,NA,15,36050573,0.9184251604324448
NA,VAPA,NM_194434.3,TRUE,0.403,NA,9,32278073,0.8079392517594765
chr18,VAPA,ENST00000400000,TRUE,0.403,1,1,53180007,0.9618222470653996
chr18,VAPA,ENST00000400000,TRUE,0.403,1,15,36050573,0.9184251604324448
chr18,VAPA,ENST00000400000,TRUE,0.403,1,9,32278073,0.8079392517594765
NA,VAV1,NM_005428.4,TRUE,0.353,NA,11,40211558,0.8015323080389837
chr19,VAV1,ENST00000602142,TRUE,0.353,0,11,40211558,0.8015323080389837
NA,VCL,NM_014000.3,TRUE,0.461,NA,1,43971956,0.8417551704863052
NA,VCL,NM_014000.3,TRUE,0.461,NA,15,34780823,0.8215875585361624
chr10,VCL,ENST00000211998,TRUE,0.461,1,1,43971956,0.8417551704863052
chr10,VCL,ENST00000211998,TRUE,0.461,1,15,34780823,0.8215875585361624
NA,VCP,NM_007126.5,TRUE,0.134,NA,1,49770332,0.929066517607602
NA,VCP,NM_007126.5,TRUE,0.134,NA,15,37730700,0.9737526738740824
NA,VCP,NM_007126.5,TRUE,0.134,NA,11,50683728,0.9422567742662386
NA,VCP,NM_007126.5,TRUE,0.134,NA,0,31866563,0.911836581239426
chr9,VCP,ENST00000358901,TRUE,0.134,0,1,49770332,0.929066517607602
chr9,VCP,ENST00000358901,TRUE,0.134,0,15,37730700,0.9737526738740824
chr9,VCP,ENST00000358901,TRUE,0.134,0,11,50683728,0.9422567742662386
chr9,VCP,ENST00000358901,TRUE,0.134,0,0,31866563,0.911836581239426
NA,VCPIP1,NM_025054.5,TRUE,0.158,NA,9,33138109,0.8525743919002347
chr8,VCPIP1,ENST00000310421,TRUE,0.158,0,9,33138109,0.8525743919002347
NA,VDAC1,NM_003374.3,TRUE,0.537,NA,9,35474429,0.9364119027040376
NA,VDAC1,NM_003374.3,TRUE,0.537,NA,0,32603263,0.93646218434739
chr5,VDAC1,ENST00000265333,TRUE,0.537,1,9,35474429,0.9364119027040376
chr5,VDAC1,ENST00000265333,TRUE,0.537,1,0,32603263,0.93646218434739
NA,VDAC2,NM_001184783.3,TRUE,0.385,NA,1,47890542,0.9049189491335942
NA,VDAC2,NM_001184783.3,TRUE,0.385,NA,15,35812821,0.9050702433948083
NA,VDAC2,NM_001184783.3,TRUE,0.385,NA,9,35894222,0.9501172984319052
chr10,VDAC2,ENST00000332211,TRUE,0.274,0,1,47890542,0.9049189491335942
chr10,VDAC2,ENST00000332211,TRUE,0.274,0,15,35812821,0.9050702433948083
chr10,VDAC2,ENST00000332211,TRUE,0.274,0,9,35894222,0.9501172984319052
NA,VDAC3,NM_005662.7,TRUE,0.422,NA,1,61396145,0.9980994969256568
chr8,VDAC3,ENST00000022615,TRUE,0.422,1,1,61396145,0.9980994969256568
NA,VEGFA,NM_001317010.1,TRUE,0.353,NA,1,50970451,0.94242593627725
NA,VEGFA,NM_001317010.1,TRUE,0.353,NA,11,48333318,0.917638442904625
NA,VIRMA,NM_015496.5,TRUE,0.439,NA,15,36042147,0.9181939064577672
NA,VIRMA,NM_015496.5,TRUE,0.439,NA,0,31878279,0.9138417194059778
chr8,VIRMA,ENST00000297591,TRUE,0.439,1,15,36042147,0.9181939064577672
chr8,VIRMA,ENST00000297591,TRUE,0.439,1,0,31878279,0.9138417194059778
NA,VKORC1L1,NM_173517.6,TRUE,0.565,NA,1,50848361,0.9415315818893236
chr7,VKORC1L1,ENST00000360768,TRUE,0.565,1,1,50848361,0.9415315818893236
NA,VMP1,NM_030938.5,TRUE,0.192,NA,15,36943179,0.9538070185581314
NA,VMP1,NM_030938.5,TRUE,0.192,NA,11,52320985,0.9566784969860852
NA,VMP1,NM_030938.5,TRUE,0.192,NA,0,31880220,0.9140923616767967
chr17,VMP1,ENST00000262291,TRUE,0.192,0,15,36943179,0.9538070185581314
chr17,VMP1,ENST00000262291,TRUE,0.192,0,11,52320985,0.9566784969860852
chr17,VMP1,ENST00000262291,TRUE,0.192,0,0,31880220,0.9140923616767967
NA,VPS11,NM_021729.6,TRUE,0.597,NA,15,35310931,0.8678383534717002
NA,VPS11,NM_021729.6,TRUE,0.597,NA,0,35250920,0.9924807318754308
chr11,VPS11,ENST00000621676,TRUE,0.597,2,15,35310931,0.8678383534717002
chr11,VPS11,ENST00000621676,TRUE,0.597,2,0,35250920,0.9924807318754308
NA,VPS18,NM_020857.3,TRUE,0.434,NA,0,31333156,0.8873362992668714
chr15,VPS18,ENST00000220509,TRUE,0.434,1,0,31333156,0.8873362992668714
NA,VPS29,NM_016226.5,TRUE,0.355,NA,1,58279401,0.991950810508664
NA,VPS29,NM_016226.5,TRUE,0.355,NA,15,35798708,0.9037405330404116
NA,VPS29,NM_016226.5,TRUE,0.355,NA,9,34430425,0.906099518459069
NA,VPS29,NM_016226.5,TRUE,0.355,NA,0,30308131,0.8275581176765462
chr12,VPS29,ENST00000549578,TRUE,0.355,0,1,58279401,0.991950810508664
chr12,VPS29,ENST00000549578,TRUE,0.355,0,15,35798708,0.9037405330404116
chr12,VPS29,ENST00000549578,TRUE,0.355,0,9,34430425,0.906099518459069
chr12,VPS29,ENST00000549578,TRUE,0.355,0,0,30308131,0.8275581176765462
NA,VPS33A,NM_022916.6,TRUE,0.583,NA,1,53357380,0.963443264393516
NA,VPS33A,NM_022916.6,TRUE,0.583,NA,9,33686177,0.879367823188048
NA,VPS33A,NM_022916.6,TRUE,0.583,NA,11,55932504,0.982029181454566
chr12,VPS33A,ENST00000267199,TRUE,0.583,1,1,53357380,0.963443264393516
chr12,VPS33A,ENST00000267199,TRUE,0.583,1,9,33686177,0.879367823188048
chr12,VPS33A,ENST00000267199,TRUE,0.583,1,11,55932504,0.982029181454566
NA,VPS35,NM_018206.6,TRUE,0.32,NA,1,45528556,0.8674119619899385
NA,VPS35,NM_018206.6,TRUE,0.32,NA,9,33935592,0.8889369057908384
chr16,VPS35,ENST00000299138,TRUE,0.32,0,1,45528556,0.8674119619899385
chr16,VPS35,ENST00000299138,TRUE,0.32,0,9,33935592,0.8889369057908384
NA,VPS4A,NM_013245.3,TRUE,0.585,NA,15,38296164,0.9844481702029254
NA,VPS4A,NM_013245.3,TRUE,0.585,NA,0,32386093,0.9294442007644588
chr16,VPS4A,ENST00000254950,TRUE,0.585,2,15,38296164,0.9844481702029254
chr16,VPS4A,ENST00000254950,TRUE,0.585,2,0,32386093,0.9294442007644588
NA,VPS4B,NM_004869.4,TRUE,0.548,NA,11,42909870,0.8471072052278745
chr18,VPS4B,ENST00000238497,TRUE,0.548,1,11,42909870,0.8471072052278745
NA,VPS54,NM_016516.3,TRUE,0.465,NA,9,34234445,0.8998641807630572
NA,VPS54,NM_016516.3,TRUE,0.465,NA,11,45498602,0.8824854937749986
chr2,VPS54,ENST00000272322,TRUE,0.465,1,9,34234445,0.8998641807630572
chr2,VPS54,ENST00000272322,TRUE,0.465,1,11,45498602,0.8824854937749986
NA,VRTN,NM_018228.3,TRUE,0.536,NA,0,32831351,0.9501221881070242
chr14,VRTN,ENST00000256362,TRUE,0.536,1,0,32831351,0.9501221881070242
NA,WAC,NM_016628.5,TRUE,0.248,NA,1,55333118,0.9784795975405254
NA,WAC,NM_016628.5,TRUE,0.248,NA,11,55430381,0.979381443298969
chr10,WAC,ENST00000354911,TRUE,0.248,0,1,55333118,0.9784795975405254
chr10,WAC,ENST00000354911,TRUE,0.248,0,11,55430381,0.979381443298969
NA,WAPL,NM_015045.5,TRUE,0.083,NA,1,53776581,0.966741196198994
NA,WAPL,NM_015045.5,TRUE,0.083,NA,15,38285181,0.9842169162282476
NA,WAPL,NM_015045.5,TRUE,0.083,NA,0,30752336,0.8565072999561376
chr10,WAPL,ENST00000298767,TRUE,0.083,0,1,53776581,0.966741196198994
chr10,WAPL,ENST00000298767,TRUE,0.083,0,15,38285181,0.9842169162282476
chr10,WAPL,ENST00000298767,TRUE,0.083,0,0,30752336,0.8565072999561376
NA,WASF1,NM_003931.3,TRUE,0.301,NA,15,37409372,0.9651384633173382
NA,WASF1,NM_003931.3,TRUE,0.301,NA,9,39854504,0.9967279911100136
NA,WASF1,NM_003931.3,TRUE,0.301,NA,0,30503107,0.8408421580299518
chr6,WASF1,ENST00000392589,TRUE,0.301,0,15,37409372,0.9651384633173382
chr6,WASF1,ENST00000392589,TRUE,0.301,0,9,39854504,0.9967279911100136
chr6,WASF1,ENST00000392589,TRUE,0.301,0,0,30503107,0.8408421580299518
NA,WASF2,NM_006990.5,TRUE,0.464,NA,9,34896818,0.9211013705395728
NA,WASF2,NM_006990.5,TRUE,0.464,NA,11,47963850,0.913976677370289
chr1,WASF2,ENST00000618852,TRUE,0.464,1,9,34896818,0.9211013705395728
chr1,WASF2,ENST00000618852,TRUE,0.464,1,11,47963850,0.913976677370289
NA,WASL,NM_003941.4,TRUE,0.557,NA,11,43732241,0.8591065292096219
NA,WASL,NM_003941.4,TRUE,0.557,NA,0,29962518,0.8044363681934958
chr7,WASL,ENST00000223023,TRUE,0.557,1,11,43732241,0.8591065292096219
chr7,WASL,ENST00000223023,TRUE,0.557,1,0,29962518,0.8044363681934958
NA,WDFY3,NM_014991.6,TRUE,0.2,NA,1,41976719,0.8037451089994411
NA,WDFY3,NM_014991.6,TRUE,0.2,NA,9,37969638,0.9825904432646004
chr4,WDFY3,ENST00000295888,TRUE,0.2,0,1,41976719,0.8037451089994411
chr4,WDFY3,ENST00000295888,TRUE,0.2,0,9,37969638,0.9825904432646004
NA,WDR20,NM_144574.4,TRUE,0.198,NA,0,32393360,0.9297575036029826
chr14,WDR20,ENST00000342702,TRUE,0.198,0,0,32393360,0.9297575036029826
NA,WDR26,NM_001379403.1,TRUE,0.144,NA,9,33244690,0.857698481293987
chr1,WDR26,ENST00000414423,TRUE,0.144,0,9,33244690,0.857698481293987
NA,WDR33,NM_018383.5,TRUE,0.366,NA,15,34650122,0.8091576573972366
chr2,WDR33,ENST00000322313,TRUE,0.366,0,15,34650122,0.8091576573972366
NA,WDR43,NM_015131.3,TRUE,0.24,NA,15,35688463,0.8969763542810892
chr2,WDR43,ENST00000407426,TRUE,0.24,0,15,35688463,0.8969763542810892
NA,WDR48,NM_020839.4,TRUE,0.335,NA,9,35323792,0.9335720459315964
chr3,WDR48,ENST00000302313,TRUE,0.335,0,9,35323792,0.9335720459315964
NA,WDR5,NM_017588.3,TRUE,0.053,NA,9,35503008,0.9373379429559204
chr9,WDR5,ENST00000358625,TRUE,0.053,0,9,35503008,0.9373379429559204
NA,WDR75,NM_032168.3,TRUE,0.556,NA,0,31237429,0.8825740961213109
chr2,WDR75,ENST00000314761,TRUE,0.556,1,0,31237429,0.8825740961213109
NA,WDR82,NM_025222.4,TRUE,0.439,NA,11,58694127,0.9938595008731902
chr3,WDR82,ENST00000296490,TRUE,0.439,1,11,58694127,0.9938595008731902
NA,WIZ,NM_001371589.1,TRUE,0.29,NA,9,35584099,0.9389430793925176
NA,WIZ,NM_001371589.1,TRUE,0.29,NA,11,50554071,0.941073742324376
NA,WIZ,NM_001371589.1,TRUE,0.29,NA,0,30462058,0.8379597719155335
chr19,WIZ,ENST00000673675,TRUE,0.29,0,9,35584099,0.9389430793925176
chr19,WIZ,ENST00000673675,TRUE,0.29,0,11,50554071,0.941073742324376
chr19,WIZ,ENST00000673675,TRUE,0.29,0,0,30462058,0.8379597719155335
NA,WLS,NM_024911.7,TRUE,0.475,NA,1,58835424,0.9936836221352712
NA,WLS,NM_024911.7,TRUE,0.475,NA,15,35034270,0.8452910909406255
NA,WLS,NM_024911.7,TRUE,0.475,NA,9,34918939,0.9217804667242868
NA,WLS,NM_024911.7,TRUE,0.475,NA,11,46955917,0.901075995718551
chr1,WLS,ENST00000262348,TRUE,0.475,1,1,58835424,0.9936836221352712
chr1,WLS,ENST00000262348,TRUE,0.475,1,15,35034270,0.8452910909406255
chr1,WLS,ENST00000262348,TRUE,0.475,1,9,34918939,0.9217804667242868
chr1,WLS,ENST00000262348,TRUE,0.475,1,11,46955917,0.901075995718551
NA,WNK1,NM_018979.4,TRUE,0.227,NA,9,35702599,0.9454870971724904
NA,WNK1,NM_018979.4,TRUE,0.227,NA,11,52385471,0.9572418455298292
chr12,WNK1,ENST00000315939,TRUE,0.227,0,9,35702599,0.9454870971724904
chr12,WNK1,ENST00000315939,TRUE,0.227,0,11,52385471,0.9572418455298292
NA,WNT5A,NM_003392.7,TRUE,0.437,NA,11,44551411,0.8691904681426399
chr3,WNT5A,ENST00000264634,TRUE,0.437,1,11,44551411,0.8691904681426399
NA,WNT9A,NM_003395.4,TRUE,0.544,NA,1,53508897,0.9649524874231414
chr1,WNT9A,ENST00000272164,TRUE,0.544,1,1,53508897,0.9649524874231414
NA,WSB2,NM_018639.5,TRUE,0.363,NA,15,35190487,0.8585303809909233
NA,WSB2,NM_018639.5,TRUE,0.363,NA,9,38698929,0.9875910606247684
NA,WSB2,NM_018639.5,TRUE,0.363,NA,0,30654562,0.8509305094304155
chr12,WSB2,ENST00000315436,TRUE,0.363,0,15,35190487,0.8585303809909233
chr12,WSB2,ENST00000315436,TRUE,0.363,0,9,38698929,0.9875910606247684
chr12,WSB2,ENST00000315436,TRUE,0.363,0,0,30654562,0.8509305094304155
NA,WTAP,NM_001270531.2,TRUE,0.343,NA,11,48846353,0.9230465889245676
chr6,WTAP,ENST00000621533,TRUE,0.343,0,11,48846353,0.9230465889245676
NA,WWC1,NM_015238.3,TRUE,0.511,NA,15,34993980,0.8422269757761461
NA,WWC1,NM_015238.3,TRUE,0.511,NA,0,29926055,0.8013033398082586
chr5,WWC1,ENST00000265293,TRUE,0.511,1,15,34993980,0.8422269757761461
chr5,WWC1,ENST00000265293,TRUE,0.511,1,0,29926055,0.8013033398082586
NA,WWP1,NM_007013.4,TRUE,0.468,NA,9,32806916,0.8363378194838869
chr8,WWP1,ENST00000517970,TRUE,0.468,1,9,32806916,0.8363378194838869
NA,WWTR1,NM_015472.6,TRUE,0.541,NA,9,32481403,0.8193604148660328
NA,WWTR1,NM_015472.6,TRUE,0.541,NA,11,46073882,0.8893583460086756
NA,WWTR1,NM_015472.6,TRUE,0.541,NA,0,33227590,0.966288614574848
chr3,WWTR1,ENST00000360632,TRUE,0.541,1,9,32481403,0.8193604148660328
chr3,WWTR1,ENST00000360632,TRUE,0.541,1,11,46073882,0.8893583460086756
chr3,WWTR1,ENST00000360632,TRUE,0.541,1,0,33227590,0.966288614574848
NA,XPNPEP1,NM_020383.4,TRUE,0.545,NA,1,49764500,0.9290106204583566
NA,XPNPEP1,NM_020383.4,TRUE,0.545,NA,9,37554126,0.9752438572663292
chr10,XPNPEP1,ENST00000502935,TRUE,0.545,1,1,49764500,0.9290106204583566
chr10,XPNPEP1,ENST00000502935,TRUE,0.545,1,9,37554126,0.9752438572663292
NA,XPO1,NM_003400.4,TRUE,0.083,NA,1,51389189,0.9465064281721632
NA,XPO1,NM_003400.4,TRUE,0.083,NA,0,30500146,0.8407168368945422
chr2,XPO1,ENST00000401558,TRUE,0.083,0,1,51389189,0.9465064281721632
chr2,XPO1,ENST00000401558,TRUE,0.083,0,0,30500146,0.8407168368945422
NA,XPO5,NM_020750.3,TRUE,0.39,NA,11,51656819,0.950312658441778
NA,XPO5,NM_020750.3,TRUE,0.39,NA,0,30873681,0.8633999624036593
chr6,XPO5,ENST00000265351,TRUE,0.39,0,11,51656819,0.950312658441778
chr6,XPO5,ENST00000265351,TRUE,0.39,0,0,30873681,0.8633999624036593
NA,XPO6,NM_015171.4,TRUE,0.04,NA,1,56276011,0.9842370039128004
NA,XPO6,NM_015171.4,TRUE,0.04,NA,9,34095268,0.8949252994196815
NA,XPO6,NM_015171.4,TRUE,0.04,NA,11,40702218,0.8094191876514
chr16,XPO6,ENST00000304658,TRUE,0.04,0,1,56276011,0.9842370039128004
chr16,XPO6,ENST00000304658,TRUE,0.04,0,9,34095268,0.8949252994196815
chr16,XPO6,ENST00000304658,TRUE,0.04,0,11,40702218,0.8094191876514
NA,XPO7,NM_015024.5,TRUE,0.187,NA,0,29958823,0.8039350836518578
chr8,XPO7,ENST00000252512,TRUE,0.187,0,0,29958823,0.8039350836518578
NA,XPR1,NM_004736.4,TRUE,0.43,NA,1,46869107,0.8883174958077138
NA,XPR1,NM_004736.4,TRUE,0.43,NA,15,35749320,0.9005607908885934
NA,XPR1,NM_004736.4,TRUE,0.43,NA,9,32972089,0.8444869737004569
chr1,XPR1,ENST00000367590,TRUE,0.43,1,1,46869107,0.8883174958077138
chr1,XPR1,ENST00000367590,TRUE,0.43,1,15,35749320,0.9005607908885934
chr1,XPR1,ENST00000367590,TRUE,0.43,1,9,32972089,0.8444869737004569
NA,XRCC5,NM_021141.4,TRUE,0.193,NA,15,35138855,0.8543678094467249
NA,XRCC5,NM_021141.4,TRUE,0.193,NA,0,30279446,0.825615640077699
chr2,XRCC5,ENST00000392132,TRUE,0.193,0,15,35138855,0.8543678094467249
chr2,XRCC5,ENST00000392132,TRUE,0.193,0,0,30279446,0.825615640077699
NA,XRCC6,NM_001469.5,TRUE,0.172,NA,1,56898620,0.9866964784795976
NA,XRCC6,NM_001469.5,TRUE,0.172,NA,9,32806602,0.8362143474503025
NA,XRCC6,NM_001469.5,TRUE,0.172,NA,11,53932427,0.9691848346572024
NA,XRCC6,NM_001469.5,TRUE,0.172,NA,0,35321142,0.992919355849364
chr22,XRCC6,ENST00000360079,TRUE,0.172,0,1,56898620,0.9866964784795976
chr22,XRCC6,ENST00000360079,TRUE,0.172,0,9,32806602,0.8362143474503025
chr22,XRCC6,ENST00000360079,TRUE,0.172,0,11,53932427,0.9691848346572024
chr22,XRCC6,ENST00000360079,TRUE,0.172,0,0,35321142,0.992919355849364
NA,XRN2,NM_012255.5,TRUE,0.413,NA,0,30386467,0.8326336236606303
chr20,XRN2,ENST00000377191,TRUE,0.413,1,0,30386467,0.8326336236606303
NA,YAP1,NM_001130145.3,TRUE,0.212,NA,1,51197187,0.9444382336500838
NA,YAP1,NM_001130145.3,TRUE,0.212,NA,9,32808814,0.8363995555006791
NA,YAP1,NM_001130145.3,TRUE,0.212,NA,11,59404501,0.996338234465664
NA,YAP1,NM_001130145.3,TRUE,0.212,NA,0,34550537,0.985838711698728
chr11,YAP1,ENST00000282441,TRUE,0.212,0,1,51197187,0.9444382336500838
chr11,YAP1,ENST00000282441,TRUE,0.212,0,9,32808814,0.8363995555006791
chr11,YAP1,ENST00000282441,TRUE,0.212,0,11,59404501,0.996338234465664
chr11,YAP1,ENST00000282441,TRUE,0.212,0,0,34550537,0.985838711698728
NA,YBX1,NM_004559.5,TRUE,0.199,NA,1,61953709,0.9987702627166014
NA,YBX1,NM_004559.5,TRUE,0.199,NA,15,36209280,0.9253049661791062
NA,YBX1,NM_004559.5,TRUE,0.199,NA,11,58660003,0.9936341614556926
chr1,YBX1,ENST00000321358,TRUE,0.199,0,1,61953709,0.9987702627166014
chr1,YBX1,ENST00000321358,TRUE,0.199,0,15,36209280,0.9253049661791062
chr1,YBX1,ENST00000321358,TRUE,0.199,0,11,58660003,0.9936341614556926
NA,YBX2,NM_015982.4,TRUE,0.266,NA,9,32215380,0.8042350907519447
chr17,YBX2,ENST00000007699,TRUE,0.266,0,9,32215380,0.8042350907519447
NA,YEATS2,NM_018023.5,TRUE,0.552,NA,15,36698987,0.9464068913684454
chr3,YEATS2,ENST00000305135,TRUE,0.552,1,15,36698987,0.9464068913684454
NA,YLPM1,NM_019589.3,TRUE,0.555,NA,1,43217615,0.8272219116825041
chr14,YLPM1,ENST00000325680,TRUE,0.555,1,1,43217615,0.8272219116825041
NA,YPEL2,NM_001005404.4,TRUE,0.372,NA,9,33997755,0.8909741943449808
chr17,YPEL2,ENST00000312655,TRUE,0.372,0,9,33997755,0.8909741943449808
NA,YPEL3,NM_031477.5,TRUE,0.565,NA,9,33210814,0.8564020249413508
NA,YPEL3,NM_031477.5,TRUE,0.565,NA,11,41360965,0.821080502506901
chr16,YPEL3,ENST00000398841,TRUE,0.565,1,9,33210814,0.8564020249413508
chr16,YPEL3,ENST00000398841,TRUE,0.565,1,11,41360965,0.821080502506901
NA,YPEL5,NM_016061.3,TRUE,0.431,NA,15,34824515,0.8256345030930219
chr2,YPEL5,ENST00000261353,TRUE,0.431,1,15,34824515,0.8256345030930219
NA,YTHDC1,NM_001031732.4,TRUE,0.184,NA,1,50016749,0.93236444941308
NA,YTHDC1,NM_001031732.4,TRUE,0.184,NA,11,48291465,0.9173004337783788
chr4,YTHDC1,ENST00000344157,TRUE,0.184,0,1,50016749,0.93236444941308
chr4,YTHDC1,ENST00000344157,TRUE,0.184,0,11,48291465,0.9173004337783788
NA,YTHDF1,NM_017798.4,TRUE,0.515,NA,1,61411263,0.9982112912241476
NA,YTHDF1,NM_017798.4,TRUE,0.515,NA,11,57604993,0.9898597262126078
NA,YTHDF1,NM_017798.4,TRUE,0.515,NA,0,31046930,0.8730496898301898
chr20,YTHDF1,ENST00000370339,TRUE,0.515,1,1,61411263,0.9982112912241476
chr20,YTHDF1,ENST00000370339,TRUE,0.515,1,11,57604993,0.9898597262126078
chr20,YTHDF1,ENST00000370339,TRUE,0.515,1,0,31046930,0.8730496898301898
NA,YTHDF2,NM_016258.3,TRUE,0.132,NA,15,36002381,0.916112620685668
NA,YTHDF2,NM_016258.3,TRUE,0.132,NA,0,31536946,0.8952941913653738
chr1,YTHDF2,ENST00000373812,TRUE,0.132,0,15,36002381,0.916112620685668
chr1,YTHDF2,ENST00000373812,TRUE,0.132,0,0,31536946,0.8952941913653738
NA,YTHDF3,NM_152758.6,TRUE,0.272,NA,15,36055921,0.918714227900792
chr8,YTHDF3,ENST00000539294,TRUE,0.272,0,15,36055921,0.918714227900792
NA,YWHAB,NM_139323.4,TRUE,0.246,NA,15,36455309,0.937734867318032
NA,YWHAB,NM_139323.4,TRUE,0.246,NA,11,56437847,0.9847332544645372
NA,YWHAB,NM_139323.4,TRUE,0.246,NA,0,31313883,0.8862710696158907
chr20,YWHAB,ENST00000353703,TRUE,0.246,0,15,36455309,0.937734867318032
chr20,YWHAB,ENST00000353703,TRUE,0.246,0,11,56437847,0.9847332544645372
chr20,YWHAB,ENST00000353703,TRUE,0.246,0,0,31313883,0.8862710696158907
NA,YWHAE,NM_006761.5,TRUE,0.175,NA,1,48519505,0.913527110117384
NA,YWHAE,NM_006761.5,TRUE,0.175,NA,15,38519502,0.9865294559750246
NA,YWHAE,NM_006761.5,TRUE,0.175,NA,0,32519160,0.9336424588006768
chr17,YWHAE,ENST00000264335,TRUE,0.175,0,1,48519505,0.913527110117384
chr17,YWHAE,ENST00000264335,TRUE,0.175,0,15,38519502,0.9865294559750246
chr17,YWHAE,ENST00000264335,TRUE,0.175,0,0,32519160,0.9336424588006768
NA,YWHAG,NM_012479.4,TRUE,0.204,NA,1,42954193,0.8223588596981554
NA,YWHAG,NM_012479.4,TRUE,0.204,NA,11,58345305,0.9923384598050814
NA,YWHAG,NM_012479.4,TRUE,0.204,NA,0,31014626,0.8713578545021617
chr7,YWHAG,ENST00000307630,TRUE,0.204,0,1,42954193,0.8223588596981554
chr7,YWHAG,ENST00000307630,TRUE,0.204,0,11,58345305,0.9923384598050814
chr7,YWHAG,ENST00000307630,TRUE,0.204,0,0,31014626,0.8713578545021617
NA,YWHAH,NM_003405.4,TRUE,0.599,NA,1,48321752,0.9108999441028508
NA,YWHAH,NM_003405.4,TRUE,0.599,NA,15,37820401,0.9753136382031566
NA,YWHAH,NM_003405.4,TRUE,0.599,NA,11,53207426,0.963495014365388
chr22,YWHAH,ENST00000248975,TRUE,0.599,2,1,48321752,0.9108999441028508
chr22,YWHAH,ENST00000248975,TRUE,0.599,2,15,37820401,0.9753136382031566
chr22,YWHAH,ENST00000248975,TRUE,0.599,2,11,53207426,0.963495014365388
NA,YWHAQ,NM_006826.4,TRUE,0.455,NA,1,58295231,0.9920626048071548
NA,YWHAQ,NM_006826.4,TRUE,0.455,NA,9,33339148,0.862760834670947
NA,YWHAQ,NM_006826.4,TRUE,0.455,NA,11,46157240,0.8904287082417892
NA,YWHAQ,NM_006826.4,TRUE,0.455,NA,0,30605630,0.8480481233159972
chr2,YWHAQ,ENST00000238081,TRUE,0.455,1,1,58295231,0.9920626048071548
chr2,YWHAQ,ENST00000238081,TRUE,0.455,1,9,33339148,0.862760834670947
chr2,YWHAQ,ENST00000238081,TRUE,0.455,1,11,46157240,0.8904287082417892
chr2,YWHAQ,ENST00000238081,TRUE,0.455,1,0,30605630,0.8480481233159972
NA,YWHAZ,NM_145690.3,TRUE,0.097,NA,15,36945850,0.9540382725328092
NA,YWHAZ,NM_145690.3,TRUE,0.097,NA,11,49213489,0.9269336938764012
NA,YWHAZ,NM_145690.3,TRUE,0.097,NA,0,31006513,0.8707312488251143
chr8,YWHAZ,ENST00000395958,TRUE,0.097,0,15,36945850,0.9540382725328092
chr8,YWHAZ,ENST00000395958,TRUE,0.097,0,11,49213489,0.9269336938764012
chr8,YWHAZ,ENST00000395958,TRUE,0.097,0,0,31006513,0.8707312488251143
NA,YY1,NM_003403.5,TRUE,0.2,NA,1,56026100,0.983174958077138
NA,YY1,NM_003403.5,TRUE,0.2,NA,15,35578344,0.8875527548129734
NA,YY1,NM_003403.5,TRUE,0.2,NA,11,58645075,0.9934651568925694
chr14,YY1,ENST00000262238,TRUE,0.2,0,1,56026100,0.983174958077138
chr14,YY1,ENST00000262238,TRUE,0.2,0,15,35578344,0.8875527548129734
chr14,YY1,ENST00000262238,TRUE,0.2,0,11,58645075,0.9934651568925694
NA,ZBTB1,NM_001123329.2,TRUE,0.381,NA,1,48331509,0.9111794298490776
NA,ZBTB1,NM_001123329.2,TRUE,0.381,NA,11,44771426,0.8725142245507296
chr14,ZBTB1,ENST00000683701,TRUE,0.381,0,1,48331509,0.9111794298490776
chr14,ZBTB1,ENST00000683701,TRUE,0.381,0,11,44771426,0.8725142245507296
NA,ZBTB16,NM_006006.6,TRUE,0.245,NA,0,31654417,0.9019988721097814
chr11,ZBTB16,ENST00000335953,TRUE,0.245,0,0,31654417,0.9019988721097814
NA,ZBTB21,NM_001098402.2,TRUE,0.476,NA,9,35108017,0.9275836523027534
chr21,ZBTB21,ENST00000310826,TRUE,0.476,1,9,35108017,0.9275836523027534
NA,ZBTB34,NM_001099270.2,TRUE,0.139,NA,15,34712226,0.8145343123084928
NA,ZBTB34,NM_001099270.2,TRUE,0.139,NA,0,30730261,0.8552540886020428
chr9,ZBTB34,ENST00000319119,TRUE,0.137,0,15,34712226,0.8145343123084928
chr9,ZBTB34,ENST00000319119,TRUE,0.137,0,0,30730261,0.8552540886020428
NA,ZBTB38,NM_001376113.1,TRUE,0.389,NA,0,33169206,0.9649100820853436
chr3,ZBTB38,ENST00000321464,TRUE,0.389,0,0,33169206,0.9649100820853436
NA,ZBTB41,NM_194314.3,TRUE,0.577,NA,15,35754155,0.9007920448632712
chr1,ZBTB41,ENST00000367405,TRUE,0.577,1,15,35754155,0.9007920448632712
NA,ZBTB44,NM_001301098.2,TRUE,0.449,NA,9,34675132,0.9133843684405484
chr11,ZBTB44,ENST00000357899,TRUE,0.449,1,9,34675132,0.9133843684405484
NA,ZBTB6,NM_006626.6,TRUE,0.567,NA,0,32611918,0.936775487185914
chr9,ZBTB6,ENST00000373659,TRUE,0.567,1,0,32611918,0.936775487185914
NA,ZBTB7B,XM_006711359.2,TRUE,0.49,NA,9,37231488,0.9712927521916286
chr1,ZBTB7B,ENST00000535420,TRUE,0.49,1,9,37231488,0.9712927521916286
NA,ZC3H12A,NM_025079.3,TRUE,0.439,NA,15,35460453,0.8792854252182459
chr1,ZC3H12A,ENST00000373087,TRUE,0.439,1,15,35460453,0.8792854252182459
NA,ZC3H13,NM_001330564.2,TRUE,0.376,NA,15,34920948,0.8343065271434352
NA,ZC3H13,NM_001330564.2,TRUE,0.376,NA,9,37220976,0.9710458081244598
NA,ZC3H13,NM_001330564.2,TRUE,0.376,NA,11,41689950,0.827390006196834
chr13,ZC3H13,ENST00000679008,TRUE,0.376,0,15,34920948,0.8343065271434352
chr13,ZC3H13,ENST00000679008,TRUE,0.376,0,9,37220976,0.9710458081244598
chr13,ZC3H13,ENST00000679008,TRUE,0.376,0,11,41689950,0.827390006196834
NA,ZC3H14,NM_024824.5,TRUE,0.446,NA,1,47143442,0.8924538848518726
NA,ZC3H14,NM_024824.5,TRUE,0.446,NA,11,50074980,0.9363979494113008
chr14,ZC3H14,ENST00000251038,TRUE,0.446,1,1,47143442,0.8924538848518726
chr14,ZC3H14,ENST00000251038,TRUE,0.446,1,11,50074980,0.9363979494113008
NA,ZC3H15,NM_018471.3,TRUE,0.379,NA,11,41585199,0.8254182862937299
chr2,ZC3H15,ENST00000337859,TRUE,0.379,0,11,41585199,0.8254182862937299
NA,ZC3H18,NM_144604.4,TRUE,0.126,NA,1,45525258,0.8673560648406932
NA,ZC3H18,NM_144604.4,TRUE,0.126,NA,0,31369910,0.8894040980011279
chr16,ZC3H18,ENST00000301011,TRUE,0.126,0,1,45525258,0.8673560648406932
chr16,ZC3H18,ENST00000301011,TRUE,0.126,0,0,31369910,0.8894040980011279
NA,ZC3H7A,NM_014153.4,TRUE,0.463,NA,0,30967257,0.8684128078200388
chr16,ZC3H7A,ENST00000355758,TRUE,0.463,1,0,30967257,0.8684128078200388
NA,ZC3H7B,NM_017590.6,TRUE,0.401,NA,15,36384362,0.9350754466092386
chr22,ZC3H7B,ENST00000352645,TRUE,0.401,1,15,36384362,0.9350754466092386
NA,ZCCHC14,NM_015144.3,TRUE,0.313,NA,1,43030550,0.8234768026830631
NA,ZCCHC14,NM_015144.3,TRUE,0.313,NA,15,36954289,0.9542695265074868
NA,ZCCHC14,NM_015144.3,TRUE,0.313,NA,9,32632041,0.8270156809482652
chr16,ZCCHC14,ENST00000671377,TRUE,0.313,0,1,43030550,0.8234768026830631
chr16,ZCCHC14,ENST00000671377,TRUE,0.313,0,15,36954289,0.9542695265074868
chr16,ZCCHC14,ENST00000671377,TRUE,0.313,0,9,32632041,0.8270156809482652
NA,ZDHHC5,NM_015457.3,TRUE,0.443,NA,1,49346572,0.9236444941307992
NA,ZDHHC5,NM_015457.3,TRUE,0.443,NA,0,31575648,0.8965474027194686
chr11,ZDHHC5,ENST00000287169,TRUE,0.443,1,1,49346572,0.9236444941307992
chr11,ZDHHC5,ENST00000287169,TRUE,0.443,1,0,31575648,0.8965474027194686
NA,ZDHHC7,NM_017740.3,TRUE,0.528,NA,15,34627125,0.8069607446377984
chr16,ZDHHC7,ENST00000313732,TRUE,0.528,1,15,34627125,0.8069607446377984
NA,ZER1,NM_006336.4,TRUE,0.241,NA,15,34693581,0.8130311614730878
NA,ZER1,NM_006336.4,TRUE,0.241,NA,11,43368323,0.853360374063433
chr9,ZER1,ENST00000291900,TRUE,0.241,0,15,34693581,0.8130311614730878
chr9,ZER1,ENST00000291900,TRUE,0.241,0,11,43368323,0.853360374063433
NA,ZFAND5,NM_001102420.3,TRUE,0.414,NA,15,34757255,0.8195062727640632
NA,ZFAND5,NM_001102420.3,TRUE,0.414,NA,0,32348145,0.9283789711134784
chr9,ZFAND5,ENST00000376962,TRUE,0.414,1,15,34757255,0.8195062727640632
chr9,ZFAND5,ENST00000376962,TRUE,0.414,1,0,32348145,0.9283789711134784
NA,ZFC3H1,NM_144982.5,TRUE,0.367,NA,11,43869232,0.8604585657146077
chr12,ZFC3H1,ENST00000378743,TRUE,0.367,0,11,43869232,0.8604585657146077
NA,ZFHX3,NM_006885.4,TRUE,0.189,NA,9,35419792,0.9355475984689468
NA,ZFHX3,NM_006885.4,TRUE,0.189,NA,11,51434029,0.948340938538674
chr16,ZFHX3,ENST00000268489,TRUE,0.189,0,9,35419792,0.9355475984689468
chr16,ZFHX3,ENST00000268489,TRUE,0.189,0,11,51434029,0.948340938538674
NA,ZFP36L1,NM_004926.4,TRUE,0.536,NA,0,31171423,0.879629049439188
chr14,ZFP36L1,ENST00000439696,TRUE,0.536,1,0,31171423,0.879629049439188
NA,ZFP64,NM_018197.3,TRUE,0.436,NA,1,54357150,0.9710452766908888
NA,ZFP64,NM_018197.3,TRUE,0.436,NA,11,40982191,0.8143203199819729
chr20,ZFP64,ENST00000216923,TRUE,0.436,1,1,54357150,0.9710452766908888
chr20,ZFP64,ENST00000216923,TRUE,0.436,1,11,40982191,0.8143203199819729
NA,ZFR,NM_016107.5,TRUE,0.219,NA,15,37413833,0.965369717292016
NA,ZFR,NM_016107.5,TRUE,0.219,NA,9,32839762,0.8383751080380294
chr5,ZFR,ENST00000265069,TRUE,0.219,0,15,37413833,0.965369717292016
chr5,ZFR,ENST00000265069,TRUE,0.219,0,9,32839762,0.8383751080380294
NA,ZHX3,NM_001384317.1,TRUE,0.43,NA,0,31654417,0.9019988721097814
chr20,ZHX3,ENST00000683867,TRUE,0.43,1,0,31654417,0.9019988721097814
NA,ZIC2,NM_007129.5,TRUE,0.52,NA,0,32831351,0.9501221881070242
chr13,ZIC2,ENST00000376335,TRUE,0.52,1,0,32831351,0.9501221881070242
NA,ZKSCAN1,NM_003439.4,TRUE,0.413,NA,9,35388116,0.9346215582170638
chr7,ZKSCAN1,ENST00000324306,TRUE,0.413,1,9,35388116,0.9346215582170638
NA,ZKSCAN2,NM_001012981.5,TRUE,0.516,NA,0,32361382,0.9287549345197068
chr16,ZKSCAN2,ENST00000328086,TRUE,0.516,1,0,32361382,0.9287549345197068
NA,ZKSCAN5,NM_145102.4,TRUE,0.598,NA,0,30454060,0.8373331662384861
chr7,ZKSCAN5,ENST00000326775,TRUE,0.598,2,0,30454060,0.8373331662384861
NA,ZMAT2,NM_144723.3,TRUE,0.372,NA,11,44559339,0.8693031378513887
chr5,ZMAT2,ENST00000274712,TRUE,0.372,0,11,44559339,0.8693031378513887
NA,ZMIZ1,NM_020338.4,TRUE,0.22,NA,1,56078648,0.983454443823365
NA,ZMIZ1,NM_020338.4,TRUE,0.22,NA,11,53553724,0.9660864176666104
chr10,ZMIZ1,ENST00000334512,TRUE,0.22,0,1,56078648,0.983454443823365
chr10,ZMIZ1,ENST00000334512,TRUE,0.22,0,11,53553724,0.9660864176666104
NA,ZMYM2,NM_197968.4,TRUE,0.482,NA,9,37224298,0.9712310161748364
chr13,ZMYM2,ENST00000610343,TRUE,0.482,1,9,37224298,0.9712310161748364
NA,ZMYM4,NM_005095.3,TRUE,0.225,NA,9,37167311,0.9703667119397456
NA,ZMYM4,NM_005095.3,TRUE,0.225,NA,11,46553885,0.8953861754267365
chr1,ZMYM4,ENST00000314607,TRUE,0.225,0,9,37167311,0.9703667119397456
chr1,ZMYM4,ENST00000314607,TRUE,0.225,0,11,46553885,0.8953861754267365
NA,ZMYND11,NM_001370100.5,TRUE,0.166,NA,9,33863429,0.8864057291023583
NA,ZMYND11,NM_001370100.5,TRUE,0.166,NA,11,50865539,0.9440031547518448
chr10,ZMYND11,ENST00000381604,TRUE,0.166,0,9,33863429,0.8864057291023583
chr10,ZMYND11,ENST00000381604,TRUE,0.166,0,11,50865539,0.9440031547518448
NA,ZMYND8,NM_001281781.3,TRUE,0.308,NA,9,35804411,0.9482034819113472
chr20,ZMYND8,ENST00000471951,TRUE,0.336,0,9,35804411,0.9482034819113472
NA,ZNF106,NM_001366845.3,TRUE,0.403,NA,15,36673379,0.9454240619760652
NA,ZNF106,NM_001366845.3,TRUE,0.403,NA,9,33175159,0.8544882084207926
NA,ZNF106,NM_001366845.3,TRUE,0.403,NA,11,44968612,0.8753309672694496
NA,ZNF106,NM_001366845.3,TRUE,0.403,NA,0,30084769,0.8129582054013409
chr15,ZNF106,ENST00000564754,TRUE,0.403,1,15,36673379,0.9454240619760652
chr15,ZNF106,ENST00000564754,TRUE,0.403,1,9,33175159,0.8544882084207926
chr15,ZNF106,ENST00000564754,TRUE,0.403,1,11,44968612,0.8753309672694496
chr15,ZNF106,ENST00000564754,TRUE,0.403,1,0,30084769,0.8129582054013409
NA,ZNF148,NM_021964.3,TRUE,0.208,NA,1,42202902,0.8084404695360536
NA,ZNF148,NM_021964.3,TRUE,0.208,NA,11,53990738,0.9696355134921976
chr3,ZNF148,ENST00000360647,TRUE,0.208,0,1,42202902,0.8084404695360536
chr3,ZNF148,ENST00000360647,TRUE,0.208,0,11,53990738,0.9696355134921976
NA,ZNF207,NM_001098507.2,TRUE,0.597,NA,15,35089077,0.8502630513961958
NA,ZNF207,NM_001098507.2,TRUE,0.597,NA,11,49959499,0.9349895780519408
chr17,ZNF207,ENST00000394670,TRUE,0.597,2,15,35089077,0.8502630513961958
chr17,ZNF207,ENST00000394670,TRUE,0.597,2,11,49959499,0.9349895780519408
NA,ZNF217,NM_006526.3,TRUE,0.237,NA,9,38271512,0.9848746758859118
chr20,ZNF217,ENST00000371471,TRUE,0.237,0,9,38271512,0.9848746758859118
NA,ZNF236,NM_001306089.2,TRUE,0.327,NA,0,33323545,0.9688576978507424
chr18,ZNF236,ENST00000320610,TRUE,0.327,0,0,33323545,0.9688576978507424
NA,ZNF24,NM_006965.4,TRUE,0.44,NA,15,34636165,0.8078857605365092
NA,ZNF24,NM_006965.4,TRUE,0.44,NA,9,40054818,0.9972218792443512
chr18,ZNF24,ENST00000261332,TRUE,0.44,1,15,34636165,0.8078857605365092
chr18,ZNF24,ENST00000261332,TRUE,0.44,1,9,40054818,0.9972218792443512
NA,ZNF287,NM_020653.4,TRUE,0.527,NA,15,34946513,0.8371104815864022
chr17,ZNF287,ENST00000395825,TRUE,0.527,1,15,34946513,0.8371104815864022
NA,ZNF292,NM_015021.3,TRUE,0.161,NA,1,45747687,0.8716601453325881
NA,ZNF292,NM_015021.3,TRUE,0.161,NA,9,35402001,0.934991974317817
NA,ZNF292,NM_015021.3,TRUE,0.161,NA,11,43496490,0.8561771167821531
NA,ZNF292,NM_015021.3,TRUE,0.161,NA,0,35888818,0.9961777053700106
chr6,ZNF292,ENST00000369577,TRUE,0.161,0,1,45747687,0.8716601453325881
chr6,ZNF292,ENST00000369577,TRUE,0.161,0,9,35402001,0.934991974317817
chr6,ZNF292,ENST00000369577,TRUE,0.161,0,11,43496490,0.8561771167821531
chr6,ZNF292,ENST00000369577,TRUE,0.161,0,0,35888818,0.9961777053700106
NA,ZNF322,NM_024639.5,TRUE,0.425,NA,9,36089575,0.9540684035066056
chr6,ZNF322,ENST00000415922,TRUE,0.425,1,9,36089575,0.9540684035066056
NA,ZNF384,NM_001385745.1,TRUE,0.312,NA,15,36470815,0.9383708157483956
NA,ZNF384,NM_001385745.1,TRUE,0.312,NA,11,55937962,0.9820855163089404
chr12,ZNF384,ENST00000683879,TRUE,0.312,0,15,36470815,0.9383708157483956
chr12,ZNF384,ENST00000683879,TRUE,0.312,0,11,55937962,0.9820855163089404
NA,ZNF445,NM_181489.6,TRUE,0.3,NA,1,46413013,0.8819452207937395
NA,ZNF445,NM_181489.6,TRUE,0.3,NA,15,35269158,0.8649476787882292
chr3,ZNF445,ENST00000396077,TRUE,0.3,0,1,46413013,0.8819452207937395
chr3,ZNF445,ENST00000396077,TRUE,0.3,0,15,35269158,0.8649476787882292
NA,ZNF460,NM_006635.4,TRUE,0.548,NA,9,33772225,0.8830719841955798
chr19,ZNF460,ENST00000360338,TRUE,0.548,1,9,33772225,0.8830719841955798
NA,ZNF483,NM_133464.5,TRUE,0.515,NA,1,54409089,0.9714365567356064
chr9,ZNF483,ENST00000309235,TRUE,0.515,1,1,54409089,0.9714365567356064
NA,ZNF496,NM_032752.3,TRUE,0.3,NA,15,34893252,0.8321096143839972
NA,ZNF496,NM_032752.3,TRUE,0.3,NA,11,46174607,0.8906540476592868
chr1,ZNF496,ENST00000682384,TRUE,0.3,0,15,34893252,0.8321096143839972
chr1,ZNF496,ENST00000682384,TRUE,0.3,0,11,46174607,0.8906540476592868
NA,ZNF507,NM_001136156.2,TRUE,0.462,NA,0,29944330,0.8027445328654678
chr19,ZNF507,ENST00000355898,TRUE,0.462,1,0,29944330,0.8027445328654678
NA,ZNF516,NM_014643.4,TRUE,0.41,NA,15,35804819,0.9043764814707752
chr18,ZNF516,ENST00000443185,TRUE,0.41,1,15,35804819,0.9043764814707752
NA,ZNF518B,NM_053042.3,TRUE,0.551,NA,0,29964808,0.8046870104643148
chr4,ZNF518B,ENST00000326756,TRUE,0.551,1,0,29964808,0.8046870104643148
NA,ZNF574,NM_022752.6,TRUE,0.599,NA,11,43213444,0.8509943101797082
chr19,ZNF574,ENST00000359044,TRUE,0.599,2,11,43213444,0.8509943101797082
NA,ZNF609,XM_017022021.1,TRUE,0.166,NA,1,47633058,0.9003353828954723
NA,ZNF609,XM_017022021.1,TRUE,0.166,NA,9,36759174,0.9656130386467464
NA,ZNF609,XM_017022021.1,TRUE,0.166,NA,11,44831338,0.8730212382400991
chr15,ZNF609,ENST00000326648,TRUE,0.166,0,1,47633058,0.9003353828954723
chr15,ZNF609,ENST00000326648,TRUE,0.166,0,9,36759174,0.9656130386467464
chr15,ZNF609,ENST00000326648,TRUE,0.166,0,11,44831338,0.8730212382400991
NA,ZNF618,XM_005251692.3,TRUE,0.48,NA,9,39230757,0.9917891097666378
chr9,ZNF618,ENST00000374126,TRUE,0.459,1,9,39230757,0.9917891097666378
NA,ZNF629,NM_001080417.3,TRUE,0.281,NA,0,32831351,0.9501221881070242
chr16,ZNF629,ENST00000262525,TRUE,0.281,0,0,32831351,0.9501221881070242
NA,ZNF638,NM_014497.5,TRUE,0.249,NA,9,38569065,0.9869119644400544
chr2,ZNF638,ENST00000264447,TRUE,0.249,0,9,38569065,0.9869119644400544
NA,ZNF644,NM_201269.3,TRUE,0.224,NA,15,37660268,0.9724807770133548
NA,ZNF644,NM_201269.3,TRUE,0.224,NA,11,41151129,0.8176440763900625
NA,ZNF644,NM_201269.3,TRUE,0.224,NA,0,30525870,0.8421580299517514
chr1,ZNF644,ENST00000337393,TRUE,0.224,0,15,37660268,0.9724807770133548
chr1,ZNF644,ENST00000337393,TRUE,0.224,0,11,41151129,0.8176440763900625
chr1,ZNF644,ENST00000337393,TRUE,0.224,0,0,30525870,0.8421580299517514
NA,ZNF668,NM_024706.5,TRUE,0.458,NA,11,48986214,0.9248493042645484
chr16,ZNF668,ENST00000300849,TRUE,0.458,1,11,48986214,0.9248493042645484
NA,ZNF704,NM_001033723.3,TRUE,0.384,NA,9,34830836,0.9185701938510928
chr8,ZNF704,ENST00000327835,TRUE,0.384,0,9,34830836,0.9185701938510928
NA,ZNF746,NM_152557.5,TRUE,0.497,NA,11,40783243,0.8109965635738832
chr7,ZNF746,ENST00000458143,TRUE,0.55,1,11,40783243,0.8109965635738832
NA,ZNF770,NM_014106.4,TRUE,0.422,NA,15,36746060,0.9478522287101808
chr15,ZNF770,ENST00000356321,TRUE,0.422,1,15,36746060,0.9478522287101808
NA,ZNF777,NM_015694.3,TRUE,0.199,NA,1,43313459,0.8294019005030744
NA,ZNF777,NM_015694.3,TRUE,0.199,NA,9,36689106,0.963884430176565
chr7,ZNF777,ENST00000247930,TRUE,0.199,0,1,43313459,0.8294019005030744
chr7,ZNF777,ENST00000247930,TRUE,0.199,0,9,36689106,0.963884430176565
NA,ZNF827,NM_001306215.2,TRUE,0.197,NA,9,35663671,0.9423694283244846
chr4,ZNF827,ENST00000508784,TRUE,0.197,0,9,35663671,0.9423694283244846
NA,ZNRF1,NM_032268.5,TRUE,0.498,NA,1,59009797,0.993963107881498
NA,ZNRF1,NM_032268.5,TRUE,0.498,NA,15,34721285,0.8158062091692201
NA,ZNRF1,NM_032268.5,TRUE,0.498,NA,9,32269716,0.8073836276083467
NA,ZNRF1,NM_032268.5,TRUE,0.498,NA,11,58174190,0.9916624415525884
NA,ZNRF1,NM_032268.5,TRUE,0.498,NA,0,33695484,0.9762516448399022
chr16,ZNRF1,ENST00000335325,TRUE,0.498,1,1,59009797,0.993963107881498
chr16,ZNRF1,ENST00000335325,TRUE,0.498,1,15,34721285,0.8158062091692201
chr16,ZNRF1,ENST00000335325,TRUE,0.498,1,9,32269716,0.8073836276083467
chr16,ZNRF1,ENST00000335325,TRUE,0.498,1,11,58174190,0.9916624415525884
chr16,ZNRF1,ENST00000335325,TRUE,0.498,1,0,33695484,0.9762516448399022
NA,ZNRF3,NM_001206998.2,TRUE,0.503,NA,1,49868757,0.9306316377864728
NA,ZNRF3,NM_001206998.2,TRUE,0.503,NA,9,37031403,0.9691319916039016
chr22,ZNRF3,ENST00000544604,TRUE,0.503,1,1,49868757,0.9306316377864728
chr22,ZNRF3,ENST00000544604,TRUE,0.503,1,9,37031403,0.9691319916039016
NA,ZRANB1,NM_017580.3,TRUE,0.289,NA,9,32380353,0.8144832695394493
chr10,ZRANB1,ENST00000359653,TRUE,0.289,0,9,32380353,0.8144832695394493
NA,ZRANB2,NM_203350.3,TRUE,0.521,NA,15,35456142,0.8788229172688906
chr1,ZRANB2,ENST00000370920,TRUE,0.521,1,15,35456142,0.8788229172688906
NA,ZSCAN20,NM_001377376.1,TRUE,0.507,NA,1,43092858,0.8247065399664617
NA,ZSCAN20,NM_001377376.1,TRUE,0.507,NA,9,35663671,0.9423694283244846
chr1,ZSCAN20,ENST00000684572,TRUE,0.507,1,1,43092858,0.8247065399664617
chr1,ZSCAN20,ENST00000684572,TRUE,0.507,1,9,35663671,0.9423694283244846
NA,ZSWIM5,NM_020883.2,TRUE,0.577,NA,15,41663929,0.996097589177314
chr1,ZSWIM5,ENST00000359600,TRUE,0.577,1,15,41663929,0.996097589177314
