ID,PT_LIST,SeqId,Target,TargetFullName,UniProt,ENTREZ_GENE_ID_LIST,EntrezGeneSymbol,SPOT_ID
SL000318,"P0C0L4,P0C0L5",2182-54_1,C4b,Complement C4b,P0C0L4 P0C0L5,"720,721",C4A C4B,SL000318
SL002662,P03951,2190-55_1,Coagulation Factor XI,Coagulation Factor XI,P03951,2160,F11,SL002662
SL003168,Q9Y4X3,2192-63_10,CTACK,C-C motif chemokine 27,Q9Y4X3,10850,CCL27,SL003168
SL000403,P39060,2201-17_6,Endostatin,Endostatin,P39060,80781,COL18A1,SL000403
SL000591,P01033,2211-9_6,TIMP-1,Metalloproteinase inhibitor 1,P01033,7076,TIMP1,SL000591
SL000053,P00750,2212-69_1,tPA,Tissue-type plasminogen activator,P00750,5327,PLAT,SL000053
SL004332,P58294,2247-20_11,EG-VEGF,Prokineticin-1,P58294,84432,PROK1,SL004332
SL000592,P16035,2278-61_4,TIMP-2,Metalloproteinase inhibitor 2,P16035,7077,TIMP2,SL000592
SL000584,P01137,2333-72_1,TGF-b1,Transforming growth factor beta-1,P01137,7040,TGFB1,SL000584
SL003322,P35916,2358-19_2,VEGF sR3,Vascular endothelial growth factor receptor 3,P35916,2324,FLT4,SL003322
SL000319,P01031,2381-52_4,C5,Complement C5,P01031,727,C5,SL000319
SL000276,P02649,2418-55_9,Apo E,Apolipoprotein E,P02649,348,APOE,SL000276
SL003951,P23560,2421-7_3,BDNF,Brain-derived neurotrophic factor,P23560,627,BDNF,SL003951
SL003060,P11362,2424-69_4,bFGF-R,Fibroblast growth factor receptor 1,P11362,2260,FGFR1,SL003060
SL000324,"P07357,P07358,P07360",2429-27_4,C8,Complement component C8,P07357 P07358 P07360,"731,732,733",C8A C8B C8G,SL000324
SL000345,P08311,2431-17_3,Cathepsin G,Cathepsin G,P08311,1511,CTSG,SL000345
SL004016,Q9H2A7,2436-49_4,"CXCL16, soluble",C-X-C motif chemokine 16,Q9H2A7,58191,CXCL16,SL004016
SL004333,O15520,2441-2_4,FGF-10,Fibroblast growth factor 10,O15520,2255,FGF10,SL004333
SL004342,P55075,2443-10_4,FGF-8B,Fibroblast growth factor 8 isoform B,P55075,2253,FGF8,SL004342
SL004066,Q9NZK7,2447-7_4,GIIE,Group IIE secretory phospholipase A2,Q9NZK7,30814,PLA2G2E,SL004066
SL004182,P39877,2449-1_4,GV,Calcium-dependent phospholipase A2,P39877,5322,PLA2G5,SL004182
SL001716,"P29459,P29460",2455-17_4,IL-12,Interleukin-12,P29459 P29460,"35,923,593",IL12A IL12B,SL001716
SL000133,P78556,2468-62_3,MIP-3a,C-C motif chemokine 20,P78556,6364,CCL20,SL000133
SL000573,P02743,2474-54_5,SAP,Serum amyloid P-component,P02743,325,APCS,SL000573
SL004010,P10721,2475-1_3,SCF sR,Mast/stem cell growth factor receptor Kit,P10721,3815,KIT,SL004010
SL003043,P35625,2480-58_3,TIMP-3,Metalloproteinase inhibitor 3,P35625,7078,TIMP3,SL003043
SL004365,O43508,2484-49_3,TWEAK,Tumor necrosis factor ligand superfamily member 12,O43508,8742,TNFSF12,SL004365
SL004643,Q9Y264,2500-2_3,Angiopoietin-4,Angiopoietin-4,Q9Y264,51378,ANGPT4,SL004643
SL000055,P12830,2501-51_3,Cadherin E,Cadherin-1,P12830,999,CDH1,SL000055
SL004144,O60609,2505-49_3,GFRa-3,GDNF family receptor alpha-3,O60609,2676,GFRA3,SL004144
SL004142,Q15768,2514-65_3,Ephrin-B3,Ephrin-B3,Q15768,1949,EFNB3,SL004142
SL004143,O00451,2515-14_3,GFRa-2,GDNF family receptor alpha-2,O00451,2675,GFRA2,SL004143
SL003193,O00585,2516-57_3,6Ckine,C-C motif chemokine 21,O00585,6366,CCL21,SL003193
SL000563,P13501,2523-31_3,RANTES,C-C motif chemokine 5,P13501,6352,CCL5,SL000563
SL003280,P09429,2524-56_3,HMG-1,High mobility group protein B1,P09429,3146,HMGB1,SL003280
SL002539,O00300,2526-53_3,OPG,Tumor necrosis factor receptor superfamily member 11B,O00300,4982,TNFRSF11B,SL002539
SL000300,P01189,2558-51_3,b-Endorphin,Beta-endorphin,P01189,5443,POMC,SL000300
SL003328,P05156,2567-5_6,Factor I,Complement factor I,P05156,3426,CFI,SL003328
SL000466,P18065,2570-72_5,IGFBP-2,Insulin-like growth factor-binding protein 2,P18065,3485,IGFBP2,SL000466
SL000045,P17936,2571-12_3,IGFBP-3,Insulin-like growth factor-binding protein 3,P17936,3486,IGFBP3,SL000045
SL000498,P41159,2575-5_5,Leptin,Leptin,P41159,3952,LEP,SL000498
SL000038,P13500,2578-67_2,MCP-1,C-C motif chemokine 2,P13500,6347,CCL2,SL000038
SL000527,P14780,2579-17_5,MMP-9,Matrix metalloproteinase-9,P14780,4318,MMP9,SL000527
SL001796,P05164,2580-83_2,Myeloperoxidase,Myeloperoxidase,P05164,4353,MPO,SL001796
SL000546,P01236,2585-2_5,PRL,Prolactin,P01236,5617,PRL,SL000546
SL006114,Q01973,2590-69_4,ROR1,Tyrosine-protein kinase transmembrane receptor ROR1,Q01973,4919,ROR1,SL006114
SL000002,P15692,2597-8_3,VEGF,Vascular endothelial growth factor A,P15692,7422,VEGFA,SL000002
SL004126,Q07011,2598-9_3,4-1BB,Tumor necrosis factor receptor superfamily member 9,Q07011,3604,TNFRSF9,SL004126
SL003735,P41273,2599-51_2,4-1BB ligand,Tumor necrosis factor ligand superfamily member 9,P41273,8744,TNFSF9,SL003735
SL001996,O15123,2602-2_2,Angiopoietin-2,Angiopoietin-2,O15123,285,ANGPT2,SL001996
SL003738,P33681,2603-61_2,B7,T-lymphocyte activation antigen CD80,P33681,941,CD80,SL003738
SL004180,P28908,2605-49_2,CD30,Tumor necrosis factor receptor superfamily member 8,P28908,943,TNFRSF8,SL004180
SL004692,"O75462,Q9UBD9",2607-54_2,CLF-1/CLC Complex,Cytokine receptor-like factor 1:Cardiotrophin-like cytokine factor 1 Complex,O75462 Q9UBD9,"924,423,529",CRLF1 CLCF1,SL004692
SL001777,P01034,2609-59_2,Cystatin C,Cystatin-C,P01034,1471,CST3,SL001777
SL004136,Q06418,2611-72_2,Dtk,Tyrosine-protein kinase receptor TYRO3,Q06418,7301,TYRO3,SL004136
SL004759,P55010,2612-5_2,eIF-5,Eukaryotic translation initiation factor 5,P55010,1983,EIF5,SL004759
SL004140,P52798,2614-28_2,Ephrin-A4,Ephrin-A4,P52798,1945,EFNA4,SL004140
SL004141,P52803,2615-60_2,Ephrin-A5,Ephrin-A5,P52803,1946,EFNA5,SL004141
SL000009,P04626,2616-23_18,ERBB2,Receptor tyrosine-protein kinase erbB-2,P04626,2064,ERBB2,SL000009
SL002519,P21860,2617-56_35,ERBB3,Receptor tyrosine-protein kinase erbB-3,P21860,2065,ERBB3,SL002519
SL003803,Q15303,2618-10_2,ERBB4,Receptor tyrosine-protein kinase erbB-4,Q15303,2066,ERBB4,SL003803
SL001890,P09758,2619-72_2,GA733-1 protein,Tumor-associated calcium signal transducer 2,P09758,4070,TACSTD2,SL001890
SL003872,P40189,2620-4_2,"gp130, soluble",Interleukin-6 receptor subunit beta,P40189,3572,IL6ST,SL003872
SL004751,P30519,2622-18_1,HO-2,Heme oxygenase 2,P30519,3163,HMOX2,SL004751
SL004697,P03129,2623-54_4,HPV E7 Type 16,Protein E7_HPV16,P03129,1489079,Human-virus,SL004697
SL004698,P06788,2624-31_2,HPV E7 Type18,Protein E7_HPV18,P06788,1489089,Human-virus,SL004698
SL017612,"P07900,P08238",2625-53_4,HSP 90a/b,Heat shock protein HSP 90-alpha/beta,P07900 P08238,,HSP90AA1 HSP90AB1,SL017612
SL004588,Q9NPH3,2630-12_2,IL-1 R AcP,Interleukin-1 Receptor accessory protein,Q9NPH3,3556,IL1RAP,SL004588
SL004147,Q08334,2631-50_2,IL-10 Rb,Interleukin-10 receptor subunit beta,Q08334,3588,IL10RB,SL004147
SL004148,P42701,2632-5_2,IL-12 Rb1,Interleukin-12 receptor subunit beta-1,P42701,3594,IL12RB1,SL004148
SL004149,P78552,2633-52_2,IL-13 Ra1,Interleukin-13 receptor subunit alpha-1,P78552,3597,IL13RA1,SL004149
SL003307,P31785,2634-2_2,IL-2 sRg,Cytokine receptor common subunit gamma,P31785,3561,IL2RG,SL003307
SL004646,Q6UX15,2635-61_2,Layilin,Layilin,Q6UX15,143903,LAYN,SL004646
SL000509,P36941,2636-10_2,Lymphotoxin b R,Tumor necrosis factor receptor superfamily member 3,P36941,4055,LTBR,SL000509
SL004579,P22897,2637-77_2,Macrophage mannose receptor,Macrophage mannose receptor 1,P22897,4360,MRC1,SL004579
SL004153,P07333,2638-12_2,M-CSF R,Macrophage colony-stimulating factor 1 receptor,P07333,1436,CSF1R,SL004153
SL004637,Q04912,2640-3_2,MSP R,Macrophage-stimulating protein receptor,Q04912,4486,MST1R,SL004637
SL004760,P68402,2642-4_1,PAFAH beta subunit,Platelet-activating factor acetylhydrolase IB subunit beta,P68402,5049,PAFAH1B2,SL004760
SL004183,P22223,2643-57_2,P-Cadherin,Cadherin-3,P22223,1001,CDH3,SL004183
SL000551,P17252,2644-11_2,PKC-A,Protein kinase C alpha type,P17252,5578,PRKCA,SL000551
SL000557,Q05513,2645-54_1,PKC-Z,Protein kinase C zeta type,Q05513,5590,PRKCZ,SL000557
SL003648,P50395,2647-66_2,Rab GDP dissociation inhibitor beta,Rab GDP dissociation inhibitor beta,P50395,2665,GDI2,SL003648
SL003178,P32942,2649-77_2,sICAM-3,Intercellular adhesion molecule 3,P32942,3385,ICAM3,SL003178
SL002506,Q03405,2652-15_1,suPAR,Urokinase plasminogen activator surface receptor,Q03405,5329,PLAUR,SL002506
SL004230,P10636,2653-62_1,tau,Microtubule-associated protein tau,P10636,4137,MAPT,SL004230
SL001992,P19438,2654-19_1,TNF sR-I,Tumor necrosis factor receptor superfamily member 1A,P19438,7132,TNFRSF1A,SL001992
SL004639,Q16288,2658-27_1,TrkC,NT-3 growth factor receptor,Q16288,4916,NTRK3,SL004639
SL004672,Q02223,2665-26_2,BCMA,Tumor necrosis factor receptor superfamily member 17,Q02223,608,TNFRSF17,SL004672
SL004081,P07585,2666-53_2,Bone proteoglycan II,Decorin,P07585,1634,DCN,SL004081
SL000337,"P07384,P04632",2668-70_2,Calpain I,Calpain I,P07384 P04632,"823,826",CAPN1 CAPNS1,SL000337
SL000383,P06732,2670-67_4,CK-MM,Creatine kinase M-type,P06732,1158,CKM,SL000383
SL005155,P13385,2672-60_1,Cripto,Teratocarcinoma-derived growth factor 1,P13385,6997,TDGF1,SL005155
SL002644,P00533,2677-1_1,ERBB1,Epidermal growth factor receptor,P00533,1956,EGFR,SL002644
SL000441,P14210,2681-23_2,HGF,Hepatocyte growth factor,P14210,3082,HGF,SL000441
SL000450,P10809,2682-68_1,HSP 60,"60 kDa heat shock protein, mitochondrial",P10809,3329,HSPD1,SL000450
SL000456,P01024,2683-1_2,iC3b,"Complement C3b, inactivated",P01024,718,C3,SL000456
SL004676,P24593,2685-21_2,IGFBP-5,Insulin-like growth factor-binding protein 5,P24593,3488,IGFBP5,SL004676
SL005172,P24592,2686-67_2,IGFBP-6,Insulin-like growth factor-binding protein 6,P24592,3489,IGFBP6,SL005172
SL001947,Q16674,2687-2_1,MIA,Melanoma-derived growth regulatory protein,Q16674,8190,MIA,SL001947
SL002528,P14555,2692-74_2,NPS-PLA2,"Phospholipase A2, membrane associated",P14555,5320,PLA2G2A,SL002528
SL000530,P13725,2693-20_3,OSM,Oncostatin-M,P13725,5008,OSM,SL000530
SL001721,P16284,2695-25_1,PECAM-1,Platelet endothelial cell adhesion molecule,P16284,5175,PECAM1,SL001721
SL004685,O60542,2696-87_2,Persephin,Persephin,O60542,5623,PSPN,SL004685
SL003041,P02776,2697-7_2,PF-4,Platelet factor 4,P02776,5196,PF4,SL003041
SL000049,P07225,2700-56_2,Protein S,Vitamin K-dependent protein S,P07225,5627,PROS1,SL000049
SL004364,O14836,2704-74_1,TACI,Tumor necrosis factor receptor superfamily member 13B,O14836,23495,TNFRSF13B,SL004364
SL003197,O15444,2705-5_2,TECK,C-C motif chemokine 25,O15444,6370,CCL25,SL003197
SL000590,P05543,2706-69_2,Thyroxine-Binding Globulin,Thyroxine-Binding Globulin,P05543,6906,SERPINA7,SL000590
SL004326,Q9UNG2,2708-54_2,TNFSF18,Tumor necrosis factor ligand superfamily member 18,Q9UNG2,8995,TNFSF18,SL004326
SL005153,P26992,2711-6_2,CNTFR alpha,Ciliary neurotrophic factor receptor subunit alpha,P26992,1271,CNTFR,SL005153
SL003334,Q12904,2714-78_2,EMAP-2,Endothelial monocyte-activating polypeptide 2,Q12904,9255,AIMP1,SL003334
SL005159,P19235,2715-25_2,EPO-R,Erythropoietin receptor,P19235,2057,EPOR,SL005159
SL004591,Q99062,2719-3_4,G-CSF-R,Granulocyte colony-stimulating factor receptor,Q99062,1441,CSF3R,SL004591
SL005178,Q9NZH6,2723-9_2,IL-1F7,Interleukin-37,Q9NZH6,27178,IL37,SL005178
SL000497,"P25391,P07942,P11047",2728-62_2,Laminin,Laminin,P25391 P07942 P11047,"28,421,739,123,915",LAMA1 LAMB1 LAMC1,SL000497
SL005199,Q29983,2730-58_2,MICA,MHC class I polypeptide-related sequence A,Q29983,4276,MICA,SL005199
SL000528,P16435,2731-29_2,NADPH-P450 Oxidoreductase,NADPH--cytochrome P450 reductase,P16435,5447,POR,SL000528
SL005235,Q9H9S0,2732-58_3,NANOG,Homeobox protein NANOG,Q9H9S0,79923,NANOG,SL005235
SL005206,O95944,2734-49_4,NKp44,Natural cytotoxicity triggering receptor 2,O95944,9436,NCR2,SL005206
SL004683,Q13253,2735-6_4,Noggin,Noggin,Q13253,9241,NOG,SL004683
SL005236,P48745,2737-22_2,NovH,Protein NOV homolog,P48745,4856,NOV,SL005236
SL005217,O43699,2741-22_2,Siglec-6,Sialic acid-binding Ig-like lectin 6,O43699,946,SIGLEC6,SL005217
SL005218,Q9Y286,2742-68_2,Siglec-7,Sialic acid-binding Ig-like lectin 7,Q9Y286,27036,SIGLEC7,SL005218
SL005220,Q15465,2743-5_2,Sonic Hedgehog,Sonic hedgehog protein,Q15465,6469,SHH,SL005220
SL005226,Q9HC73,2746-56_1,TSLP R,Cytokine receptor-like factor 2,Q9HC73,64109,CRLF2,SL005226
SL005229,Q9BZM4,2747-3_2,ULBP-3,NKG2D ligand 3,Q9BZM4,79465,ULBP3,SL005229
SL001938,P08476,2748-3_2,Activin A,Inhibin beta A chain,P08476,3624,INHBA,SL001938
SL000019,P02647,2750-3_2,Apo A-I,Apolipoprotein A-I,P02647,335,APOA1,SL000019
SL004589,P20160,2751-16_2,Azurocidin,Azurocidin,P20160,566,AZU1,SL004589
SL004329,P43026,2752-62_2,BMP-14,Growth/differentiation factor 5,P43026,8200,GDF5,SL004329
SL000309,"P02745,P02746,P02747",2753-2_2,C1q,Complement C1q subcomponent,P02745 P02746 P02747,"712,713,714",C1QA C1QB C1QC,SL000309
SL000312,P01024,2754-50_2,C3,Complement C3,P01024,718,C3,SL000312
SL003220,P01024,2755-8_2,C3adesArg,C3a anaphylatoxin des Arginine,P01024,718,C3,SL003220
SL004752,O95990,2760-2_2,DRR1,Protein FAM107A,O95990,11170,FAM107A,SL004752
SL004336,O76093,2761-49_2,FGF-18,Fibroblast growth factor 18,O76093,8817,FGF18,SL004336
SL004337,O95750,2762-30_2,FGF-19,Fibroblast growth factor 19,O95750,9965,FGF19,SL004337
SL004338,Q9NP95,2763-66_2,FGF-20,Fibroblast growth factor 20,Q9NP95,26281,FGF20,SL004338
SL003849,P31371,2764-20_2,FGF9,Fibroblast growth factor 9,P31371,2254,FGF9,SL003849
SL004345,O95390,2765-4_3,GDF-11,Growth/differentiation factor 11,O95390,10220,GDF11,SL004345
SL000440,P02790,2768-56_2,Hemopexin,Hemopexin,P02790,3263,HPX,SL000440
SL000445,P18093,2769-3_2,HIV-2 Rev,Protein Rev_HV2BE,P18093,1724716,Human-virus,SL000445
SL003176,P22362,2770-51_2,I-309,C-C motif chemokine 1,P22362,6346,CCL1,SL003176
SL000462,P08833,2771-35_2,IGFBP-1,Insulin-like growth factor-binding protein 1,P08833,3484,IGFBP1,SL000462
SL001717,P22301,2773-50_2,IL-10,Interleukin-10,P22301,3586,IL10,SL001717
SL000474,Q14005,2774-10_3,IL-16,Interleukin-16,Q14005,3603,IL16,SL000474
SL004352,Q96PD4,2775-54_2,IL-17F,Interleukin-17F,Q96PD4,112744,IL17F,SL004352
SL004347,Q9GZX6,2778-10_2,IL-22,Interleukin-22,Q9GZX6,50616,IL22,SL004347
SL000496,P02788,2780-35_2,Lactoferrin,Lactotransferrin,P02788,4057,LTF,SL000496
SL004356,Q8NHW4,2781-63_2,LAG-1,C-C motif chemokine 4-like,Q8NHW4,388372,CCL4L1,SL004356
SL004355,P16619,2783-18_2,LD78-beta,C-C motif chemokine 3-like 1,P16619,414062,CCL3L1,SL004355
SL000515,P80075,2785-15_2,MCP-2,C-C motif chemokine 8,P80075,6355,CCL8,SL000515
SL000524,P08254,2788-55_1,MMP-3,Stromelysin-1,P08254,4314,MMP3,SL000524
SL000525,P09237,2789-26_2,MMP-7,Matrilysin,P09237,4316,MMP7,SL000525
SL003191,P02775,2790-54_2,NAP-2,Neutrophil-activating peptide 2,P02775,5473,PPBP,SL003191
SL000581,P00441,2794-60_2,SOD,Superoxide dismutase [Cu-Zn],P00441,6647,SOD1,SL000581
SL002077,P05186,2795-23_3,"Alkaline phosphatase, bone","Alkaline phosphatase, tissue-nonspecific isozyme",P05186,249,ALPL,SL002077
SL000424,"P02671,P02675,P02679",2796-62_2,Fibrinogen,Fibrinogen,P02671 P02675 P02679,"224,322,442,266",FGA FGB FGG,SL000424
SL000020,P04114,2797-56_2,Apo B,Apolipoprotein B,P04114,338,APOB,SL000020
SL004415,Q9BYF1,2805-6_2,ACE2,Angiotensin-converting enzyme 2,Q9BYF1,59272,ACE2,SL004415
SL004128,P36896,2806-49_2,Activin RIB,Activin receptor type-1B,P36896,91,ACVR1B,SL004128
SL004625,O75173,2809-25_2,ADAMTS-4,A disintegrin and metalloproteinase with thrombospondin motifs 4,O75173,9507,ADAMTS4,SL004625
SL001995,Q15389,2811-27_1,Angiopoietin-1,Angiopoietin-1,Q15389,284,ANGPT1,SL001995
SL006924,O00253,2813-11_2,ART,Agouti-related protein,O00253,181,AGRP,SL006924
SL001902,P50895,2816-50_2,BCAM,Basal Cell Adhesion Molecule,P50895,4059,BCAM,SL001902
SL002081,P33151,2819-23_2,Cadherin-5,Cadherin-5,P33151,1003,CDH5,SL002081
SL004726,P48960,2822-56_2,CD97,CD97 antigen,P48960,976,CD97,SL004726
SL004704,Q86VX2,2823-7_1,COMMD7,COMM domain-containing protein 7,Q86VX2,149951,COMMD7,SL004704
SL004644,Q92838,2826-53_2,EDA,"Ectodysplasin-A, secreted form",Q92838,1896,EDA,SL004644
SL000427,P78423,2827-23_2,Fractalkine/CX3CL-1,Fractalkine,P78423,6376,CX3CL1,SL000427
SL004645,O43278,2828-82_2,HAI-1,Kunitz-type protease inhibitor 1,O43278,6692,SPINT1,SL004645
SL006915,"Q8NEV9,Q14213",2829-19_2,IL-27,Interleukin-27,Q8NEV9 Q14213,"24,677,810,148",IL27 EBI3,SL006915
SL002763,Q9UBX7,2831-29_1,Kallikrein 11,Kallikrein-11,Q9UBX7,11012,KLK11,SL002763
SL003800,Q9Y5K2,2833-20_1,Kallikrein 4,Kallikrein-4,Q9Y5K2,9622,KLK4,SL003800
SL003915,O60259,2834-54_1,kallikrein 8,Kallikrein-8,O60259,11202,KLK8,SL003915
SL004301,P12956,2835-1_4,Ku70,X-ray repair cross-complementing protein 6,P12956,2547,XRCC6,SL004301
SL000695,P80188,2836-68_2,Lipocalin 2,Neutrophil gelatinase-associated lipocalin,P80188,3934,LCN2,SL000695
SL000134,P08581,2837-3_2,Met,Hepatocyte growth factor receptor,P08581,4233,MET,SL000134
SL003332,Q9ULZ9,2838-53_1,MMP-17,Matrix metalloproteinase-17,Q9ULZ9,4326,MMP17,SL003332
SL004649,P23510,2839-2_1,OX40 Ligand,Tumor necrosis factor ligand superfamily member 4,P23510,7292,TNFSF4,SL004649
SL004650,Q92765,2841-13_2,sFRP-3,Secreted frizzled-related protein 3,Q92765,2487,FRZB,SL004650
SL003177,P13598,2842-68_1,sICAM-2,Intercellular adhesion molecule 2,P13598,3384,ICAM2,SL003177
SL001897,O43291,2843-13_2,SPINT2,Kunitz-type protease inhibitor 2,O43291,10653,SPINT2,SL001897
SL003199,P35590,2844-53_2,sTie-1,"Tyrosine-protein kinase receptor Tie-1, soluble",P35590,7075,TIE1,SL003199
SL000605,P62979,2846-24_2,Ubiquitin+1,"Ubiquitin+1, truncated mutation for UbB",P62979,6233,RPS27A,SL000605
SL004652,Q9Y5W5,2848-2_2,WIF-1,Wnt inhibitory factor 1,Q9Y5W5,11197,WIF1,SL004652
SL004768,P55008,2849-49_1,AIF1,Allograft inflammatory factor 1,P55008,199,AIF1,SL004768
SL008008,P05089,2850-3_2,ARGI1,Arginase-1,P05089,383,ARG1,SL008008
SL000320,P01031,2851-63_3,C5a,C5a anaphylatoxin,P01031,727,C5,SL000320
SL006911,O14757,2853-68_2,CHK1,Serine/threonine-protein kinase Chk1,O14757,1111,CHEK1,SL006911
SL000409,P27361,2855-49_2,ERK-1,Mitogen-activated protein kinase 3,P27361,5595,MAPK3,SL000409
SL006914,P04150,2857-70_2,Glucocorticoid receptor,Glucocorticoid receptor,P04150,2908,NR3C1,SL006914
SL004725,O14929,2858-29_2,Hat1,Histone acetyltransferase type B catalytic subunit,O14929,8520,HAT1,SL004725
SL004723,Q9BY41,2859-69_2,HDAC8,Histone deacetylase 8,Q9BY41,55869,HDAC8,SL004723
SL004718,P52292,2860-19_2,Karyopherin-a2,Importin subunit alpha-1,P52292,3838,KPNA2,SL004718
SL003793,Q02750,2864-2_3,MEK1,Dual specificity mitogen-activated protein kinase kinase 1,Q02750,5604,MAP2K1,SL003793
SL004724,Q92794,2865-77_2,MOZ,Histone acetyltransferase KAT6A,Q92794,7994,KAT6A,SL004724
SL000554,Q05655,2869-68_3,PKC-D,Protein kinase C delta type,Q05655,5580,PRKCD,SL000554
SL004009,P63000,2870-29_2,RAC1,Ras-related C3 botulinum toxin substrate 1,P63000,5879,RAC1,SL004009
SL006922,Q06609,2871-73_2,RAD51,DNA repair protein RAD51 homolog 1,Q06609,5888,RAD51,SL006922
SL006923,P20226,2875-15_2,TBP,TATA-box-binding protein,P20226,6908,TBP,SL006923
SL004305,P11387,2876-74_2,Topoisomerase I,DNA topoisomerase 1,P11387,7150,TOP1,SL004305
SL004306,P63279,2877-3_1,UBC9,SUMO-conjugating enzyme UBC9,P63279,7329,UBE2I,SL004306
SL006372,P07947,2878-66_2,YES,Tyrosine-protein kinase Yes,P07947,7525,YES1,SL006372
SL000248,P01011,2879-9_2,a1-Antichymotrypsin,Alpha-1-antichymotrypsin,P01011,12,SERPINA3,SL000248
SL000323,P10643,2888-49_2,C7,Complement component C7,P10643,730,C7,SL000323
SL002783,Q16619,2889-37_2,Cardiotrophin-1,Cardiotrophin-1,Q16619,1489,CTF1,SL002783
SL003303,Q9NRJ3,2890-59_2,CCL28,C-C motif chemokine 28,Q9NRJ3,56477,CCL28,SL003303
SL004330,P20273,2891-1_3,CD22,B-cell receptor CD22,P20273,933,CD22,SL004330
SL003329,Q16627,2900-53_3,HCC-1,C-C motif chemokine 14,Q16627,6358,CCL14,SL003329
SL000480,P05112,2906-55_3,IL-4,Interleukin-4,P05112,3565,IL4,SL000480
SL002621,P21741,2911-27_2,Midkine,Midkine,P21741,4192,MDK,SL002621
SL003302,P55773,2913-1_2,MPIF-1,C-C motif chemokine 23,P55773,6368,CCL23,SL003302
SL000131,P12004,2915-6_2,PCNA,Proliferating cell nuclear antigen,P12004,5111,PCNA,SL000131
SL002541,O14788,2917-3_2,sRANKL,Tumor necrosis factor ligand superfamily member 11,O14788,8600,TNFSF11,SL002541
SL000006,P05121,2925-9_1,PAI-1,Plasminogen activator inhibitor 1,P05121,5054,SERPINE1,SL000006
SL004668,P02649,2937-10_2,Apo E3,Apolipoprotein E (isoform E3),P02649,348,APOE,SL004668
SL004669,P02649,2938-55_2,Apo E4,Apolipoprotein E (isoform E4),P02649,348,APOE,SL004669
SL004670,Q5T4W7,2939-10_2,Artemin,Artemin,Q5T4W7,9048,ARTN,SL004670
SL000396,P99999,2942-50_2,Cytochrome c,Cytochrome c,P99999,54205,CYCS,SL000396
SL000398,P08684,2943-5_2,Cytochrome P450 3A4,Cytochrome P450 3A4,P08684,1576,CYP3A4,SL000398
SL005156,P41271,2944-66_2,DAN,Neuroblastoma suppressor of tumorigenicity 1,P41271,4681,NBL1,SL005156
SL000007,P03372,2945-25_1,ER,Estrogen receptor,P03372,2099,ESR1,SL000007
SL003327,P00746,2946-52_2,Factor D,Complement factor D,P00746,1675,CFD,SL003327
SL005168,P10912,2948-58_2,Growth hormone receptor,Growth hormone receptor,P10912,2690,GHR,SL005168
SL004067,O15496,2949-6_2,GX,Group 10 secretory phospholipase A2,O15496,8399,PLA2G10,SL004067
SL005171,P22692,2950-57_2,IGFBP-4,Insulin-like growth factor-binding protein 4,P22692,3487,IGFBP4,SL005171
SL000047,P05019,2952-75_2,IGF-I,Insulin-like growth factor I,P05019,3479,IGF1,SL000047
SL000506,"P01215,P01229",2953-31_2,Luteinizing hormone,Luteinizing hormone,P01215 P01229,"10,813,972",CGA LHB,SL000506
SL000526,P22894,2954-56_2,MMP-8,Neutrophil collagenase,P22894,4317,MMP8,SL000526
SL003542,Q96KQ7,2957-21_2,NG36,Histone-lysine N-methyltransferase EHMT2,Q96KQ7,10919,EHMT2,SL003542
SL003192,P27918,2960-66_2,Properdin,Properdin,P27918,5199,CFP,SL003192
SL000048,P04070,2961-1_2,Protein C,Vitamin K-dependent protein C,P04070,5624,PROC,SL000048
SL002561,P12272,2962-50_2,PTHrP,Parathyroid hormone-related protein,P12272,5744,PTHLH,SL002561
SL004362,Q9Y240,2966-65_2,SCGF-beta,Stem Cell Growth Factor-beta,Q9Y240,6320,CLEC11A,SL004362
SL001720,P19320,2967-8_1,VCAM-1,Vascular cell adhesion protein 1,P19320,7412,VCAM1,SL001720
SL004686,O95150,2968-61_1,TNFSF15,Tumor necrosis factor ligand superfamily member 15,O95150,9966,TNFSF15,SL004686
SL004851,P37023,2969-11_1,ALK-1,Serine/threonine-protein kinase receptor R3,P37023,94,ACVRL1,SL004851
SL000136,P15514,2970-60_2,AREG,Amphiregulin,P15514,374,AREG,SL000136
SL004078,P18075,2972-57_2,BMP-7,Bone morphogenetic protein 7,P18075,655,BMP7,SL004078
SL000668,P16671,2973-15_2,CD36 ANTIGEN,Platelet glycoprotein 4,P16671,948,CD36,SL000668
SL004855,Q12860,2974-61_2,contactin-1,Contactin-1,Q12860,1272,CNTN1,SL004855
SL002655,P29279,2975-19_2,CTGF,Connective tissue growth factor,P29279,1490,CTGF,SL002655
SL004856,Q02413,2976-58_2,Desmoglein-1,Desmoglein-1,Q02413,1828,DSG1,SL004856
SL004872,Q9UNE0,2977-7_2,EDAR,Tumor necrosis factor receptor superfamily member EDAR,Q9UNE0,10913,EDAR,SL004872
SL003169,P42830,2979-8_2,ENA-78,C-X-C motif chemokine 5,P42830,6374,CXCL5,SL003169
SL005160,Q96AP7,2981-9_3,ESAM,Endothelial cell-selective adhesion molecule,Q96AP7,90952,ESAM,SL005160
SL005165,P56470,2982-82_2,Galectin-4,Galectin-4,P56470,3960,LGALS4,SL005165
SL003173,P09341,2985-35_1,Gro-a,Growth-regulated alpha protein,P09341,2919,CXCL1,SL003173
SL017610,"P19876,P19875",2986-49_2,Gro-b/g,Gro-beta/gamma,P19876 P19875,,CXCL3 CXCL2,SL017610
SL005256,P16403,2987-37_3,Histone H1.2,Histone H1.2,P16403,3006,HIST1H1C,SL005256
SL005170,Q9Y6W8,2988-57_2,ICOS,Inducible T-cell costimulator,Q9Y6W8,29851,ICOS,SL005170
SL001802,P01579,2989-17_2,IFN-g,Interferon gamma,P01579,3458,IFNG,SL001802
SL001997,P14778,2991-9_2,IL-1 sRI,Interleukin-1 receptor type 1,P14778,3554,IL1R1,SL001997
SL004850,Q96F46,2992-59_2,IL-17 sR,Interleukin-17 receptor A,Q96F46,23765,IL17RA,SL004850
SL004861,O95256,2993-1_2,IL-18 Rb,Interleukin-18 receptor accessory protein,O95256,8807,IL18RAP,SL004861
SL004875,Q9HB29,2994-71_2,IL-1Rrp2,Interleukin-1 receptor-like 2,Q9HB29,8808,IL1RL2,SL004875
SL005193,P57087,2997-8_1,JAM-B,Junctional adhesion molecule B,P57087,58494,JAM2,SL005193
SL005194,Q9BX67,2998-53_2,JAM-C,Junctional adhesion molecule C,Q9BX67,83700,JAM3,SL005194
SL005196,Q13449,2999-6_2,LSAMP,Limbic system-associated membrane protein,Q13449,4045,LSAMP,SL005196
SL004516,P11226,3000-66_1,MBL,Mannose-binding protein C,P11226,4153,MBL2,SL004516
SL005205,O14931,3003-29_2,NKp30,Natural cytotoxicity triggering receptor 3,O14931,259197,NCR3,SL005205
SL004862,Q9BQ51,3004-67_2,PD-L2,Programmed cell death 1 ligand 2,Q9BQ51,80380,PDCD1LG2,SL004862
SL004939,P18031,3005-5_2,PTP-1B,Tyrosine-protein phosphatase non-receptor type 1,P18031,5770,PTPN1,SL004939
SL005219,Q9Y336,3007-7_2,Siglec-9,Sialic acid-binding Ig-like lectin 9,Q9Y336,27180,SIGLEC9,SL005219
SL005059,Q03167,3009-3_2,TGF-b R III,Transforming growth factor beta receptor type 3,Q03167,7049,TGFBR3,SL005059
SL004687,Q969D9,3010-53_2,TSLP,Thymic stromal lymphopoietin,Q969D9,85480,TSLP,SL004687
SL000384,P16410,3022-4_2,CTLA-4,Cytotoxic T-lymphocyte protein 4,P16410,1493,CTLA4,SL000384
SL000250,P08697,3024-18_2,a2-Antiplasmin,Alpha-2-antiplasmin,P08697,5345,SERPINF2,SL000250
SL000004,P09038,3025-50_1,bFGF,Fibroblast growth factor 2,P09038,2247,FGF2,SL000004
SL000338,P20810,3026-5_2,Calpastatin,Calpastatin,P20810,831,CAST,SL000338
SL003301,P55773,3028-36_2,Ck-b-8-1,Ck-beta-8-1,P55773,6368,CCL23,SL003301
SL005157,Q9NNX6,3029-52_2,DC-SIGN,CD209 antigen,Q9NNX6,30835,CD209,SL005157
SL005158,Q9H2X3,3030-3_2,DC-SIGNR,C-type lectin domain family 4 member M,Q9H2X3,10332,CLEC4M,SL005158
SL000420,"P02794,P02792",3031-66_1,Ferritin,Ferritin,P02794 P02792,"24,952,512",FTH1 FTL,SL000420
SL000428,"P01215,P01225",3032-11_2,FSH,Follicle stimulating hormone,P01215 P01225,"10,812,488",CGA FSHB,SL000428
SL005164,P05162,3033-57_1,Galectin-2,Galectin-2,P05162,3957,LGALS2,SL005164
SL004271,P14136,3034-1_2,GFAP,Glial fibrillary acidic protein,P14136,2670,GFAP,SL004271
SL004354,Q9UHD0,3035-80_2,IL-19,Interleukin-19,Q9UHD0,29949,IL19,SL004354
SL001795,P01584,3037-62_1,IL-1b,Interleukin-1 beta,P01584,3553,IL1B,SL001795
SL003326,O14625,3038-9_2,I-TAC,C-X-C motif chemokine 11,O14625,6373,CXCL11,SL003326
SL000519,P10147,3040-59_1,MIP-1a,C-C motif chemokine 3,P10147,6348,CCL3,SL000519
SL008416,Q9UBG0,3041-55_2,MRC2,C-type mannose receptor 2,Q9UBG0,9902,MRC2,SL008416
SL000164,P02144,3042-7_2,Myoglobin,Myoglobin,P02144,4151,MB,SL000164
SL000532,P09486,3043-49_2,ON,SPARC,P09486,6678,SPARC,SL000532
SL003323,P55774,3044-3_2,PARC,C-C motif chemokine 18,P55774,6362,CCL18,SL003323
SL002704,P21246,3045-72_2,PTN,Pleiotrophin,P21246,5764,PTN,SL002704
SL004260,Q9HD89,3046-31_1,resistin,Resistin,Q9HD89,56729,RETN,SL004260
SL000603,P07477,3049-61_2,Trypsin,Trypsin-1,P07477,5644,PRSS1,SL000603
SL000017,P04275,3050-7_2,vWF,von Willebrand factor,P04275,7450,VWF,SL000017
SL000633,P48023,3052-8_2,"Fas ligand, soluble","Tumor necrosis factor ligand superfamily member 6, soluble form",P48023,356,FASLG,SL000633
SL004343,P49771,3053-49_2,Flt3 ligand,Fms-related tyrosine kinase 3 ligand,P49771,2323,FLT3LG,SL004343
SL000437,P00738,3054-3_2,"Haptoglobin, Mixed Type",Haptoglobin,P00738,3240,HP,SL000437
SL003308,P24394,3055-54_2,IL-4 sR,Interleukin-4 receptor subunit alpha,P24394,3566,IL4R,SL003308
SL005204,P26718,3056-11_1,NKG2D,NKG2-D type II integral membrane protein,P26718,22914,KLRK1,SL005204
SL004689,O95388,3057-55_1,WISP-1,WNT1-inducible-signaling pathway protein 1,O95388,8840,WISP1,SL004689
SL004327,Q9Y275,3059-50_2,BAFF,Tumor necrosis factor ligand superfamily member 13B,Q9Y275,10673,TNFSF13B,SL004327
SL000325,P02748,3060-43_2,C9,Complement component C9,P02748,735,C9,SL000325
SL000343,P07858,3061-61_2,Cathepsin B,Cathepsin B,P07858,1508,CTSB,SL000343
SL004339,P12034,3065-65_1,FGF-5,Fibroblast growth factor 5,P12034,2250,FGF5,SL004339
SL003744,P17931,3066-12_1,Galectin-3,Galectin-3,P17931,3958,LGALS3,SL003744
SL005234,O60383,3067-67_1,GDF-9,Growth/differentiation factor 9,O60383,2661,GDF9,SL005234
SL000468,P01871,3069-52_3,IgM,Immunoglobulin M,P01871,"35,073,512,508,023,500",IGHM IGJ IGK IGL,SL000468
SL000478,P60568,3070-1_2,IL-2,Interleukin-2,P60568,3558,IL2,SL000478
SL001718,P35225,3072-4_2,IL-13,Interleukin-13,P35225,3596,IL13,SL001718
SL002508,O95998,3073-51_2,IL-18 BPa,Interleukin-18-binding protein,O95998,10068,IL18BP,SL002508
SL003309,P18428,3074-6_2,LBP,Lipopolysaccharide-binding protein,P18428,3929,LBP,SL003309
SL003324,P00742,3077-66_2,Coagulation Factor Xa,Coagulation factor Xa,P00742,2159,F10,SL003324
SL002640,P49763,3078-1_2,PlGF,Placenta growth factor,P49763,5228,PGF,SL002640
SL005152,Q99969,3079-62_2,TIG2,Retinoic acid receptor responder protein 2,Q99969,5919,RARRES2,SL005152
SL005227,Q9BZM6,3081-70_2,ULBP-1,NKG2D ligand 1,Q9BZM6,80329,ULBP1,SL005227
SL005228,Q9BZM5,3082-9_2,ULBP-2,NKG2D ligand 2,Q9BZM5,80328,ULBP2,SL005228
SL005233,Q9HAV5,3083-71_1,XEDAR,Tumor necrosis factor receptor superfamily member 27,Q9HAV5,60401,EDA2R,SL005233
SL004771,O14965,3091-70_2,Aurora kinase A,Aurora kinase A,O14965,6790,AURKA,SL004771
SL004750,Q9UMR2,3104-8_2,DEAD-box protein 19B,ATP-dependent RNA helicase DDX19B,Q9UMR2,11269,DDX19B,SL004750
SL006918,P28482,3115-64_2,MK01,Mitogen-activated protein kinase 1,P28482,5594,MAPK1,SL006918
SL003733,Q9NR28,3122-6_2,SMAC,"Diablo homolog, mitochondrial",Q9NR28,56616,DIABLO,SL003733
SL004486,P49767,3132-1_1,VEGF-C,Vascular endothelial growth factor C,P49767,7424,VEGFC,SL004486
SL002524,P01730,3143-3_1,sCD4,T-cell surface glycoprotein CD4,P01730,920,CD4,SL002524
SL003305,P01589,3151-6_1,IL-2 sRa,Interleukin-2 receptor subunit alpha,P01589,3559,IL2RA,SL003305
SL001800,P20333,3152-57_1,TNF sR-II,Tumor necrosis factor receptor superfamily member 1B,P20333,7133,TNFRSF1B,SL001800
SL005215,P20138,3166-92_1,Siglec-3,Myeloid cell surface antigen CD33,P20138,945,CD33,SL005215
SL004626,Q9UNA0,3168-8_2,ADAMTS-5,A disintegrin and metalloproteinase with thrombospondin motifs 5,Q9UNA0,11096,ADAMTS5,SL004626
SL010368,P35475,3169-70_2,IDUA,alpha-L-iduronidase,P35475,3425,IDUA,SL010368
SL007261,P50579,3170-6_1,AMPM2,Methionine aminopeptidase 2,P50579,10988,METAP2,SL007261
SL004469,P05067,3171-57_2,amyloid precursor protein,Amyloid beta A4 protein,P05067,351,APP,SL004469
SL008956,P15848,3172-28_2,ARSB,Arylsulfatase B,P15848,411,ARSB,SL008956
SL008611,Q02083,3173-49_2,ASAHL,N-acylethanolamine-hydrolyzing acid amidase,Q02083,27163,NAAA,SL008611
SL008421,Q9UHI8,3174-2_1,ATS1,A disintegrin and metalloproteinase with thrombospondin motifs 1,Q9UHI8,9510,ADAMTS1,SL008421
SL006610,Q76LX8,3175-51_5,ATS13,A disintegrin and metalloproteinase with thrombospondin motifs 13,Q76LX8,11093,ADAMTS13,SL006610
SL010369,P22748,3177-49_2,Carbonic Anhydrase IV,Carbonic anhydrase 4,P22748,762,CA4,SL010369
SL007280,P53634,3178-5_2,CATC,Dipeptidyl peptidase 1,P53634,1075,CTSC,SL007280
SL009213,P10619,3179-51_2,Cathepsin A,Lysosomal protective protein,P10619,5476,CTSA,SL009213
SL000344,P07339,3180-46_2,Cathepsin D,Cathepsin D,P07339,1509,CTSD,SL000344
SL004673,P25774,3181-50_2,Cathepsin S,Cathepsin S,P25774,1520,CTSS,SL004673
SL010371,P49961,3182-38_2,CD39,Ectonucleoside triphosphate diphosphohydrolase 1,P49961,953,ENTPD1,SL010371
SL000358,P08709,3184-25_2,Coagulation Factor VII,Coagulation Factor VII,P08709,2155,F7,SL000358
SL002525,P06681,3186-2_2,C2,Complement C2,P06681,717,C2,SL002525
SL007284,P54108,3187-52_2,CRIS3,Cysteine-rich secretory protein 3,P54108,10321,CRISP3,SL007284
SL010372,P98073,3189-61_2,Enterokinase,Enteropeptidase,P98073,5651,TMPRSS15,SL010372
SL000658,P54826,3190-43_1,GAS1,Growth arrest-specific protein 1,P54826,2619,GAS1,SL000658
SL012783,Q96NZ8,3191-50_2,WFKN1,"WAP, kazal, immunoglobulin, kunitz and NTR domain-containing protein 1",Q96NZ8,117166,WFIKKN1,SL012783
SL002695,Q96KP4,3192-3_2,Glutamate carboxypeptidase,Cytosolic non-specific dipeptidase,Q96KP4,55748,CNDP2,SL002695
SL008759,Q9HCN6,3194-36_2,GPVI,Platelet glycoprotein VI,Q9HCN6,51206,GP6,SL008759
SL000678,P22749,3195-50_2,Granulysin,Granulysin,P22749,10578,GNLY,SL000678
SL008023,P10915,3196-6_2,HPLN1,Hyaluronan and proteoglycan link protein 1,P10915,1404,HAPLN1,SL008023
SL007122,P14735,3197-70_2,IDE,Insulin-degrading enzyme,P14735,3416,IDE,SL007122
SL008639,P22304,3198-4_1,IDS,Iduronate 2-sulfatase,P22304,3423,IDS,SL008639
SL003916,Q9UKR0,3199-54_2,kallikrein 12,Kallikrein-12,Q9UKR0,43849,KLK12,SL003916
SL003918,Q9UKR3,3200-49_2,kallikrein 13,Kallikrein-13,Q9UKR3,26085,KLK13,SL003918
SL003863,Q9Y337,3201-49_2,kallikrein 5,Kallikrein-5,Q9Y337,25818,KLK5,SL003863
SL010393,Q8NCW0,3202-28_2,KREM2,Kremen protein 2,Q8NCW0,79412,KREMEN2,SL010393
SL007100,P09960,3204-2_2,LKHA4,Leukotriene A-4 hydrolase,P09960,4048,LTA4H,SL007100
SL008904,Q9Y5Y7,3206-4_2,LYVE1,Lymphatic vessel endothelial hyaluronic acid receptor 1,Q9Y5Y7,10894,LYVE1,SL008904
SL006992,O15232,3208-2_4,MATN3,Matrilin-3,O15232,4148,MATN3,SL006992
SL005437,Q9NQ76,3209-69_1,MEPE,Matrix extracellular phosphoglycoprotein,Q9NQ76,56955,MEPE,SL005437
SL010374,P53582,3210-1_2,METAP1,Methionine aminopeptidase 1,P53582,23173,METAP1,SL010374
SL010375,Q9NR71,3212-30_3,ASAH2,Neutral ceramidase,Q9NR71,56624,ASAH2,SL010375
SL000640,P14543,3213-65_2,Nidogen,Nidogen-1,P14543,4811,NID1,SL000640
SL006397,O14786,3214-3_2,NRP1,Neuropilin-1,O14786,8829,NRP1,SL006397
SL005797,P01833,3216-2_2,PIGR,Polymeric immunoglobulin receptor,P01833,5284,PIGR,SL005797
SL004457,P07093,3217-74_2,Protease nexin I,Glia-derived nexin,P07093,5270,SERPINE2,SL004457
SL000158,Q04609,3218-8_2,PSMA,Glutamate carboxypeptidase 2,Q04609,2346,FOLH1,SL000158
SL010378,P07949,3220-40_2,RET,Proto-oncogene tyrosine-protein kinase receptor Ret,P07949,5979,RET,SL010378
SL003770,Q8N474,3221-54_1,SARP-2,Secreted frizzled-related protein 1,Q8N474,6422,SFRP1,SL003770
SL010379,Q14563,3222-11_2,Semaphorin 3A,Semaphorin-3A,Q14563,10371,SEMA3A,SL010379
SL004118,P13686,3232-28_2,TrATPase,Tartrate-resistant acid phosphatase type 5,P13686,54,ACP5,SL004118
SL010390,Q76M96,3234-23_2,URB,Coiled-coil domain-containing protein 80,Q76M96,151887,CCDC80,SL010390
SL010391,Q8TEU8,3235-50_2,WFKN2,"WAP, Kazal, immunoglobulin, Kunitz and NTR domain-containing protein 2",Q8TEU8,124857,WFIKKN2,SL010391
SL004661,P16112,3280-49_2,Aggrecan,Aggrecan core protein,P16112,176,ACAN,SL004661
SL006803,Q9Y5C1,3281-19_1,ANGL3,Angiopoietin-related protein 3,Q9Y5C1,27329,ANGPTL3,SL006803
SL006544,Q15582,3283-21_1,BGH3,Transforming growth factor-beta-induced protein ig-h3,Q15582,7045,TGFBI,SL006544
SL007804,P21810,3284-75_1,BGN,Biglycan,P21810,633,BGN,SL007804
SL000310,P00736,3285-23_2,C1r,Complement C1r subcomponent,P00736,715,C1R,SL000310
SL010449,Q9NS85,3289-19_2,Carbonic Anhydrase X,Carbonic anhydrase-related protein 10,Q9NS85,56934,CA10,SL010449
SL008773,Q6YHK3,3290-50_2,CD109,CD109 antigen,Q6YHK3,135228,CD109,SL008773
SL002706,P06734,3291-30_2,CD23,Low affinity immunoglobulin epsilon Fc receptor,P06734,2208,FCER2,SL002706
SL010450,P09326,3292-75_1,CD48,CD48 antigen,P09326,962,CD48,SL010450
SL006108,O43866,3293-2_4,CD5L,CD5 antigen-like,O43866,922,CD5L,SL006108
SL010451,P0CG37,3294-55_2,CFC1,Cryptic protein,P0CG37,55997,CFC1,SL010451
SL008623,Q02246,3296-92_2,CNTN2,Contactin-2,Q02246,6900,CNTN2,SL008623
SL010454,Q8IWV2,3298-52_2,Contactin-4,Contactin-4,Q8IWV2,152330,CNTN4,SL010454
SL010455,O94779,3299-29_2,Contactin-5,Contactin-5,O94779,53942,CNTN5,SL010455
SL007049,O76096,3302-58_1,CYTF,Cystatin-F,O76096,8530,CST7,SL007049
SL004438,Q15828,3303-23_2,Cystatin M,Cystatin-M,Q15828,1474,CST6,SL004438
SL010457,Q9NR61,3305-6_1,DLL4,Delta-like protein 4,Q9NR61,54567,DLL4,SL010457
SL017613,"P12318,P31994",3310-62_1,FCG2A/B,Low affinity immunoglobulin gamma Fc region receptor II-a/b,P12318 P31994,,FCGR2A FCGR2B,SL017613
SL008609,O75015,3311-27_1,FCG3B,Low affinity immunoglobulin gamma Fc region receptor III-B,O75015,2215,FCGR3B,SL008609
SL010461,P12314,3312-64_1,FCGR1,High affinity immunoglobulin gamma Fc receptor I,P12314,2209,FCGR1A,SL010461
SL006542,Q15485,3313-21_2,FCN2,Ficolin-2,Q15485,2220,FCN2,SL006542
SL004858,P56159,3314-74_2,GFRa-1,GDNF family receptor alpha-1,P56159,2674,GFRA1,SL004858
SL010463,Q8N158,3315-15_1,GPC2,Glypican-2,Q8N158,221914,GPC2,SL010463
SL004466,P05546,3316-58_1,Heparin cofactor II,Heparin cofactor 2,P05546,3053,SERPIND1,SL004466
SL004860,O43464,3317-33_1,HTRA2,"Serine protease HTRA2, mitochondrial",O43464,27429,HTRA2,SL004860
SL005087,Q16270,3320-49_2,IGFBP-7,Insulin-like growth factor-binding protein 7,Q16270,3490,IGFBP7,SL005087
SL007385,Q13007,3321-2_2,IL24,Interleukin-24,Q13007,11009,IL24,SL007385
SL010464,Q6UXM1,3322-52_2,LRIG3,Leucine-rich repeats and immunoglobulin-like domains protein 3,Q6UXM1,121227,LRIG3,SL010464
SL004610,Q14114,3323-37_1,LRP8,Low-density lipoprotein receptor-related protein 8,Q14114,7804,LRP8,SL004610
SL007674,Q9HBG7,3324-51_1,LY9,T-lymphocyte surface antigen Ly-9,Q9HBG7,4063,LY9,SL007674
SL010465,O00339,3325-2_2,MATN2,Matrilin-2,O00339,4147,MATN2,SL010465
SL004805,Q9BY67,3326-58_2,Nectin-like protein 2,Cell adhesion molecule 1,Q9BY67,23705,CADM1,SL004805
SL007673,Q9HB63,3327-27_1,NET4,Netrin-4,Q9HB63,59277,NTN4,SL007673
SL004515,O75594,3329-14_2,PGRP-S,Peptidoglycan recognition protein 1,O75594,8993,PGLYRP1,SL004515
SL010468,Q6NW40,3331-8_1,RGMB,RGM domain family member B,Q6NW40,285704,RGMB,SL010468
SL010469,Q6ZVN8,3332-57_1,RGM-C,Hemojuvelin,Q6ZVN8,148738,HFE2,SL010469
SL001998,P10646,3336-50_1,TFPI,Tissue factor pathway inhibitor,P10646,7035,TFPI,SL001998
SL007206,P35442,3339-33_1,TSP2,Thrombospondin-2,P35442,7058,THBS2,SL007206
SL007207,P35443,3340-53_1,TSP4,Thrombospondin-4,P35443,7060,THBS4,SL007207
SL006892,P00519,3341-33_4,ABL1,Tyrosine-protein kinase ABL1,P00519,25,ABL1,SL006892
SL005574,Q03154,3343-1_4,Aminoacylase-1,Aminoacylase-1,Q03154,95,ACY1,SL005574
SL000272,P01008,3344-60_4,Antithrombin III,Antithrombin-III,P01008,462,SERPINC1,SL000272
SL010520,Q96GD4,3346-72_2,AURKB,Aurora kinase B,Q96GD4,9212,AURKB,SL010520
SL002792,P25098,3347-9_2,BARK1,beta-adrenergic receptor kinase 1,P25098,156,ADRBK1,SL002792
SL003994,P13497,3348-49_2,BMP-1,Bone morphogenetic protein 1,P13497,649,BMP1,SL003994
SL010491,Q9UQM7,3350-53_2,CAMK2A,Calcium/calmodulin-dependent protein kinase type II subunit alpha,Q9UQM7,815,CAMK2A,SL010491
SL010492,Q13554,3351-1_1,CAMK2B,Calcium/calmodulin-dependent protein kinase type II subunit beta,Q13554,816,CAMK2B,SL010492
SL010288,P23280,3352-80_3,Carbonic anhydrase 6,Carbonic anhydrase 6,P23280,765,CA6,SL010288
SL004868,P43166,3356-50_1,Carbonic anhydrase VII,Carbonic anhydrase 7,P43166,766,CA7,SL004868
SL010495,"P24941,P20248",3357-67_2,CDK2/cyclin A,Cyclin-dependent kinase 2:Cyclin-A2 complex,P24941 P20248,"1,017,890",CDK2 CCNA2,SL010495
SL010496,"Q00535,Q15078",3358-51_2,CDK5/p35,Cyclin-dependent kinase 5:Cyclin-dependent kinase 5 activator 1 complex,Q00535 Q15078,"10,208,851",CDK5 CDK5R1,SL010496
SL010522,"P49336,P24863",3359-11_2,CDK8/cyclin C,Cyclin-dependent kinase 8:Cyclin-C complex,P49336 P24863,"1,024,892",CDK8 CCNC,SL010522
SL003726,O96017,3360-50_4,Chk2,Serine/threonine-protein kinase Chk2,O96017,11200,CHEK2,SL003726
SL010610,Q9UJ71,3361-26_2,CLC4K,C-type lectin domain family 4 member K,Q9UJ71,50489,CD207,SL010610
SL009400,Q9BU40,3362-61_2,CRDL1,Chordin-like protein 1,Q9BU40,91851,CHRDL1,SL009400
SL004781,P41240,3363-31_4,CSK,Tyrosine-protein kinase CSK,P41240,1445,CSK,SL004781
SL006910,O60911,3364-76_2,Cathepsin V,Cathepsin L2,O60911,1515,CTSV,SL006910
SL010612,Q9UBT3,3365-7_2,Dkk-4,Dickkopf-related protein 4,Q9UBT3,27121,DKK4,SL010612
SL006550,Q16610,3366-51_2,ECM1,Extracellular matrix protein 1,Q16610,1893,ECM1,SL006550
SL006777,Q9UGM5,3367-8_3,FETUB,Fetuin-B,Q9UGM5,26998,FETUB,SL006777
SL004654,P20718,3373-5_2,Granzyme H,Granzyme H,P20718,2999,GZMH,SL004654
SL010499,P08631,3374-49_2,HCK,Tyrosine-protein kinase HCK,P08631,3055,HCK,SL010499
SL010613,Q8NFM7,3376-49_2,IL-17 RD,Interleukin-17 receptor D,Q8NFM7,54756,IL17RD,SL010613
SL000064,P49862,3378-49_2,Kallikrein 7,Kallikrein-7,P49862,5650,KLK7,SL000064
SL007228,P41743,3379-29_1,KPCI,Protein kinase C iota type,P41743,5584,PRKCI,SL007228
SL010500,P07948,3381-24_2,LYNB,"Tyrosine-protein kinase Lyn, isoform B",P07948,4067,LYN,SL010500
SL010508,O75914,3387-1_2,PAK3,Serine/threonine-protein kinase PAK 3,O75914,5063,PAK3,SL010508
SL010510,Q9P286,3388-58_2,PAK7,Serine/threonine-protein kinase PAK 7,Q9P286,57144,PAK7,SL010510
SL000550,P05154,3389-7_2,PCI,Plasma serine protease inhibitor,P05154,5104,SERPINA5,SL000550
SL010512,"P42336,P27986",3390-72_2,PIK3CA/PIK3R1,"Phosphatidylinositol 4,5-bisphosphate 3-kinase catalytic subunit alpha isoform:Phosphatidylinositol 3-kinase regulatory subunit alpha complex",P42336 P27986,"52,905,295",PIK3CA PIK3R1,SL010512
SL007250,P48736,3391-10_2,PK3CG,"Phosphatidylinositol 4,5-bisphosphate 3-kinase catalytic subunit gamma isoform",P48736,5294,PIK3CG,SL007250
SL017614,Family,3392-68_2,PKB a/b/g,Protein kinase B alpha/beta/gamma,Family,8413,,SL017614
SL005258,P53350,3394-81_2,PLK-1,Serine/threonine-protein kinase PLK1,P53350,5347,PLK1,SL005258
SL000565,P00797,3396-54_2,Renin,Renin,P00797,5972,REN,SL000565
SL010616,Q06124,3397-7_4,SHP-2,Tyrosine-protein phosphatase non-receptor type 11,Q06124,5781,PTPN11,SL010616
SL007560,Q8WWQ8,3399-31_2,STAB2,Stabilin-2,Q8WWQ8,55576,STAB2,SL007560
SL007747,Q9UHD2,3400-49_2,TBK1,Serine/threonine-protein kinase TBK1,Q9UHD2,29110,TBK1,SL007747
SL005261,P17706,3401-8_2,TCPTP,Tyrosine-protein phosphatase non-receptor type 2,P17706,5771,PTPN2,SL005261
SL010617,P20231,3403-1_2,TPSB2,Tryptase beta-2,P20231,64499,TPSB2,SL010617
SL010619,Q9NRR2,3404-51_2,TPSG1,Tryptase gamma,Q9NRR2,25823,TPSG1,SL010619
SL010529,Q9Y3C8,3405-6_2,UFC1,Ubiquitin-fold modifier-conjugating enzyme 1,Q9Y3C8,51506,UFC1,SL010529
SL000104,P10415,3412-7_1,Bcl-2,Apoptosis regulator Bcl-2,P10415,596,BCL2,SL000104
SL003703,Q16548,3413-50_2,BFL1,Bcl-2-related protein A1,Q16548,597,BCL2A1,SL003703
SL006374,P51813,3414-40_2,BMX,Cytoplasmic tyrosine-protein kinase BMX,P51813,660,BMX,SL006374
SL004660,P21815,3415-61_2,BSP,Bone sialoprotein 2,P21815,3381,IBSP,SL004660
SL010521,Q06187,3416-2_2,BTK,Tyrosine-protein kinase BTK,Q06187,695,BTK,SL010521
SL010490,Q8IU85,3418-12_2,CAMK1D,Calcium/calmodulin-dependent protein kinase type 1D,Q8IU85,57118,CAMK1D,SL010490
SL010493,Q13557,3419-49_2,CAMK2D,Calcium/calmodulin-dependent protein kinase type II subunit delta,Q13557,817,CAMK2D,SL010493
SL004869,Q8N1Q1,3420-21_2,Carbonic anhydrase XIII,Carbonic anhydrase 13,Q8N1Q1,377677,CA13,SL004869
SL004635,P32971,3421-54_2,CD30 Ligand,Tumor necrosis factor ligand superfamily member 8,P32971,944,TNFSF8,SL004635
SL010494,"P06493,P14635",3422-4_2,CDK1/cyclin B,Cyclin-dependent kinase 1:G2/mitotic-specific cyclin-B1 complex,P06493 P14635,"983,891",CDC2 CCNB1,SL010494
SL005250,P23946,3423-59_2,Chymase,Chymase,P23946,1215,CMA1,SL005250
SL007324,P68400,3427-63_2,CSK21,Casein kinase II subunit alpha,P68400,1457,CSNK2A1,SL007324
SL004137,P21709,3431-54_2,EphA1,Ephrin type-A receptor 1,P21709,2041,EPHA1,SL004137
SL010498,P29320,3432-21_2,EPHA3,Ephrin type-A receptor 3,P29320,2042,EPHA3,SL010498
SL010349,P02751,3434-34_1,FN1.3,Fibronectin Fragment 3,P02751,2335,FN1,SL010349
SL010348,P02751,3435-53_2,FN1.4,Fibronectin Fragment 4,P02751,2335,FN1,SL010348
SL004636,P36888,3437-80_3,Flt-3,Receptor-type tyrosine-protein kinase FLT3,P36888,2322,FLT3,SL004636
SL009324,O95633,3438-10_2,FSTL3,Follistatin-related protein 3,O95633,10272,FSTL3,SL009324
SL004298,P12544,3440-7_2,granzyme A,Granzyme A,P12544,3001,GZMA,SL004298
SL017188,"P49840,P49841",3441-64_2,GSK-3 alpha/beta,Glycogen synthase kinase-3 alpha/beta,P49840 P49841,"29,312,932",GSK3A GSK3B,SL017188
SL010523,Q9H422,3443-61_2,HIPK3,Homeodomain-interacting protein kinase 3,Q9H422,10114,HIPK3,SL010523
SL004151,Q13261,3445-53_2,IL-15 Ra,Interleukin-15 receptor subunit alpha,Q13261,3601,IL15RA,SL004151
SL004152,Q13478,3446-7_2,IL-18 Ra,Interleukin-18 receptor 1,Q13478,8809,IL18R1,SL004152
SL000039,P10145,3447-64_2,IL-8,Interleukin-8,P10145,3576,CXCL8,SL000039
SL004125,P06213,3448-13_2,IR,Insulin receptor,P06213,3643,INSR,SL004125
SL004876,P29622,3449-58_2,Kallistatin,Kallistatin,P29622,5267,SERPINA4,SL004876
SL001797,Q92876,3450-4_2,Kallikrein 6,Kallikrein-6,Q92876,5653,KLK6,SL001797
SL006916,P06239,3452-17_2,LCK,Tyrosine-protein kinase Lck,P06239,3932,LCK,SL006916
SL006917,P07948,3453-87_2,LYN,Tyrosine-protein kinase Lyn,P07948,4067,LYN,SL006917
SL005084,Q15063,3457-57_1,Periostin,Periostin,Q15063,10631,POSTN,SL005084
SL004155,P09619,3459-49_2,PDGF Rb,Platelet-derived growth factor receptor beta,P09619,5159,PDGFRB,SL004155
SL009089,Q96GW7,3461-58_1,PGCB,Brevican core protein,Q96GW7,63827,BCAN,SL009089
SL010513,P17612,3466-8_2,PRKACA,cAMP-dependent protein kinase catalytic subunit alpha,P17612,5566,PRKACA,SL010513
SL010515,P51812,3469-74_1,RPS6KA3,Ribosomal protein S6 kinase alpha-3,P51812,6197,RPS6KA3,SL010515
SL001945,P16581,3470-1_2,sE-Selectin,E-Selectin,P16581,6401,SELE,SL001945
SL010517,O75716,3471-49_1,STK16,Serine/threonine-protein kinase 16,O75716,8576,STK16,SL010517
SL000582,O15392,3472-40_2,Survivin,Baculoviral IAP repeat-containing protein 5,O15392,332,BIRC5,SL000582
SL005224,P40238,3473-78_2,Thrombopoietin Receptor,Thrombopoietin Receptor,P40238,4352,MPL,SL005224
SL002705,P07996,3474-19_2,Thrombospondin-1,Thrombospondin-1,P07996,7057,THBS1,SL002705
SL005225,P04629,3477-63_2,TrkA,High affinity nerve growth factor receptor,P04629,4914,NTRK1,SL005225
SL006480,P35030,3479-71_2,TRY3,Trypsin-3,P35030,5646,PRSS3,SL006480
SL008122,P51452,3480-7_1,DUS3,Dual specificity protein phosphatase 3,P51452,1845,DUSP3,SL008122
SL011073,Q9NQW7,3481-87_1,XPNPEP1,Xaa-Pro aminopeptidase 1,Q9NQW7,7511,XPNPEP1,SL011073
SL000271,P01019,3484-60_2,Angiotensinogen,Angiotensinogen,P01019,183,AGT,SL000271
SL000283,P61769,3485-28_2,b2-Microglobulin,Beta-2-microglobulin,P61769,567,B2M,SL000283
SL000299,P05230,3486-58_2,b-ECGF,Fibroblast growth factor 1,P05230,2246,FGF1,SL000299
SL003167,O43927,3487-32_2,BLC,C-X-C motif chemokine 13,O43927,10563,CXCL13,SL003167
SL000342,P04040,3488-64_2,Catalase,Catalase,P04040,847,CAT,SL000342
SL004331,P26441,3489-9_2,CNTF,Ciliary Neurotrophic Factor,P26441,1270,CNTF,SL004331
SL000408,P01588,3492-58_1,Epo,Erythropoietin,P01588,2056,EPO,SL000408
SL004335,O60258,3494-71_3,FGF-17,Fibroblast growth factor 17,O60258,8822,FGF17,SL004335
SL003172,P80162,3495-15_2,GCP-2,C-X-C motif chemokine 6,P80162,6372,CXCL6,SL003172
SL002075,P01563,3497-13_2,IFN-aA,Interferon alpha-2,P01563,3440,IFNA2,SL002075
SL001713,Q16552,3498-53_2,IL-17,Interleukin-17A,Q16552,3605,IL17A,SL001713
SL004350,Q9UHF5,3499-77_2,IL-17B,Interleukin-17B,Q9UHF5,27190,IL17B,SL004350
SL003179,"P56199,P05556",3503-4_2,Integrin a1b1,Integrin alpha-I: beta-1 complex,P56199 P05556,"36,723,688",ITGA1 ITGB1,SL003179
SL004536,P81172,3504-58_2,LEAP-1,Hepcidin,P81172,57817,HAMP,SL004536
SL000507,"P01374,Q06643",3505-6_2,Lymphotoxin a1/b2,Lymphotoxin alpha1:beta2,P01374 Q06643,"40,494,050",LTA LTB,SL000507
SL000508,"P01374,Q06643",3506-49_1,Lymphotoxin a2/b1,Lymphotoxin alpha2:beta1,P01374 Q06643,"40,494,050",LTA LTB,SL000508
SL003187,O00626,3508-78_3,MDC,C-C motif chemokine 22,O00626,6367,CCL22,SL003187
SL003190,Q16663,3509-1_1,MIP-5,C-C motif chemokine 15,Q16663,6359,CCL15,SL003190
SL004008,P24158,3514-49_2,Proteinase-3,Myeloblastin,P24158,5657,PRTN3,SL004008
SL004712,P48061,3516-60_2,SDF-1,Stromal cell-derived factor 1,P48061,6387,CXCL12,SL004712
SL004015,Q96IY4,3518-54_2,TAFI,Carboxypeptidase B2,Q96IY4,1361,CPB2,SL004015
SL003196,Q92583,3519-3_2,TARC,C-C motif chemokine 17,Q92583,6361,CCL17,SL003196
SL000089,P10600,3520-58_1,TGF-b3,Transforming growth factor beta-3,P10600,7043,TGFB3,SL000089
SL000589,"P01215,P01222",3521-16_2,TSH,Thyroid Stimulating Hormone,P01215 P01222,"108,112,372",CGA TSHB,SL000589
SL000615,P01282,3522-57_1,Vasoactive Intestinal Peptide,Vasoactive Intestinal Peptide,P01282,7432,VIP,SL000615
SL003862,P29965,3534-14_2,"CD40 ligand, soluble",CD40 ligand,P29965,959,CD40LG,SL003862
SL004367,O94907,3535-84_1,DKK1,Dickkopf-related protein 1,O94907,22943,DKK1,SL004367
SL009216,P20711,3538-26_1,dopa decarboxylase,Aromatic-L-amino-acid decarboxylase,P20711,1644,DDC,SL009216
SL004258,Q15848,3554-24_1,Adiponectin,Adiponectin,Q15848,9370,ADIPOQ,SL004258
SL000249,P01009,3580-25_8,a1-Antitrypsin,Alpha-1-antitrypsin,P01009,5265,SERPINA1,SL000249
SL000251,P02765,3581-53_3,a2-HS-Glycoprotein,Alpha-2-HS-glycoprotein,P02765,197,AHSG,SL000251
SL005392,P15289,3583-54_1,Arylsulfatase A,Arylsulfatase A,P15289,410,ARSA,SL005392
SL009341,P35613,3585-54_4,BASI,Basigin,P35613,682,BSG,SL009341
SL007056,O95393,3587-53_1,BMP10,Bone morphogenetic protein 10,O95393,27302,BMP10,SL007056
SL000311,P09871,3590-8_3,C1s,Complement C1s subcomponent,P09871,716,C1S,SL000311
SL004865,P55285,3591-51_3,Cadherin-6,Cadherin-6,P55285,1004,CDH6,SL004865
SL010489,Q14012,3592-4_3,CAMK1,Calcium/calmodulin-dependent protein kinase type 1,Q14012,8536,CAMK1,SL010489
SL003711,P42574,3593-72_3,Caspase-3,Caspase-3,P42574,836,CASP3,SL003711
SL007121,P14091,3594-6_5,CATE,Cathepsin E,P14091,1510,CTSE,SL007121
SL006029,Q13231,3600-2_3,Chitotriosidase-1,Chitotriosidase-1,Q13231,1118,CHIT1,SL006029
SL008936,O00533,3601-54_3,CHL1,Neural cell adhesion molecule L1-like protein,O00533,10752,CHL1,SL008936
SL007640,Q9BXN2,3603-60_4,CLC7A,C-type lectin domain family 7 member A,Q9BXN2,64581,CLEC7A,SL007640
SL006694,Q96KN2,3604-6_4,CNDP1,Beta-Ala-His dipeptidase,Q96KN2,84735,CNDP1,SL006694
SL011049,P48740,3605-77_4,MASP3,Mannan-binding lectin serine protease 1,P48740,5648,MASP1,SL011049
SL004120,Q16832,3606-2_1,Discoidin domain receptor 2,Discoidin domain-containing receptor 2,Q16832,4921,DDR2,SL004120
SL009412,Q9UBP4,3607-71_1,DKK3,Dickkopf-related protein 3,Q9UBP4,27122,DKK3,SL009412
SL008916,Q9UHL4,3608-12_1,DPP2,Dipeptidyl peptidase 2,Q9UHL4,29952,DPP7,SL008916
SL004060,P42892,3611-70_4,Endothelin-converting enzyme 1,Endothelin-converting enzyme 1,P42892,1889,ECE1,SL004060
SL004845,P54760,3612-6_4,EphB4,Ephrin type-B receptor 4,P54760,2050,EPHB4,SL004845
SL010462,O00602,3613-62_5,FCN1,Ficolin-1,O00602,2219,FCN1,SL010462
SL008504,P15586,3616-3_5,GNS,N-acetylglucosamine-6-sulfatase,P15586,2799,GNS,SL008504
SL006512,Q04756,3617-80_4,HGFA,Hepatocyte growth factor activator,Q04756,3083,HGFAC,SL006512
SL007806,Q8N6P7,3620-67_5,IL22RA1,Interleukin-22 receptor subunit alpha-1,Q8N6P7,58985,IL22RA1,SL007806
SL008909,Q99538,3622-33_4,LGMN,Legumain,Q99538,5641,LGMN,SL008909
SL007059,O95711,3623-84_4,LY86,Lymphocyte antigen 86,O95711,9450,LY86,SL007059
SL011069,Q9BQR3,3624-3_4,Marapsin,Serine protease 27,Q9BQR3,83886,PRSS27,SL011069
SL010376,Q495T6,3627-71_4,MMEL2,Membrane metallo-endopeptidase-like 1,Q495T6,79258,MMEL1,SL010376
SL010501,P36507,3628-3_4,MP2K2,Dual specificity mitogen-activated protein kinase kinase 2,P36507,5605,MAP2K2,SL010501
SL006805,Q9Y5S2,3629-60_4,MRCKB,Serine/threonine-protein kinase MRCK beta,Q9Y5S2,9578,CDC42BPB,SL006805
SL004804,Q8N126,3630-27_4,Nectin-like protein 1,Cell adhesion molecule 3,Q8N126,57863,CADM3,SL004804
SL008193,Q14112,3633-70_1,NID2,Nidogen-2,Q14112,22795,NID2,SL008193
SL005491,Q14982,3634-5_4,OBCAM,Opioid-binding protein/cell adhesion molecule,Q14982,4978,OPCML,SL005491
SL010530,Q9NX40,3635-76_4,OCAD1,OCIA domain-containing protein 1,Q9NX40,54940,OCIAD1,SL010530
SL007327,P78380,3636-37_4,OLR1,Oxidized low-density lipoprotein receptor 1,P78380,4973,OLR1,SL007327
SL005263,P30533,3640-14_3,RAP,alpha-2-macroglobulin receptor-associated protein,P30533,4043,LRPAP1,SL005263
SL000566,P02753,3641-49_4,RBP,Retinol-binding protein 4,P02753,5950,RBP4,SL000566
SL008588,Q9UIB8,3642-4_1,SLAF5,SLAM family member 5,Q9UIB8,8832,CD84,SL008588
SL010381,Q9UK85,3644-5_4,Soggy-1,Dickkopf-like protein 1,Q9UK85,27120,DKKL1,SL010381
SL010518,P42680,3646-7_4,TEC,Tyrosine-protein kinase Tec,P42680,7006,TEC,SL010518
SL018625,"O00206,Q9Y6Y9",3647-49_4,TLR4:MD-2 complex,Toll-like receptor 4:Lymphocyte antigen 96 complex,O00206 Q9Y6Y9,"709,923,643",TLR4 LY96,SL018625
SL003201,P35968,3651-50_5,VEGF sR2,Vascular endothelial growth factor receptor 2,P35968,3791,KDR,SL003201
SL007531,Q8N8U9,3654-27_4,BMPER,BMP-binding endothelial regulator protein,Q8N8U9,168667,BMPER,SL007531
SL004864,P55289,3656-9_1,Cadherin-12,Cadherin-12,P55289,1010,CDH12,SL004864
SL004720,P63098,3657-74_3,Calcineurin B a,Calcineurin subunit B type 1,P63098,5534,PPP3R1,SL004720
SL007471,Q5KU26,3665-64_3,COLEC12,Collectin-12,Q5KU26,81035,COLEC12,SL007471
SL006830,Q9BXR6,3666-17_4,complement factor H-related 5,Complement factor H-related protein 5,Q9BXR6,81494,CFHR5,SL006830
SL003679,P11717,3676-15_3,IGF-II receptor,Cation-independent mannose-6-phosphate receptor,P11717,3482,IGF2R,SL003679
SL003919,Q9P0G3,3681-87_3,kallikrein 14,Kallikrein-14,Q9P0G3,43847,KLK14,SL003919
SL004580,P21757,3684-78_3,Macrophage scavenger receptor,Macrophage scavenger receptor types I and II,P21757,4481,MSR1,SL004580
SL010466,Q9BY79,3685-53_1,MFRP,Membrane frizzled-related protein,Q9BY79,83552,MFRP,SL010466
SL000467,P01857,3700-15_4,IgG,Immunoglobulin G,P01857,"3,500,350,135,023,500,000,000,000",IGHG1 IGHG2 IGHG3 IGHG4 IGK IGL,SL000467
SL000254,P02768,3707-12_2,Albumin,Serum albumin,P02768,213,ALB,SL000254
SL000252,P01023,3708-62_1,a2-Macroglobulin,Alpha-2-macroglobulin,P01023,2,A2M,SL000252
SL000617,P24298,3709-4_2,ALT,Alanine aminotransferase 1,P24298,2875,GPT,SL000617
SL000268,P00747,3710-49_2,Angiostatin,Angiostatin,P00747,5340,PLG,SL000268
SL000382,"P12277,P06732",3714-49_2,CK-MB,Creatine kinase M-type:Creatine kinase B-type heterodimer,P12277 P06732,"11,521,158",CKB CKM,SL000382
SL000458,P15260,3716-63_2,IFN-g R1,Interferon gamma receptor 1,P15260,3459,IFNGR1,SL000458
SL000076,P46527,3719-2_2,p27Kip1,Cyclin-dependent kinase inhibitor 1B,P46527,1027,CDKN1B,SL000076
SL002517,P01375,3722-49_2,TNF-a,Tumor necrosis factor,P01375,7124,TNF,SL002517
SL000306,P16860,3723-1_2,BNP-32,Brain natriuretic peptide 32,P16860,4879,NPPB,SL000306
SL003970,P01270,3726-62_4,PTH,Parathyroid hormone,P01270,5741,PTH,SL003970
SL011509,P10082,3727-35_1,PYY,Peptide YY,P10082,5697,PYY,SL011509
SL000570,P09683,3728-52_2,Secretin,Secretin,P09683,6343,SCT,SL000570
SL011510,P61278,3729-16_2,Somatostatin-28,Somatostatin-28,P61278,6750,SST,SL011510
SL011448,P43489,3730-81_2,TNR4,Tumor necrosis factor receptor superfamily member 4,P43489,7293,TNFRSF4,SL011448
SL003993,P22004,3736-60_3,BMP-6,Bone morphogenetic protein 6,P22004,654,BMP6,SL003993
SL000346,P09668,3737-6_3,Cathepsin H,Cathepsin H,P09668,1512,CTSH,SL000346
SL002684,P09603,3738-54_1,CSF-1,Macrophage colony-stimulating factor 1,P09603,1435,CSF1,SL002684
SL000542,"P08514,P05106",3739-72_4,gpIIbIIIa,Integrin alpha-IIb: beta-3 complex,P08514 P05106,"36,743,690",ITGA2B ITGB3,SL000542
SL000481,P05113,3741-4_3,IL-5,Interleukin-5,P05113,3567,IL5,SL000481
SL000645,P09238,3743-1_2,MMP-10,Stromelysin-2,P09238,4319,MMP10,SL000645
SL003974,P04070,3758-68_3,Activated Protein C,Activated Protein C,P04070,5624,PROC,SL003974
SL000027,P35354,3761-4_2,COX-2,Prostaglandin G/H synthase 2,P35354,5743,PTGS2,SL000027
SL004304,Q16623,3766-51_4,STX1a,Syntaxin-1A,Q16623,6804,STX1A,SL004304
SL003200,Q02763,3773-15_4,sTie-2,"Angiopoietin-1 receptor, soluble",Q02763,7010,TEK,SL003200
SL004642,Q13443,3795-6_2,ADAM 9,Disintegrin and metalloproteinase domain-containing protein 9,Q13443,8754,ADAM9,SL004642
SL007642,Q9BY76,3796-79_2,ANGL4,Angiopoietin-related protein 4,Q9BY76,51129,ANGPTL4,SL007642
SL000638,P19022,3797-1_1,Cadherin-2,Cadherin-2,P19022,1000,CDH2,SL000638
SL005508,Q16790,3798-71_1,Carbonic anhydrase 9,Carbonic anhydrase 9,Q16790,768,CA9,SL005508
SL004867,P07451,3799-11_2,Carbonic anhydrase III,Carbonic anhydrase 3,P07451,761,CA3,SL004867
SL000377,P12277,3800-71_2,CK-BB,Creatine kinase B-type,P12277,1152,CKB,SL000377
SL007888,P01036,3802-50_1,Cystatin-S,Cystatin-S,P01036,1472,CST4,SL007888
SL008382,P28325,3803-10_2,CYTD,Cystatin-D,P28325,1473,CST5,SL008382
SL007403,Q13316,3804-66_2,DMP1,Dentin matrix acidic phosphoprotein 1,Q13316,1758,DMP1,SL007403
SL010458,Q9NQ30,3805-16_2,Endocan,Endothelial cell-specific molecule 1,Q9NQ30,11082,ESM1,SL010458
SL004844,P54756,3806-55_1,EphA5,Ephrin type-A receptor 5,P54756,2044,EPHA5,SL004844
SL007651,Q9GZV9,3807-1_2,FGF23,Fibroblast growth factor 23,Q9GZV9,8074,FGF23,SL007651
SL003990,P21802,3808-76_2,FGFR-2,Fibroblast growth factor receptor 2,P21802,2263,FGFR2,SL003990
SL004063,P22607,3809-1_2,FGFR-3,Fibroblast growth factor receptor 3,P22607,2261,FGFR3,SL004063
SL006912,P09769,3810-50_2,FGR,Tyrosine-protein kinase Fgr,P09769,2268,FGR,SL006912
SL002086,O75636,3811-1_2,Ficolin-3,Ficolin-3,O75636,8547,FCN3,SL002086
SL006913,P06241,3813-3_2,FYN,Tyrosine-protein kinase Fyn,P06241,2534,FYN,SL006913
SL007423,Q14626,3814-63_1,IL-11 RA,Interleukin-11 receptor subunit alpha,Q14626,3590,IL11RA,SL007423
SL007620,Q99665,3815-14_1,IL-12 RB2,Interleukin-12 receptor subunit beta-2,Q99665,3595,IL12RB2,SL007620
SL007358,Q04759,3817-18_1,KPCT,Protein kinase C theta type,Q04759,5588,PRKCQ,SL007358
SL010503,P49137,3820-68_2,MAPK2,MAP kinase-activated protein kinase 2,P49137,9261,MAPKAPK2,SL010503
SL010504,Q8IW41,3821-28_1,MAPK5,MAP kinase-activated protein kinase 5,Q8IW41,8550,MAPKAPK5,SL010504
SL004765,Q16644,3822-54_2,MAPKAPK3,MAP kinase-activated protein kinase 3,Q16644,7867,MAPKAPK3,SL004765
SL010505,P42679,3823-9_1,MATK,Megakaryocyte-associated tyrosine-protein kinase,P42679,4145,MATK,SL010505
SL010502,P45983,3825-18_2,MK08,Mitogen-activated protein kinase 8,P45983,5599,MAPK8,SL010502
SL010509,Q9NQU5,3827-22_1,PAK6,Serine/threonine-protein kinase PAK 6,Q9NQU5,56924,PAK6,SL010509
SL011071,Q9NRA1,3828-54_2,PDGF-CC,Platelet-derived growth factor C,Q9NRA1,56034,PDGFC,SL011071
SL003761,P60484,3831-21_1,pTEN,"Phosphatidylinositol 3,4,5-trisphosphate 3-phosphatase and dual-specificity protein phosphatase PTEN",P60484,5728,PTEN,SL003761
SL010514,Q13882,3832-51_1,PTK6,Protein-tyrosine kinase 6,Q13882,5753,PTK6,SL010514
SL010467,Q96B86,3833-10_2,RGMA,Repulsive guidance molecule A,Q96B86,56963,RGMA,SL010467
SL004492,O60603,3835-11_2,TLR2,Toll-like receptor 2,O60603,7097,TLR2,SL004492
SL010528,P61960,3836-51_2,UFM1,Ubiquitin-fold modifier 1,P61960,51569,UFM1,SL010528
SL011629,O00170,3839-60_2,AIP,AH receptor-interacting protein,O00170,9049,AIP,SL011629
SL004823,P62937,3844-2_1,Cyclophilin A,Peptidyl-prolyl cis-trans isomerase A,P62937,5478,PPIA,SL004823
SL011530,Q9NP97,3845-51_2,DLRB1,Dynein light chain roadblock-type 1,Q9NP97,83658,DYNLRB1,SL011530
SL011532,O95571,3847-56_2,ETHE1,"Persulfide dioxygenase ETHE1, mitochondrial",O95571,23474,ETHE1,SL011532
SL003785,P04406,3848-14_2,"GAPDH, liver",Glyceraldehyde-3-phosphate dehydrogenase,P04406,2597,GAPDH,SL003785
SL000449,P25685,3852-19_2,HSP 40,DnaJ homolog subfamily B member 1,P25685,3337,DNAJB1,SL000449
SL008102,P40925,3853-56_1,MDHC,"Malate dehydrogenase, cytoplasmic",P40925,4190,MDH1,SL008102
SL011631,Q13765,3854-24_1,NACA,Nascent polypeptide-associated complex subunit alpha,Q13765,4666,NACA,SL011631
SL004919,Q06830,3855-56_1,Peroxiredoxin-1,Peroxiredoxin-1,Q06830,5052,PRDX1,SL004919
SL008063,P24666,3858-5_1,PPAC,Low molecular weight phosphotyrosine protein phosphatase,P24666,52,ACP1,SL008063
SL010973,P25786,3859-50_2,PSA1,Proteasome subunit alpha type-1,P25786,5682,PSMA1,SL010973
SL005630,P60900,3860-7_2,PSA6,Proteasome subunit alpha type-6,P60900,5687,PSMA6,SL005630
SL011528,P62081,3864-5_2,RS7,40S ribosomal protein S7,P62081,6201,RPS7,SL011528
SL006919,O75582,3865-53_1,RSK-like protein kinase,Ribosomal protein S6 kinase alpha-5,O75582,9252,RPS6KA5,SL006919
SL011529,Q9Y3A5,3866-7_2,SBDS,Ribosome maturation protein SBDS,Q9Y3A5,51119,SBDS,SL011529
SL011630,Q6UXD5,3867-49_1,SE6L2,Seizure 6-like protein 2,Q6UXD5,26470,SEZ6L2,SL011630
SL011533,O43765,3868-8_1,SGTA,Small glutamine-rich tetratricopeptide repeat-containing protein alpha,O43765,6449,SGTA,SL011533
SL005679,P13693,3872-2_1,TCTP,Translationally-controlled tumor protein,P13693,7178,TPT1,SL005679
SL000588,P07202,3873-51_2,TMA,Thyroid peroxidase,P07202,7173,TPO,SL000588
SL008157,P68036,3874-8_1,UB2L3,Ubiquitin-conjugating enzyme E2 L3,P68036,7332,UBE2L3,SL008157
SL011549,Q99856,3875-62_1,ARI3A,AT-rich interactive domain-containing protein 3A,Q99856,1820,ARID3A,SL011549
SL008835,P07306,3876-15_2,ASGR1,Asialoglycoprotein receptor 1,P07306,432,ASGR1,SL008835
SL004938,Q8N5S9,3877-67_2,CaMKK alpha,Calcium/calmodulin-dependent protein kinase kinase 1,Q8N5S9,84254,CAMKK1,SL004938
SL011232,Q16543,3879-50_1,CDC37,Hsp90 co-chaperone Cdc37,Q16543,11140,CDC37,SL011232
SL003753,P63167,3881-49_2,DLC8,"Dynein light chain 1, cytoplasmic",P63167,8655,DYNLL1,SL003753
SL005685,P24534,3882-10_1,EF-1-beta,Elongation factor 1-beta,P24534,1933,EEF1B2,SL005685
SL005687,P63241,3884-5_1,eIF-5A-1,Eukaryotic translation initiation factor 5A-1,P63241,1984,EIF5A,SL005687
SL009431,P49773,3886-72_1,HINT1,Histidine triad nucleotide-binding protein 1,P49773,3094,HINT1,SL009431
SL010927,Q14974,3887-90_2,IMB1,Importin subunit beta-1,Q14974,3837,KPNB1,SL010927
SL009628,Q9UK53,3888-8_1,ING1,Inhibitor of growth protein 1,Q9UK53,3621,ING1,SL009628
SL006132,P20700,3889-64_2,Lamin-B1,Lamin-B1,P20700,4001,LMNB1,SL006132
SL000493,P07195,3890-8_2,LDH-H 1,L-lactate dehydrogenase B chain,P07195,3945,LDHB,SL000493
SL009629,O95243,3891-56_1,MBD4,Methyl-CpG-binding domain protein 4,O95243,8930,MBD4,SL009629
SL010328,Q15648,3892-21_2,MED-1,Mediator of RNA polymerase II transcription subunit 1,Q15648,5469,MED1,SL010328
SL001905,Q13421,3893-64_1,Mesothelin,Mesothelin,Q13421,10232,MSLN,SL001905
SL005629,Q9UJ70,3894-15_2,NAGK,N-acetyl-D-glucosamine kinase,Q9UJ70,55577,NAGK,SL005629
SL004820,P18669,3896-5_2,Phosphoglycerate mutase 1,Phosphoglycerate mutase 1,P18669,5223,PGAM1,SL004820
SL011709,Q96GD0,3897-61_1,PLPP,Pyridoxal phosphate phosphatase,Q96GD0,57026,PDXP,SL011709
SL007266,P51665,3898-5_2,PSD7,26S proteasome non-ATPase regulatory subunit 7,P51665,5713,PSMD7,SL007266
SL008808,P63208,3902-21_2,SKP1,S-phase kinase-associated protein 1,P63208,6500,SKP1,SL008808
SL005372,O95219,3903-49_2,Sorting nexin 4,Sorting nexin-4,O95219,8723,SNX4,SL005372
SL008143,P61088,3905-62_1,UBE2N,Ubiquitin-conjugating enzyme E2 N,P61088,7334,UBE2N,SL008143
SL004119,Q08345,4122-12_2,discoidin domain receptor 1,Epithelial discoidin domain-containing receptor 1,Q08345,780,DDR1,SL004119
SL003171,P08620,4123-60_2,FGF-4,Fibroblast growth factor 4,P08620,2249,FGF4,SL003171
SL000451,P08107,4124-24_2,HSP 70,Heat shock 70 kDa protein 1A/1B,P08107,3303,HSPA1A,SL000451
SL003680,Q15109,4125-52_2,sRAGE,"Advanced glycosylation end product-specific receptor, soluble",Q15109,177,AGER,SL003680
SL004511,P17213,4126-22_1,BPI,Bactericidal permeability-increasing protein,P17213,671,BPI,SL004511
SL000322,P13671,4127-75_1,C6,Complement component C6,P13671,729,C6,SL000322
SL003104,O00175,4128-27_2,Eotaxin-2,C-C motif chemokine 24,O00175,6369,CCL24,SL003104
SL000414,P00751,4129-72_1,Factor B,Complement factor B,P00751,629,CFB,SL000414
SL004340,P10767,4130-71_1,FGF-6,Fibroblast growth factor 6,P10767,2251,FGF6,SL004340
SL000426,P02751,4131-72_2,Fibronectin,Fibronectin,P02751,2335,FN1,SL000426
SL000674,P19883,4132-27_2,FST,Follistatin,P19883,10468,FST,SL000674
SL004068,P10144,4133-54_2,Granzyme B,Granzyme B,P10144,3002,GZMB,SL004068
SL000138,Q99075,4134-4_2,HB-EGF,Heparin-binding EGF-like growth factor,Q99075,1839,HBEGF,SL000138
SL000461,P01854,4135-84_2,IgE,Immunoglobulin E,P01854,"3,497,508,023,535",IGHE IGK IGL,SL000461
SL004353,Q8TAD2,4136-40_2,IL-17D,Interleukin-17D,Q8TAD2,53342,IL17D,SL004353
SL004351,Q9H293,4137-57_2,IL-17E,Interleukin-25,Q9H293,64806,IL25,SL004351
SL004346,Q9NYY1,4138-25_2,IL-20,Interleukin-20,Q9NYY1,50604,IL20,SL004346
SL001943,P08887,4139-71_2,IL-6 sRa,Interleukin-6 receptor subunit alpha,P08887,3570,IL6R,SL001943
SL000483,P13232,4140-3_2,IL-7,Interleukin-7,P13232,3574,IL7,SL000483
SL003183,P02778,4141-79_1,IP-10,C-X-C motif chemokine 10,P02778,3627,CXCL10,SL003183
SL003186,P47992,4143-74_2,Lymphotactin,Lymphotactin,P47992,6375,XCL1,SL003186
SL000517,Q99616,4144-13_1,MCP-4,C-C motif chemokine 13,Q99616,6357,CCL13,SL000517
SL004359,P20783,4145-58_2,Neurotrophin-3,Neurotrophin-3,P20783,4908,NTF3,SL004359
SL004360,P34130,4146-58_2,Neurotrophin-5,Neurotrophin-4,P34130,4909,NTF4,SL004360
SL002755,Q13219,4148-49_2,PAPP-A,Pappalysin-1,Q13219,5069,PAPPA,SL002755
SL000537,P01127,4149-8_2,PDGF-BB,Platelet-derived growth factor subunit B,P01127,5155,PDGFB,SL000537
SL000540,P00747,4150-75_2,Plasmin,Plasmin,P00747,5340,PLG,SL000540
SL000541,P00747,4151-6_2,Plasminogen,Plasminogen,P00747,5340,PLG,SL000541
SL000545,P03952,4152-58_2,Prekallikrein,Plasma kallikrein,P03952,3818,KLKB1,SL000545
SL018548,"P07288,P01011",4153-11_2,alpha-1-antichymotrypsin complex,alpha-1-antichymotrypsin complex,P07288 P01011,,SERPINA3,SL018548
SL000560,P16109,4154-57_2,P-Selectin,P-Selectin,P16109,6403,SELP,SL000560
SL003198,P24821,4155-3_2,Tenascin,Tenascin,P24821,3371,TNC,SL003198
SL000088,P61812,4156-74_1,TGF-b2,Transforming growth factor beta-2,P61812,7042,TGFB2,SL000088
SL000586,P00734,4157-2_1,Thrombin,Thrombin,P00734,2147,F2,SL000586
SL000613,P00749,4158-54_2,uPA,Urokinase-type plasminogen activator,P00749,5328,PLAU,SL000613
SL000415,P08603,4159-130_1,Factor H,Complement factor H,P08603,3075,CFH,SL000415
SL000124,P08253,4160-49_1,MMP-2,72 kDa type IV collagenase,P08253,4313,MMP2,SL000124
SL000601,P02787,4162-54_2,Transferrin,Serotransferrin,P02787,7018,TF,SL000601
SL002093,P0C0S5,4163-5_2,Histone H2A.z,Histone H2A.z,P0C0S5,3015,H2AFZ,SL002093
SL000587,P01266,4165-2_1,Thyroglobulin,Thyroglobulin,P01266,7038,TG,SL000587
SL017611,"P31946,P62258,P61981,Q04917,P27348,P63104,P31947",4179-57_3,14-3-3,14-3-3 protein family,P31946 P62258 P61981 Q04917 P27348 P63104 P31947,"75,297,531,753,275,300,000,000,000,000",YWHAB YWHAE YWHAG YWHAH YWHAQ YWHAZ SFN,SL017611
SL008378,Q13542,4184-43_3,4EBP2,Eukaryotic translation initiation factor 4E-binding protein 2,Q13542,1979,EIF4EBP2,SL008378
SL000247,P52209,4187-49_2,6-Phosphogluconate dehydrogenase,"6-phosphogluconate dehydrogenase, decarboxylating",P52209,5226,PGD,SL000247
SL003658,O43488,4188-1_2,Aflatoxin B1 aldehyde reductase,Aflatoxin B1 aldehyde reductase member 2,O43488,8574,AKR7A2,SL003658
SL008039,P14550,4192-10_2,AK1A1,Alcohol dehydrogenase [NADP(+)],P14550,10327,AKR1A1,SL008039
SL011769,Q92688,4194-26_3,AN32B,Acidic leucine-rich nuclear phosphoprotein 32 family member B,Q92688,10541,ANP32B,SL011769
SL004920,P23528,4203-50_2,Cofilin-1,Cofilin-1,P23528,1072,CFL1,SL004920
SL004757,Q9NP79,4209-60_2,DRG-1,Vacuolar protein sorting-associated protein VTA1 homolog,Q9NP79,51534,VTA1,SL004757
SL009207,Q13561,4210-19_2,Dynactin subunit 2,Dynactin subunit 2,Q13561,10540,DCTN2,SL009207
SL012188,Q9UBC2,4212-5_3,EP15R,Epidermal growth factor receptor substrate 15-like 1,Q9UBC2,58513,EPS15L1,SL012188
SL004795,Q99714,4217-49_3,ERAB,3-hydroxyacyl-CoA dehydrogenase type-2,Q99714,3028,HSD17B10,SL004795
SL005588,P16591,4220-39_2,FER,Tyrosine-protein kinase Fer,P16591,2241,FER,SL005588
SL007022,O60506,4224-7_2,HNRPQ,Heterogeneous nuclear ribonucleoprotein Q,O60506,10492,SYNCRIP,SL007022
SL004899,P11142,4228-37_2,HSP70 protein 8,Heat shock cognate 71 kDa protein,P11142,3312,HSPA8,SL004899
SL011211,P78344,4230-1_2,IF4G2,Eukaryotic translation initiation factor 4 gamma 2,P78344,1982,EIF4G2,SL011211
SL003304,P08069,4232-19_2,IGF-I sR,Insulin-like growth factor 1 receptor,P08069,3480,IGF1R,SL003304
SL004146,Q01638,4234-8_2,IL-1 R4,Interleukin-1 receptor-like 1,Q01638,9173,IL1RL1,SL004146
SL011770,Q9UIC8,4237-70_3,LCMT1,Leucine carboxyl methyltransferase 1,Q9UIC8,51451,LCMT1,SL011770
SL012168,Q9HAP6,4238-4_2,LIN7B,Protein lin-7 homolog B,Q9HAP6,64130,LIN7B,SL012168
SL002650,P14618,4240-31_2,M2-PK,Pyruvate kinase PKM,P14618,5315,PKM2,SL002650
SL001999,Q00987,4245-80_2,MDM2,E3 ubiquitin-protein ligase Mdm2,Q00987,4193,MDM2,SL001999
SL004154,P32004,4246-40_2,NCAM-L1,Neural cell adhesion molecule L1,P32004,3897,L1CAM,SL004154
SL004921,P22392,4249-64_2,NDP kinase B,Nucleoside diphosphate kinase B,P22392,4831,NME2,SL004921
SL006268,Q9UNZ2,4250-23_3,NSF1C,NSFL1 cofactor p47,Q9UNZ2,55968,NSFL1C,SL006268
SL003687,P15531,4252-33_4,Nucleoside diphosphate kinase A,Nucleoside diphosphate kinase A,P15531,4830,NME1,SL003687
SL011768,Q8IVD9,4254-6_2,NUDC3,NudC domain-containing protein 3,Q8IVD9,23386,NUDCD3,SL011768
SL008331,Q9UQ80,4258-15_2,PA2G4,Proliferation-associated protein 2G4,Q9UQ80,5036,PA2G4,SL008331
SL005493,P27169,4261-55_2,paraoxonase 1,Serum paraoxonase/arylesterase 1,P27169,5444,PON1,SL005493
SL011772,O00541,4267-81_3,PESC,Pescadillo homolog,O00541,23481,PES1,SL011772
SL006705,Q99471,4271-75_2,PFD5,Prefoldin subunit 5,Q99471,5204,PFDN5,SL006705
SL000539,P06744,4272-46_2,PHI,Glucose-6-phosphate isomerase,P06744,2821,GPI,SL000539
SL005358,P30086,4276-10_2,prostatic binding protein,Phosphatidylethanolamine-binding protein 1,P30086,5037,PEBP1,SL005358
SL004901,P07237,4278-14_3,Protein disulfide-isomerase,Protein disulfide-isomerase,P07237,5034,P4HB,SL004901
SL008865,P25787,4280-47_2,PSA2,Proteasome subunit alpha type-2,P25787,5683,PSMA2,SL008865
SL005034,P62826,4282-3_2,RAN,GTP-binding nuclear protein Ran,P62826,5901,RAN,SL005034
SL011535,Q14498,4284-18_3,RBM39,RNA-binding protein 39,Q14498,9584,RBM39,SL011535
SL011202,P54920,4292-5_3,SNAA,Alpha-soluble NSF attachment protein,P54920,8775,NAPA,SL011202
SL006088,Q9NYA1,4294-16_2,Sphingosine kinase 1,Sphingosine kinase 1,Q9NYA1,8877,SPHK1,SL006088
SL005115,Q9HCB6,4297-62_3,Spondin-1,Spondin-1,Q9HCB6,10418,SPON1,SL005115
SL000057,P04183,4301-58_2,Thymidine kinase,"Thymidine kinase, cytosolic",P04183,7083,TK1,SL000057
SL006698,Q8N3X6,4304-18_2,"transcription factor MLR1, isoform CRA_b",Ligand-dependent nuclear receptor corepressor-like protein,Q8N3X6,254251,LCORL,SL006698
SL003655,P29401,4306-4_2,Transketolase,Transketolase,P29401,7086,TKT,SL003655
SL004812,P60174,4309-59_3,Triosephosphate isomerase,Triosephosphate isomerase,P60174,7167,TPI1,SL004812
SL011809,Q9H773,4314-12_2,XTP3A,dCTP pyrophosphatase 1,Q9H773,79077,DCTPP1,SL011809
SL004940,P29350,4318-12_3,PTP-1C,Tyrosine-protein phosphatase non-receptor type 6,P29350,5777,PTPN6,SL004940
SL013489,Q9BXJ7,4322-28_3,AMNLS,Protein amnionless,Q9BXJ7,81693,AMN,SL013489
SL008516,P09228,4324-33_2,CYTT,Cystatin-SA,P09228,1470,CST2,SL008516
SL013490,Q9BWV1,4328-2_2,BOC,Brother of CDO,Q9BWV1,91653,BOC,SL013490
SL000062,P07288,4330-4_2,PSA,Prostate-specific antigen,P07288,354,KLK3,SL000062
SL013488,Q9P126,4332-6_2,CLC1B,C-type lectin domain family 1 member B,Q9P126,51266,CLEC1B,SL013488
SL000572,P0DJI8,4336-2_1,SAA,Serum amyloid A-1 protein,P0DJI8,6288,SAA1,SL000572
SL000051,P02741,4337-49_2,CRP,C-reactive protein,P02741,1401,CRP,SL000051
SL002922,P05362,4342-10_3,sICAM-1,Intercellular adhesion molecule 1,P05362,3383,ICAM1,SL002922
SL007752,Q9UIK4,4355-13_1,DAPK2,Death-associated protein kinase 2,Q9UIK4,23604,DAPK2,SL007752
SL013570,O43781,4359-87_1,DYRK3,Dual specificity tyrosine-phosphorylation-regulated kinase 3,O43781,8444,DYRK3,SL013570
SL000305,P01138,4368-8_2,b-NGF,beta-nerve growth factor,P01138,4803,NGF,SL000305
SL004837,"P08476,P09529",4383-97_1,Activin AB,Inhibin beta A chain:Inhibin beta B chain heterodimer,P08476 P09529,"36,243,625",INHBA INHBB,SL004837
SL007003,O43323,4389-2_1,DHH,Desert hedgehog protein N-product,O43323,50846,DHH,SL007003
SL005161,P61328,4392-54_2,FGF-12,Fibroblast growth factor 12,P61328,2257,FGF12,SL005161
SL004334,O43320,4393-3_1,FGF-16,Fibroblast growth factor 16,O43320,8823,FGF16,SL004334
SL014308,P55075,4394-71_2,FGF-8A,Fibroblast growth factor 8 isoform A,P55075,2253,FGF8,SL014308
SL004348,Q8IU54,4396-54_1,IFN-lambda 1,Interferon lambda-1,Q8IU54,282618,IFNL1,SL004348
SL004349,Q8IZJ0,4397-26_2,IFN-lambda 2,Interferon lambda-2,Q8IZJ0,282616,IFNL2,SL004349
SL005202,P26927,4407-10_1,MSP,Hepatocyte growth factor-like protein,P26927,4485,MST1,SL005202
SL001888,P03973,4413-3_2,SLPI,Antileukoproteinase,P03973,6590,SLPI,SL001888
SL004484,P35247,4414-69_2,SP-D,Pulmonary surfactant-associated protein D,P35247,6441,SFTPD,SL004484
SL009988,O43184,4420-7_2,ADAM12,Disintegrin and metalloproteinase domain-containing protein 12,O43184,8038,ADAM12,SL009988
SL003674,Q07817,4423-77_2,BCL2-like 1 protein,Bcl-2-like protein 1,Q07817,598,BCL2L1,SL003674
SL013988,Q9Y4C5,4428-1_2,CHST2,Carbohydrate sulfotransferase 2,Q9Y4C5,9435,CHST2,SL013988
SL014130,Q9GZX3,4429-51_2,CHST6,Carbohydrate sulfotransferase 6,Q9GZX3,4166,CHST6,SL014130
SL006713,Q9BWP8,4430-44_3,Collectin Kidney 1,Collectin-11,Q9BWP8,78989,COLEC11,SL006713
SL009045,Q6UWV6,4435-66_2,ENPP7,Ectonucleotide pyrophosphatase/phosphodiesterase family member 7,Q6UWV6,339221,ENPP7,SL009045
SL014093,O75355,4436-1_2,ENTP3,Ectonucleoside triphosphate diphosphohydrolase 3,O75355,956,ENTPD3,SL014093
SL014028,O75356,4437-56_3,ENTP5,Ectonucleoside triphosphate diphosphohydrolase 5,O75356,957,ENTPD5,SL014028
SL014088,Q96P31,4440-15_2,FCRL3,Fc receptor-like protein 3,Q96P31,115352,FCRL3,SL014088
SL007024,O60565,4449-67_3,GREM1,Gremlin-1,O60565,26585,GREM1,SL007024
SL009791,Q99729,4450-26_2,hnRNP A/B,Heterogeneous nuclear ribonucleoprotein A/B,Q99729,3182,HNRNPAB,SL009791
SL014096,Q86UE6,4452-9_2,LRRT1,Leucine-rich repeat transmembrane neuronal protein 1,Q86UE6,347730,LRRTM1,SL014096
SL014108,Q86VH5,4453-83_3,LRRT3,Leucine-rich repeat transmembrane neuronal protein 3,Q86VH5,347731,LRRTM3,SL014108
SL006523,Q08431,4455-89_2,MFGM,Lactadherin,Q08431,4240,MFGE8,SL006523
SL014069,Q16549,4459-68_2,PCSK7,Proprotein convertase subtilisin/kexin type 7,Q16549,9159,PCSK7,SL014069
SL006998,O15530,4460-8_2,PDPK1,3-phosphoinositide-dependent protein kinase 1,O15530,5170,PDPK1,SL006998
SL013754,P20936,4462-8_2,RASA1,Ras GTPase-activating protein 1,P20936,5921,RASA1,SL013754
SL001753,Q9BZZ2,4464-10_2,Sialoadhesin,Sialoadhesin,Q9BZZ2,6614,SIGLEC1,SL001753
SL005488,Q14515,4467-49_2,SPARCL1,SPARC-like protein 1,Q14515,8404,SPARCL1,SL005488
SL014029,Q9NRA0,4468-21_2,SPHK2,Sphingosine kinase 2,Q9NRA0,56848,SPHK2,SL014029
SL007502,Q7LFX5,4469-78_2,ST4S6,Carbohydrate sulfotransferase 15,Q7LFX5,51363,CHST15,SL007502
SL008945,Q08188,4471-50_2,TGM3,Protein-glutamine gamma-glutamyltransferase E,Q08188,7053,TGM3,SL008945
SL004908,P07951,4472-5_2,Tropomyosin 2,Tropomyosin beta chain,P07951,7169,TPM2,SL004908
SL004070,P62979,4474-19_2,Ubiquitin,Ubiquitin,P62979,6233,RPS27A,SL004070
SL010519,P43403,4476-22_2,ZAP70,Tyrosine-protein kinase ZAP-70,P43403,7535,ZAP70,SL010519
SL000308,P05155,4479-14_2,C1-Esterase Inhibitor,Plasma protease C1 inhibitor,P05155,710,SERPING1,SL000308
SL000314,P01024,4480-59_2,C3b,Complement C3b,P01024,718,C3,SL000314
SL000316,"P0C0L4,P0C0L5",4481-34_2,C4,Complement C4,P0C0L4 P0C0L5,"720,721",C4A C4B,SL000316
SL000321,"P01031,P13671",4482-66_2,"C5b, 6 Complex",Complement C5b-C6 complex,P01031 P13671,"727,729",C5 C6,SL000321
SL001691,P21781,4487-1_1,FGF7,Fibroblast growth factor 7,P21781,2252,FGF7,SL001691
SL005187,P26951,4490-65_2,IL-3 Ra,Interleukin-3 receptor subunit alpha,P26951,3563,IL3RA,SL005187
SL005188,Q01344,4491-4_2,IL-5 Ra,Interleukin-5 receptor subunit alpha,Q01344,3568,IL5RA,SL005188
SL000470,P20809,4493-92_1,IL-11,Interleukin-11,P20809,3589,IL11,SL000470
SL005184,"P29460,Q9NPF7",4494-63_2,IL-23,Interleukin-23,P29460 Q9NPF7,"359,351,561",IL12B IL23A,SL005184
SL017189,P01042,4495-33_2,"Kininogen, HMW",Kininogen-1,P01042,3827,KNG1,SL017189
SL000522,P39900,4496-60_2,MMP-12,Macrophage metalloelastase,P39900,4321,MMP12,SL000522
SL003764,P13591,4498-62_2,NCAM-120,"Neural cell adhesion molecule 1, 120 kDa isoform",P13591,4684,NCAM1,SL003764
SL000535,P04085,4499-21_1,PDGF-AA,Platelet-derived growth factor subunit A,P04085,5154,PDGFA,SL000535
SL004363,Q9Y240,4500-50_2,SCGF-alpha,Stem Cell Growth Factor-alpha,Q9Y240,6320,CLEC11A,SL004363
SL012740,Q8TE58,4533-76_2,ATS15,A disintegrin and metalloproteinase with thrombospondin motifs 15,Q8TE58,170689,ADAMTS15,SL012740
SL012822,Q9GZN4,4534-10_2,BSSP4,Brain-specific serine protease 4,Q9GZN4,64063,PRSS22,SL012822
SL008644,Q10588,4535-50_2,BST1,ADP-ribosyl cyclase/cyclic ADP-ribose hydrolase 2,Q10588,683,BST1,SL008644
SL009768,P45973,4540-11_2,CBX5,Chromobox protein homolog 5,P45973,23468,CBX5,SL009768
SL014092,Q4KMG0,4541-49_2,CDON,Cell adhesion molecule-related/down-regulated by oncogenes,Q4KMG0,50937,CDON,SL014092
SL001896,P10909,4542-24_2,Clusterin,Clusterin,P10909,1191,CLU,SL001896
SL014048,Q86Y22,4543-65_2,CONA1,Collagen alpha-1(XXIII) chain,Q86Y22,91522,COL23A1,SL014048
SL004708,P02775,4544-4_3,CTAP-III,Connective tissue-activating peptide III,P02775,5473,PPBP,SL004708
SL006197,Q96DA6,4545-53_3,DnaJ homolog,Mitochondrial import inner membrane translocase subunit TIM14,Q96DA6,131118,DNAJC19,SL006197
SL008822,Q9UHX3,4546-27_3,EMR2,EGF-like module-containing mucin-like hormone receptor-like 2,Q9UHX3,30817,EMR2,SL008822
SL014071,Q9NZU1,4547-59_2,FLRT1,Leucine-rich repeat transmembrane protein FLRT1,Q9NZU1,23769,FLRT1,SL014071
SL005575,P21217,4548-4_2,Fucosyltransferase 3,Galactoside 3(4)-L-fucosyltransferase,P21217,2525,FUT3,SL005575
SL014008,Q11128,4549-78_2,FUT5,"Alpha-(1,3)-fucosyltransferase 5",Q11128,2527,FUT5,SL014008
SL014094,Q8IZF4,4551-72_3,GP114,Probable G-protein coupled receptor 114,Q8IZF4,221188,GPR114,SL014094
SL014129,O60243,4552-13_2,H6ST1,Heparan-sulfate 6-O-sulfotransferase 1,O60243,9394,HS6ST1,SL014129
SL014009,Q7Z4V5,4553-65_3,HDGR2,Hepatoma-derived growth factor-related protein 2,Q7Z4V5,84717,HDGFRP2,SL014009
SL013548,Q6ZMJ4,4556-10_2,IL-34,Interleukin-34,Q6ZMJ4,146433,IL34,SL013548
SL014111,Q8IZU9,4557-61_2,KIRR3,Kin of IRRE-like protein 3,Q8IZU9,84623,KIRREL3,SL014111
SL013969,Q16719,4559-64_2,KYNU,Kynureninase,Q16719,8942,KYNU,SL013969
SL004299,Q96CA5,4561-65_2,Livin B,Baculoviral IAP repeat-containing protein 7 Isoform beta,Q96CA5,79444,BIRC7,SL004299
SL012457,P58417,4562-1_2,NXPH1,Neurexophilin-1,P58417,30010,NXPH1,SL012457
SL012108,P19174,4563-61_2,PLCG1,"1-phosphatidylinositol 4,5-bisphosphate phosphodiesterase gamma-1",P19174,5335,PLCG1,SL012108
SL006406,O60486,4564-2_2,PLXC1,Plexin-C1,O60486,10154,PLXNC1,SL006406
SL013989,Q6UXX9,4566-24_3,RSPO2,R-spondin-2,Q6UXX9,340419,RSPO2,SL013989
SL014468,O60880,4567-82_2,SH21A,SH2 domain-containing protein 1A,O60880,4068,SH2D1A,SL014468
SL014070,O94991,4568-17_2,SLIK5,SLIT and NTRK-like protein 5,O94991,26050,SLITRK5,SL014070
SL014091,Q96PQ0,4569-52_2,SORC2,VPS10 domain-containing receptor SorCS2,Q96PQ0,57537,SORCS2,SL014091
SL011499,P01298,4588-1_2,PH,Pancreatic hormone,P01298,5539,PPY,SL011499
SL011508,P18509,4593-11_1,PACAP-27,Pituitary adenylate cyclase-activating polypeptide 27,P18509,116,ADCYAP1,SL011508
SL011498,P18509,4594-22_2,PACAP-38,Pituitary adenylate cyclase-activating polypeptide 38,P18509,116,ADCYAP1,SL011498
SL000087,P05231,4673-13_2,IL-6,Interleukin-6,P05231,3569,IL6,SL000087
SL008085,P31937,4693-72_2,3HIDH,"3-hydroxyisobutyrate dehydrogenase, mitochondrial",P31937,11112,HIBADH,SL008085
SL001774,P05413,4696-2_2,FABP,"Fatty acid-binding protein, heart",P05413,2170,FABP3,SL001774
SL001726,P04141,4697-59_2,GM-CSF,Granulocyte-macrophage colony-stimulating factor,P04141,1437,CSF2,SL001726
SL000597,P01374,4703-87_2,TNF-b,Lymphotoxin-alpha,P01374,4049,LTA,SL000597
SL010830,P11171,4706-17_2,41,Protein 4.1,P11171,2035,EPB41,SL010830
SL004253,P14061,4708-3_2,17-beta-HSD 1,Estradiol 17-beta-dehydrogenase 1,P14061,3292,HSD17B1,SL004253
SL005361,P05090,4712-28_2,Apo D,Apolipoprotein D,P05090,347,APOD,SL005361
SL000479,P08700,4717-55_2,IL-3,Interleukin-3,P08700,3562,IL3,SL000479
SL007869,P23284,4718-5_2,PPIB,Peptidyl-prolyl cis-trans isomerase B,P23284,5479,PPIB,SL007869
SL003524,P30101,4719-58_2,Protein disulfide isomerase A3,Protein disulfide-isomerase A3,P30101,2923,PDIA3,SL003524
SL006119,Q07654,4721-54_2,TFF3,Trefoil factor 3,Q07654,7033,TFF3,SL006119
SL004742,P43652,4763-31_3,Afamin,Afamin,P43652,173,AFM,SL004742
SL008590,Q6UX06,4769-10_3,Olfactomedin-4,Olfactomedin-4,Q6UX06,10562,OLFM4,SL008590
SL012754,Q92484,4771-10_3,ASM3A,Acid sphingomyelinase-like phosphodiesterase 3a,Q92484,10924,SMPDL3A,SL012754
SL016129,Q9H098,4774-62_3,FAM107B,Protein FAM107B,Q9H098,83641,FAM107B,SL016129
SL005572,P06396,4775-34_3,Gelsolin,Gelsolin,P06396,2934,GSN,SL005572
SL000347,P08185,4785-30_3,CBG,Corticosteroid-binding globulin,P08185,866,SERPINA6,SL000347
SL007871,P30085,4786-58_3,Cytidylate kinase,UMP-CMP kinase,P30085,51727,CMPK1,SL007871
SL016148,Q70626,4792-51_2,C34 gp41 HIV Fragment,"gp41 C34 peptide, HIV",Q70626,,Human-virus,SL016148
SL007153,P22079,4801-13_3,PERL,Lactoperoxidase,P22079,4025,LPO,SL007153
SL008072,P27658,4807-13_3,CO8A1,Collagen alpha-1(VIII) chain,P27658,1295,COL8A1,SL008072
SL004739,Q14624,4811-33_3,ITI heavy chain H4,Inter-alpha-trypsin inhibitor heavy chain H4,Q14624,3700,ITIH4,SL004739
SL016128,O95881,4815-25_3,TXD12,Thioredoxin domain-containing protein 12,O95881,51060,TXNDC12,SL016128
SL001737,P31947,4829-43_6,STRATIFIN,14-3-3 protein sigma,P31947,2810,SFN,SL001737
SL002823,P14151,4831-4_2,sL-Selectin,L-Selectin,P14151,6402,SELL,SL002823
SL004156,O00220,4832-75_2,TRAIL R1,Tumor necrosis factor receptor superfamily member 10A,O00220,8797,TNFRSF10A,SL004156
SL002654,P29317,4834-61_2,Epithelial cell kinase,Ephrin type-A receptor 2,P29317,1969,EPHA2,SL002654
SL001729,P09919,4840-73_1,G-CSF,Granulocyte colony-stimulating factor,P09919,1440,CSF3,SL001729
SL000070,P51654,4842-62_2,Glypican 3,Glypican-3,P51654,2719,GPC3,SL000070
SL000125,P01583,4851-25_1,IL-1a,Interleukin-1 alpha,P01583,3552,IL1A,SL000125
SL004080,P36894,4859-6_1,BMPR1A,Bone morphogenetic protein receptor type-1A,P36894,657,BMPR1A,SL004080
SL004133,Q13873,4862-63_1,BMP RII,Bone morphogenetic protein receptor type-2,Q13873,659,BMPR2,SL004133
SL004160,Q16620,4866-59_2,TrkB,BDNF/NT-3 growth factors receptor,Q16620,4915,NTRK2,SL004160
SL003310,P15692,4867-15_2,VEGF121,"Vascular endothelial growth factor A, isoform 121",P15692,7422,VEGFA,SL003310
SL000003,P03950,4874-3_1,Angiogenin,Angiogenin,P03950,283,ANG,SL000003
SL003362,P01024,4875-73_1,C3d,Complement C3d fragment,P01024,718,C3,SL003362
SL000357,P00740,4876-32_1,Coagulation Factor IX,Coagulation factor IX,P00740,2158,F9,SL000357
SL000360,P00742,4878-3_1,Coagulation Factor X,Coagulation Factor X,P00742,2159,F10,SL000360
SL007756,Q9UK05,4880-21_1,GDF2,Growth/differentiation factor 2,Q9UK05,2658,GDF2,SL007756
SL000021,P01308,4883-56_2,Insulin,Insulin,P01308,3630,INS,SL000021
SL000516,P80098,4886-3_1,MCP-3,C-C motif chemokine 7,P80098,6354,CCL7,SL000516
SL009951,O00755,4889-82_1,WNT7A,Protein Wnt-7a,O00755,7476,WNT7A,SL009951
SL003461,P01189,4890-10_1,ACTH,Corticotropin,P01189,5443,POMC,SL003461
SL000433,P01275,4891-50_1,Glucagon,Glucagon,P01275,2641,GCG,SL000433
SL000313,P01024,4900-8_1,C3a,C3a anaphylatoxin,P01024,718,C3,SL000313
SL003657,"Q08209,P63098",4903-72_1,Calcineurin,Calcineurin,Q08209 P63098,"55,305,534",PPP3CA PPP3R1,SL003657
SL003710,P42575,4904-7_1,Caspase-2,Caspase-2,P42575,835,CASP2,SL003710
SL004814,Q14019,4905-63_1,Coactosin-like protein,Coactosin-like protein,Q14019,23406,COTL1,SL004814
SL000622,P12259,4906-35_1,Coagulation Factor V,Coagulation Factor V,P12259,2153,F5,SL000622
SL000022,"P02671,P02675,P02679",4907-56_1,D-dimer,D-dimer,P02671 P02675 P02679,"224,322,442,266",FGA FGB FGG,SL000022
SL004482,P17813,4908-6_1,Endoglin,Endoglin,P17813,2022,ENG,SL004482
SL005167,O00214,4909-68_1,Galectin-8,Galectin-8,O00214,3964,LGALS8,SL005167
SL004064,P04054,4910-21_1,GIB,Phospholipase A2,P04054,5319,PLA2G1B,SL004064
SL003643,P09211,4911-49_2,Glutathione S-transferase Pi,Glutathione S-transferase P,P09211,2950,GSTP1,SL003643
SL000280,P17174,4912-17_1,GOT1,"Aspartate aminotransferase, cytoplasmic",P17174,2805,GOT1,SL000280
SL003300,O15467,4913-78_1,HCC-4,C-C motif chemokine 16,O15467,6360,CCL16,SL003300
SL001766,"P01215,P01233",4914-10_1,HCG,Human Chorionic Gonadotropin,P01215 P01233,"10,811,082",CGA CGB,SL001766
SL000836,"P69905,P68871",4915-64_2,Hemoglobin,Hemoglobin,P69905 P68871,"30,393,043",HBA1 HBB,SL000836
SL000460,P01880,4916-2_1,IgD,Immunoglobulin D,P01880,"3,495,508,023,535",IGHD IGK IGL,SL000460
SL003182,"P06756,P18084",4917-62_1,Integrin aVb5,Integrin alpha-V: beta-5 complex,P06756 P18084,"36,853,693",ITGAV ITGB5,SL003182
SL004714,P42702,4919-56_2,LIF sR,Leukemia inhibitory factor receptor,P42702,3977,LIFR,SL004714
SL000510,P61626,4920-10_1,Lysozyme,Lysozyme C,P61626,4069,LYZ,SL000510
SL003189,Q99731,4922-13_1,MIP-3b,C-C motif chemokine 19,Q99731,6363,CCL19,SL003189
SL005201,P03971,4923-79_1,MIS,Muellerian-inhibiting factor,P03971,268,AMH,SL005201
SL000521,P03956,4924-32_1,MMP-1,Interstitial collagenase,P03956,4312,MMP1,SL000521
SL000523,P45452,4925-54_2,MMP-13,Collagenase 3,P45452,4322,MMP13,SL000523
SL005102,P04278,4929-55_1,SHBG,Sex hormone-binding globulin,P04278,6462,SHBG,SL005102
SL005789,P52823,4930-21_1,Stanniocalcin-1,Stanniocalcin-1,P52823,6781,STC1,SL005789
SL000024,P13726,4931-59_1,TF,Tissue Factor,P13726,2152,F3,SL000024
SL000139,O14944,4956-2_1,EPI,Epiregulin,O14944,2069,EREG,SL000139
SL004605,P08865,4957-1_2,40S ribosomal protein SA,40S ribosomal protein SA,P08865,3921,RPSA,SL004605
SL004925,O95994,4959-2_1,AGR2,Anterior gradient protein 2 homolog,O95994,10551,AGR2,SL004925
SL004208,P04083,4960-72_1,annexin I,Annexin A1,P04083,301,ANXA1,SL004208
SL004209,P07355,4961-17_1,annexin II,Annexin A2,P07355,302,ANXA2,SL004209
SL012538,Q49AH0,4962-52_1,ARMEL,Cerebral dopamine neurotrophic factor,Q49AH0,441549,CDNF,SL012538
SL011708,P56211,4963-19_1,ARP19,cAMP-regulated phosphoprotein 19,P56211,10776,ARPP19,SL011708
SL007729,Q9NZ08,4964-67_1,ARTS1,Endoplasmic reticulum aminopeptidase 1,Q9NZ08,51752,ERAP1,SL007729
SL005675,P06576,4965-27_1,ATP synthase beta chain,"ATP synthase subunit beta, mitochondrial",P06576,506,ATP5B,SL005675
SL008177,Q07021,4967-1_1,C1QBP,"Complement component 1 Q subcomponent-binding protein, mitochondrial",Q07021,708,C1QBP,SL008177
SL008099,P40121,4968-50_1,CAPG,Macrophage-capping protein,P40121,822,CAPG,SL008099
SL004866,P00915,4969-2_1,Carbonic anhydrase I,Carbonic anhydrase 1,P00915,759,CA1,SL004866
SL000339,P00918,4970-55_1,carbonic anhydrase II,Carbonic anhydrase 2,P00918,760,CA2,SL000339
SL008380,Q9UBR2,4971-1_1,CATZ,Cathepsin Z,Q9UBR2,1522,CTSZ,SL008380
SL003728,Q13489,4973-18_1,cIAP-2,Baculoviral IAP repeat-containing protein 3,Q13489,330,BIRC3,SL003728
SL013240,P46108,4976-57_1,CRK,Adapter molecule crk,P46108,1398,CRK,SL013240
SL011628,Q9UJU6,4978-54_2,DBNL,Drebrin-like protein,Q9UJU6,28988,DBNL,SL011628
SL008178,Q07507,4979-34_2,DERM,Dermatopontin,Q07507,1805,DPT,SL008178
SL008709,Q14574,4981-6_1,DSC3,Desmocollin-3,Q14574,1825,DSC3,SL008709
SL004458,P19957,4982-54_1,Elafin,Elafin,P19957,5266,PI3,SL004458
SL003522,P30040,4983-6_1,ERP29,Endoplasmic reticulum resident protein 29,P30040,10961,ERP29,SL003522
SL006378,P10768,4984-83_1,Esterase D,S-formylglutathione hydrolase,P10768,2098,ESD,SL006378
SL005352,Q01469,4985-11_1,FABPE,"Fatty acid-binding protein, epidermal",Q01469,2171,FABP5,SL005352
SL012248,Q05397,4986-59_1,FAK1,Focal adhesion kinase 1,Q05397,5747,PTK2,SL012248
SL010373,P24071,4987-17_1,FCAR,Immunoglobulin alpha Fc receptor,P24071,2204,FCAR,SL010373
SL002036,P22455,4988-49_2,FGFR4,Fibroblast growth factor receptor 4,P22455,2264,FGFR4,SL002036
SL003341,P02679,4989-7_1,Fibrinogen g-chain dimer,Fibrinogen gamma chain,P02679,2266,FGG,SL003341
SL006460,P07359,4990-87_1,GP1BA,Platelet glycoprotein Ib alpha chain,P07359,2811,GP1BA,SL006460
SL012469,P78333,4991-12_1,GPC5,Glypican-5,P78333,2262,GPC5,SL012469
SL007173,P28799,4992-49_1,GRN,Granulins,P28799,2896,GRN,SL007173
SL000670,Q16772,4993-16_1,GSTA3,Glutathione S-transferase A3,Q16772,2940,GSTA3,SL000670
SL002756,P61978,4994-178_1,hnRNP K,Heterogeneous nuclear ribonucleoprotein K,P61978,3190,HNRNPK,SL002756
SL003930,P15428,4995-16_1,HPG-,15-hydroxyprostaglandin dehydrogenase [NAD(+)],P15428,3248,HPGD,SL003930
SL006448,P04196,4996-66_1,HRG,Histidine-rich glycoprotein,P04196,3273,HRG,SL006448
SL011616,P38919,4997-19_1,IF4A3,Eukaryotic initiation factor 4A-III,P38919,9775,EIF4A3,SL011616
SL007025,O60674,4998-50_1,JAK2,Tyrosine-protein kinase JAK2,O60674,3717,JAK2,SL007025
SL006522,Q08380,5000-52_1,LG3BP,Galectin-3-binding protein,Q08380,3959,LGALS3BP,SL006522
SL001973,O75556,5001-6_2,Mammaglobin 2,Mammaglobin-B,O75556,4246,SCGB2A1,SL001973
SL002646,P50281,5002-76_1,MMP-14,Matrix metalloproteinase-14,P50281,4323,MMP14,SL002646
SL007453,Q15759,5004-69_1,MK11,Mitogen-activated protein kinase 11,Q15759,5600,MAPK11,SL007453
SL007281,P53778,5005-4_1,MK12,Mitogen-activated protein kinase 12,P53778,6300,MAPK12,SL007281
SL006993,O15264,5006-71_1,MK13,Mitogen-activated protein kinase 13,O15264,5603,MAPK13,SL006993
SL006920,Q16539,5007-1_1,MAPK14,Mitogen-activated protein kinase 14,Q16539,1432,MAPK14,SL006920
SL001815,P04179,5008-51_1,Mn SOD,"Superoxide dismutase [Mn], mitochondrial",P04179,6648,SOD2,SL001815
SL005846,P26038,5009-11_1,Moesin,Moesin,P26038,4478,MSN,SL005846
SL003685,P43490,5011-11_1,PBEF,Nicotinamide phosphoribosyltransferase,P43490,10135,NAMPT,SL003685
SL004296,P00568,5012-67_1,"Myokinase, human",Adenylate kinase isoenzyme 1,P00568,203,AK1,SL004296
SL004915,O00299,5013-2_1,NCC27,Chloride intracellular channel protein 1,O00299,1192,CLIC1,SL004915
SL006091,P16333,5014-49_1,NCK1,Cytoplasmic protein NCK1,P16333,4690,NCK1,SL006091
SL003440,Q13093,5015-15_1,PAFAH,Platelet-activating factor acetylhydrolase,Q13093,7941,PLA2G7,SL003440
SL008933,Q99497,5016-61_2,PARK7,Protein DJ-1,Q99497,11315,PARK7,SL008933
SL004932,P30044,5017-19_1,Peroxiredoxin-5,"Peroxiredoxin-5, mitochondrial",P30044,25824,PRDX5,SL004932
SL005694,P30041,5018-68_1,Peroxiredoxin-6,Peroxiredoxin-6,P30041,9588,PRDX6,SL005694
SL002803,P09936,5019-16_2,PGP9.5,Ubiquitin carboxyl-terminal hydrolase isozyme L1,P09936,7345,UCHL1,SL002803
SL003653,P00558,5020-50_1,phosphoglycerate kinase 1,Phosphoglycerate kinase 1,P00558,5230,PGK1,SL003653
SL004914,Q15181,5021-13_1,PPase,Inorganic pyrophosphatase,Q15181,5464,PPA1,SL004914
SL008176,Q06323,5022-61_1,PSME1,Proteasome activator complex subunit 1,Q06323,5720,PSME1,SL008176
SL009792,P30566,5023-23_1,PUR8,Adenylosuccinate lyase,P30566,158,ADSL,SL009792
SL002522,P06400,5024-67_1,Rb,Retinoblastoma-associated protein,P06400,5925,RB1,SL002522
SL008059,P23396,5026-66_1,RS3,40S ribosomal protein S3,P23396,6188,RPS3,SL008059
SL005764,Q86VB7,5028-59_1,sCD163,Scavenger receptor cysteine-rich type 1 protein M130,Q86VB7,9332,CD163,SL005764
SL006528,Q12884,5029-3_1,SEPR,Seprase,Q12884,2191,FAP,SL006528
SL006629,Q8IXJ6,5030-52_1,SIRT2,NAD-dependent protein deacetylase sirtuin-2,Q8IXJ6,22933,SIRT2,SL006629
SL008190,Q13813,5031-10_1,SPTA2,"Spectrin alpha chain, non-erythrocytic 1",Q13813,6709,SPTAN1,SL008190
SL009868,Q08945,5032-64_1,SSRP1,FACT complex subunit SSRP1,Q08945,6749,SSRP1,SL009868
SL004737,P09493,5033-27_1,Tropomyosin 1 alpha chain,Tropomyosin alpha-1 chain,P09493,7168,TPM1,SL004737
SL010388,P07478,5034-79_1,Trypsin 2,Trypsin-2,P07478,5645,PRSS2,SL010388
SL000142,P04818,5035-7_1,TS,Thymidylate synthase,P04818,7298,TYMS,SL000142
SL004782,P98066,5036-50_1,TSG-6,Tumor necrosis factor-inducible gene 6 protein,P98066,7130,TNFAIP6,SL004782
SL007464,Q16671,5059-8_3,AMHR2,Anti-Muellerian hormone type-2 receptor,Q16671,269,AMHR2,SL007464
SL004852,Q9NZQ7,5060-62_3,B7-H1,Programmed cell death 1 ligand 1,Q9NZQ7,29126,CD274,SL004852
SL004853,O75144,5061-27_3,B7-H2,ICOS ligand,O75144,23308,ICOSLG,SL004853
SL011100,Q15762,5062-60_3,CD226,CD226 antigen,Q15762,10666,CD226,SL011100
SL014270,Q08708,5066-134_3,CLM6,CMRF35-like molecule 6,Q08708,10871,CD300C,SL014270
SL014208,O95727,5068-54_3,CRTAM,Cytotoxic and regulatory T-cell molecule,O95727,56253,CRTAM,SL014208
SL004556,P08174,5069-9_3,DAF,Complement decay-accelerating factor,P08174,1604,CD55,SL004556
SL003739,O95407,5070-76_3,DcR3,Tumor necrosis factor receptor superfamily member 6B,O95407,8771,TNFRSF6B,SL003739
SL004857,Q14126,5071-3_3,Desmoglein-2,Desmoglein-2,Q14126,1829,DSG2,SL004857
SL004791,Q93038,5073-30_2,DR3,Tumor necrosis factor receptor superfamily member 25,Q93038,8718,TNFRSF25,SL004791
SL014294,Q5JZY3,5076-53_2,EPHAA,Ephrin type-A receptor 10,Q5JZY3,284656,EPHA10,SL014294
SL007179,P29323,5077-28_3,EPHB2,Ephrin type-B receptor 2,P29323,2048,EPHB2,SL007179
SL008414,O15197,5078-82_3,EphB6,Ephrin type-B receptor 6,O15197,2051,EPHB6,SL008414
SL004859,Q9Y5U5,5079-11_3,GITR,Tumor necrosis factor receptor superfamily member 18,Q9Y5U5,8784,TNFRSF18,SL004859
SL007429,Q14956,5080-131_3,GPNMB,Transmembrane glycoprotein NMB,Q14956,10457,GPNMB,SL007429
SL004849,Q9NP60,5082-51_3,IL-1 sR9,X-linked interleukin-1 receptor accessory protein-like 2,Q9NP60,26280,IL1RAPL2,SL004849
SL005174,Q9NRM6,5084-154_3,IL-17B R,interleukin-17 receptor B,Q9NRM6,55540,IL17RB,SL005174
SL005181,Q9UHF4,5085-18_3,IL-20 Ra,Interleukin-20 receptor subunit alpha,Q9UHF4,53832,IL20RA,SL005181
SL005183,Q969J5,5087-5_3,IL-22BP,Interleukin-22 receptor subunit alpha-2,Q969J5,116379,IL22RA2,SL005183
SL005185,Q5VWK5,5088-175_3,IL-23 R,Interleukin-23 receptor,Q5VWK5,149233,IL23R,SL005185
SL005189,P16871,5089-11_3,IL-7 Ra,Interleukin-7 receptor subunit alpha,P16871,3575,IL7R,SL005189
SL005190,Q8NHL6,5090-49_2,ILT-2,Leukocyte immunoglobulin-like receptor subfamily B member 1,Q8NHL6,10859,LILRB1,SL005190
SL005191,Q8N423,5091-28_3,ILT-4,Leukocyte immunoglobulin-like receptor subfamily B member 2,Q8N423,10288,LILRB2,SL005191
SL007328,P78504,5092-51_3,JAG1,Protein jagged-1,P78504,182,JAG1,SL007328
SL007774,Q9Y219,5093-47_3,JAG2,Protein jagged-2,Q9Y219,3714,JAG2,SL007774
SL009202,Q86YT9,5094-62_3,JAML1,Junctional adhesion molecule-like,Q86YT9,120425,AMICA1,SL009202
SL012698,Q99706,5095-21_3,KI2L4,Killer cell immunoglobulin-like receptor 2DL4,Q99706,3805,KIR2DL4,SL012698
SL014269,P43630,5096-51_3,KI3L2,Killer cell immunoglobulin-like receptor 3DL2,P43630,3812,KIR3DL2,SL014269
SL014289,Q14943,5097-14_3,KI3S1,Killer cell immunoglobulin-like receptor 3DS1,Q14943,3813,KIR3DS1,SL014289
SL014209,Q9NZS2,5098-79_3,KLRF1,Killer cell lectin-like receptor subfamily F member 1,Q9NZS2,51348,KLRF1,SL014209
SL005195,P18627,5099-14_3,LAG-3,Lymphocyte activation gene 3 protein,P18627,3902,LAG3,SL005195
SL005197,Q14108,5100-53_3,LIMP II,Lysosome membrane protein 2,Q14108,950,SCARB2,SL005197
SL005200,Q29980,5102-55_3,MICB,MHC class I polypeptide-related sequence B,Q29980,4277,MICB,SL005200
SL014288,Q8TD46,5103-30_3,MO2R1,Cell surface glycoprotein CD200 receptor 1,Q8TD46,131450,CD200R1,SL014288
SL005207,O76036,5104-57_3,NKp46,Natural cytotoxicity triggering receptor 1,O76036,9437,NCR1,SL005207
SL005208,Q9BZR6,5105-2_3,Nogo Receptor,Reticulon-4 receptor,Q9BZR6,65078,RTN4R,SL005208
SL007356,Q04721,5106-52_3,NOTC2,Neurogenic locus notch homolog protein 2,Q04721,4853,NOTCH2,SL007356
SL005703,P46531,5107-7_2,Notch 1,Neurogenic locus notch homolog protein 1,P46531,4851,NOTCH1,SL005703
SL005209,Q9UM47,5108-72_3,Notch-3,Neurogenic locus notch homolog protein 3,Q9UM47,4854,NOTCH3,SL005209
SL005210,Q92823,5109-24_3,Nr-CAM,Neuronal cell adhesion molecule,Q92823,4897,NRCAM,SL005210
SL009054,P58400,5110-84_3,NRX1B,Neurexin-1-beta,P58400,9378,NRXN1,SL009054
SL008728,Q9HDB5,5111-15_3,NRX3B,Neurexin-3-beta,Q9HDB5,9369,NRXN3,SL008728
SL014268,P41217,5112-73_3,OX2G,OX-2 membrane glycoprotein,P41217,4345,CD200,SL014268
SL005212,P16471,5114-65_3,Prolactin Receptor,Prolactin receptor,P16471,5618,PRLR,SL005212
SL005213,Q969Z4,5115-31_3,RELT,Tumor necrosis factor receptor superfamily member 19L,Q969Z4,84957,RELT,SL005213
SL007680,Q9HCK4,5116-62_2,ROBO2,Roundabout homolog 2,Q9HCK4,6092,ROBO2,SL007680
SL014148,Q96MS0,5117-14_3,ROBO3,Roundabout homolog 3,Q96MS0,64221,ROBO3,SL014148
SL008309,Q9NQC3,5118-74_2,RTN4,Reticulon-4,Q9NQC3,57142,RTN4,SL008309
SL005214,Q9H2E6,5122-92_2,Semaphorin-6A,Semaphorin-6A,Q9H2E6,57556,SEMA6A,SL005214
SL005169,Q9UMF0,5124-69_3,sICAM-5,Intercellular adhesion molecule 5,Q9UMF0,7087,ICAM5,SL005169
SL014292,Q08ET2,5125-6_3,SIG14,Sialic acid-binding Ig-like lectin 14,Q08ET2,100049587,SIGLEC14,SL014292
SL014228,Q96DU3,5128-53_3,SLAF6,SLAM family member 6,Q96DU3,114836,SLAMF6,SL014228
SL005221,Q14162,5129-12_3,SREC-I,Scavenger receptor class F member 1,Q14162,8578,SCARF1,SL005221
SL005222,Q96GP6,5130-67_3,SREC-II,Scavenger receptor class F member 2,Q96GP6,91179,SCARF2,SL005222
SL004863,Q9NS68,5131-15_3,TAJ,Tumor necrosis factor receptor superfamily member 19,Q9NS68,55504,TNFRSF19,SL004863
SL005223,Q6UWB1,5132-71_3,TCCR,Interleukin-27 receptor subunit alpha,Q6UWB1,9466,IL27RA,SL005223
SL002078,P37173,5133-17_3,TGF-b R II,TGF-beta receptor type-2,P37173,7048,TGFBR2,SL002078
SL007547,Q8TDQ0,5134-52_2,TIMD3,Hepatitis A virus cellular receptor 2,Q8TDQ0,84868,HAVCR2,SL007547
SL004366,Q9NP84,5138-50_3,TWEAKR,Tumor necrosis factor receptor superfamily member 12A,Q9NP84,51330,TNFRSF12A,SL004366
SL005230,O95185,5139-32_3,UNC5H3,Netrin receptor UNC5C,O95185,8633,UNC5C,SL005230
SL005231,Q6UXZ4,5140-56_3,UNC5H4,Netrin receptor UNC5D,Q6UXZ4,137970,UNC5D,SL005231
SL011406,Q13946,5178-5_3,PDE7A,"High affinity cAMP-specific 3',5'-cyclic phosphodiesterase 7A",Q13946,5150,PDE7A,SL011406
SL016548,"Q13131,Q9Y478,P54619",5183-53_3,AMPK a1b1g1,AMP Kinase (alpha1beta1gamma1),Q13131 Q9Y478 P54619,"556,255,645,571",PRKAA1 PRKAB1 PRKAG1,SL016548
SL002542,P01116,5193-51_3,K-ras,GTPase KRas,P01116,3845,KRAS,SL002542
SL006476,P30419,5196-7_3,NMT1,Glycylpeptide N-tetradecanoyltransferase 1,P30419,4836,NMT1,SL006476
SL016554,O76083,5201-50_4,PDE9A,"High affinity cGMP-specific 3',5'-cyclic phosphodiesterase 9A",O76083,5152,PDE9A,SL016554
SL007373,Q08752,5202-4_3,PPID,Peptidyl-prolyl cis-trans isomerase D,Q08752,5481,PPID,SL007373
SL005308,P61289,5204-13_3,PSME3,Proteasome activator complex subunit 3,P61289,10197,PSME3,SL005308
SL015728,Q14397,5223-59_3,GCKR,Glucokinase regulatory protein,Q14397,2646,GCKR,SL015728
SL016550,"P68400,P67870",5225-50_3,CK2-A1:B,Casein kinase II 2-alpha:2-beta heterotetramer,P68400 P67870,"14,571,460",CSNK2A1 CSNK2B,SL016550
SL016551,"P19784,P67870",5226-36_3,CK2-A2:B,Casein kinase II 2-alpha':2-beta heterotetramer,P19784 P67870,"14,591,460",CSNK2A2 CSNK2B,SL016551
SL006921,Q15118,5227-60_3,PDK1,"[Pyruvate dehydrogenase (acetyl-transferring)] kinase isozyme 1, mitochondrial",Q15118,5163,PDK1,SL006921
SL006189,Q02241,5228-25_2,KIF23,Kinesin-like protein KIF23,Q02241,9493,KIF23,SL006189
SL014735,P20839,5229-90_3,IMDH1,Inosine-5'-monophosphate dehydrogenase 1,P20839,3614,IMPDH1,SL014735
SL016557,P04035,5230-99_3,HMGR,3-hydroxy-3-methylglutaryl-coenzyme A reductase,P04035,3156,HMGCR,SL016557
SL012707,Q8NBP7,5231-79_3,PCSK9,Proprotein convertase subtilisin/kexin type 9,Q8NBP7,255738,PCSK9,SL012707
SL007145,P20393,5236-2_3,NR1D1,Nuclear receptor subfamily 1 group D member 1,P20393,9572,NR1D1,SL007145
SL013928,Q9UNP9,5238-26_3,PPIE,Peptidyl-prolyl cis-trans isomerase E,Q9UNP9,10450,PPIE,SL013928
SL007237,P45985,5242-37_3,MP2K4,Dual specificity mitogen-activated protein kinase kinase 4,P45985,6416,MAP2K4,SL007237
SL004716,P45984,5244-12_3,JNK2,Mitogen-activated protein kinase 9,P45984,5601,MAPK9,SL004716
SL016549,"P54646,O43741,P54619",5245-40_5,AMPK a2b2g1,AMP Kinase (alpha2beta2gamma1),P54646 O43741 P54619,"556,355,655,571",PRKAA2 PRKAB2 PRKAG1,SL016549
SL005730,O00408,5246-64_3,cGMP-stimulated PDE,"cGMP-dependent 3',5'-cyclic phosphodiesterase",O00408,5138,PDE2A,SL005730
SL005793,P30405,5248-68_2,Cyclophilin F,"Peptidyl-prolyl cis-trans isomerase F, mitochondrial",P30405,10105,PPIF,SL005793
SL016566,O94768,5249-31_3,DRAK2,Serine/threonine-protein kinase 17B,O94768,9262,STK17B,SL016566
SL010928,P12268,5250-53_3,IMDH2,Inosine-5'-monophosphate dehydrogenase 2,P12268,3615,IMPDH2,SL010928
SL016555,Q9HCR9,5252-33_3,PDE11,"Dual 3',5'-cyclic-AMP and -GMP phosphodiesterase 11A",Q9HCR9,50940,PDE11A,SL016555
SL016553,Q14432,5254-69_3,PDE3A,"cGMP-inhibited 3',5'-cyclic phosphodiesterase A",Q14432,5139,PDE3A,SL016553
SL011404,Q08499,5255-22_3,PDE4D,"cAMP-specific 3',5'-cyclic phosphodiesterase 4D",Q08499,5144,PDE4D,SL011404
SL011405,O76074,5256-86_3,PDE5A,"cGMP-specific 3',5'-cyclic phosphodiesterase",O76074,8654,PDE5A,SL011405
SL016567,"O43318,Q15750",5259-2_3,TAK1-TAB1,Mitogen-activated protein kinase kinase kinase 7:TGF-beta-activated kinase 1 and MAP3K7-binding protein 1 fusion,O43318 Q15750,"688,510,454",MAP3K7 TAB1,SL016567
SL007181,P29597,5260-80_3,TYK2,Non-receptor tyrosine-protein kinase TYK2,P29597,7297,TYK2,SL007181
SL010488,P42684,5261-13_3,ABL2,Abelson tyrosine-protein kinase 2,P42684,27,ABL2,SL010488
SL014470,O75815,5262-57_3,BCAR3,Breast cancer anti-estrogen resistance protein 3,O75815,8412,BCAR3,SL014470
SL003520,P27797,5264-65_3,calreticulin,Calreticulin,P27797,811,CALR,SL003520
SL005725,O75791,5265-12_3,GRB2-related adapter protein 2,GRB2-related adapter protein 2,O75791,9402,GRAP2,SL005725
SL003331,P51512,5268-49_3,MMP-16,Matrix metalloproteinase-16,P51512,4325,MMP16,SL003331
SL014469,P29353,5272-55_2,SHC1,SHC-transforming protein 1,P29353,6464,SHC1,SL014469
SL016563,Q9H1K4,5280-68_5,GHC2,Mitochondrial glutamate carrier 2,Q9H1K4,83733,SLC25A18,SL016563
SL000406,P51671,5301-7_3,Eotaxin,Eotaxin,P51671,6356,CCL11,SL000406
SL004400,P00740,5307-12_3,Coagulation Factor IXab,Coagulation factor IXab,P00740,2158,F9,SL004400
SL000401,P08246,5308-89_2,Elastase,Neutrophil elastase,P08246,1991,ELANE,SL000401
SL000277,P02649,5312-49_3,Apo E2,Apolipoprotein E (isoform E2),P02649,348,APOE,SL000277
SL000558,P00734,5316-54_3,Prothrombin,Prothrombin,P00734,2147,F2,SL000558
SL007195,P32970,5317-3_3,CD70,CD70 antigen,P32970,970,CD70,SL007195
SL003647,P08133,5335-73_3,annexin VI,Annexin A6,P08133,309,ANXA6,SL003647
SL004131,P42081,5337-64_3,B7-2,T-lymphocyte activation antigen CD86,P42081,942,CD86,SL004131
SL004477,P06702,5339-49_3,calgranulin B,Protein S100-A9,P06702,6280,S100A9,SL004477
SL003717,Q92851,5340-24_3,Caspase-10,Caspase-10,Q92851,843,CASP10,SL003717
SL008703,P16870,5343-74_3,CBPE,Carboxypeptidase E,P16870,1363,CPE,SL008703
SL006675,Q8WWK9,5345-51_3,CKAP2,Cytoskeleton-associated protein 2,Q8WWK9,26586,CKAP2,SL006675
SL011808,Q99829,5346-24_3,CPNE1,Copine-1,Q99829,8904,CPNE1,SL011808
SL000130,P14635,5347-59_3,Cyclin B1,G2/mitotic-specific cyclin-B1,P14635,891,CCNB1,SL000130
SL006970,O00548,5349-69_3,DLL1,Delta-like protein 1,O00548,28514,DLL1,SL006970
SL004891,P22626,5351-52_3,hnRNP A2/B1,Heterogeneous nuclear ribonucleoproteins A2/B1,P22626,3181,HNRNPA2B1,SL004891
SL004145,Q92956,5352-11_3,HVEM,Tumor necrosis factor receptor superfamily member 14,Q92956,8764,TNFRSF14,SL004145
SL000655,P05783,5354-11_3,Keratin 18,"Keratin, type I cytoskeletal 18",P05783,3875,KRT18,SL000655
SL004648,O43557,5355-69_3,LIGHT,Tumor necrosis factor ligand superfamily member 14,O43557,8740,TNFSF14,SL004648
SL003080,P14174,5356-2_3,MIF,Macrophage migration inhibitory factor,P14174,4282,MIF,SL003080
SL014113,Q8N0W4,5357-60_3,NLGNX,"Neuroligin-4, X-linked",Q8N0W4,57502,NLGN4X,SL014113
SL008574,Q99983,5358-3_3,OMD,Osteomodulin,Q99983,4958,OMD,SL008574
SL002702,P11309,5359-65_3,PIM1,Serine/threonine-protein kinase pim-1,P11309,5292,PIM1,SL002702
SL010470,O15041,5363-51_3,Semaphorin 3E,Semaphorin-3E,O15041,9723,SEMA3E,SL010470
SL007336,Q01105,5364-7_3,SET,Protein SET,Q01105,6418,SET,SL007336
SL004671,Q96RJ3,5383-14_3,BAFF Receptor,Tumor necrosis factor receptor superfamily member 13C,Q96RJ3,115650,TNFRSF13C,SL004671
SL016130,Q92994,5384-67_3,BRF-1,Transcription factor IIIB 90 kDa subunit,Q92994,2972,BRF1,SL016130
SL003184,P48357,5400-52_3,sLeptin R,Leptin receptor,P48357,3953,LEPR,SL003184
SL004871,O75509,5404-53_3,DR6,Tumor necrosis factor receptor superfamily member 21,O75509,27242,TNFRSF21,SL004871
SL007295,P55291,5410-53_3,CAD15,Cadherin-15,P55291,1013,CDH15,SL007295
SL004134,P26842,5412-53_3,CD27,CD27 antigen,P26842,939,CD27,SL004134
SL003690,Q9Y6Q6,5424-55_3,RANK,Tumor necrosis factor receptor superfamily member 11A,Q9Y6Q6,8792,TNFRSF11A,SL003690
SL004594,P48788,5440-26_3,"Troponin I, skeletal, fast twitch","Troponin I, fast skeletal muscle",P48788,7136,TNNI2,SL004594
SL001761,P19429,5441-67_3,Troponin I,"Troponin I, cardiac muscle",P19429,7137,TNNI3,SL001761
SL002505,P01160,5443-62_2,ANP,Atrial natriuretic factor,P01160,4878,NPPA,SL002505
SL003166,Q13740,5451-1_3,ALCAM,CD166 antigen,Q13740,214,ALCAM,SL003166
SL010456,P01037,5459-33_3,CYTN,Cystatin-SN,P01037,1469,CST1,SL010456
SL011068,Q8NAC3,5468-67_3,IL-17 RC,Interleukin-17 receptor C,Q8NAC3,84818,IL17RC,SL011068
SL000553,P05771,5475-10_3,PKC-B-II,Protein kinase C beta type (splice variant beta-II),P05771,5579,PRKCB,SL000553
SL000556,P05129,5476-66_3,PKC-G,Protein kinase C gamma type,P05129,5582,PRKCG,SL000556
SL016928,Q9NQ25,5487-7_3,SLAF7,SLAM family member 7,Q9NQ25,57823,SLAMF7,SL016928
SL010516,P12931,5488-74_3,SRCN1,Proto-oncogene tyrosine-protein kinase Src,P12931,6714,SRC,SL010516
SL010250,P31948,5489-18_3,Stress-induced-phosphoprotein 1,Stress-induced-phosphoprotein 1,P31948,10963,STIP1,SL010250
SL010384,Q08629,5490-53_3,Testican-1,Testican-1,Q08629,6695,SPOCK1,SL010384
SL010471,Q92563,5491-12_3,Testican-2,Testican-2,Q92563,9806,SPOCK2,SL010471
SL009790,P62306,5494-52_3,RUXF,Small nuclear ribonucleoprotein F,P62306,6636,SNRPF,SL009790
